,incident_id,incident_name,incident_latitude,incident_longitude,incident_county,distance_to_road_km,distance_to_city_km,distance_to_coast_km,distance_to_powerline_km,local_urban_population
0,2ca11d45-8139-4c16-8af0-880d99b21e82, Bridge Fire,40.774,-122.309,Shasta,0.28655618268433053,4.828706152433049,136.91366438617425,0.15114066423608563,0.0
1,094719ba-a47b-4abb-9ec5-a506b2b9fd23,River Fire,36.602575,-118.01651,Inyo,182.46589979420153,89.61864363958266,81.51905324839588,0.106680231471203,0.0
2,58f89ff8-bd3e-4355-b1c0-8fa05c747d3f,Fawnskin Fire,34.288877,-116.941311,San Bernardino,32.98688429025637,4.021639600568294,119.94331137927978,6.099748808669781,0.0
3,357ffc13-bef9-48eb-810f-c5de851972eb,Gold Fire,37.116295,-119.635004,Madera,99.8693628681395,20.521081926074405,135.66154673853845,2.441774066200327,0.0
4,53122f0f-fefc-4dbf-b2d8-566b42ced66d,Panther Fire,40.190062,-121.595555,Tehama,53.300212970669065,36.94451049744033,136.0884287458956,27.668764730159175,0.0
5,d8d1c943-7b5d-4885-9043-f41075d6eded,Silverado Fire,38.441792,-122.350844,Napa,31.092411697109007,3.393835936576241,65.93723902123713,0.052464436035733635,0.0
6,64e4f81e-d872-44c4-ba8d-111fa77124ba,Yellow Fire,38.638828,-122.655616,Sonoma,61.08370535849293,7.051259383664332,52.361266866290975,5.254673088231934,0.0
7,a1b14be5-a8cf-4e40-8588-96becf4c5879,Summit Fire,34.288877,-116.941311,Riverside,32.98688429025637,4.021639600568294,119.94331137927978,6.099748808669781,0.0
8,ca68f3c4-4906-4952-b794-4531d7da8369,Tres Pinos Fire,37.160346,-120.937494,San Benito,8.995613696805938,10.742198653504284,104.91865850898274,8.300612543198895,0.0
9,5649e78d-7c26-4698-89a0-b0fa9a35cf78,306 Fire,39.514139,-122.560862,Glenn,29.74188382294666,29.316516901969013,109.48976009757085,8.255615521972558,0.0
10,e2c4b308-9a2d-483b-8434-999bef9adc7c,Lytle Fire,34.1834,-117.4408,San Bernardino,0.3855839756635171,0.0,83.19051588739669,0.12357210226243073,423859.59299999994
11,958ce6d2-97f9-4848-8620-d14ab87f329d,Gorgonio Fire,33.894055,-116.855019,Riverside,3.4029608668535634,1.2152626577945542,92.62642900808282,1.8997091169021478,0.0
12,e0d038e9-0926-4c05-8317-ec7075a04b12,Grand Fire,34.7861,-118.9411,"Kern, Ventura",5.837164960125505,2.875651242343533,70.85093509470035,3.7749940953922785,0.0
13,e215290f-d0b4-48fd-be32-f599959347b1,54 Fire,33.655638,-116.161201,Riverside,5.980977324003477,0.0,114.8813198904413,0.1331805214040446,111834.03899999999
14,39af7eac-c188-411f-8c8a-d165c5fca4a9,Lake Fire,34.49149,-118.610044,Los Angeles,0.8051010337850019,0.15450933580788842,55.87471603399494,0.2958999422371881,0.0
15,2b765a08-c770-4b19-baa8-00dffe3fa838,Lilly 2 Fire,37.1927,-119.7917,Madera,94.82163745224,17.432650678187983,138.57585616902637,8.86250631637808,0.0
16,f17c523c-bf01-4245-899b-7c2331096dae,Cottontail Fire,35.49864,-120.91375,San Luis Obispo,97.39587096304098,5.0562132981473615,11.894094697466784,1.6241833493655733,0.0
17,a60e315c-23d5-4ba4-869c-5c1e22a25e7a,Cherry Fire,33.96201,-116.907213,Riverside,4.141156735650708,1.6456174242987962,94.81826303980415,1.6369910753348742,0.0
18,13850faa-5bab-4fd7-bac3-433ce9250c4d,Water Fire,33.9582,-116.6534,Riverside,3.909791052265524,7.239366836915978,111.02979591258034,1.2205076566644593,0.0
19,0b51d59b-457d-4a62-b066-55c2b8d400e2,Shelton Fire,38.04993,-120.90325,San Joaquin,36.585250227424446,5.662566818531268,131.20880417103814,1.218465958836223,0.0
20,e077e091-f890-477c-b948-eb23774b432e,Border Fire,32.564465,-116.900368,San Diego,12.291833537211419,0.453220441100006,1.2377459169517417,0.2993700841515195,0.0
21,859479e3-918c-42c6-bb74-5fdc17930a16,San Felipe Fire,33.12111,-116.52579,San Diego,33.11882207427769,24.933968043204935,59.132620779258005,4.856971216927902,0.0
22,5b5ce06d-7ea9-4d28-b564-715fd0d04f3f,Homestead Fire,35.5123,-120.6368,San Luis Obispo,79.1273304268066,1.6522760471383244,29.88197634817404,5.202570604114578,0.0
23,9795afee-7e60-4ab3-b5c3-7df67f91c5f9,Smiley Fire,33.963591,-117.187934,Riverside,8.833645958140135,0.9744486828762525,78.36811614788444,0.08501165588749829,0.0
24,07a5397c-a665-4f84-9a82-5f689cb2c8f3,General Fire,33.04458,-116.5209,San Diego,24.734250565705523,22.174106889592895,50.650358822848055,3.9474928527168496,0.0
25,abc61995-8bea-4be1-aa49-ee378ab3baaa,White Fire,34.55048,-119.82429,Santa Barbara,90.79317380730326,8.745266779003549,20.616046858470348,2.4480709923318797,0.0
26,794412f2-1ba2-4217-ac38-49272a96fb6f,Magic Fire,34.419284,-118.58688,Los Angeles,0.45913962835457806,0.3058797620453318,47.785801882440396,0.35769670239299606,0.0
27,cb5f34a0-177e-445d-9349-dd94063a01d0,Olive Fire,34.611824,-120.074655,Santa Barbara,106.29665767006557,0.17065709989415,21.779154490592575,4.357002103125141,0.0
28,213dc89e-9f29-4480-91a6-aec5fb694999,Branch Fire,35.15832,-120.05131,San Luis Obispo,60.248214154963236,38.4482306725894,58.499644725700435,3.960612196946561,0.0
29,98bfbb7c-8446-4e2e-a268-7e961353723c,Murphy Fire,37.91529,-120.33313,Tuolumne,83.06786007882766,4.265067841696589,109.70399502440682,5.663061922947076,0.0
30,1a5192f1-bc99-4130-8683-381e0534b76a,Lone Fire,39.434183,-121.576804,Butte,53.01819298905183,1.5538797677155443,135.2537809041166,1.9137762641222813,0.0
31,befb9d5c-c0ea-48b8-8589-2586be0275af,Hathaway Fire,33.99647,-116.84137,Riverside,7.26103313278894,4.934540018723153,101.70863473086813,5.848192108446752,0.0
32,5ce45b6c-81b5-422c-9078-8c68dd872c8a,Sonoma-Lake-Napa Unit Lightning Fires,38.4229,-122.0437,"Sonoma, Solano, Lake, Colusa",8.621540414920505,4.929261027336333,83.86547331542732,3.9837263602024793,0.0
33,f9e85371-fc46-4f54-822c-7dcdaadde551,152 Fire,37.03776,-121.006939,Merced,3.884743579684317,11.380022058683899,96.02675090050096,0.1411189180340412,0.0
34,dcb21e64-9d38-47c2-848b-e8e0dea5c2de,Lake Fire,38.99233,-122.703193,Lake,51.081355580452495,0.03698736637508747,75.88956855362824,4.285345930862438,0.0
35,bf37805e-1cc2-4208-9972-753e47874c87,Powerhouse Fire,34.585595,-118.423176,Los Angeles,20.78439959981191,13.968824074638096,67.48293371062448,1.132632546077736,0.0
36,2ad509e4-99f1-4e1a-81eb-839f772f9c45,Vasco Fire,37.775057,-121.737213,Alameda,7.040167186308372,4.80539039276399,74.12249899208486,0.5555429199336864,0.0
37,e9505435-e861-4f33-9069-b0040fb2a135,Viper Fire,33.96936,-117.1265,Riverside,5.938663832841864,3.043729506044164,82.63449261356864,0.8922468165292804,0.0
38,369e41d4-75a6-4be0-a38a-5f7450553631,Northern California Lightning Activity,39.9845,-121.5747,,53.4448871008596,14.191291868901482,134.61368725458962,10.815409697190844,0.0
39,bf59bc5b-1398-4ae5-adef-6f61b9ee1b90,Roadrunner Fire,38.27783,-120.966016,Amador,39.42492045928178,7.532643178768191,116.0872563667315,4.544602929045464,0.0
40,7055a440-5d4c-4f58-bac9-2954ff6698a5,Revis Fire,37.169379,-119.75636,Madera,96.31339760565513,17.418229093654094,138.49375026867244,5.845212625027843,0.0
41,a2cfda2a-21c1-4e45-90b5-37d931b4a926,Clinton Fire,36.772425,-119.628389,Fresno,77.39196233474107,0.9270246652166495,163.89132644064026,1.6333440543814222,0.0
42,bb2eb175-43a3-4a5c-bff6-e3669e52c1d1,Carstens Fire,37.58202,-119.91071,Mariposa,109.66437363558045,33.99550510601912,113.05266207429362,5.30868200544186,0.0
43,fe47b1c2-b9c0-44be-8d10-f270056db35c,PFE Fire,38.729297,-121.380862,Placer,6.269427712716789,0.17276835094285786,123.32502330590626,0.046791055025372376,0.0
44,953f17a1-2034-467b-b48c-28da1a9af60e,Michelle Fire,36.763367,-119.558244,Fresno,81.89241092589951,3.367297951410146,160.48293413591844,2.503712723327687,0.0
45,2d1f0c40-92e7-4540-991b-d353ed68ec6c,Palmyrita Fire,34.001745,-117.302057,Riverside,3.938787662057055,1.1188018969579083,74.0359206363816,0.7274352629769908,0.0
46,05d0fed7-8502-4a6f-9c5c-b9cee0e75408,Rolling Fire,37.015575,-119.78106,Madera,82.73760263444142,6.880698970520383,152.63332347248277,6.932421286646054,0.0
47,2b403f03-fe84-450a-90b7-befb8acc7e70,California Fire,38.08744,-122.13802,Solano,1.9064760518512796,0.2523741650099802,51.45454805283603,0.31845807970146284,0.0
48,15e7e15d-f707-473e-b0f3-6534cfd845b7,Sierra Fire,37.03087,-119.463757,Fresno,106.00545102579251,23.072900926006554,132.69757016975785,2.0172513091033464,0.0
49,23ec2f69-da30-4983-80c2-1f04bfea6f9a,George Fire,36.7218,-119.2248,Fresno,104.66763587562403,11.984889812267653,144.1633323374142,1.9201783584662104,0.0
50,d489b45e-dcba-4eaa-8bb5-6a23255562da,Mount Fire,38.98058,-122.81796,Lake,60.65020669534391,0.10884167384157319,68.18800579748752,2.4971978630404412,0.0
51,6011819c-19ac-46c2-aa48-0ee8be0e48c0,Mills Fire,34.071556,-117.048397,San Bernardino,6.944464136770115,0.24206294391974492,95.93037213152661,0.2914713491278873,0.0
52,95399a9c-8b3e-4413-9f56-5ed57d3d81b3,Concord Fire,39.90465,-121.74367,Contra Costa,39.004103858989936,12.739085162883704,149.0981505246992,6.275952415414551,0.0
53,58317b8d-7f4d-466f-b2c7-035c25fb00f0,Freeman Fire,36.1531,-120.8973,Monterey,54.95665243351505,20.497440266726134,62.23136825797208,7.135725955746718,0.0
54,522114fe-ada8-49a9-9bb2-5891103ff0ca,Kirker Fire,37.96866,-121.91453,Contra Costa,12.143708635393397,1.5015663282581437,62.43944702911673,0.9233117339937337,0.0
55,42690ee2-a5ed-4320-9a55-d5ff3d1a80f5,Northern Region July Lightning,39.9845,-121.5747,,53.4448871008596,14.191291868901482,134.61368725458962,10.815409697190844,0.0
56,8b51033d-abc6-4ea4-8983-990ad4e1c45e,Fox Fire (formally 3-7 Fire),41.2415,-121.035,Modoc,102.58151845542628,47.89068978000094,83.39122986286688,3.6090350391261343,0.0
57,c94959d7-eb88-4724-8feb-ba0662afca10,Vina Fire,40.012398,-122.079871,Tehama,10.82531892004202,0.7839030887403726,156.58428101845848,0.3130666664733219,0.0
58,07fb8b11-f39b-4cd0-8a27-2d4fef7fe680,Grant Fire,37.7393,-121.5869,Alameda,0.0835957566829008,4.154333094348453,86.98563058995776,0.34501992196407644,0.0
59,4c04a4e5-f580-4e62-bb53-2575c72d29dc,Fallon Fire,37.74241,-121.86216,Alameda,4.549734599421392,1.0329263587239683,62.86982595407114,0.09593409549008425,0.0
60,ee19b2ec-a96a-4738-994e-fb3ea016e053,Chariot Fire,32.95435,-116.47381,San Diego,15.991467743306826,23.016974353910843,40.26528159722255,8.59153785552104,0.0
61,a97d2b3a-3a53-424f-852c-5f1b8d199cc3,Adelaida Fire,35.62743,-120.83417,San Luis Obispo,82.70078113195461,11.61015402138833,27.57116420934279,13.322117138637699,0.0
62,397ed8e6-6088-4e03-9316-8f50c65a83be,McGanney Fire,39.206,-121.31634,Yuba,33.69494258202923,8.824632302915662,113.0903425713428,0.10265863245304938,0.0
63,3f64fc8a-8870-4e64-b60a-3e13c8532acd,Fiddler Fire,40.373,-122.7338,Shasta,36.61081255793274,31.336132276912288,118.83096494529174,0.18024816891751147,0.0
64,d778a3f0-2d23-43c1-b9bc-1ea33898fab2,Kyburz Fire,38.774,-120.298,El Dorado,61.36870633889104,22.22484291245713,35.93016514386762,11.171046250152449,0.0
65,e779a754-29fd-472f-8d29-46cfee32d3c2,Uvas Fire,37.1438,-121.7804,Santa Clara,22.035477467711576,4.588716730815718,36.955554271413774,4.218755113175954,0.0
66,873074c8-4b6d-417b-a78c-1d1430027805,Diablo Fire,37.436,-121.1955,Stanislaus,2.6990779129656524,4.029211764480958,97.55341788766218,0.4151706455983587,0.0
67,a3149fec-4d48-427c-8b2c-59e8b79d59db,Mountain Fire,33.7095,-116.72885,Riverside,23.496655437801742,12.448886219089024,88.09356480809902,0.2806842754562476,0.0
68,7d4f107b-66a9-43d2-819d-ec855c2947bf,Orleans Complex,41.333,-123.376,Humboldt,73.20196951138463,70.91515174666507,64.19664473454728,40.00476070953345,0.0
69,ed51bbd2-6f8e-4f46-9073-3673a583fada,Silverwood Fire,34.316,-117.352,San Bernardino,8.891263349981028,5.59257880401613,99.11030665051665,1.7397149276466881,0.0
70,c6cfeed9-55bb-4fdb-8a52-e4d947dba721,Flume Fire,32.612773,-116.707335,San Diego,24.480984639093162,17.747064267913004,4.748552760218885,0.8323886559521638,0.0
71,bee8c339-4f26-4b78-a5b4-a8a0ebdb8786,Aspen Fire,37.279,-119.318,Fresno,133.01217203225025,25.519570726406858,103.54536379022116,6.690613130952058,0.0
72,ba76c009-09c9-497c-b923-1ac8cf05c20d,Salmon River Complex,41.32,-123.176,Siskiyou,60.66945289901838,59.88485033688596,75.99033043958988,28.17844160351984,0.0
73,0b51d3d5-bb3a-426d-9c12-c1878a01d7cf,Branch Fire,39.6612,-121.50354,Butte,60.08833383612342,9.341985357179487,128.83209059102893,0.07670703373517151,0.0
74,d48a839f-d8da-44d7-9b35-b9f61aa28c61,Redlands Fire,33.990128,-117.164997,Riverside,5.301544506275829,2.3863343701768414,81.91369453969894,0.3333092100797642,0.0
75,0658b1f8-5323-4152-b6d1-b208736587db,Relay Fire,33.91027,-116.99895,Riverside,2.480952466689639,1.6041130159890973,84.97729593973548,1.123054574294438,0.0
76,86faecab-ed3a-4fce-95cf-89433a825c72,Water Fire,34.90327,-118.93388,Kern,0.9465354232171137,8.49330123182386,82.14285096970458,0.841430397409364,0.0
77,f1d7f375-8aa3-4cb5-a864-bae9bb90cbd1,Pratt Fire,38.980846,-123.067671,Mendocino,80.77848405379565,12.810140639132806,50.862160834820756,1.1770971360515516,0.0
78,591a56a5-e9c0-45a0-96bd-34098588c39b,Rancho Fire,34.882,-118.9194,Kern,1.0666340388196283,6.4013636371949785,80.86125850707822,0.9606380581905031,0.0
79,4423899b-6197-4ef5-9f73-bca1763f17e6,Paskenta Fire,39.961309,-122.330879,Tehama,11.115639117465493,10.982461310477737,134.42524662205375,4.7314622318348,0.0
80,c9b5d1ff-c042-4b39-8bac-b10fb6fc6c13,Lakeville Fire,38.17693,-122.51253,Sonoma,23.54968202183762,5.070215461547676,39.21035665256785,0.8960774559181541,0.0
81,4630e9ce-88ec-4159-9bc9-25ff5f8216cc,50 Fire,38.63987,-121.08438,"El Dorado, Sacramento",19.848255242322427,0.18512866534645697,102.11916400488661,1.1607687470544013,0.0
82,8fb3a438-3146-4b8d-8f20-bfa8d6610f84,Heacock Fire,33.9634,-117.2508,Riverside,4.423673822345331,0.0,74.1234563508897,0.003540538745017177,423859.59299999994
83,2b300dd5-4474-4b8a-9b4c-3a3014afe27d,Gilman Fire,33.94528,-117.09306,Riverside,5.404452125847392,2.9000956128516204,82.51803212620973,2.1777192686869054,0.0
84,68dadbb3-6a63-483a-add9-491a69d9e0ad,Chuckwagon Fire,37.965364,-120.696362,Calaveras,51.93972963053801,15.911689326029494,126.44906194816586,1.5020890020092552,0.0
85,1e8441c2-f426-40b4-9f4f-3de9f7e232b9,Power Fire,38.25108,-120.02778,Tuolumne,105.6495054444736,24.568810547701133,64.01901377826363,0.7465247805320074,0.0
86,4867ac70-663e-48f4-b9ae-ca0a486234ca,Falls Fire,33.62236,-117.40288,Riverside,9.513110989964272,3.376567529842828,36.62563457026299,8.180533363706887,0.0
87,ac568737-dae6-4050-b1f4-62ab1f9ec930,Tram Fire,38.838,-116.61,Riverside,197.72063291130274,225.2227581313105,184.60833843131255,185.84293272060927,0.0
88,b5b63934-923d-4504-a9b1-75c885477a8d,Indian Fire,39.1591,-122.5906,Lake,35.8418584614517,15.968978850501298,95.68574323082021,15.281884201748717,0.0
89,c400203b-a7fd-4bd8-803a-f3c74bc32a2b,Silver Fire,33.86157,-116.90427,Riverside,6.9412515694121,5.193388564331554,86.86220836480906,4.573592400066711,0.0
90,f3dcbca8-f8ed-46d0-8f6e-9c7fc2fb03e6,Corral Complex,41.035,-123.488,Humboldt,88.48634922372142,46.30422918700327,58.58545210284311,13.409960781750822,0.0
91,e16c204e-58d6-4f78-bc97-729b16ef9f83,Cottonwood Fire,41.923323,-122.578393,Siskiyou,0.09613213707521152,18.56850122017854,9.23192956639959,4.146488683629409,0.0
92,db009f8f-8b9d-44bb-a3f6-83f319c84d72,Union Fire,38.682378,-120.839075,El Dorado,31.612264638398283,0.0,80.77054747397015,0.41778226742317043,20244.860699999997
93,62eabea3-40be-497d-94e4-150f011b925f,Sharp Fire,34.35,-117.62,San Bernardino,12.690869308933056,0.0,86.18166406834938,10.12585337974323,1101.5846999999999
94,0537a175-8fe9-4f5f-b56f-77848fa195f4,Cloverdale Fire,40.473356,-122.48259,Shasta,12.623704996721104,7.86656020784022,142.82709787504692,4.697773219032445,0.0
95,0758e1c0-95ea-47e7-b5c1-5f3ea96bc664,Swedes Fire,39.446268,-121.38236,Butte,51.94204998330819,8.630957785214227,118.54416471500168,4.4559908965992125,0.0
96,8213f5c7-34fa-403b-a4bc-da2ace6e6625,American Fire,39.12,-120.65,Placer,15.18049346523175,25.38305846531314,55.827158298261,11.563527034165842,0.0
97,2b84c8a2-e2e8-45a2-9221-e8075608c218,Coyote Fire,40.88886,-120.958126,Lassen,114.49763851312336,55.928017752036546,80.8365633453155,29.166960840952488,0.0
98,f23f8148-6ec4-4885-9729-0dad7c744485,Pierce Fire,33.570291,-116.10815,Riverside,14.161455438817645,1.6105213544797012,105.03344252002421,0.09481630792822295,0.0
99,ae025ba5-8b5d-48de-ad5e-3037de3d18e9,Double Fire,39.013682,-122.491894,Lake,33.51839705946624,11.576436583964925,89.66163627000877,0.04036768855630905,0.0
100,10445e2c-979d-49a2-82c2-c3789bd2449a,Bridges Fire,38.06231,-120.45233,Calaveras,75.17465287000124,4.728938870339874,104.27553966320238,2.7525883653629406,0.0
101,c7f05927-66a4-403c-9048-aeb42eca0211,Cleghorn Fire,34.287,-117.451,San Bernardino,0.04757956324537322,5.309195710571457,90.3821497645773,0.689499248610876,0.0
102,92af9783-eda9-4186-afe9-447f61a92636,Clover Fire,40.498332,-122.535496,Shasta,16.22507333992815,9.858450856821884,140.50418397009932,8.300442517217553,0.0
103,5015b3c2-2bae-4cce-9bf8-f1b25b0ce1e6,Plumas Lightning Complex (Hough),40.00842,-120.764666,Plumas,76.78227056636739,13.702193812435485,65.46070613257527,10.708894744932364,0.0
104,5421868e-52ba-4737-8169-325e0aa040e4,Shirley Fire,35.707,-118.588,Kern,75.5837786404588,12.921593102106472,174.30847135306064,3.7098399843083225,0.0
105,f21a41c6-0905-4531-9bdf-2456d0051eed,Burney Lightning Series (Warner Fire),40.5445,-121.3754,Shasta,78.05075438471034,43.30867762504503,116.86021244972207,20.573442730499565,0.0
106,f7358513-329f-4dba-8980-4cd3a19b469a,Sierra Fire,34.2,-117.417,San Bernardino,0.008824824002811761,1.1750373829648004,86.05457714208622,1.5290906802613016,0.0
107,956dbcf6-db40-4b61-b235-4ede14738f1e,Deer Fire,40.04263,-121.85397,Tehama,30.364747240137476,19.72800406088675,158.36535102594823,2.0762139081378024,0.0
108,b202bd85-c5ef-4bdf-8270-d556f95c3742,Gobblers Fire,34.302,-117.598,San Bernardino,10.902765682776952,4.895760647546719,82.94388857708562,10.268489971770629,0.0
109,a4de6058-c68c-4924-bfb5-dc8ecc3b54c0,Fish Fire,36.208,-118.444,Tulare,124.33268681080192,47.98063785853989,139.70134224027228,31.954135117517115,0.0
110,fea7802f-ba70-450a-9ad1-96e2751293a9,Empire Fire,38.89555,-120.84716,El Dorado,16.88397694467274,15.580591344579796,74.17168040443383,1.4618372531976451,0.0
111,b5109726-5e91-4c10-96f8-2a5bb72e5a59,Little Fire,33.642,-116.706,San Bernardino,30.933999645729255,17.81578532964062,85.21566306480065,4.038794483845883,0.0
112,b30ee931-f349-4d21-a38a-d346c516b104,Chestnut Fire,37.667295,-122.427285,San Mateo,2.8780570933262455,0.0,12.58269685569904,0.6469465526709626,406906.8612
113,e33b2d80-7fec-4470-9e79-440d349b0d95,Morgan Fire,37.90757,-121.882582,Contra Costa,13.436175370846575,3.0267817508828134,63.33535092048458,0.03926852150265264,0.0
114,d332a628-6290-4e91-b8d0-4dc663b80c38,Angora Fire,36.258,-118.459,Tulare,127.56572234501982,49.062355265692595,136.53847956566793,32.55230883138695,0.0
115,31f21c59-8a94-4b17-91aa-88ca14817162,Liveoak Fire,34.003151,-117.106075,San Bernardino,1.7525314184992826,1.5993824366894516,86.70057723134539,1.8442492048882722,0.0
116,eb5a3f2a-0c25-417a-af78-bb0d643247c7,Madre Fire,34.149,-117.908,Los Angeles,2.5254210881035783,0.0,54.01496701090255,1.273133708499039,1351187.3420999998
117,308ce8d5-67c8-4edb-9e2f-bf6295f98d7e,Davis Creek Complex,41.73325,-120.375,Modoc,166.34196293063263,28.27337874890949,28.78770556011669,0.003886557680012853,0.0
118,1476673c-df55-4c39-b117-d9d067f8a020,Tyler Fire,39.333401,-121.107022,Nevada,26.58220470493481,8.344932566880173,94.81236191913963,0.4030128424482327,0.0
119,dd374f36-e7cb-4a48-91ee-e8be101e0f88,Centerville Fire,39.731878,-121.713938,Butte,42.11775789589532,2.91387975307391,146.72705097690027,0.6881599215740923,0.0
120,0875cf4e-9948-45ed-a76d-d74564319b49,Rail Fire,41.569,-120.959,Modoc,114.37903543436438,34.0044481905529,47.02756119979465,3.97240251975319,0.0
121,5fb18d4d-213f-4d83-a179-daaf11939e78,Rim Fire,37.857,-120.086,Tuolumne,104.69439440523907,20.346157474709585,100.33703653023873,3.1950617143038653,0.0
122,f6f6fefa-ac4e-466f-815e-492416e37b98,Lyon Fire,32.710918,-116.746023,San Diego,13.666416248193674,9.3426152457256,15.90838079736651,3.6014954793088623,0.0
123,51e00abb-53d0-4014-9224-2a853b1d6bcf,Lakeshore Fire,38.9777,-122.683,Lake,50.26309754482046,0.0,75.65678457839665,5.77978065253159,5654.034299999999
124,ac469123-da14-4821-b824-c6cf66138514,Creek Fire,35.4393,-120.8358,San Luis Obispo,96.97342418445994,2.8773066541335064,10.215597968063141,0.5788057889549377,0.0
125,b20a2031-12c9-4e9c-9f44-ac82c26e6c66,Highland Fire,38.9252,-122.966,Mendocino,74.86056303384865,11.040760463526198,54.14717656107269,6.868458992308746,0.0
126,1f94fce5-49a5-4220-bc99-f003ab4d3e60,Putah Fire,38.628,-122.289,Napa,29.184606842890613,17.78275230916021,80.05215076184557,13.590861671979182,0.0
127,1460f2d9-853b-4901-bed3-ac196e00bb3a,Crane Fire,38.34599,-122.6503,Sonoma,43.57581268226498,0.9269740269954116,37.75721124847489,4.3127485955738205,0.0
128,9fb847ce-44c7-4a11-a733-a6cc82838671,DeLuz Fire,33.341,-117.3092,San Diego,13.364370523900444,0.38555379452076166,20.532209424551645,1.3075652195413443,0.0
129,d922e7c8-814a-412b-a40b-53072d0983ea,Summit Fire,39.439,-121.497,Butte,59.16819249288368,3.075444694822601,128.39492687687576,0.43489224314806935,0.0
130,9a110003-2f4c-4ac7-a3e5-b4e713f8d1fe,Baker Fire,33.7655,-117.6649,Orange,12.444094451612477,5.593006347846206,33.33935241061268,0.013411938409068049,0.0
131,0aa08938-eaab-4a60-8891-946197328f94,Capay Fire,38.67479,-122.08725,Yolo,11.743466728822458,4.832109696793208,98.25783473190846,10.256358520287051,0.0
132,29a2efda-c28f-4a41-9c6d-8cb8f763d464,Dersch Fire,40.483662,-122.140914,Shasta,13.191293413842722,10.749295459378233,168.81329022599994,3.863404039977966,0.0
133,587c03e3-4831-47c1-8c03-c08176e91b11,Toro Fire,35.457978,-120.751555,San Luis Obispo,90.3542629815305,5.288476923148374,17.87391956806322,0.04230544547369015,0.0
134,20ba8b6b-78d4-46a7-995b-d8fa38cbf3b8,Cantwell Fire,38.882214,-122.567525,Lake,45.95829597978737,3.3166115386490795,74.92338023134681,1.8861014268310103,0.0
135,79d476e5-0b4d-48e2-a105-2bba5c1140e9,Silverado Fire,38.382,-122.311,Napa,23.771448957364512,3.6782401605903847,66.72970598913503,0.018464305294993415,0.0
136,0adb968c-eb85-41c5-8e08-04c0ec386c79,Wheeler Fire,34.384,-119.13249,Ventura,44.758758389305015,4.921113549994388,24.76255747091813,2.8699789411566488,0.0
137,e9e43213-b2fc-47bc-92cd-117ccd6e4780,Retek Fire,39.0442,-123.1478,Mendocino,85.56243846221363,7.379040113979213,51.18275181403287,1.6537045127490855,0.0
138,b4bc1480-cbb8-4ef2-8d5f-88a496d21d10,McCabe Fire,38.8167,-122.8498,Sonoma,71.02086627572174,12.638256298671015,52.657177527891264,1.78817648462275,0.0
139,3f3e234c-04e1-4941-a79f-23ddc419bf59,Bruner Fire,39.0448,-122.7656,Lake,53.76075570277573,0.6007705132911515,75.99237532631278,2.3607207556385577,0.0
140,720f1d0a-81b7-4a00-85db-be3d9587ea3e,Dam Fire,38.9289,-122.5818,Lake,44.67298040238627,1.0774878943438684,77.50565865561711,0.0017392141157729552,0.0
141,7a168690-06e5-4056-97c8-73b834204744,Grant Fire,37.342186,-121.717706,Santa Clara,10.6846331769654,2.8409293146795793,57.60675021777691,1.3480362752034716,0.0
142,353e7df7-440c-4c41-a27c-b35bb1e2831c,Campbell Fire,40.134597,-121.790183,Tehama,36.52577351218091,26.786363970049223,152.76180359797038,10.079616708168077,0.0
143,1fe0ea01-23e8-47a1-8fbd-ced6cf655e4d,Colby Fire,34.1703,-117.8816,Los Angeles,5.463388609472859,0.5771656069662159,57.13371646416804,4.58292754006539,0.0
144,6d75c6a4-12cb-4f18-8951-f2737e980916,Red Fire,40.884415,-123.773779,Humboldt,112.63417950355125,19.92400340263121,36.4399663833538,0.017134513768354922,0.0
145,d529636e-33d0-484b-9c6f-093ba33736b7,Lake Fire,36.8266,-119.3415,Fresno,101.72863630764756,17.89298853240069,142.41084671132876,0.15095343601165034,0.0
146,a67fe9bc-b8ec-4ed1-a2e8-06623aab7039,Gun Fire,32.81,-116.49,San Diego,1.2489705019039816,20.09889880733832,24.50583329653831,1.5091267440659617,0.0
147,cb580f06-5d43-46aa-8b2c-f2b5a21eff02,Encinal Fire,36.6313,-121.4819,Monterey,64.87036172634164,10.842390554675948,46.3989073103397,0.4957474836439765,0.0
148,edff6f87-80b8-4c0d-8f6a-45c6e798b7fa,Van Buren Fire,33.5982,-116.1985,Riverside,13.004952556655486,3.2473204932284645,108.87679538433436,1.5699355461090903,0.0
149,1faad916-32b9-4cd0-94b8-dacfe71fa9f8,Bridges Fire,37.399,-118.352,Inyo,210.11676643921075,4.261806318616373,36.38034771851171,0.09630321662679671,0.0
150,13bfff2c-cb2f-4ed9-a7f8-6985646a2d5d,Etiwanda Fire,34.169346,-117.547374,San Bernardino,5.920491684296493,0.5719125826725172,74.86189705195196,0.3112490471356921,0.0
151,d5cb2477-6627-4ef6-bab1-d0eecc4ad12a,Jacumba Fire,32.665,-116.222,San Diego,0.3430938309384164,49.37978480142918,6.1246793526576155,1.6763159788068647,0.0
152,9e5ee790-ee7e-4b40-b300-7a3046901162,Bernardo Fire,33.003,-117.133,San Diego,4.662313258395097,0.04688419839042002,20.00718558293449,0.1798964447604269,0.0
153,91c3081d-33b4-46f2-8774-032c57f0f6a2,San Lucas Fire,36.103,-121.117,Monterey,73.22580133445616,6.559121932456836,43.74327382656159,4.0994279320335885,0.0
154,d08b0c4e-35d3-43fb-8af8-1756b1789172,Miguelito Fire,34.609,-120.454,Santa Barbara,129.51119023690563,2.1536582781511737,16.5084694548778,0.015866626229177297,0.0
155,2b35bd0d-169f-4a81-835b-13bf527031a6,Tomahawk Fire,33.3529,-117.284889,San Diego,10.80385236268053,1.9273943608573711,23.08938829212817,2.569168712483736,0.0
156,b0b5efed-3edc-4a4b-97c8-95a79d12d0c6,San Mateo Fire,33.417572,-117.550567,San Diego,4.48759716234394,0.0,10.837596707895942,2.557725964803887,117050.9922
157,ebea3cc2-c0ad-4de2-829a-0b544183461b,Highway Fire,33.312,-117.162,San Diego,0.8714175577704619,0.22948091935654286,29.548781038063744,3.089750081711857,0.0
158,2c241790-d062-4b15-9a25-8e511c0febab,Fiddler Fire,40.39,-122.721,Shasta,34.84802294320062,29.396999790639626,120.75836812705691,1.9601329097025457,0.0
159,1b1cba8f-7893-4eea-82d9-dc78663fd911,Cocos Fire,33.1137,-117.1599,San Diego,5.330310600356017,0.11399750359552656,20.607728435374113,1.5695660304298884,0.0
160,cc18296d-573a-4737-8e4e-1221d75d1e7b,Poinsettia Fire,33.1109,-117.279,San Diego,2.971377490518738,0.0,9.877963762154073,0.1601061771881966,570282.6018
161,b454456c-1fa9-4766-b179-6df36b4d844b,Indian Fire,39.1647,-122.5983,Lake,36.403333947952746,16.279546885982075,95.49349659132798,15.754757609566145,0.0
162,1a0bbf7e-7f9b-4359-9c91-85dec2e2869a,59 Fire,37.76617,-120.45087,Tuolumne,72.47172181079085,18.600189692860102,129.02222076703865,2.5269510354447657,0.0
163,b5d32131-cf00-4e34-9e08-b74d68a3174f,Hetch Hetchy Fire,37.787,-120.452,Tuolumne,73.17019911573526,16.28421583159307,127.32377564388635,0.23027771170576017,0.0
164,ccc2ec2b-4941-4bbd-ae60-be6706d97f13,Hall Fire,36.742747,-119.241493,Fresno,104.5202122053604,13.116363535103853,143.41836084187895,1.3290180736194375,0.0
165,857e832f-17bd-4ad2-8789-99b003187049,Morgan Fire,36.991825,-119.525506,Fresno,99.01149028170659,16.37685714450322,139.58909511615838,4.366006333791531,0.0
166,50567f4a-c56d-4d73-9855-f5d81fa74025,Haigh Fire,37.7103,-120.197,Mariposa,89.86971539842033,29.26928913433528,119.01307659817337,12.065148360510538,0.0
167,8ede9823-938e-4786-97b8-a0f42b852cb2,Shirley Fire,35.70683,-118.555527,Kern,77.79837950659282,10.715188160240732,175.7540174621443,3.0750967507602875,0.0
168,724209e0-12b0-4d49-b798-8ccacf95e668,Tehama Fire,40.009827,-122.345078,Tehama,11.64219707818448,14.304893605109514,134.59363973153336,5.917744061014114,0.0
169,06ae83a9-125e-4cf5-826e-8b541b2308fd,Oak Fire,38.058,-120.66,Calaveras,57.406776236756045,8.054575914499111,116.5826227973883,0.02243861680502131,0.0
170,2437bb57-1d09-4892-8c26-a60661dae1d9,Butts Fire,38.664,-122.454,"Napa, Lake",43.43496255362782,12.61397119071189,69.01342523376988,11.199502732162065,0.0
171,da607cd1-32fc-44c0-bd7a-ba14ad0a14cc,Bible Fire,38.608336,-120.703238,El Dorado,45.71197901117699,10.970308691447766,74.8499276239118,12.179043633389083,0.0
172,3a1fab73-882a-478c-b289-504497db4d64,Bully Fire,40.4314,-122.750788,Shasta,35.736674350848816,29.570607517904833,121.21353044602348,6.771812336349512,0.0
173,756d8f5b-bc05-4741-a5a3-3b20ca21906d,Monticello Fire,38.512,-122.104,Yolo,13.146872869234935,9.738605792106458,88.77565663277831,0.5898383494016504,0.0
174,00089805-cdee-4607-8b67-1653bee463bc,Gulch Fire,41.489,-120.904,Modoc,116.48029561458323,28.41374954939814,55.96672912166294,1.2202705687275617,0.0
175,8f48a8a9-facf-49e8-92dc-ea1147e53792,Modoc Lightning Complex,41.89,-120.79,Modoc,141.70818567236483,46.526893012185624,11.512474655395819,36.20952711131807,0.0
176,62c2a563-1768-4c94-ac71-694a553cfdf8,West Fire,40.41,-123.24,Trinity,76.59673521815462,69.7674662668043,86.12049381189938,0.46030167419860196,0.0
177,d2623c2c-ff3d-419e-a129-b3aa542c05c4,Banner Fire,33.078948,-116.576454,San Diego,27.522048642363632,18.51448352424627,54.93878844429261,1.552782080112196,0.0
178,dc1a83b0-500c-440f-85d7-7090884f5487,Marsh Fire,37.5359,-121.5118,Contra Costa,14.948058113745903,16.439428459161334,85.67577914079388,8.398526416176399,0.0
179,0bc42201-27c2-4b3d-a329-ce44bc1261d9,Cassel Fire,40.5719,-121.3415,Shasta,81.41975452574215,42.449146533816716,113.90560955261044,16.457007193599296,0.0
180,1df51ee3-c15a-4266-bf3d-d52272189cff,Interlake Fire,35.8218,-121.0226,San Luis Obispo,84.29013038285196,27.218301824442193,31.005269275103565,20.051651093147008,0.0
181,61506ea2-3f16-4aa6-ba54-d7788c3a2b35,Hutto Fire,39.1871,-121.2687,Nevada,29.144813070249246,4.9178769094220245,109.0489143724359,2.8727956669140893,0.0
182,dcbc7afb-cdef-49a3-822e-20bbaa86a5d0,Dry Fire,40.6569,-122.2215,Shasta,11.007640492435684,8.43428027382796,149.85586043271508,9.430567698727334,0.0
183,45abd556-f41f-4507-91a5-1cf2f751bb4c,Nicolls Fire ,35.642,-118.15,Kern,100.62311483959671,28.36770270090678,168.3506725298222,10.56458579284581,0.0
184,9c21bb74-e919-403c-8a43-05f561669e4e,Wildlife Fire,39.4664,-121.6129,Butte,49.92448703465783,2.8713223246096926,138.3896453155826,3.0592804039860404,0.0
185,4d07ccc3-32be-4a1d-acac-18333884c97d,Sand Fire,38.5691,-120.7819,"Amador, El Dorado",44.505287292407544,11.225342433558735,82.95387933232347,5.740591671465099,0.0
186,045a1a18-72e4-4579-b64c-f34b33a1031b,Bald Fire,40.901,-121.368,Shasta,80.3624800267413,21.39423202309752,115.36674951799183,4.7863891460140415,0.0
187,e3b7143d-6faa-4962-9fe5-c2d1559c5d20,Day Fire,41.1336,-121.2144,Modoc,88.49700832902812,41.20705881323478,95.81445018622998,0.5563285244007097,0.0
188,3b2609f0-b3a2-493c-bf66-c5b5f64409f8,Oregon Gulch Fire (part of the Beaver Complex),42.048,-122.345,Siskiyou,20.997478717850118,39.5204726112056,4.316755383682,4.023568169675239,0.0
189,60ea04ec-5f5e-4a49-8fbc-fa50c17a1199,Eiler Fire,40.72,-121.562,Shasta,63.452926873154276,18.65213627917879,132.14282969203865,19.408058766895437,0.0
190,9d3fb01e-c29e-436a-82f8-c110a0b35179,Coffee Fire,41.141,-122.805,Shasta,35.96620006814947,42.830367229681556,95.73307768761487,25.833568108216703,0.0
191,59a31adf-4f31-4bf6-a6c6-fe62d2d2587f,Little Deer Fire,41.682,-122.127,Siskiyou,32.89917838673786,33.67941396494296,35.95021071363866,12.89967160681363,0.0
192,58e7e466-8807-404e-9ef6-5a6ae11a0084,Junction Fire,37.3433,-119.6581,Madera,113.16482135201407,0.9360933508838484,118.16403478273521,3.1703042305048736,0.0
193,91669a3c-d533-4eaa-a8d7-505d55f89e46,Little Fire,41.507,-121.266,Modoc,87.86272620815097,58.68135369923611,54.38289178133938,8.886241239321,0.0
194,da500577-e558-4446-832f-0e537cc55204,Happy Camp Complex,41.796,-123.374,Siskiyou,61.701086328181034,58.87541222048093,22.574428544140623,0.8496374215547069,0.0
195,64812487-ac4c-40da-b069-2884d7a04675,Border Fire,32.59154,-116.89516,San Diego,13.256232127810012,1.8146152793950034,4.160855600387615,2.1148449814658843,0.0
196,accb599e-35b8-4d5e-8d13-d0e4b0e4a1eb,Shoemaker Fire,34.235,-117.771,Los Angeles,12.783529479806415,7.808954276141491,68.07998122391447,10.93594091465363,0.0
197,d805c9b9-da39-4771-965f-b3cd4c37c84b,Tecolote Fire,34.267,-117.867,Los Angeles,16.09645580104428,11.314792541644705,67.58352967565664,10.33501765605702,0.0
198,605ac5e1-9903-45ba-872d-3d9c437457d7,Boca Fire,39.3918,-120.0805,Nevada,0.8727580361861395,2.500407395136254,6.449567156428472,2.1429452163612677,0.0
199,4b281a55-65b6-43e8-bab2-3689356d82e5,Way Fire,35.7206,-118.4747,Kern,84.33739000400567,8.966721554990963,180.83427485552812,0.2785645661416983,0.0
200,3b954901-aa80-4894-b330-c287d47b68be,Oregon Fire,40.7412,-122.946,Trinity,48.456622653480686,43.60396143441987,108.0490356569487,1.7267224746075192,0.0
201,b22e378f-bfbc-40b8-aaa7-29ec6db13db1,Gulch Fire,40.7101,-122.171,Shasta,12.546907985591375,12.177618945878217,143.8495263289856,10.000427066628074,0.0
202,726710bb-32d4-46bf-9729-7f3396defcf0,Jackson Fire,37.8316,-120.3434,Tuolumne,82.2051396226932,12.607778655208623,117.34425061395002,4.064405053869378,0.0
203,d4523b72-45cf-4de2-8ccf-3905f1dc8dbd,Bald Hill 3 Fire,41.134,-123.753,Humboldt,111.75909596775524,32.39479403838875,37.34538497716123,10.468014989178759,0.0
204,7e564dd5-1d4e-4999-8aea-93691ad314ac,Stage Coach Fire,38.695961,-122.384054,Napa,37.021247187254204,14.920247058398676,76.05377246826049,15.629370900077607,0.0
205,3df6ecf7-f095-483d-b1c4-2dc969d61261,King Fire,38.805437,-120.629714,El Dorado,38.14450573404626,4.690294754965882,58.588629656230125,0.9095633553304553,0.0
206,b3062936-6b2f-4177-b3f6-0fc288049339,Stephens Fire,41.485,-121.851,Siskiyou,42.94563698208044,41.661119062574365,57.41519763847657,20.53681883518788,0.0
207,568ea489-caa1-43c3-928a-9d0b836c0c54,Silverado Fire,33.748,-117.601,Orange,10.68410100585559,4.327003931881486,34.819554523839386,1.1650618660203338,0.0
208,a794ecf9-2e8d-4721-a272-a3e66d2e7621,Dog Bar Fire,39.113682,-120.999508,Nevada,4.544129006578238,3.1765361012930677,86.0285797130243,2.9970813998823256,0.0
209,614efdbb-937e-47a0-9ffd-919e5e0de436,Courtney Fire,37.311915,-119.604124,Madera,115.73131866200161,0.2777512496845329,117.69655725507943,2.838552811617271,0.0
210,ad164a35-8b27-4f96-b78e-952b08a333e8,Boles Fire,41.42384,-122.37432,Siskiyou,0.9618507794887324,0.37691290403268246,64.8896380807087,0.9839662791038729,0.0
211,f5552e75-f74c-4bc0-99b8-6c66ee8cde3d,Bane Fire,33.93869,-117.70643,San Bernardino,13.894108167608591,1.3177323841992565,47.037222868414354,0.42708878049924515,0.0
212,7e60b4f7-8497-4155-9879-a3198b2ce696,Irene Fire,38.59,-120.028,El Dorado,69.59626289490025,25.695865891097043,35.7377584998393,11.058047201088716,0.0
213,0b2d503c-7bd5-45e7-b029-61306ae6e7c0,Cascade Fire,38.9195001,-120.1140659,El Dorado,41.81009817835104,7.253403043028369,13.228710040139429,11.76146672597627,0.0
214,45a0a39f-b4b0-409c-9057-0942c567b7c3,Otay Fire,32.6449163,-116.9454387,San Diego,9.288853780446026,0.0,10.491161855918861,2.1798449173935404,570282.6018
215,84cb525c-7a90-4d31-8d55-d9729c05b286,Ward Fire,40.050833333333,-120.70166666667,Plumas,80.56544081009648,20.838302754510295,60.071698950350815,17.724453393613338,0.0
216,8e3c0b14-01e5-4c41-8641-ff987ac10ad9,Highway Fire,33.884313,-117.642759,Riverside,7.815014223199556,0.0,45.7046632293993,3.137133033964405,423859.59299999994
217,316804d6-471a-4c73-8b05-89b8abc8eeac,Forebay Fire,37.08312,-121.06963,Merced,5.394152896331641,17.171886003439848,91.51671788304235,0.29385469929884905,0.0
218,ccd896f2-f071-4d26-ba9b-f413de4d6b77,Bald Fire,41.1513,-123.8292,Humboldt,116.14784604273193,28.271761496257465,30.66371286588026,16.23813076504635,0.0
219,2aae391b-7b00-47d9-ba73-d71ad706bdad,Saddle Fire ,40.924,-123.168,Trinity,61.38294748553215,68.8318895165276,85.89294428294394,17.315965385185986,0.0
220,17b99f78-78b8-4bd1-90fc-5d9c3cb61b95,Pass Fire,35.77937,-120.19482,Kern,30.62133604259517,21.422906096757238,79.4368770809792,5.5083770841668915,0.0
221,e3272697-2587-45ac-b525-76b85fabaa90,Chiles Fire,38.5287,-122.3415,Napa,33.81948967140902,8.597358643677781,70.99149833815666,3.010438050571877,0.0
222,e2077d05-1f06-4939-8857-9f630a4b722e,North Fire,38.260777,-121.135426,Amador,24.736211822436587,9.231223709421739,128.35488346957118,0.16302865196049507,0.0
223,7934d7bb-15e1-4217-8fa1-552e4f3d8091,Fork Fire,40.0133,-122.552,Tehama,29.10886029891285,28.28483765872913,117.8071008027044,23.574388123895364,0.0
224,fc2ea6bf-e925-49f9-8390-9997c01b612d,Wildcat Fire,32.9421,-116.8534,San Diego,9.704638572795078,5.528919720895684,42.37861545159586,2.5957294559585766,0.0
225,17616590-ce26-4c73-bf81-70d338d027ce,Lake Fire,34.160277777778,-116.89277777778,San Bernardino,23.26077552284533,6.86940160695322,112.69219517702159,4.161343330881694,0.0
226,b5fa450f-9b84-4d90-9956-bda9dfe32f28,Cook Fire,39.2688,-121.26471,Yuba,32.17506305068883,4.90885615075852,108.47030980622809,0.9379221183367689,0.0
227,fa8ba2dd-c9f7-454a-870b-1b39c0d8b31a,Corrine Fire,37.165767,-119.523943,Madera,110.92600283904082,17.01871794542087,125.06372897146804,1.644321369897358,0.0
228,0f537c6f-8a74-48f4-9fbf-ad00942ffba0,Red Fire,37.072561,-119.6958,Madera,92.6068663487947,16.1646897276752,142.8716763615329,2.776534837765712,0.0
229,1ca8b1e7-5590-448b-86ba-6dfa4937baa6,Dixie Fire,40.875667,-121.033667,Lassen,108.02236702735615,49.721314622714935,87.2262078158782,24.989898356756225,0.0
230,e7b2df46-649e-4fd9-81c5-daadaa57bc8d,Loma Fire,37.974123,-121.833751,,19.256544282135152,0.0,69.37589806390919,0.8085132904039333,62708.025299999994
231,470d19d4-384d-497a-9770-cd2e2a3f3196,Washington Fire,38.598056,-119.751944,Alpine,64.10088123996069,33.72916608859105,19.166313512877363,29.046498476855167,0.0
232,e61d1b0b-4f19-460a-a6ac-e83a6e0a05a9,Calgrove Fire ,34.361007,-118.535793,Los Angeles,1.3222378308331038,0.0,41.41067442502731,1.0667033061019995,59639.932799999995
233,ff28ce24-a13b-4903-85de-faec825de35b,Sterling Fire,34.165974,-117.243878,San Bernardino,6.8247871096436095,0.1660818619696324,91.73116795145906,1.8431090500712002,0.0
234,7c98e8db-6a6a-4f66-bfe7-7d24e926c986,Pleasure Fire,38.519132,-122.181878,Napa,19.926064930773194,16.467447869032586,82.90647226062349,0.5282553230501207,0.0
235,56dc8f9c-98e5-4aad-b3e9-bbee503b29e9,Covelo Fire,39.7806004,-123.248214,Mendocino,89.30615006768183,37.38234397953255,53.48240697104539,0.010322739587834896,0.0
236,8d5b00c1-0ec0-43bb-a03e-822d5fe2af52,Black Fire,39.8448,-122.3638,Tehama,14.002523856934811,14.207071058417633,129.27350866055247,7.60572373192087,0.0
237,58dda3b8-3643-4f73-bee0-0a4cae0cb079,Soda Fire,39.0263,-123.303,Mendocino,99.09696072910522,12.07054546568427,39.60989282219944,0.17096365442691883,0.0
238,28b81794-bb66-466e-b9dc-337c47be5678,Sky Fire,38.4113,-122.0789,Solano,9.740274570240796,5.604484308780827,80.9729904648319,5.610346871371305,0.0
239,dff0f39c-bed4-4910-9c22-d9ccd4142809,Ascot Fire,38.1029,-122.1578,Solano,3.960965209225824,0.38364914247686505,51.11814318739557,0.15868362077518838,0.0
240,64fa2a72-b964-421d-b88f-5ac2e37647d4,Keswick Fire,40.5953,-122.4397,Shasta,6.684871890442029,0.14975613914326566,153.25013623041966,0.3187145534055543,0.0
241,c8fb2c4c-2275-4ad1-aef3-859e332a1a47,Mill 2 Fire,34.0783472,-117.0487863,San Bernardino,7.6493962039862735,0.1596072633753784,96.43700361540947,0.0831587181845534,0.0
242,598a3d54-ce60-466e-b44f-0e7c8f9e4ff5,Deer Fire,35.7183,-121.0157,San Luis Obispo,89.80305340671364,16.56931278388469,22.498904158333993,15.546402420859296,0.0
243,48284911-67cd-4394-8aad-053d3b2cf5db,Spider Fire,33.986204,-117.43942,Riverside,7.742459945837924,0.0,65.04334707702348,1.5217668847729544,423859.59299999994
244,ca7da36b-1951-4d52-92b2-1a0b04aab586,241 Fire,33.7626,-117.7274,Orange,7.696353534230226,1.3206174670062134,30.096616590255508,4.7351634171989305,0.0
245,8b35629f-50f4-4b32-b286-ce48cb1200e7,Cooley Fire,41.8048,-122.5029,Siskiyou,5.786479047603849,11.252413634284965,22.53918634660739,0.6927114279715777,0.0
246,98b0706c-ac34-4d9a-9ceb-55996099daed,Lake Fire,33.21407,-116.73472,San Diego,34.79294246745005,17.807435035268476,61.81910220429124,0.339325322811479,0.0
247,3d81d2e5-d6e5-4368-864b-a9e29e7e5022,North Fire,34.339,-117.478,San Bernardino,0.018199666034379704,4.124548436791998,93.00526636641926,0.4871616683913837,0.0
248,0c9948a7-98ad-4b42-888e-a7c2a4f536fa,Pines Fire ,34.367,-117.683,Los Angeles,18.672567280578928,2.2946929109534473,84.81648139679184,13.304622493102963,0.0
249,296fc88f-e646-4c89-9b46-3ac0f88ff910,Betabel Fire,36.8727,-121.5681,San Benito,55.45269131639581,7.3638512794337245,43.28651930538148,0.1718199681995051,0.0
250,9e2f6af4-ea45-4163-b6a1-e1fe9571fda3,Triple Fire,36.085212,-118.824235,Tulare,90.91559568281339,11.190604017187082,172.81334535011504,2.9586752245228736,0.0
251,098eb80f-1ecb-489d-baef-1440fa0e98d6,Dorris Fire,41.999341,-121.891226,Siskiyou,56.673191808301574,66.4668067653549,0.43417904288720793,0.08603627307129129,0.0
252,c2279826-dc2f-4eb5-9d3b-3d03eb0b139f,Wragg Fire,38.4994,-122.1145,Napa,14.11813810758084,10.87449930812154,87.33913233619201,1.9719243363844219,0.0
253,3135c367-1274-4cc4-9152-661f6fd7707e,Creek Fire,38.40958,-122.43172,Napa,33.18256566101917,4.385771370953398,58.03857553653604,6.505735086869035,0.0
254,ee7ec0f0-4f5d-4fe1-b2fa-bc15f91519b3,Baxter Fire,38.9361,-121.1548,Placer,6.878259026439708,2.6905308356760314,100.12369564488678,5.5918367469575,0.0
255,74635a69-f34f-4c6e-9e09-1a32d732bb42,Kyburz Fire,38.776,-120.404,El Dorado,56.82897677015372,13.282001792102934,42.860673402306276,8.125095076550554,0.0
256,0da79ccb-9701-4c27-8831-f10593fb8a90,3-11 Fire,41.29226,-121.172117,Modoc,91.17801917719571,55.31974335379976,78.15186521543414,9.050561467752518,0.0
257,12f68592-30e3-461c-b489-bc99ba52a38a,3-12 Fire,40.856422,-121.101623,Modoc,102.14089892418032,44.33679599065894,92.98619580686365,19.3499052967399,0.0
258,d7757da4-f9e1-451f-8316-26065888dfc2,Cutca Fire,33.383889,-116.868611,San Diego,25.842995435365395,19.67968793060258,57.540024559874965,9.279052318651651,0.0
259,a80b8ab7-eba5-4ef7-9992-0cf828138f1b,Park Fire,32.682547,-116.51684,San Diego,5.783682394833479,23.7401304733755,10.695746598579507,2.502961758258567,0.0
260,d6b4bed4-f3d6-488a-a2fb-54c7cbfbd8b3,Lowell Fire,39.192088,-120.882313,Nevada,2.5536490257517004,8.680336869484094,75.70475415874837,0.18381673146086056,0.0
261,8be9d271-ed9c-4bc9-9c22-4eff8956ab7b,Queen Fire,41.295667,-123.784067,Humboldt,105.29647680190531,42.664634454391724,31.314442690982464,22.827243722327374,0.0
262,8650f48d-5ea2-4dfc-96d2-f0d3f300b1e4,Willow Fire,37.279722,-119.50014,Madera,120.9704757985123,9.734201534047768,114.14182954880697,2.000870658606067,0.0
263,fe668595-0980-4f41-af0c-3f14c4d391c2,Mark Fire,38.052,-120.5577,Calaveras,65.96777711833188,0.9847981155232414,111.20427756730346,0.3710360016232722,0.0
264,57397ed5-93a3-4e60-9142-9a3e38164ee9,Sullivan Fire,37.24523,-121.20324,Stanislaus,9.920403846433544,16.016436344204354,85.99952121245136,7.316881882479904,0.0
265,0a645cbe-2d5a-4e2b-80c9-cb9167641cca,Buck Fire,40.1093,-123.774,Humboldt,128.81765672839782,47.52124389209729,29.82106122901361,0.12827839183142226,0.0
266,c316e4c3-4455-4a12-8ecc-af75339adf8f,Cabin Fire,36.24,-118.54,Tulare,121.19121635245868,41.73214869367549,142.9415713360862,25.141212994493937,0.0
267,7428460d-f47d-45c0-8a86-3fb653829860,Swedes Fire,39.43963,-121.38794,Butte,51.8121972073351,8.795035732686921,119.01590509291819,3.743702227826338,0.0
268,23e85238-2966-452c-8f21-fa93a51e889b,Rocky Fire,38.8863538,-122.4762475,Lake,38.7134991219999,9.55627298451112,81.37384062837899,0.0071747050980496265,0.0
269,259d9359-0cc2-4058-bfc2-f28ab2a540f4,Mallard Fire,40.509552,-122.199227,Shasta,10.086935175042,6.183321842972658,165.7183794518407,0.3784631289076324,0.0
270,efe937e3-8b63-4495-b578-e2582fb2166d,China Fire,40.415108,-122.439939,Shasta,12.521881784360266,7.5813649960876495,142.76925534894414,2.8912365190104676,0.0
271,55a1ec97-90fb-48df-8414-203b91adcd76,Big Creek Fire,37.823,-120.15644,Tuolumne,98.36134538507908,19.292856886937646,107.22183274191526,0.3349833575516163,0.0
272,72c7a5c9-82c2-44c4-8bf2-241fb36e1ee7,Tulloch Fire,37.83618,-120.61691,Tuolumne,58.183263602923866,15.427278781214216,132.69767031720656,1.2840362791095243,0.0
273,652938d9-2f23-41d8-a49c-30b218594762,Vasco Fire,37.81629,-121.68113,Contra Costa,10.193094480591784,6.284007399955763,79.40807309051227,1.377759501637399,0.0
274,8232dfd5-eda3-4766-83ec-83365cf21d93,Sprig Fire,40.49865,-122.20109,Shasta,9.25250645674247,5.709608245996862,165.01538451626072,0.1823046372888681,0.0
275,2a6270c5-859f-4ffa-91c2-ecbee5ebdd7b,Advance Fire,36.49845,-118.9009,Tulare,109.94670634017059,18.449403976563826,143.32501287951663,4.4855486073455815,0.0
276,9f031bfa-47bc-4fee-aca1-988462d6ab53,Mendocino Lightning Fires,39.43301,-123.36316,Mendocino,99.20657138613677,0.6807345690494508,42.52983205004241,3.12470341902155,0.0
277,592f14da-405c-4e6d-a83b-8937322524ad,Anza Fire,33.5736,-116.5387,Riverside,29.075402291572715,15.351816216742709,94.34765163683727,7.769964197651789,0.0
278,a063b897-28aa-43e5-b608-1b79f770050c,Frog Fire,41.399,-121.392,Modoc,74.45595551472643,55.92062412968271,66.29253138061354,7.290655710529465,0.0
279,dfd02b2e-7e2d-4636-a178-0ebff2d170c8,Fern Fire,40.67868,-121.93244,Shasta,32.97130838709633,30.508888025282697,146.99366398170903,0.6086789495750848,0.0
280,f136ba8d-f6bb-4bad-9815-1d56f9dc8650,White Fire,34.9522,-120.2903,Santa Barbara,91.74870188145631,10.048699307734172,37.18342957784982,0.31042910969977683,0.0
281,139766ba-33ac-442e-9a6b-b78d270c110a,Francis Fire,39.33303,-121.18735,Yuba,31.089783714344087,7.616658222935421,101.7314931192347,0.2623023352916829,0.0
282,6c5fcfc7-659a-44ee-b225-c4ae919882e7,Point Fire,40.3929,-122.40546,Shasta,10.183660840795993,4.122798945832069,144.22947019293133,0.4214500243624058,0.0
283,293c6467-7b2e-43a3-94c1-41cec4339b67,Dodge Fire,40.938,-120.105,Lassen,156.0072642884176,70.15420497594923,8.885540306807115,27.9036020220937,0.0
284,3cc1aa4c-b87d-4b4d-99b1-83dc56291b33,De Luz Fire,33.4115972,-117.2886249,San Diego,10.86565181008193,3.2263964856075114,26.811122543170576,2.1429898360606954,0.0
285,ffbc1cb8-be33-4483-8442-85ab2587dce4,36 Fire,40.3506868,-121.7786799,Tehama,42.35375869210613,37.93780475265562,151.40972669504228,10.068010554199756,0.0
286,94a7ae52-fed9-4997-b972-1761aa4b89ca,Jerusalem Fire,38.8142503,-122.4867319,"Lake, Napa",43.324727288755305,4.664753401696016,75.63336209082358,7.266657410377332,0.0
287,fde8f46b-0225-4489-be2d-68453a524190,Cuesta Fire,35.3477,-120.6269,San Luis Obispo,90.83199222564173,2.485516893478213,26.927428864776385,0.08022209199487841,0.0
288,cbaa4a28-c732-4c11-9d44-7da6c3bd8e42,Horse Fire,40.1058823,-124.0720419,Humboldt,153.74234987104825,39.6091451950596,8.398122667060003,23.79339746863744,0.0
289,8fc920eb-ca45-4d77-9a92-1326eca602d6,Tesla Fire,37.3845,-121.3732,Alameda,18.673077792944238,20.575111797898685,81.66919088023823,17.05491609249471,0.0
290,909d6135-070c-4e3b-ba22-23877fb603c3,Grade Fire,38.831478,-122.53428,Lake,46.0514103540097,2.0284243146112217,73.70235764226545,3.81274110895187,0.0
291,02d470c1-bf41-4ff9-9424-f680cef5bbbc,Peterson Fire,38.925764,-122.879272,Lake,68.025563177718,4.772522249599101,60.42836521293698,5.492459826824229,0.0
292,d0875efe-54fb-4cc2-b647-4f4d210df118,Summit Fire,34.23,-116.883,San Bernardino,29.788805544621972,0.6583678501225634,119.08315966925848,0.8020949262900261,0.0
293,da522578-443a-4c52-a9bb-d72bbb84dcdb,Democrat Fire,40.724898,-122.96174,Trinity,50.485697539938016,44.40465759986888,107.22430958320513,0.2992790531034992,0.0
294,3435fd06-f77e-42c3-8fa5-261cf0cb828c,Olive Fire,26.42,-121.0,Butte,777.0994520931251,773.7677616054475,740.1184496517393,777.1589508860451,0.0
295,bb500714-470e-4529-a15a-11d96e85cc68,Kramer Fire ,41.12362,-121.194256,Lassen,90.33870702548852,42.03397887113628,96.91389534772844,0.1355024468956189,0.0
296,40f44488-051f-4412-a577-c932f2ce751d,Oak Fire,38.04684,-120.30188,Tuolumne,87.61864364015956,2.6526493590149007,96.90244223344419,2.639096823996004,0.0
297,75c14933-9916-4dfe-ac66-7d98706a5172,Center Fire,40.400196,-120.553075,Lassen,109.65930188584672,2.966519887218022,47.31565775971287,0.39481252208063344,0.0
298,9a3df964-7794-411c-9043-967476fe77e6,Creek Fire,40.400196,-120.553075,Fresno,109.65930188584672,2.966519887218022,47.31565775971287,0.39481252208063344,0.0
299,13466833-32d1-418b-b145-f7ce1f7bf66e,Butte Fire,38.32974,-120.70418,Butte,63.00806642167083,3.9106037415793065,96.2784915996191,1.1119897450108949,0.0
300,f7067bff-efb4-4ca6-a627-6145836857ec,Lumpkin Fire,39.5218,-121.3363,Butte,55.22188492975105,10.656966067108396,114.64024253567369,0.5952158722175872,0.0
301,dbd39ec2-546c-4afc-9ff2-b1939eead03e,Walker Fire,40.47512,-122.52541,Shasta,16.016558612658972,10.34180083660332,139.83701835069124,8.320886446862845,0.0
302,897d01d8-dd38-43e2-bcd6-fa62aac03318,Munjar Fire,39.8707,-121.8938,Butte,26.170950713147146,5.860265052070045,161.97953308001897,2.0885047564654053,0.0
303,8c788c0a-d1fc-46d7-a17c-23f786831f7d,Rough Fire ,36.874,-118.905,Fresno,136.505619733418,44.586671489594615,112.53165805775693,11.895688917999069,0.0
304,7106ba43-100b-41f9-acbf-9fb9e9ab9ef7,Taglio Fire,37.2171,-121.08036,Merced,0.07578403119514303,6.781795724837127,94.79458236120944,1.7169803447601304,0.0
305,c6f0705e-8bec-4a00-92a7-dc47245de7fa,Solimar Fire,34.31953,-119.34512,,65.3054551006781,4.371294616473079,7.410328776215637,0.28464567345164665,0.0
306,3f31752f-4f51-4705-9fe4-50beec88a0e8,Potrero Fire,34.15,-118.879444,Ventura,36.841126967778095,0.6001552924293829,18.010850142800635,0.5963705084510502,0.0
307,8e71e23c-6161-480e-b8ca-f03147475e4d,Cienega Fire,36.70854,-121.32734,San Benito,48.67049692546661,8.453932243707854,60.512581390985574,0.7525337545200433,0.0
308,fbd3c0a8-7191-473c-bb05-43616711b6c5,Gibraltar Fire,34.4828,-119.63216,Santa Barbara,77.5557522713087,3.753331241741463,12.730423997739216,1.7652102468174349,0.0
309,c27d03c6-361e-44b3-8335-a1fe06f88fd7,McCourtney Fire,39.081,-121.194,Nevada,19.177801400677357,7.520491110724219,102.93270377486208,1.4251249802781727,0.0
310,1f54817c-8832-4a47-8ede-ab8072f52677,Tassajara Fire,36.3699644,-121.589554,Monterey,89.60992504846365,15.748056066809598,28.251927054399562,14.03989925868027,0.0
311,9569dcd6-c94f-4849-a90a-db58bfc77bee,Laureles Fire,36.5696373,-121.7556029,Monterey,83.95115340958407,0.0,23.586021845824252,0.006244042153098716,38105.1363
312,2c77fa07-73e6-45fe-a527-5bd526bdef41,Gorman Fire,34.6888731,-118.7892593,Los Angeles,0.15668431460908247,16.75024141943958,70.90313739962698,0.2940770900416994,0.0
313,ffec404e-dea9-4175-8c50-8f2b0ca3efdd,Tulloch Fire,37.927613,-120.528836,Tuolumne,66.01780598782459,6.735047997100366,119.94588339312953,0.30941045570710585,0.0
314,55fa95e6-f09e-42c4-889b-a4b5b63dccf2,Metz Fire,36.38123,-121.20059,Monterey,59.02635321378741,5.43588939488545,54.99293952099741,1.6667646672199852,0.0
315,ace1f464-7a70-4dcc-b8c5-d64fb1021d0e,Wheatland Fire,34.276,-118.354,Los Angeles,0.3877693053959515,0.0,37.079750473129224,0.22701785551954975,1351187.3420999998
316,09ab0430-7679-494c-96d4-d7d938351cf4,DeWolf Fire,36.88286,-119.654,Fresno,82.63444694179381,1.82748094869456,156.23450204230508,1.1768196764043546,0.0
317,648cfdd4-f3f5-4faf-8ab1-a6f2cb5d9a6c,Coe Fire,37.17072,-121.42238,Stanislaus,30.625002256861922,14.272273427518726,64.90941071033706,18.00329832606315,0.0
318,5080eb51-53e5-4338-95ec-618efe2bd7d1,Dunstone Fire,39.33035,-121.78973,Butte,34.29461015221268,6.575470164820462,153.61797168705874,3.1793520372363995,0.0
319,6227f4ad-3e40-4f3b-b210-3e55483e1e84,70 Fire,39.624017,-121.595093,Butte,52.24345129110275,10.38281910276067,136.74540882325542,2.6664562565115264,0.0
320,1d76ca50-aa10-4f90-bd99-a80bcf2eacce,Shedd Fire,35.61961,-120.39993,San Luis Obispo,56.23089105238724,21.84820050882275,54.41625760421593,9.404045167225286,0.0
321,afaa2efe-d946-4ff9-93c2-459aad31b908,Bryson Fire,35.8378273,-121.0381507,Monterey,84.70060607178668,28.66067345680951,31.861418413478614,19.86595104954573,0.0
322,f1769b9d-c522-4a0d-92a7-f9c8321b9f1d,Avocado Fire,36.78769,-119.38248,Fresno,96.28000515269648,14.125993537215962,148.06894955082868,1.0106654956886127,0.0
323,e0de216a-9544-43ad-9b9f-bc05247f0550,Athens Fire,38.8390117,-121.3090268,Placer,9.259614485382219,0.8276187305330697,114.69620366582124,0.010529971614932103,0.0
324,c88af25d-aff4-4b20-9c58-0b819c8ae99a,Pala Fire,33.41639,-117.08829,San Diego,5.309789855189339,3.035881873796201,41.80177959008841,1.4927616261684458,0.0
325,6afa1ccf-e1b6-492b-bcaa-9189cd3487aa,Chimney Fire,35.84883,-118.08591,Tulare,120.0866420863899,35.9422854054356,147.5094647314546,17.283645490339463,0.0
326,5f422963-a30c-4cda-9427-7a0e028b6039,Coal Fire,39.595,-121.6008,Butte,51.91185075578515,7.271380005929277,137.29140907755644,1.5787334978060854,0.0
327,42fbaa73-e3c8-44ac-bf83-a576be6a804f,Frazier Fire,35.70821,-120.82266,San Luis Obispo,76.47270721494436,12.355585196074927,36.035332696847206,12.591823763073027,0.0
328,2225d427-97d7-4d71-a83a-814f38a1c947,Campo Fire,38.22017,-120.8678,Calaveras,46.74844808390266,4.303212076480959,114.84778553114535,2.3474100874546724,0.0
329,b1b2a50c-c131-4be2-9398-8adee38c1c19,Paskenta Fire,39.93965,-122.40142,Tehama,17.170052862316524,16.60457903337618,128.01253059908723,10.76805712377513,0.0
330,d570e949-a098-4af0-84a4-d70c4a0e89c9,Moore Fire,38.86804,-121.37704,Placer,15.495378385130506,3.2033552641478837,120.06051722761542,2.7772900335851154,0.0
331,f2b5faf1-9ff0-48b7-8151-25880262bec1,Aukum Fire,38.64107,-120.6955,El Dorado,43.72599839262005,8.925361198491498,72.22425339686936,11.07596759641226,0.0
332,a757d4f9-2aa1-44c8-b986-ac00ca2fafdd,Hidden Fire,36.80296,-121.40304,San Benito,47.71641043109715,1.7959489042621712,55.866779100806205,0.9907681034917327,0.0
333,c5d590f0-97fe-4ac3-987d-ebceed6dbfc2,Clay Fire,38.3131,-121.06452,Sacramento,32.71697286369087,10.26039698581171,119.87100659228742,3.938350701905191,0.0
334,403e6185-c0e1-4b8f-a290-b50553a47b67,Temecula Fire,33.476894,-117.140883,Riverside,0.11571074368726829,0.11571074368761733,42.243118018376165,2.978953011418467,0.0
335,b8cf80c7-b617-4fe4-91b0-43b40d38c7f6,Coleman Fire,36.01542,-121.25029,Monterey,88.5141064863479,18.457107201631676,28.75161016876824,7.10798814537587,0.0
336,5c86c26b-e6c0-4e47-90b7-bc5da3885ebe,Soda Fire,35.01382,-119.58206,San Luis Obispo,42.99849860762762,15.383054190306053,71.67821693990983,2.3540618850878734,0.0
337,20e4887c-b772-460d-98be-d60f39171aeb,Keswick Fire,40.61388,-122.46777,Shasta,8.555441349141205,1.8594569091325124,150.76696700442685,0.24499115004372854,0.0
338,fef2ab8a-20d7-4dc3-b5c9-363aa1debef3,Camanche Fire,38.26874,-120.90265,Amador,44.55953127454503,8.500185185707092,112.8980363791233,1.179098522861813,0.0
339,33099cdd-ccfc-454e-b5a3-770a69a30bd3,Border Fire,32.60729,-116.63028,San Diego,19.269317132865304,23.91496196988527,3.432331741184731,1.2887734552949575,0.0
340,ae6a40fa-c0f3-460b-8e19-fbf4b5803bb8,Arroyo Fire,36.2833,-121.3306,Monterey,74.6791261111831,7.2266730895741045,39.26037899192754,8.905737002089541,0.0
341,10a8344d-e2c6-4585-8094-bbb30e48db8c,Hoag Fire,39.7947,-121.857,Tehama,29.343109309956667,0.0,158.9012570922698,2.0897856164449995,26732.1795
342,bae93037-2a91-4189-b256-3325cd2b6979,Cotton Fire,35.77135,-120.251,Kern,35.082195652460506,24.133807834901052,74.72647892745776,5.949500491751011,0.0
343,fb7d6492-444e-420c-9111-0f8999d3af04,Old Fire,36.49914,-121.04993,San Benito,40.651012266090454,24.189334579050723,73.39622861439845,17.256191649443014,0.0
344,103e1cb6-0a02-4ca8-8739-4cf77b5d1c98,Pony Fire,41.623,-123.557,Siskiyou,76.7480022164572,51.05300126116758,41.880181059240684,25.247270316651484,0.0
345,ffb3293b-3349-49c5-a7cb-c488391e8a72,Sherpa Fire,34.776,-119.643,Santa Barbara,64.71829699826324,35.09108675259479,45.262614084668336,16.928491539901678,0.0
346,eb0fe9ad-f9f5-4bde-ad34-527ffd647669,Creek Fire,38.69971,-122.15457,Yolo,17.12190928545769,10.19531189289311,93.95394813147142,14.920929715614754,0.0
347,6b542aff-fa1b-46fc-b3da-26c1afdbc446,70 Fire,39.43351,-121.6051,Butte,50.58449331770399,3.9879083595235354,137.68696016073034,4.131066762991198,0.0
348,91816ff6-d4ec-4f31-8d40-bf2538aca09b,Erskine Fire,35.6115,-118.45628,Kern,77.56095611473452,1.1285469451143464,171.54348816235643,2.7733220906658893,0.0
349,61556003-7789-4b9e-8f16-5563624b4621,Lowe Fire,36.1934,-120.9293,Monterey,54.38421971218381,16.785109645393263,63.182660371303896,10.14218828424307,0.0
350,ec90eb29-e776-43da-a814-0c41463ae3c9,Dinosaur Fire,37.07147,-121.20155,Merced,16.313346362637137,25.606505007150464,79.79687424801871,0.1100527636919838,0.0
351,c27c5212-1891-4105-86ee-9f97016ef159,Laguna Fire,33.57872,-117.77395,Orange,7.27136546344425,1.2502792365585813,10.296512514561819,1.0822646902022546,0.0
352,3822b8a2-1a89-40e8-b239-840cfcda7a1c,Grant Fire,37.74369,-121.58677,Alameda,0.35663852517289574,3.7834919955434363,87.03585292124653,0.6355590289503996,0.0
353,1bc85249-0d96-42d7-a23f-db99bdce17a4,Marina Fire,37.97,-119.14,Mono,143.7496724196702,37.41632301874026,35.85185434876554,0.46789571017542103,0.0
354,489cea9f-b3cb-4615-b412-5ac5724c3976,Reservoir Fire,39.12366,-122.50373,Lake,29.501632396083664,16.666266840116574,98.017522510882,11.051713237440131,0.0
355,b604ffa7-8cee-4724-bb82-f1f4553a192f,Trailhead Fire,38.96741,-120.9375,"El Dorado, Placer",6.031632586694806,4.463994478484808,81.12655285056603,5.823912455655032,0.0
356,5689b708-61e8-4451-8ad6-68d9684704c6,Rancho Fire,38.385,-121.003611,Amador,40.91843751344832,4.0671965655094695,110.70201462657589,4.203946140993698,0.0
357,4cfb8712-1b45-4a2e-b0c9-6ed6ddde5657,Big Fire,36.92244,-119.39619,Fresno,103.90237772611965,18.479349409685057,137.67962394155774,2.848518344123839,0.0
358,79b446a4-d809-4aa2-9f30-091a05ed697d,Sage Fire,34.36763,-118.57245,Los Angeles,1.121115768258867,0.0,42.02833821466821,1.5303818440516481,59639.932799999995
359,67c0a269-05bb-4b4f-af22-68a1c5ac3adf,Fiddler Fire,40.36873,-122.72913,Shasta,36.45721702652637,31.277403950560274,118.91696692858764,0.32798361934947895,0.0
360,69eaa890-889e-4be9-810d-3dcee8d55981,Colyear Fire,40.0353,-122.56939,Tehama,30.28994711899341,28.15776702353798,117.19552307465351,25.040441896829996,0.0
361,140def53-175c-4f5d-b8e3-de0643781ff7,Deer Fire,35.20993,-118.72272,Kern,30.01676384456431,7.600797949544132,121.14770376179494,5.36050059137958,0.0
362,8653f541-d3ca-44b4-9edd-5a4a57349f2f,Pine Fire,34.701,-119.144,Ventura,26.669526508188127,17.558584872283728,52.88590815935606,17.627900097227762,0.0
363,f88a7291-9122-49fa-864d-b807fa360393,Flores Fire,40.07846,-122.2071,Tehama,0.7905576834777017,2.824871025640495,148.03641155288256,1.0178813674451088,0.0
364,423df2bd-4464-44e0-8b8a-74f953613287,Curry Fire,36.0749,-120.452041,Fresno,25.697302537151256,8.591615492329565,86.87043377734533,2.34649191970602,0.0
365,6f07d935-7d64-4be8-8e96-d34384686bf8,Lone Pine Fire,36.58972,-118.15589,Inyo,170.99360744201988,84.93102034314188,91.05271353949436,7.399528903925487,0.0
366,902a3085-e518-4090-a2e5-20d0482b4dc2,Appaloosa Fire,38.02845,-120.61153,Calaveras,60.722868070748184,5.687662390786981,116.27574611754854,1.3481016709785711,0.0
367,fbe85bec-6399-442f-8a3f-ca4a25bb2b3b,Scott Fire,38.517772,-121.103642,Sacramento,27.293732938317955,1.0555146451991984,109.67969317293613,2.2149956344520763,0.0
368,e55dd16e-1712-4b97-a2f3-add0877b98cd,Frame Fire,36.14161,-120.62048,Fresno,35.570977745693,22.007356172978717,81.17479508062078,13.9206302346282,0.0
369,8e920d15-72f4-4e76-a3b4-22a364d6cf19,Broken Fire,37.25601,-119.65776,Madera,108.60838413551332,5.016117245843952,125.49040335664797,1.7410183631976885,0.0
370,174608a2-14fd-4278-9811-cb7e5e5a3883,Kuehner Fire,34.27619,-118.63264,Ventura,11.52323176141837,0.4530389851691061,32.062375396552326,2.159925340412105,0.0
371,7ebdcc3e-f402-4ab7-88d4-82d99d59b019,Shelter Fire,33.11645,-116.58542,Ventura,31.387715216786216,20.073420139920966,59.15207117683936,4.497143435296648,0.0
372,85832754-5848-4454-84fc-8b0a9abbff40,Pacheco Fire,38.08056,-120.81394,Calaveras,45.089707395332304,3.9661999628456956,123.50499006314466,2.188161786401725,0.0
373,eb9d05b5-7578-44bf-9eb1-3ddba425ff20,Stagecoach Fire,37.96311,-120.67335,Calaveras,53.88900983726902,14.70279758529277,125.31488222109019,0.0613339884203444,0.0
374,b6b6ef56-0d7f-4c97-b072-74b712aa1e65,Dunnigan Fire,38.8866,-122.04726,Yolo,5.5882182037390855,13.36286413158038,111.84242484453846,1.641830217211557,0.0
375,0dc19167-07b3-45e6-9bad-ad070934616a,Onyx Fire,35.68313,-118.21793,Kern,98.96019787874448,22.789387686639817,169.13284937377645,4.453534901173922,0.0
376,69b7a19e-7be7-43c1-8779-c7110b22f552,Sherwood Fire,36.92244,-119.39619,Ventura,103.90237772611965,18.479349409685057,137.67962394155774,2.848518344123839,0.0
377,73083049-8bc2-4444-911b-f3d0812fb70c,Famoso Fire,35.60748,-118.94811,Kern,44.240942680243066,18.08870415396433,150.02042776663342,1.7792595104151898,0.0
378,a32de567-3d32-434a-9128-7947deaec3bb,Green Fire,37.0099,-119.5792,Fresno,96.29471161793123,15.825097162535188,141.27261460948827,0.17388297350835366,0.0
379,d96a2f4f-8e4d-4534-abe2-d90530e2bbc3,Feather Fire,32.9612,-116.7945,San Diego,11.712693059433722,3.6432424915374857,43.93400279791579,6.749373757264625,0.0
380,6a75dc36-9f37-4c3a-870d-345f94a8104c,Foothill Fire,39.0863,-122.7891,Lake,54.323806421972826,0.0,77.03143918014136,1.2245653783541222,8091.217199999999
381,be2805af-a801-4ca9-b9e7-14f3b896097e,Bailey Fire,41.96191,-122.59328,Siskiyou,0.20682814882629685,22.522938683750077,4.902558706252542,8.180844051611812,0.0
382,bd2b7bdc-0f92-451a-a3a5-03569d27c952,Goose Fire,37.01591,-119.50507,Fresno,102.04822075271137,19.60940979954275,136.38224563433357,1.949356377399341,0.0
383,2dae3029-2d17-445a-9fac-e95345b179e0,Baker Fire,37.98171,-120.64241,Calaveras,56.922102082026115,11.375448494967877,121.97410459220052,0.3276789971417714,0.0
384,dc7637b2-fa97-47c7-bbce-c0fd1a015592,Oak Fire,38.33475,-122.02564,Solano,0.5915761361898303,0.18375093264197623,77.31094720298586,0.7522603142623782,0.0
385,78eccd24-9fe2-4ccd-90fa-a1e0fdc19b41,Roblar Fire,33.393,-117.35093,San Diego,14.638618636352298,4.093584626967494,20.984032491026657,4.126535703074559,0.0
386,5d276af0-17d5-47d5-8f0e-86756d91b5c6,Table Fire,41.71847,-122.36924,Siskiyou,15.978028649950986,20.335935368954413,32.24339321988787,0.30628204251401275,0.0
387,947aab39-3d8a-4841-8fc3-d129d8bbf6a3,Bradley Fire,35.85093,-120.81081,Monterey,66.21759689412258,23.065612174258057,46.13416607961393,9.794223770164107,0.0
388,977ac7ce-4204-4cd3-9f89-727142165261,Soberanes Fire,36.45994,-121.89938,Monterey,95.00393508688205,7.379034355278849,8.53278181936329,8.554380358107597,0.0
389,d045584a-8838-4d64-91dc-3ebfbcd8e708,Holy Fire,33.6542,-117.5221,Orange,12.27577686489059,3.014605625469805,32.44328548019537,7.857097465367734,0.0
390,383c3df6-a1eb-40fd-b798-41481dff679a,Ken Fire,34.25858,-117.4415,San Bernardino,0.76513580698679,2.375510800026721,88.75771078428733,0.9415337704074344,0.0
391,c94fda40-ab7a-42d1-bfc9-ca5f39fb6e7d,Saddle Fire,39.6871,-121.571,Butte,54.305709284008294,4.610459690903804,134.57717189285202,0.1775890816400515,0.0
392,2a2e0af5-24d7-4903-bab4-3705f5d788fb,Ruff Fire ,39.7299,-123.5044,Mendocino,111.23326315400789,30.972887591525232,30.850269857291895,0.6989114727546152,0.0
393,324a3c48-efcc-4385-ab87-baf0b5e29b5d,Spring Fire,34.3183,-117.3189,San Bernardino,11.345928489145365,5.775365420578428,101.5101995526729,0.343569875328418,0.0
394,af8f8070-a3d6-4ca2-8e2b-6da1049a5bea,Phoenix Fire,39.39051,-120.51887,Nevada,8.29169290484856,19.272991164591588,44.165833739360515,7.98007215576853,0.0
395,47ee7239-2bc9-4794-8582-982a92fdda9f,Lake Fire,40.68192,-122.4096,Shasta,4.985565781215691,0.5280812614467663,147.167746154233,1.160651978989162,0.0
396,f273dffb-e1eb-48dc-b0f9-908857e78095,Storksbill Fire,38.79549,-121.00299,El Dorado,12.851991209250738,8.72508184582884,89.73090437382669,2.995709405129263,0.0
397,0b655a9d-94b3-4095-acfd-d40ac8347318,Rock Fire,33.00056,-116.9571,San Diego,11.53158847243643,3.433241283469826,35.886146968680094,4.532176457379224,0.0
398,416155ea-f8ff-43cf-abf0-e888584bf5bc,Franklin Fire,38.01264,-122.1885,Contra Costa,5.582896215149044,2.961342323836902,42.98700555816169,0.4126028476818269,0.0
399,7066c984-1420-4c59-b175-9536da4c5d14,Fork Fire,37.24006,-119.4741,Madera,119.6700151461082,13.800781561654452,115.92572294764538,2.7084438640290003,0.0
400,f4026428-ad5a-42c7-b68e-959554a31343,Frymire Fire,37.81434,-120.69521,Tuolumne,51.57109706027301,8.158776223933057,139.04975726133043,5.51574141226505,0.0
401,4c88252e-34a5-4912-a590-2c4539866c62,Sierra Fire,37.41896,-121.79669,Santa Clara,6.935733925193315,2.3001910820453637,59.764243171763994,0.17150428621121894,0.0
402,4f623d67-d74b-4e8f-92f4-ed728970e20e,Gopher Fire,33.22558,-117.14547,San Diego,0.0919989989230517,0.24760939213313596,26.6663062916886,4.735924087940319,0.0
403,140161a1-ca06-448a-87f2-27e688b2d922,Baker Fire,40.19611,-122.26736,Tehama,2.1432551630875603,0.010276540212568415,146.89961613693376,0.008504388085093082,0.0
404,e5122d1e-2bfc-4fa6-8152-da309e02c004,99 Fire,39.6708,-121.7192,Butte,41.59839607867218,4.030530419181117,147.31253604857199,0.4857607402522458,0.0
405,057fd4e2-7400-4fc4-9b23-3daf67fc8610,Cold Fire,38.52513,-122.06788,Yolo,9.993613923871317,6.551690398229029,91.91828302770458,0.9959840093478403,0.0
406,f645bf93-57a3-4fdf-9544-d255f8311dc9,Hart Fire,35.24504,-118.60344,Kern,40.728275617379566,12.323861142686606,130.37999076417785,15.11093180637755,0.0
407,8505d2db-7c6f-445e-9bff-407e99cac614,Grub Fire,37.3228,-119.7738,Madera,103.06658847874945,9.07894999378446,126.69249384123368,10.587629277717499,0.0
408,38fe21ed-2019-4be9-abdf-bf46ac5f59e3,Deer Fire,38.2581,-120.8657,Amador,47.49666803300859,7.670793825370648,111.56560916071713,0.4209311555539769,0.0
409,b82b0e22-4155-43dd-ac33-1da015b6d3d2,Oak Fire,37.06531,-121.68577,Santa Clara,33.52526431507523,3.292554607930816,38.76598692510414,0.1326524230557386,0.0
410,69c7b8cc-061e-4ca6-b5e8-83c6ae9d8a25,Pilot Fire,34.28771,-117.27338,San Bernardino,13.373368979501873,2.0321256374830057,101.53742979484078,1.8903689104156087,0.0
411,28b9dc5f-f9c0-41fb-81d6-8db562122f00,Kugelman Fire,36.09974,-120.51057,Lake,29.125536179188284,12.407196694998397,84.69915315477903,3.0530710199395985,0.0
412,ef4185e8-9b3a-421f-9fae-a0b954b0b3c0,Knoxville Fire,38.68403,-122.26015,Lake,26.441781885306842,19.455686545144644,84.91220453337793,19.42889794048676,0.0
413,346c59b1-375e-4d42-876a-d97b769c939f,Mineral Fire,36.09974,-120.51057,Fresno,29.125536179188284,12.407196694998397,84.69915315477903,3.0530710199395985,0.0
414,ea5193a1-69bc-4684-bfcd-235c17d36756,Blue Cut Fire,34.30372,-117.49342,San Bernardino,1.854683415825393,8.192046946296141,89.11220229026685,0.8664881335470844,0.0
415,93995926-26b0-4158-9f93-fec263f40b47,Mountain Fire,40.61213,-122.47091,Shasta,8.854279016765018,2.154430658907031,150.56021070144243,0.15668973060534336,0.0
416,861bfbd3-ce1c-46bd-a32b-2848b7399119,Summit Fire,40.9878,-123.77832,Humboldt,112.63492119321862,21.654410278820805,34.076696548797756,9.026645528683526,0.0
417,040d03d0-fbdd-438c-8174-f81e4a1bba57,Chimney Fire,35.70595,-120.98316,San Luis Obispo,88.21862173951565,16.934958218605672,23.839056570806306,16.006031244814086,0.0
418,a0950d5e-6f35-4023-bb60-6737146ba7bd,Clayton Fire,38.89741,-122.60664,Lake,48.175551276936154,1.3236619325708923,73.53148427272615,0.1792782773816971,0.0
419,e247e423-6171-4184-9dca-b373de703885,Cedar Fire,35.7506,-118.5678,Kern,80.12600424422325,15.133363584076584,179.42531241579766,1.2174519109067907,0.0
420,bc2fd9c2-da5c-4cd7-bbec-9daf2143a196,Stafford Fire,40.4572,-124.05804,Humboldt,144.3848600996918,2.7244041833911194,33.143966966960555,4.651345090679695,0.0
421,2d2aa30d-5c3f-4f46-97eb-54b63bec7f3a,Boys Fire,38.558,-121.1309,Sacramento,22.57789380085791,5.169316411885913,109.65413119304664,1.0723993525092295,0.0
422,5823867d-c458-4673-858f-0ded99b6121f,Mokelumne Fire,38.57554,-120.00606,Alpine,70.45684674312217,27.292170490703796,35.682600963286646,13.477916708102741,0.0
423,63643257-f082-4928-bf0e-77a0417a4613,Sunny Fire,36.84479,-119.34487,Fresno,102.62349429482359,18.01132308136326,141.0992732486974,0.9938886909067507,0.0
424,e935ecb3-5eba-43f8-ae02-624b3d5bc03a,Oak Fire,37.11831,-121.69784,Santa Clara,27.914346259581784,0.4979915782386989,40.82294808730372,1.1847395253383026,0.0
425,822c934f-11be-48a9-8e60-f3f6802ef24d,Beale Fire,36.16965,-121.38775,Yuba,85.9661011929489,19.558526558960413,28.28543112878376,19.347078811271953,0.0
426,b44c3b1e-b243-455e-9ca9-9a1b5570e003,Mina Fire,39.8748511,-123.4267011,Mendocino,104.85442790737287,45.824094508085295,41.90931369524539,12.292644134146485,0.0
427,fa457abb-66d2-4f82-80fd-452e824e871f,Havilah Fire,35.4976,-118.5097,Kern,65.52004306452241,10.121570037955726,158.38240459592538,1.2073302158558976,0.0
428,85683fd7-b507-4ec7-8bbd-fb7033a42665,Gap Fire,41.851,-123.118,Siskiyou,42.50644946182778,39.117682836276835,17.30248951964577,3.329396098248547,0.0
429,86166c24-3a85-42e3-a53a-ebb1d935fb8a,Bird Fire,37.62215,-121.36665,San Joaquin,0.4453976842428785,7.852231817229311,101.06311610520459,0.20092012696426687,0.0
430,da72b0c2-835d-42a5-8fa8-4de5442610cc,Tully Fire,41.28486,-123.82268,Humboldt,108.73916816385714,39.82199722377816,28.346296506801803,19.623779801476903,0.0
431,1243f711-c29f-4bc3-a7e7-c705a6fc40f2,Willard Fire,40.3915,-120.7845,Lassen,118.83433134512886,9.46403259622141,66.96499592664436,0.26409726011564966,0.0
432,c55cc099-43f6-4a55-81b4-59ee03618511,Santos Fire,39.79547,-121.71662,Butte,41.352352694783676,4.649224146265448,146.88541160191323,4.60943600638889,0.0
433,db833182-22df-44cc-ba10-0901e74222bc,Willow Fire,38.1874,-120.6381,Calaveras,63.81983129486044,12.041051048646603,104.45394686506411,2.9476225233233824,0.0
434,954fb899-decb-461b-a0dd-76442e3370d3,Tule Fire,36.1648,-118.73906,Tulare,102.01170753079622,22.148031762975197,161.11738546442734,5.487591135291863,0.0
435,a2a6199c-704a-4826-a51b-23e6ee123349,Grade Fire,41.7813,-122.611,Siskiyou,2.091912421697553,2.670014053742195,24.84596258079654,3.994378255252234,0.0
436,97772dc4-7fde-4412-982c-974b3316e22b,Howard Fire,41.4657,-120.9066,Modoc,115.7208338525404,28.746336700264305,58.550779103401766,0.43941040984604196,0.0
437,2656ad63-b3e1-467f-9982-0229fd31c0f5,Range Fire,35.2013,-118.7212,Kern,29.444971567619437,7.729448613071133,120.45826472082422,5.275661638094686,0.0
438,1780f987-76f9-4a82-81bd-6cb914758eec,Mockingbird Fire,39.1408865,-122.9148951,Lake,63.84824686507923,1.5043797101099683,72.64294151981971,0.23506294120504204,0.0
439,ed16bf52-f886-4384-b841-2e755234aa29,Moffett Fire,41.6314,-122.7933,Siskiyou,14.447447026714345,13.249618361987205,41.32179157713736,0.33359339142661576,0.0
440,69e1a36d-21ab-4feb-b31c-dbfac4bf62d1,Old Fire,39.8851,-121.6998,Butte,42.75800253846597,8.440047195768194,145.3819051556076,5.981118309234333,0.0
441,060ef833-2d3f-47d4-a1d4-146d1b9a5928,Hog Fire,40.30594,-122.1295,Tehama,12.461123199023724,10.930973007353632,161.98352849742605,0.039891771976931466,0.0
442,f66ae0d0-837d-4ea9-a7ed-6a78d9bde940,Old Fire,37.75972,-120.029626,Del Norte,105.57301369818502,31.508852911327658,105.15977102266558,6.705991209362435,0.0
443,1f8b3267-c3bd-43f5-9733-2b30c97d45ee,Auburn Fire,39.20427,-121.05948,Nevada,13.33615698864919,0.0,90.94200016699243,0.15349912473619848,21755.858099999998
444,821c040d-a17c-4934-990f-ca7d441a303a,Owens River Fire,37.75985,-118.95309,Inyo,171.5934736967321,11.868112957049,42.17626626610149,2.935602042194415,0.0
445,92c20948-6ff6-4a2c-b13f-32c75e71b16c,Soup Complex,41.2649,-120.3178,Modoc,162.73217609179153,30.019849473724882,26.65253523082723,15.674170638851026,0.0
446,f6afb8c4-32dc-4e6d-8d30-e6b7ccd4a62f,Canyon Fire,34.63445,-120.54421,Santa Barbara,132.9719062978045,5.479690513141545,12.640969151753113,2.159535085141437,0.0
447,686e1300-65d3-4e07-8a88-e5952418649b,Washington Fire,34.75134,-120.55297,Santa Barbara,124.51050247521717,0.8059958038638958,11.83027260184809,2.8271186350936373,0.0
448,b4940174-75d0-4f5e-b505-4a66c17a9157,Bangor Fire,39.4403,-121.42647,Butte,54.401734482507344,6.880762702208874,122.33048539696507,0.8470744578475462,0.0
449,f669c502-b400-4ad9-ae95-bfd9c31f903c,Butte Fire,39.188321,-121.78003,Sutter,29.97775696371879,7.736156217021835,149.47879322923671,0.7496036415650702,0.0
450,0bf08653-1441-4e73-b24b-1296afb12b45,Bell Fire,38.5212,-120.8416,Amador,44.47937560711449,13.28197308232126,90.28631117489878,0.5958211852327048,0.0
451,3a4871dc-2299-4934-8a31-b92780fe31a3,Marshes Fire,37.79635,-120.32484,Tuolumne,83.79923286556433,16.841576840121743,119.19697568816741,0.09451222350315208,0.0
452,2e8eb057-1d9a-41a7-ab9f-9b85ce3374c4,Newmark Fire,36.6543,-119.5327,Fresno,77.03513795271671,3.4523341920247286,168.05146876754537,1.0766925802740632,0.0
453,8a4c92b3-c1aa-41e0-aaed-999d73f0a418,Cow Fire,40.0,-121.93923,Shasta,22.570327025928325,12.568453511220198,165.71170799074545,2.876015381533601,0.0
454,8d9b87e4-6fdb-49e4-ba6d-be85ffd6b222,Sawmill Fire,38.80017,-122.82895,Sonoma,70.2714762911996,11.984778485459806,52.37781679395296,0.5873918218925741,0.0
455,abd0a296-217d-4a6a-9da0-5eb05f56f863,Tobin Fire,39.92,-121.32,Plumas,75.20081170544555,23.078066091704066,112.88392937300446,0.03855819552810723,0.0
456,2dfac408-d2ab-4ff9-94aa-91be9d07bb59,Loma Fire,37.10632,-121.85318,Santa Clara,23.711905040484204,7.412346501018188,29.47317767078466,7.470769946182076,0.0
457,59084c8f-904c-42cb-9aa8-cae4a1f8c6ef,Sacata Fire,36.94536,-119.25959,Fresno,115.30264928193786,29.583899253647054,127.70285038255604,2.215686440088846,0.0
458,81ef7517-ab3c-4d1a-8ddd-b5d69404676f,Emerald Fire,38.93449,-120.10744,El Dorado,40.16706662892405,7.317902429509054,11.713319683051713,11.860165908694878,0.0
459,6f600260-2bdb-4f53-9d1a-eab8afb3a11a,Gopher Fire,33.254355,-117.158475,San Diego,0.1459422164401494,2.125293764320251,26.97549756218952,5.915665946140687,0.0
460,ca1227b3-1458-44c9-b32e-2994e309f940,Marek Fire,34.31,-118.335,Los Angeles,4.395966594257591,2.746785305143758,41.22018381997896,0.7364788095658584,0.0
461,2458cd6c-82d6-43ef-b509-706e3af69451,Jacobson Fire,36.217,-118.551,Tulare,118.63654751003108,39.63252265874909,145.48891820615162,23.156075222653136,0.0
462,89c304db-e288-4582-90d4-884d57fd71f9,Meadow Fire,35.984,-118.551,Tulare,99.31682366492956,35.90056127306602,164.58844243988744,25.29966755711546,0.0
463,a97e2077-2013-459a-baa7-276781503e3c,Aqueduct Fire,35.92436,-119.94083,Fresno,2.707636662398939,15.973871907347592,107.43215730942526,1.84610741436006,0.0
464,afb8c00c-ef91-4544-90ce-54722be124af,Oroville Spillway ,39.51158,-121.55633,Butte,55.00323097186756,0.0,133.54909140138645,0.8966517670638622,19103.577299999997
465,95960fa6-58ba-4b4e-aeb2-ada97d699908,Grace Fire,40.48712,-121.85645,Shasta,36.7935743295039,34.845691987502754,157.74119163605312,3.17987094706652,0.0
466,31b0e75c-b0e2-4796-b8a7-efc49e4c59a5,West Fire,41.16716,-120.58342,Modoc,140.81866367530168,34.775892478654775,49.014264175662916,2.7658752877606108,0.0
467,b12ae71e-c6c8-4eab-9aab-d17d1879a639,66 Fire,33.56777,-116.08003,Riverside,13.972080810557308,0.09909744599471931,104.50136253741002,0.18491844048485379,0.0
468,0cacf259-1ba3-4e8c-a938-feaab2655c4b,Jayne Fire,36.07228,-120.26561,Fresno,12.024692724661888,8.368816424450701,96.63394833772234,6.7515534293851776,0.0
469,b8bdbd12-e3a2-49e0-8d65-7c18b8d584bf,Soledad Fire,36.44141,-121.34695,Monterey,66.77289086699098,0.27231477166336016,48.65003159820994,0.19826817680673464,0.0
470,17a7d561-bee7-454d-a0aa-ac450907f6fd,El Dorado Fire,36.530836,-120.206592,Fresno,19.777327584907937,7.631989428758223,136.55956559227545,3.2324119372389184,0.0
471,d804eebf-71de-46de-90c2-cdf0694d27e3,Tumey Fire,36.5355,-120.6585,Fresno,10.034942968591135,32.80387249453098,104.36504472989408,6.580989361070826,0.0
472,45699833-fa34-4eed-9520-8c8019426122,Tower Fire,34.30104,-117.45646,San Bernardino,0.20068325762604095,6.906161908674913,91.16944102035532,0.28386101632339766,0.0
473,c254df3f-a241-4983-a880-e12944a9f7b2,Opera Fire,34.00566,-117.30693,Riverside,3.3180419103154457,0.9413858977667363,74.07933140990234,0.24862187693852922,0.0
474,7fc71135-ee3b-443c-a859-90672936e0c1,Jameson Fire,33.7866,-117.5048,Riverside,0.8450626937109368,0.0,43.7170668313812,0.8181725921662747,423859.59299999994
475,f5237d47-f15b-4f4b-8b1c-6f11235f954d,Fay Fire,35.71704,-118.30601,Kern,95.50642433691387,16.72996433138816,171.70770140710553,5.84810329958628,0.0
476,87d7fb46-00f9-4bae-ba35-a7ef8e58a70e,Olive Fire,35.78286,-120.22647,San Luis Obispo,32.56089833966775,22.029018938673033,77.27670350847494,6.011107959671031,0.0
477,c7e3bcbf-1065-4e45-a4a3-bf0b5ac6aa23,Shandon Fire,35.6879,-120.3317,San Luis Obispo,46.62529053076971,29.127334053218945,63.55093224114711,0.16690741716225563,0.0
478,eca1021e-dfea-4dec-8470-c0eb7e4d479b,Sonoma Fire,36.45491,-120.2445,Fresno,12.09888393902388,16.53143543665758,128.7482398064982,6.1218051327636065,0.0
479,5115a26e-e8e8-42cd-9aeb-f5c41efd770a,Hub Fire,35.60001,-118.4683,Kern,75.89919926319438,0.6498264874173182,169.87691221365327,2.173869235393437,0.0
480,63a81990-8521-409d-9c22-92d1c33e0353,Wright Fire,36.96655,-120.89261,Merced,0.4994308546767211,9.015542646158341,104.19283574127395,0.0765394986476409,0.0
481,1423af4f-16d5-4f19-a01d-fc3ebc124201,Nacimiento Fire,35.77082,-120.92482,Monterey,79.73122258721061,23.726245044094824,32.53082714627688,19.815878353953078,0.0
482,48c4b519-eaf5-4ae8-9470-31e8770a70ac,Canyon Fire,33.88466,-116.99229,Riverside,4.845730625792944,3.3393808174602175,83.18436386057351,1.0817836052016783,0.0
483,9f416f37-a8ca-4127-a6b7-02626fd32e06,Feed Fire,35.05076,-118.90004,Kern,6.1679561398876555,16.045981099321768,97.38439250389692,0.7651935544917282,0.0
484,5b3329f4-1e37-4b5a-9ed6-6f8d74f495c3,Arrow Fire,35.21177,-119.87525,San Luis Obispo,44.43928256211053,36.305680437482685,75.18588528728083,2.386072230533446,0.0
485,0fc2a05e-689f-4c7c-b2b4-a987840b4f2c,Bravo Fire,35.41283,-118.84466,Kern,36.62040338510101,0.0,134.50006666365886,0.507454564651299,107556.3195
486,75bb079a-1de8-4824-a933-e19f69948438,Pine Fire,36.1727,-120.86682,Monterey,51.46066754935585,22.658528013248397,65.71556908492067,10.580665441667925,0.0
487,2d12b95c-3f4e-41bc-a771-8ae2cb80b99e,Lonoak Fire,36.2771,-120.94328,Monterey,48.432783352896266,16.174504688026552,66.789304550834,14.800893116848286,0.0
488,9a555129-982b-486f-a333-c96b3f9c4d2e,41 Fire,36.90967,-119.79315,Madera,74.40713341156591,1.8537825783709376,162.23843565311643,0.0574603634280463,0.0
489,048c085b-3162-4906-beef-7aa2ba1b868d,Camp Fire,35.34541,-120.76464,San Luis Obispo,100.91445227468316,2.400660379497012,14.423695494618714,0.9017320701511582,0.0
490,65062933-27cf-48d7-8e4c-9a7ac78e65ff,Elm Fire,36.12089,-120.37116,Fresno,16.894573850289213,0.1455193923917734,95.50594740540853,0.5806111038024623,0.0
491,3fce8146-ff21-4399-9a94-f37124b34331,City Fire,35.983,-119.91508,Kings,3.20555833147069,17.68445606393196,113.01868647292301,1.8728980129768908,0.0
492,9348a031-c7b3-4165-890a-37a7eb7405db,Moraga Fire,33.97155,-117.44148,Riverside,8.266991440275245,0.0,63.58849446566819,1.1203158552915522,423859.59299999994
493,b3fc6dff-f13a-41c4-b7f3-e9e960a941d5,Manning Fire,36.60736,-120.5828,Fresno,0.3795974886334749,22.36238807274233,114.6576770689948,2.9708365327069615,0.0
494,fcb8579e-7469-4c9e-9eac-527264e6f26b,Taglio Fire,37.21812,-121.07761,Merced,0.3369895587896023,6.513437567829849,95.06265378806134,1.9836895879534053,0.0
495,5bfc7c8f-0d7f-4b14-903b-00014014c14b,Range Fire,35.85253,-120.80411,San Luis Obispo,65.61570053667376,22.962332015777527,46.71243344704404,9.81082168917311,0.0
496,3d595f75-d59e-4453-b25c-48207b02f529,Deluz Fire,33.3906,-117.32348,San Diego,13.839040385539638,2.2576523263641763,22.81832587533608,4.0824778841042475,0.0
497,c4d0a25f-02f6-4877-a944-8f5d50bf2335,Gate Fire,32.65597,-116.80527,San Diego,19.789188045471498,7.911439941107569,10.400583096659382,1.113465046777518,0.0
498,fbc11fc4-573b-465f-a9ac-a879ee2cdda2,Rocky Fire,35.556667,-120.474,San Luis Obispo,65.86275993658207,15.912759098523845,45.30013104072914,14.441335610989608,0.0
499,39967485-2cf1-4f0e-9cf1-ccfd25f6e2bf,Ming Fire,35.4605,-118.85896,Kern,39.126671788122486,4.302223193562776,138.64527004444938,4.7411845820383105,0.0
500,fccf2545-cab8-452e-829c-8379054831f0,Moreno Fire,33.94673,-117.17773,Riverside,10.163323116708051,0.0,77.64387444162821,0.327167956006007,423859.59299999994
501,06b43461-94d0-4379-a1d6-fd26ba93ceea,Wasioja Fire,34.9465,-119.8036,Santa Barbara,62.13926753688776,35.417693163097404,62.95870718998076,14.996214192552268,0.0
502,9b9bf8b4-8378-46e5-a760-67e89e2279e2,Ribbonwood Fire,32.679,-116.29296,San Diego,0.06254850393625622,42.58287128859017,8.313542633027282,1.8674671216030996,0.0
503,f5ef2d0f-66a7-4d75-a9e8-03c42524d723,Bitterwater Fire,36.35578,-120.99552,San Benito,45.510146505711525,17.51840380768697,68.42582769030155,14.218120693474372,0.0
504,54ddf2ef-28b0-4c34-bfe0-1d084f4f57e2,Smiley Fire,33.96419,-117.20507,Riverside,8.367846354486607,0.5735890708358393,77.23951183119476,0.726761634829041,0.0
505,bd671dbd-dd3c-413e-b453-4002e382325d,Range Fire,33.34988,-117.39818,San Diego,8.359992465938708,4.928736031255067,14.546948825012269,5.306449080141928,0.0
506,45a205f4-bcd2-44bd-886b-26260c686ce7,Lamb Fire,33.88287,-116.99651,Riverside,5.139452208516821,3.6762197606458344,82.78013041966804,0.9598854505643009,0.0
507,6fa64139-e5d1-4134-b012-5c1b272ac89a,Champagne Fire,34.87128,-118.35296,Kern,42.35676474505121,10.554034511832741,99.83743242422511,2.406286956506979,0.0
508,7272decf-0ae8-47aa-b46c-00fc4cd04816,Rusty Fire,36.96642,-119.58292,Fresno,93.2295395434793,11.649205493541539,145.09295168396207,1.636498489981987,0.0
509,2db503da-a7b2-47a6-92a6-697799eb63f1,Serenas Fire,33.58577,-116.07429,Riverside,11.907774821092865,0.2050012336716738,106.44220311438362,1.1897344997935657,0.0
510,42f21a81-e0a3-4b4d-b837-2e6e2efd75a4,Lombardi Fire,38.19906,-120.83484,Calaveras,49.40942817173735,0.597758754641676,114.73386605069767,0.45240922405431216,0.0
511,21e9f99a-35a5-41cd-a44b-92363fbf5081,Panoche Fire,36.61332,-120.7109,Fresno,8.20481777679553,31.192376749172556,105.72126490213745,0.42733558810033057,0.0
512,524b1e23-8921-4195-812d-7ec8ee5020b7,Matz Fire,34.04412,-116.55326,San Bernardino,15.079675438523486,5.897433442973907,124.29210175064395,2.0607540182070223,0.0
513,92d70dc0-19af-4c87-ab01-8c7051caab73,Fountain Fire ,35.89423,-119.00334,Tulare,64.73784660083332,6.649902210239157,176.52521089077587,2.927509066611143,0.0
514,67d31514-620f-49d1-b4bd-a3a92efd48ca,Twenty Fire,39.23205,-121.376,Yuba,39.48793835787725,13.527461865345817,118.1724201206647,3.5111105549892923,0.0
515,bf3148c5-75dd-4f79-8b3b-c5b483065b47,Clay Fire,38.33707,-121.11113,Sacramento,30.389399874074876,10.6503368190372,121.37568478896337,0.2725467362483912,0.0
516,663d291c-7ba8-415d-9cab-58d41a886cfd,Fairview Fire,33.94788,-116.59719,Riverside,3.74416337307732,2.70200518647747,114.12097537258086,1.574284066433633,0.0
517,adf741f6-5416-41c5-af26-01240cc361cf,Elk Fire,35.188,-119.2877,Kern,10.082051652209554,13.580726190995094,95.67155222756533,4.888185110423798,0.0
518,7967c729-4693-47a1-b1bc-1d82825ca8db,Jones Fire,41.38247,-120.53443,Modoc,145.20200680240129,10.760905778036896,44.77204999510136,0.7208837826741287,0.0
519,b0ffe2e4-ae61-4ad9-b1cc-bf31ff254d8d,Vernon Fire,33.82165,-116.96079,Riverside,11.690493184693725,0.6642980680039198,80.03728230392922,3.9778307691555397,0.0
520,14e249f0-f21c-4d2f-bc5f-68d5d177e849,5 Fire,34.29931,-118.37539,Los Angeles,2.715656514153487,0.2754719444065036,38.4299760624214,1.5119473024880123,0.0
521,46c4f0c2-6760-4e42-ac2f-ec25c2486628,Creek Fire ,35.60633,-118.4642,Kern,76.64385321466725,0.5287816247934578,170.66644241152034,2.2661751047995207,0.0
522,80f2c7d1-d28d-43d0-97a3-ff53cc991a8c,Spring Fire ,40.38944,-122.13088,Tehama,12.85478815704935,10.428339847463427,165.24414100147803,0.7824309886625337,0.0
523,b02f2513-9359-45e2-9971-08f7b1f0dc0f,River Fire,40.03392,-120.1064,Lassen,58.653754385665884,38.347232074002136,9.293776526300194,0.5502153853562803,0.0
524,7ea6269d-6ba3-41e1-aff6-b4da1c6611d1,Shirleon Fire ,33.87107,-116.88097,Riverside,5.886103216455216,4.007269587463937,89.12533915910878,3.612606773372882,0.0
525,304c7c4c-140e-40f4-ac9f-36926c07e5fc,Fish Fire,37.86549,-122.2102,Contra Costa,6.41127255873251,0.6497261696062603,34.28333457879993,1.0485462188239232,0.0
526,8bba8daf-8d47-43e7-8593-fdfa2dea5228,Pine Fire,35.564124,-118.796513,Kern,50.93167451627382,16.157499894237965,151.47091171906786,11.151456232580248,0.0
527,549222c5-1be6-4453-896a-caebd19b0bee,Wilbur Fire,39.52499,-121.64897,Butte,47.14021296247245,1.9290950041478994,141.4958964070956,1.620548393502916,0.0
528,f8b61fab-bd14-4e92-960a-d512693ea8e5,Whitepine Fire,41.8721,-122.4571,Siskiyou,8.271368163876817,18.677723686848818,15.093936456578243,0.3798139287426741,0.0
529,6802ed2f-5a5a-4a38-a236-e5a688639b6f,Dinely Fire,36.45809,-118.87676,Tulare,108.96490792254608,18.827432795255348,145.1577921654741,0.012944007235883178,0.0
530,f62bd692-7aae-4e46-8284-239150acced0,26 Fire,37.12759,-120.0193,Madera,73.62399796914241,11.049815272677384,157.36804769511974,0.15574898332339884,0.0
531,2ef06870-3602-4f1a-878d-962f7259ad46,Bodfish Fire,35.59804,-118.47939,Kern,75.00523529215735,0.4101409732395767,169.13566352840297,1.445915105258912,0.0
532,b52a8c70-e431-4fce-abcd-98f892262b2f,Island Fire,32.779139,-114.578415,,6.693304456177518,2.340207041102595,3.528893118514564,0.1266535693045445,0.0
533,b11adfe0-b74d-4321-b1bd-3fc0b8f0929b,Breckenridge Fire,35.37351,-118.84134,Kern,33.930752684525835,2.6593367303173303,130.7849744183775,3.0180783120925097,0.0
534,b9142a59-e3dd-4797-b6ed-c5c847b16f67,Hog Fire,35.80375,-120.52508,Monterey,48.6413032928419,20.83387754151399,58.73250147994695,8.119888054282463,0.0
535,d11a4f65-9523-40d8-989a-6603705e9638,Oakwood Fire,37.0825,-119.8011,Madera,86.5884830657895,9.87994663492724,148.320151788474,1.5925524246923557,0.0
536,a8e4aa40-5e2a-4fd8-a858-d673576cda73,Wild Fire,36.704679,-120.405077,Fresno,19.13033701870147,4.839946612598496,133.78703980526694,1.5655267967900741,0.0
537,7d9de7fd-f95d-4edb-bda6-804b734eedc8,Refuge Fire,38.68347,-122.2654,Napa,26.902212324341374,19.91575526452972,84.47505516269146,19.263427145771995,0.0
538,f32d4562-5032-4645-ac8f-afb3fab4c704,Pleyto Fire,35.902149,-120.983684,Monterey,77.04968340025272,31.79499839113113,40.061824309885445,11.76234591646799,0.0
539,a9d270c5-aacb-4dad-a34e-ab28a7192248,Monterey Fire,36.616986,-120.369347,Fresno,14.221538248538357,14.259562312799481,130.5126704814308,0.08581940298213128,0.0
540,0956bfcb-8915-4163-b4ed-4f3a6ab32895,Tivy Fire,36.8005,-119.35901,Fresno,98.81002163413234,16.138214026599307,145.6144534466378,1.6568097788026195,0.0
541,5d521085-d92f-4664-b17b-732783658daa,Red Fire,37.85137,-120.45268,Tuolumne,72.50600012097175,9.128386141106493,121.98703759013418,3.371739075630311,0.0
542,67ba6e61-b5ca-48f4-8e56-9cedeaeb65ea,Valley Fire,33.584036,-116.972036,Riverside,18.651261964755488,10.370426373533675,61.85817872056831,6.432245190066987,0.0
543,3fc7de4e-3a0f-45e9-be1f-801f88770883,Douglas Fire,33.23281,-117.29509,San Diego,7.82523568581893,0.0,14.468067698961713,0.14510974284668285,570282.6018
544,5f0c7697-7be3-49af-b98c-f5789e3ca6f9,King Fire,35.8556,-118.74542,Tulare,77.02862700162356,26.868994068453652,182.65340196632235,15.496350424073848,0.0
545,338af3e2-098b-4d1b-8f98-6020b212b68f,Reed Fire,33.52584,-116.85226,Riverside,27.16218921475124,18.897977809967408,66.65074672243925,6.046766503157703,0.0
546,1c51deff-5b43-4f54-8acc-a682f830815a,Lucy Fire,35.6871,-120.3187,San Luis Obispo,45.78478992445566,30.273440198396933,64.50954384469068,0.09305488933030409,0.0
547,1dfae538-fd95-4454-865d-3d74e4b56665,Westfall Fire,37.36914,-120.0088,Mariposa,88.12377204952699,27.550009558164028,136.5223843951572,13.765849396071012,0.0
548,380df891-161a-44c7-a244-d7dda9d5fd32,Canyon Fire,33.950382,-116.884446,Riverside,2.8837988521773665,0.7794369473443561,95.24682123786968,0.11669716041452835,0.0
549,57b7776f-bae7-4b14-b94c-65806e002a88,Nuevo Fire,33.79925,-117.11659,Riverside,7.718320716866416,0.5321016030682475,68.56242030899536,0.7864195666469629,0.0
550,a2d42b3a-32a4-4b57-a8c2-91e5d046bbb6,Skyway Fire,39.69717,-121.75417,Butte,38.622834484228285,1.777137599886678,150.253964405562,0.20737125630005618,0.0
551,7cae5704-9ba2-487c-a48b-bb440c95da6e,Shore Fire,35.90092,-120.93371,Monterey,73.11259404073303,33.82263877880174,42.749424811451355,8.163505279954975,0.0
552,c982daaa-a785-4dfc-a366-1950974028af,Lake Fire,34.55607,-118.60703,Los Angeles,4.211400277407778,5.319585640218377,63.03371060671058,2.807954553122407,0.0
553,ffb57bcc-80f7-4299-bfcf-c9be3b66d5ff,Bolla Fire,40.32063,-122.83208,Tehama,46.66886745366119,40.96843248603845,108.66922506640762,4.837235880648822,0.0
554,294c531a-3299-4038-baa8-c2a92d38d10a,Lambs Fire,33.90965,-116.9669,Riverside,1.9471472690882392,0.0,86.81729817817936,0.21600492452067574,423859.59299999994
555,54bad310-3a96-4019-b64d-61d00c559e6c,Smiley Fire,33.98639,-117.21314,Riverside,8.023630622281852,1.690538361672927,78.39246287644222,0.4212738607289102,0.0
556,b3695ebc-e761-4577-8439-6330bed36594,Road Fire,37.02081,-119.95136,Madera,72.41693360454768,5.261905478536421,162.32522815331782,8.36019685804606,0.0
557,1b01181e-fbcb-4dc4-86ec-cfddc864cc34,Highway Fire,35.53456,-118.66733,Kern,57.618212577311105,16.67606878132856,154.12991730957867,13.093127781264283,0.0
558,bfa879b5-b526-4114-9137-51d3ea3ad336,Trellis Fire,33.71025,-117.31924,Riverside,2.5992669643207007,0.09958300343990205,49.0828550275402,0.641619245981665,0.0
559,f173524a-ae01-47f5-942d-5e90c2b96469,Bogus Fire,41.93006,-122.36545,Siskiyou,16.614416699937227,28.641148488603157,8.780169033274518,0.0289497437343139,0.0
560,949e577d-86c2-4def-b25a-c24aa014f4d9,Toll Fire,38.07481,-122.23004,Solano,0.05985810923617893,0.0,44.25071840763645,0.36456803277468935,32794.746
561,b5dd68e2-ec95-47cd-a126-d5f6f0f2b49a,Holcomb Fire,34.2976,-116.826,San Bernardino,38.94277044797075,2.6926972796683133,128.05721176687206,0.15740902066832874,0.0
562,5882937b-ffce-43af-9e0a-00dcddde214a,Evans Fire,39.71101,-120.02325,Sierra,22.09614885824618,22.91075623208845,1.9086191137382533,0.30876642280083505,0.0
563,8740caa0-f86c-4103-b830-0435b9933a2b,Orange Fire,37.82934,-120.68992,Stanislaus,51.85099473687562,9.40905016592255,137.4946692473822,4.675277890336022,0.0
564,d515cbcc-376e-4bc7-adea-189eff5a7735,Quimby Fire,37.33454,-121.76323,Santa Clara,6.871651600135847,0.0,54.74442863332324,2.676279020086595,221900.11229999998
565,981484d0-711c-4a7b-9adc-23c9b29f9fae,Highway Fire,39.364,-121.4143,Butte,48.6335084775213,12.969795033388628,121.23664059751388,2.5942503891339843,0.0
566,1b1ba02e-9db3-4224-9d8d-06d5df529f16,Lone Fire,39.38416,-121.5786,Butte,52.87021899180295,4.897292327382356,135.36328608828694,1.6317869194967538,0.0
567,0ed54526-1296-4863-ae40-613ee456899d,Creek Fire,36.27306,-120.65185,Fresno,29.293305741758676,27.35570825888732,87.54204215084123,24.49378847977556,0.0
568,982c81ca-ebe5-4591-986d-1f3e2e4cc13c,Paskenta Fire,40.10282,-122.27379,Tehama,4.756606647844433,5.10868134445631,143.46600604716963,0.35394974926789413,0.0
569,e1fdc15a-5737-4c69-ab9a-7f43d6b4aab8,King Incident,36.51912,-119.50606,Tulare,71.3044336772437,2.1406947537116006,177.69188553234042,6.1885495439668645,0.0
570,c940ef85-44ce-4684-bce3-7cbbf180cefb,Placerita Fire,34.37443,-118.49343,Los Angeles,4.449365976116443,0.270696866911067,43.31103776873614,0.31135049838518025,0.0
571,49a9074c-c30b-4042-9ffd-1a10f9d9bf1d,Black Fire,33.1683,-116.77342,San Diego,29.526647015009857,11.588412998524921,57.081461686987694,5.860775574377493,0.0
572,ca0c9a5f-7a1a-4903-b790-6eb3e85e7e64,Manzanita Fire,33.530045,-116.594422,Riverside,36.00300314658649,22.4295956087473,87.54717467759325,5.033580660489913,0.0
573,91d07ea9-cf5f-489c-aa4f-97fa6c0fb8a4,King Fire,40.703775,-122.645079,Siskiyou,24.66811140057424,18.38345527965578,133.7361499502202,0.6176304282616143,0.0
574,81b37451-57b5-4050-a54d-e9750f84a567,Hill Fire,35.4025,-120.4992,San Luis Obispo,77.77166140509486,9.043975560137687,37.907524001655155,5.108416533789829,0.0
575,4f0ff7c1-7c96-4f68-87e8-be4466945c2b,Latrobe Fire,38.45822,-120.92162,Sacramento,43.63402446526835,8.568023129698739,100.06244780329263,6.728382569364605,0.0
576,243567d6-2692-4978-88f5-1bbfc7b818a6,Pine Fire,37.9775,-122.65749,Marin,12.587253903402472,3.022837694509151,14.427055263401753,0.19493433287305154,0.0
577,7696644d-0908-4149-8d6e-aa50c1233d67,Sloane Fire,32.7789,-116.8516,San Diego,7.0736971882329485,1.7928175558370654,24.35618831727322,0.42833062364479624,0.0
578,a3159a43-d38c-4655-9acf-371bc9a6213b,Mart Fire,34.14575,-117.17813,San Bernardino,9.085941601311088,1.0332015567515942,93.63192965665748,3.769467467357744,0.0
579,2c00a509-af87-418f-b888-edc8ec450f1f,Shore Fire,41.93323,-124.19629,Del Norte,92.2744011939158,8.295713756758074,7.200345492201055,4.567761494717303,0.0
580,5da65d7f-cc75-4c0c-b221-1a1e3000a120,Ranch Fire,37.3344,-121.71752,Santa Clara,10.822869890147967,2.4941339413877204,56.897463637750334,1.0102133391838641,0.0
581,c171dc75-9d35-4c58-b787-032067b16ae7,Alvarado Fire,35.947,-120.87492,Monterey,66.05315911533133,33.434108958830016,49.99310312789568,0.7954932031206167,0.0
582,a0ba8679-406a-491b-a20b-bba55d63bc5b,Battle Fire,41.85763,-121.29581,Modoc,102.99290945737178,73.09674777900898,15.490163623818235,0.5197719953689579,0.0
583,d36387df-af2a-4b20-a94f-589fdccf67cd,Ben Fire,37.3762,-119.9646,Mariposa,91.78564085049469,26.306769438810743,133.40281363347844,14.231780977100758,0.0
584,47e76098-389e-4747-9e89-7ebdc963a485, Cristianitos Fire,33.43513,-117.58252,San Diego,2.7050914935955115,0.08746379472766022,9.989799840545302,0.17871984667534016,0.0
585,4ac3161f-79e7-494f-88e4-72a69ef1d96b,Tarina Fire ,35.38298,-118.80123,Kern,37.34024106889363,2.922198127131603,133.4738333021615,0.6143083223098941,0.0
586,abe2311a-4ce6-4300-9716-4fb3fe538c75,Lockwood Fire,35.96275,-121.08753,Monterey,81.25634646508428,22.32485741179818,35.38420491066481,9.161877039045924,0.0
587,d1ec9e43-04bd-4926-8362-5e04afe39c90,Topanga Fire,34.03941,-118.58624,Los Angeles,9.321291654404726,0.048367866292050296,5.741239321388218,9.385059453356469,0.0
588,6f2f8dc0-b930-435e-a622-d3585dcac067,Stokes Fire,34.10446,-118.70294,Los Angeles,20.37901594933823,2.3826860823640463,13.870207278219452,0.01010192471645243,0.0
589,2b043a7e-234c-43f7-852c-21fcb9ddc200,Oak Fire,40.69554,-122.0122,Shasta,25.987729118721695,25.48345681211877,145.16267367072564,0.4649074056975204,0.0
590,c99fe9af-6d6b-435a-9084-2248905ad251,Brewer Fire,39.08382,-121.06656,Nevada,8.862791788421044,2.173018817518981,91.91374323669905,3.320299567696469,0.0
591,64ef64a3-c8b0-48f1-8fec-9cacf8dfcd34,Lisa Fire,33.913089,-117.096233,Riverside,8.265732359936347,5.192015261053208,79.57569775146195,0.001556411417344401,0.0
592,97d63e17-e546-49ae-add6-e3b5fa71cb4c,Desabla Fire,39.8629,-121.6268,Butte,49.00426054278751,1.7293922693025665,139.15325005345036,0.1308702664404547,0.0
593,3980fbbb-d17b-4deb-83a4-9af2290b5272,Spring Fire,37.4591,-119.921,Mariposa,100.28006400526401,25.942275443090352,123.87621475816348,8.567936898262051,0.0
594,e3e75be1-8dea-4022-975b-34a0f25b57c0,Derrick Fire,36.269125,-120.620791,Fresno,27.29353686805546,24.636684014834366,89.41843739043564,21.672986809483543,0.0
595,b51d7a8d-f768-453e-abb4-665b74998b21,Timber Fire,33.96896,-117.25411,Riverside,4.510424734407222,0.0,74.34394557688913,0.11351554983232563,423859.59299999994
596,d4f1fc5e-b877-41ee-b491-8e92ded4984f,Canyon Fire,33.91806,-116.99321,Riverside,1.4719594725555578,0.6071167049366227,85.98316599789837,0.12991552578123286,0.0
597,2f97537a-1333-4dfc-b7a3-b7bf9400ffdd,Lago Fire,33.87739,-117.16215,Riverside,8.997477795649344,1.929232027010029,72.64654004441387,3.089058691583648,0.0
598,9668cfe5-b636-4147-bce1-da8e8b3fb5c2,Valley Fire,36.85596,-121.30983,San Benito,37.550525149178874,4.792651190564962,65.27357758875412,4.6893991378525905,0.0
599,ed40ce35-7338-4f8b-a5ab-e94af6fa7e55,Silver Fire,34.304722,-117.3125,San Bernardino,12.291049106060814,4.253434250875644,100.93784616347493,0.4543589871084985,0.0
600,36d953e8-265f-4b05-831e-42eb2298b208,Freedom Fire,36.81476,-119.51592,Fresno,88.28976089541784,2.5414570955340894,153.70645814663413,2.3526876712270437,0.0
601,252345dd-886b-4bd2-90b9-161727a2fc2d,Jurupa Fire,33.99316,-117.48405,Riverside,6.039786114418127,0.0,63.522261582732085,0.0014081794885710953,423859.59299999994
602,6ae3d56e-0258-49f5-9e71-5b5abe141479,Lakeland Fire,39.53944,-121.54722,Butte,55.98521953201149,0.9208485668625311,132.7226088322198,0.07492267555310063,0.0
603,f6970f10-0498-4f4c-8e0c-d4b7e4fbf888,Grade Fire,34.20599,-118.98603,Ventura,43.17161286116706,0.05501913799685425,21.537582335307754,2.0813829297554123,0.0
604,1be87788-1bd9-4e97-b92a-63b41fe8abf1,Klamath Fire,41.86609,-122.73031,Siskiyou,13.06847572235368,13.26740443192764,15.305825982998908,15.107376086606964,0.0
605,60770d23-70db-46f1-a19a-a23eaa409125,Eagle Fire,33.85323,-117.48195,Riverside,4.851529462555727,0.643191153323564,50.76099752226997,1.357963633810862,0.0
606,0a664214-c090-4889-8439-06836f89d830,Globe Fire,36.10858,-118.81979,Tulare,92.5843812124086,12.662179363829209,170.61412442226379,1.2056971818308149,0.0
607,b383e4bd-6815-4624-936c-be57715ce50e,Fay Fire,41.3975,-122.8428,Siskiyou,33.27214390173107,35.98722625422825,67.25481470622583,0.11457935071526655,0.0
608,f75027cb-2526-4524-989f-71d0d56353ec,Axel Fire,38.7803,-120.97111,El Dorado,15.878619889653539,6.444759093480406,87.52457793970991,0.12069895970018683,0.0
609,b3a6b47f-105b-4f66-b12a-76c563457a5d,Lake Fire,37.64898,-120.4925,Stanislaus,63.41647009669357,21.63740262127311,141.2466270255634,0.9372894352982225,0.0
610,89f34aa8-eaf3-4d19-8ef0-005102e82831,Auberry Fire,36.95104,-119.65621,Fresno,86.90950354703337,6.393191323606283,150.7163017194106,0.6693087412093592,0.0
611,7d77d3d1-40b5-40ab-8a53-2550f2001094,Gold Fire,38.20176,-120.67848,Calaveras,61.33841729977306,11.996727480839374,105.55768456792262,1.2606911128271177,0.0
612,a7509e35-3083-4306-bcce-ebf6d101b62a,Winters Fire,38.49521,-122.0251,Yolo,6.456432614101796,4.033253516481851,91.26503373965272,2.5005846064749297,0.0
613,ea019efb-52d2-4f08-8d04-20b680e2361b,Quail Fire,35.59904,-119.08312,Kern,35.482408563551985,12.915679546247706,144.80594770523956,2.85633369857673,0.0
614,5a43b164-04d0-46ea-992e-ea5aa283305f,Alamo Fire,35.0179,-120.3223,San Luis Obispo,89.03370063993071,9.276803094309487,33.9536407126565,6.725198796142247,0.0
615,b4eb0b95-1a93-46a5-91f4-5c2b4c7b943c,Antelope Fire,40.6361,-120.9643,Lassen,114.12582534634785,33.71467257526217,81.83449398758358,11.880053177272526,0.0
616,1652d79a-f4fc-4151-a0d1-1b7366730f47,Hawk Fire,35.77896,-118.89627,Kern,61.64602931529896,18.69229033279472,169.41603988753363,1.9489126996035055,0.0
617,c35027fa-3bc5-423f-a32e-e03b134a102e,Salmon-August Complex ,41.841,-123.474,Siskiyou,67.65832168505956,55.43930261248699,17.701392439453365,5.909128157208454,0.0
618,eeef101a-3a50-4407-8e6d-cd80d0d07599,Daulton Fire,37.09773,-120.02027,Madera,71.96753249811638,7.907231886418237,159.90244508944608,0.0031334008032374763,0.0
619,bc89aab5-5f30-46a2-9881-6dbae22893b6,Christmas Fire,33.763304,-117.314994,Riverside,6.581223103273438,2.0482380687295936,53.96637931289713,2.3783269721082516,0.0
620,8816f0da-0818-499a-9ff6-ba4fd56ca7c8,Wall Fire,39.45352,-121.41222,Butte,54.400997327013926,6.255699434205594,121.12060851168172,2.7054835863568822,0.0
621,67c20627-e6cb-4900-9f40-01e8da154a53,Bryant Fire,34.07612,-117.06765,San Bernardino,6.868121082211326,1.4987626612312268,94.98764172059381,0.00972171748706571,0.0
622,effeee13-51d7-4cf2-a62f-93b47b34605a,Tower Fire,35.346,-120.62825,San Luis Obispo,91.03561107315771,2.260410718028854,26.806357256240414,0.08737716283624344,0.0
623,932a3f2f-6c0e-42a6-b357-f333774b4ea8,Banderilla Fire,37.65963,-120.34802,Mariposa,75.42704822058522,31.30279713118734,131.9620397138887,2.770740647763517,0.0
624,248bba19-4fdf-4285-a210-1334454ad80a,Deer Complex,37.87808,-121.78677,Contra Costa,19.174274241463213,4.330535594390905,70.99632092350274,1.8450511436642407,0.0
625,2ec4e814-477b-47e7-a36b-4da26f94e277,North Fire,40.48972,-122.38619,Shasta,4.421685492263875,0.8001448302169327,150.78643672107532,0.1048730450072334,0.0
626,dfd1e0d9-42b5-436a-aa83-ffcbbb7a6145,Whittier Fire,34.55096,-119.9494,Santa Barbara,101.64029002982966,10.661066548655814,17.157376121187653,7.419506058127797,0.0
627,f09f75ff-d9fe-4a25-89d0-75dc98d1fe30,Dode Fire,41.72163,-121.30451,Modoc,95.3957564759836,66.72653478529354,30.553656291787725,0.8021228825633833,0.0
628,51bf0e2a-7f1f-4fe1-aeaa-70510ad42d0e,Orleans Complex,41.59,-123.501,Siskiyou,72.67210340714215,56.58226031681401,45.54415029013534,25.99518944163808,0.0
629,743b2276-742e-4d25-be9b-60364ca880f6,Stone Fire,35.42433,-120.47322,San Luis Obispo,74.49242904461357,11.569705588420389,41.1539228328358,6.563804208220433,0.0
630,2adaf964-e996-4e55-a616-ac42375ee156,Willow Fire,38.02929,-122.25544,Contra Costa,0.04081054916799426,0.0,39.34061924322679,1.4137171906164026,406906.8612
631,5a52750e-30a0-4d26-a75b-58f79e1e24f4,West Fire,39.06308,-121.303,Yuba,25.552082300358613,10.639973352036067,112.40999109034877,1.952088888867372,0.0
632,fd82cbd0-ec25-461c-aef1-4c0c92060348,Rosado Fire,38.67474,-121.06088,El Dorado,18.888310615686336,0.0,98.7447602449983,1.9655368278127359,366096.44789999997
633,a21faf4f-3628-4e24-ac64-8471d9d12560,Parkfield Fire,35.86949,-120.57894,"Monterey, San Luis Obispo",48.118574580019384,24.637610729819283,61.906088771726715,5.442852005925761,0.0
634,de1788c0-2996-40cf-9f76-2920b210d6a9,Benson Fire,40.29118,-122.42606,Tehama,12.47962851327646,11.880938787369303,137.89749751360227,6.68938447457619,0.0
635,6ee351a7-9382-48bc-a161-b417f7560ff9,Garza Fire,35.93273,-120.20014,Kings,18.095433947021018,7.3389536520981355,89.41089846588558,2.5543955691762,0.0
636,79fd7b45-381a-4819-9dc7-f80a98010809,Honcut Fire,39.37192,-121.53865,Butte,56.31079747362032,6.1077156742637495,131.93106709781367,1.9075364252832006,0.0
637,61cc4072-7db6-4fd2-bc9a-652728780c67,Farad Fire,39.439722,-120.027222,Sierra,0.4366581325100977,7.218995987503939,2.0008512085589985,0.38717727596954227,0.0
638,9a1a4247-479d-46ff-99cc-4251c5e333fa,Felipe Fire,37.25014,-121.68562,Santa Clara,17.482995362881077,3.6391038895016736,51.29664359042956,3.957278453669911,0.0
639,1be14ce2-5e9c-4cc2-89bf-f36cb1d1ccbd,Rebie Fire,39.50475,-121.33785,Butte,53.86444827871349,10.330747855657838,114.77891308550183,2.2779576999116045,0.0
640,a26038b9-df04-4ade-b918-0c4fb9a8dbcf,Mesa Fire,34.72379,-120.13249,Santa Barbara,100.52131650861794,6.228197330649603,33.42091986048285,3.4432713954220513,0.0
641,1348f32a-510f-4ad3-971f-b75b9cf9f0c0,Bridge Fire,34.09773,-117.10567,San Bernardino,7.157108335272026,1.4066400604377305,94.13937025995358,0.07153379800281764,0.0
642,04b54dc3-10a2-4fdf-bfa6-60a1fe2b0f7d,Jennings Fire,32.84796,-116.85396,San Diego,0.6030811541864874,0.16530592507190278,31.99172791302484,0.4946408156569077,0.0
643,f7b03fae-de58-4674-9f4f-d3e9d2762d84,Long Valley Fire,40.07045,-120.14013,Lassen,63.19446714244256,38.99758964974358,12.181678830684307,1.3211583516207979,0.0
644,580ce9d9-b8dc-4dc1-9f10-11bf48df9492,Lariat Fire,37.39801,-121.8179,Santa Clara,4.021165935413476,0.10792812444409035,57.64852787196668,3.0372158298419922,0.0
645,6f9581fa-7c8a-45d1-988d-0a299fc15d62,Quail Fire,38.18303,-120.85322,Calaveras,47.08125740495867,0.9523472323656693,117.13345639382725,0.6464736949918858,0.0
646,bfa2d3e8-2ede-423f-b7db-f8e6f44a3c82,Washington Fire,33.62613,-117.07975,Riverside,8.477587870984333,0.363988346102184,57.03267060035007,5.294441264033174,0.0
647,826b4661-020b-425d-84ec-9426c39839e7,Hidden Fire,34.149,-117.189,San Bernardino,9.239095334879478,0.03988338942720474,93.2810162409366,3.934214203789009,0.0
648,bf2e0a34-e600-4e21-9135-168e28c2893d,Spaletta Fire,38.08055,-122.77846,Marin,26.433469689130902,13.54381936343161,15.310612183619234,3.2877830598151725,0.0
649,e6626b0a-428c-442f-9ec5-591effef172d,Navajo Fire,33.77896,-117.24091,Riverside,1.8442064220097265,0.0,59.57383136795472,0.3015222405810046,423859.59299999994
650,13dedbc3-8b85-4f64-b3db-89ed81ed4f1d,Reservation Fire,36.66684,-121.74826,Monterey,73.43956587220073,0.3809312292007961,22.67371068980935,0.07373236781278686,0.0
651,95cd2f17-1278-4cc9-90f4-000e4eba415a,Grade Fire,39.30125,-123.28825,Mendocino,94.23148816107337,5.174529724566289,48.33960670494796,0.1887582022810158,0.0
652,9feb25c4-d3ae-4f78-9fc9-a1ad2b308e42,Detwiler Fire,37.61757,-120.21321,Mariposa,84.91361286199819,33.88591125936088,127.70903244317122,3.1190753312003006,0.0
653,7f742021-ea49-4de5-89a2-f5b9d05d6bbb,Range Fire,39.13207,-123.10227,Mendocino,80.03096667076119,3.591807036370744,57.9030993465928,3.9021817954742044,0.0
654,f44aec62-5d1d-422f-9ff9-dbef80e4e27f,Park Fire,35.95911,-120.55579,Fresno,40.48988184097195,24.224494864099597,71.48061810428543,4.892466677361438,0.0
655,0726d9f7-2baa-4652-b1d6-cbab45783f64,Sand Fire,39.01224,-122.20127,Colusa,11.114894663626373,11.035546389383306,108.69996450238028,3.61144484407009,0.0
656,2f9f1bf9-6188-46a2-b91f-f212cdd21528,Maria Fire,38.29113,-120.62177,Calaveras,69.12404019491301,11.940254144830355,94.8150519554626,5.218496276339374,0.0
657,f568b94d-f388-4231-8aac-ac2572ca872d,Centerville Fire,41.45589,-120.56933,Modoc,143.3027366302579,2.906307378553872,47.658631959721696,0.17135662217767503,0.0
658,1ba1f29a-5281-4f53-857d-106ae5e7db84,Murphy Fire,38.86056,-122.62382,Lake,51.398283674264256,5.11630457367875,69.66530346928363,2.4936251704474013,0.0
659,80844950-65c8-44ec-b63a-7e51412fea0c,Fox Fire,36.18815,-118.78928,Tulare,99.45232703841678,20.473879047776162,162.1743846136131,5.473428978028374,0.0
660,2f2a4afd-06f1-4b57-b3f2-db8e3d9ac05c,I-5 Fire,36.05187,-120.05404,Kings,0.33776748861374434,7.548569502117093,108.04859191635776,0.6975046139597324,0.0
661,82689e99-9158-4403-b8c5-bababc3c81f6,Sway Fire,40.39799,-123.57562,Humboldt,104.74352737568427,44.17851307554301,61.64010104180146,8.368936598233987,0.0
662,27759042-9df3-4d57-951e-f5727bcf013f,Hudson Fire,34.94373,-119.44751,Kern,38.974525650855355,19.837586535560714,65.69470939559847,9.931262006063806,0.0
663,3c61a039-cf71-40da-89e9-bcc5a62e2c1a,Laverne Fire,40.47106,-122.43608,Shasta,9.1317446214489,5.055297860483577,146.0879024199236,0.8787103777868424,0.0
664,244961af-65d5-472b-972f-e02df96e9ccb,Ellis Fire,33.75526,-117.25075,Riverside,4.4690833285111085,0.0,56.97422125165027,1.9862301137112,423859.59299999994
665,7a317400-8838-4fd4-8c2f-b8c12add5d6a,Hogback Fire,36.64404,-118.99944,Tulare,113.19191659279505,24.461309564677826,137.1586414502544,7.601580791386268,0.0
666,47c9e99d-ad11-497f-8238-cfd815423262,Creek Fire,39.75425,-122.17657,Glenn,2.457859456047564,0.0,144.01136319761133,0.6363468239910048,4548.2229
667,eff9d678-293f-43aa-96af-c5cf3203b31f,Roadrunner Fire,36.0226,-118.94252,Tulare,78.21198380943964,3.0444474549746166,185.09346528348678,2.0710435132748106,0.0
668,5948001c-9c7b-4722-9fa4-9f0323886bc0,Clear Complex (merged into Eclipse Complex),41.702,-123.508,Siskiyou,72.08997662043075,53.487869270045366,33.12348565800208,15.944288880431587,0.0
669,1f8c73d1-2cb8-4e98-bd44-d6dccd601c7e,Twist Fire,37.90014,-120.36005,Tuolumne,80.63650095550553,4.996657797071101,112.53066495791226,6.0726706773389845,0.0
670,ce6fb2ba-9799-4b36-a64f-8bf02392d6ee,Gorman Fire,34.792882,-118.851943,Los Angeles,0.22188189142592096,4.064151588483868,75.97366993988634,1.858573047380229,0.0
671,ee20b421-06cd-40d2-a22c-0f9e8ddeee71,Placentia Fire,33.81976,-117.18552,Riverside,4.722027328185017,0.5208562658154796,66.33752317774547,1.2065871956755951,0.0
672,1eef0c21-122b-4522-80d1-edf08c82c777,Willms Fire,37.81827,-120.65764,Stanislaus,54.799352773751814,11.360101581781702,136.54202560905912,3.833894908504569,0.0
673,510c877d-b80b-423f-b7e0-4276ce646f4a,Humboldt Fire,39.76243,-121.74121,Butte,39.49677986283686,1.4055501675045563,149.01869602927084,1.4614994924520885,0.0
674,a95302d3-8574-4900-9d2a-daa33c55b70e,Minerva Fire,39.9034,-120.9761,Plumas,71.79193902292336,3.9751024455775985,83.5011985222645,4.223726136797301,0.0
675,51e42770-97b4-4204-af57-8ab56992eb71,Jacksonville Fire,37.905545,-120.408135,Tuolumne,76.43899097342202,3.5285420926518287,114.8693904795363,3.2063638689847336,0.0
676,7dd19215-986b-4365-a40d-2267b4a05de0,Zenon Fire,35.06472,-120.5634,San Luis Obispo,102.7591355324323,0.8016559850169325,11.425174147012966,1.5675184017713009,0.0
677,d9f83833-30c4-448d-b2ca-c5a63791b83d,Grizzly Fire,39.36902,-120.97586,Nevada,23.18568927279358,10.609452543733495,83.48510665809421,5.307384048600764,0.0
678,2fd950a8-fadb-467c-ab59-88e7ea007738,Ranch Fire,38.559707,-120.70013,El Dorado,49.83176353638116,15.728201671181578,77.91982455270879,12.881582346533426,0.0
679,0d93e84b-8460-4d5d-946c-630ade76747d,Elephant Fire,36.22265,-119.06598,Tulare,80.1043417233832,0.11019612232104853,175.92355368196212,1.470146709536835,0.0
680,8cf9e7dc-74b9-4b97-9a03-f523f3eff56f,Latrobe Fire,38.5181,-121.104,Sacramento,27.2463651968748,1.0833815716755713,109.68883640813064,2.2532515408868856,0.0
681,7b95ce91-9581-4fe6-887d-ab1bf6420205,Weller Fire,37.44485,-121.84108,Santa Clara,4.2879923444162396,2.077270662782928,56.33243552620122,1.7732211362379666,0.0
682,be5275b7-1472-4423-a9c8-0f2491179150,Marble Fire,41.478,-123.506,Del Norte,76.1958357738294,61.1706064912633,52.7117475119258,37.78814966816195,0.0
683,84c8a735-9e8f-4310-84ab-39079ad1ea14,Dollar Fire,34.20152,-117.14466,San Bernardino,15.8185757943136,0.2917477390613989,100.38479082110244,2.8615003441443707,0.0
684,918e4e6c-7814-42ed-9cd5-aa11d29367da,Lost Fire,33.34659,-116.66107,San Diego,45.580469285835804,33.93390486882813,73.16239792585469,11.092379085906055,0.0
685,a441e39a-1be1-4be5-8c07-b32bc6f07df0,Seine Fire,34.139,-117.199,San Bernardino,8.035133798820176,0.0,91.8386349184698,2.8407970824223963,423859.59299999994
686,855e28e2-753b-4c36-bf39-27ace518776d,Woodland Fire,38.69775,-120.73757,El Dorado,36.87915747050742,2.4337364510318924,72.13683049733899,5.282256203256093,0.0
687,907cd7cd-cc26-4529-a9f8-cee1e1560086,Olive Fire,35.7751,-120.23656,San Luis Obispo,33.81275602672507,23.188460431691414,76.03780343642607,5.552769341527536,0.0
688,ebcee501-5709-4382-8eab-d8595ba6606d,Spenceville Fire,39.06522,-121.3519,Yuba,28.4282679615947,7.293259981918144,116.62813289096816,0.010446760344887939,0.0
689,e8ebb6f2-16f5-4342-bce1-d36ff9c9422c,Castro Fire,36.96607,-121.55552,Santa Clara,49.00593159171554,0.2637823483418026,46.69431337091153,1.0878804300025227,0.0
690,1d8a8aaf-f294-46e1-8224-6ea3e8c39634,High Fire,34.41204,-117.03031,San Bernardino,28.512683177302563,11.394173589204307,125.37360075181503,0.5547662975546178,0.0
691,a3bd6249-555a-4ee1-99c0-69333d71bdfb,Live Fire,40.1583,-122.3209,Tehama,8.18483775688348,3.0807229280232296,141.29737456031134,3.0833742412118754,0.0
692,77ab4672-c61f-488f-a165-acb40eeac713,Greenhorn Fire,39.16826,-120.95498,Nevada,4.027478440901668,3.1285439993782638,82.06079840825626,0.5801497877338306,0.0
693,09f55a45-f261-492f-b496-8744d878ef57,Falls Fire,37.65986,-120.31157,Tuolumne,78.38816617571987,31.798092926277345,129.90085627234697,5.813414502490396,0.0
694,00a13d84-415e-4106-aa31-2e664ed9eabf,Sky Fire,40.69259,-122.17384,Shasta,12.9803795244664,11.81631073456741,145.7984720185712,9.29862497194986,0.0
695,e9862c12-da9f-4205-9993-91a3b1437de4,Hill Fire,41.9808,-121.9741,Siskiyou,49.510946170373714,59.3422814880819,2.542018892752022,2.4000066397775854,0.0
696,fd0a69a3-91d5-422b-bab4-dc6a4b0de134,Largo Fire,38.538332,-121.039267,El Dorado,30.057277897750225,3.6247567226168793,103.67878006944711,7.095887204295274,0.0
697,0f4499f5-846c-4791-994e-81df04fe691a,Garden Fire,35.543,-118.654,Kern,59.14350654277496,15.212506127394366,155.5522641028781,12.625396290119586,0.0
698,75fb489f-1e3e-4929-a6fb-a288416b96e0,Independence Fire,38.70289,-122.90217,Sonoma,80.9207508953455,0.05545202529883727,40.09265543148351,0.40036905951948565,0.0
699,32a79e9b-8ce3-477e-b698-2eb16ef66aac,Mile Fire,34.19076,-117.26969,San Bernardino,6.452273284572238,1.0933527805191632,92.6133281944291,3.2858391217518155,0.0
700,3dcf54bc-89f5-41b3-b797-5dcdf0e629e8,Rose Fire,33.689092,-117.396404,Riverside,4.075361274479716,0.0,42.8018348005813,1.2254317970306754,125672.81489999998
701,5367822f-b489-4da5-b90e-c5b2c8abf318,Sandy Fire,40.79902,-123.39253,Trinity,82.14901574062418,53.23181725021446,69.94414882671474,10.330074358485426,0.0
702,47dd7f12-4141-473e-b2c1-2e625df3b784,Camatta Fire,35.4403,-120.2913,San Luis Obispo,59.509540370631036,28.102288711032273,52.42993131354441,6.819004566640928,0.0
703,a1554868-0f98-41d4-9132-1f0bbf10b22c,Red Fire,35.40357,-120.28037,San Luis Obispo,60.797016430370235,28.84358769799545,50.29632206249041,2.716965593793905,0.0
704,42f93f6b-0ada-4267-8e6e-4674055ed9c8,Warner Mountain Lightning,41.338,-120.304,Modoc,164.10068184081712,24.957665911361847,25.488908425597636,14.744574107024052,0.0
705,dd6c5dfb-e5f5-4c1b-ab7f-aa9f3a4f60fc,Saw Fire,40.11794,-123.76099,Humboldt,127.57001440638653,47.37436216813838,31.287436031024985,0.15136792173378877,0.0
706,093bdb67-4c14-402d-a034-3714b7125c49,Bryant Fire,34.08492,-117.03826,San Bernardino,8.65862704620601,0.8355450973644586,97.64639000312133,0.36775653366031963,0.0
707,9705ad0d-5bf1-4221-a7c3-3af6d99be3d0,Rincon Fire,34.23925,-117.85182,Los Angeles,13.213239618132382,8.419175403636688,65.24645141469873,10.223673444690911,0.0
708,e1582691-805c-4627-b20b-e5e8ba110f20,Blocksburg Fire,40.27582,-123.64281,Humboldt,113.42281378128435,43.22360665732395,49.35223733496858,4.808638038938943,0.0
709,21714c67-dc5a-4d86-8794-79d85f87b71b,Bottle Fire,38.94599,-122.81135,Lake,61.757346977097725,0.4423259856222612,66.31640752477865,0.7878010504526807,0.0
710,58d62aeb-29f5-45f5-93ac-a657b0708149,Stewart Fire,34.009026,-117.239099,Riverside,6.374592520110837,2.617054507577898,78.5080644160182,0.5542764230906179,0.0
711,e4834d78-fd4a-44b4-8669-52cbdc41113d,Calgary Fire,35.70639,-118.47307,Kern,83.42102750904093,7.383396011901746,179.5673802282396,0.6432399931729057,0.0
712,d3213d2a-4b10-4eef-b8df-bdebc5cd948f,Chilcoot Fire,39.75371,-120.1397,Plumas,29.664425279592518,27.753099325961124,11.868429574670854,4.7317002643991,0.0
713,93fe220b-0458-4e26-827c-93883093681e,W-2 Fire,41.11989,-120.74968,Lassen,127.4099773372482,43.125984503717106,63.003718121627934,17.289845004652307,0.0
714,06664fe1-c56c-4a00-833c-f9f3f6d6d18f,Poslin Fire,39.888,-120.066,Lassen,42.09147206567211,34.13756828963856,5.716777639547459,1.9301454387814148,0.0
715,ab009bd1-6784-4fda-a931-532520742a8b,Reed Fire,33.57139,-116.8247,Riverside,31.007599984281747,17.1635468270471,71.70364680107214,6.741726880275302,0.0
716,e65c3e0b-08d9-43cf-b1ac-8e57d5f407fc,Country Fire,35.86596,-120.64584,Monterey,53.18640944350461,22.65535269138035,58.64765274856339,0.5965978452305439,0.0
717,9eb07177-e62a-4f5a-adeb-e95508e31959,Ruth Complex,40.17598,-123.36882,Trinity,93.57697669331213,69.01069663786451,62.05081743411539,15.010097083304741,0.0
718,09e74687-85e7-488f-a5c8-8a11f75ab7d8,Rose Fire,34.92907,-118.9267,Kern,0.18813893903065118,11.404977662937181,84.9305297579022,0.05239663709052192,0.0
719,a8ab00de-6074-45a0-9e3d-f43b090e8346,Tilton Fire,37.14653,-121.68165,Santa Clara,26.195498567824362,0.4778426618068527,43.81626070267673,0.022325592160133564,0.0
720,a43d0b54-a91e-40ba-b121-2e0f067201b6,Paskenta Fire ,39.87983,-122.5415,Tehama,29.171012425613604,29.155301271730796,114.9231811093237,22.778726492192835,0.0
721,4b885d8c-8951-46c5-a3d1-520cfd0ac964,Canyon Fire,38.49336,-122.2483,Napa,25.79125022595243,13.494612605927008,76.45154397899837,1.5173016168267388,0.0
722,bae69034-3bf6-48c3-a642-d0242cf090f9,Nuevo Fire,33.797216,-117.124538,Riverside,6.965183404392957,0.4546938995204222,67.93138935374283,0.9619557516842527,0.0
723,e6308517-0b7c-4efb-9369-b9aa3fe3ad14,Yankee Fire,35.7908,-120.77485,San Luis Obispo,67.51079680532881,15.639482478512614,44.468844558753176,9.223540059864472,0.0
724,f0dbf1f5-9f21-4d11-a432-d32f7f18c412,Ward Fire,41.99279,-122.9401,Siskiyou,26.951845211333954,35.105940918122506,1.1863447783180363,24.82380711358813,0.0
725,c57ff6c2-e5df-48c5-831c-1dbad73df5ef,Blaine Fire,33.98212,-117.30819,Riverside,2.372554929697985,0.12034245880214543,72.01461735705051,2.387368422338574,0.0
726,8779fe43-665b-4643-a730-6344c44018c7,Coronado Fire,37.62823,-120.30046,Mariposa,78.01552300855941,31.022701150580424,131.8897848163983,4.896032621427655,0.0
727,2995e2b3-f18d-44ec-952f-9f148b8354d9,Empire Fire,37.644,-119.618,Mariposa,133.9990384426798,30.014005310131626,90.89066844994286,19.727222530742242,0.0
728,b02ec4f1-ac5c-4b22-b7fa-5834af16d807,South Fork Fire,37.538,-119.598,Mariposa,128.68082680950803,18.360564204325318,98.51541940024457,24.229133773721177,0.0
729,c3ad74dc-6842-463f-8808-05161a8ba570,Mias Fire,33.95036,-116.88066,Riverside,2.8811734992045874,0.49213048781840896,95.48065048852659,0.06358576490338408,0.0
730,1b49e4e3-7506-4bf4-b86f-fd3ca93fd85b,Corner Fire,40.92602,-121.5935,Shasta,62.28142772562226,2.2331471201799173,119.02466391493536,0.15966907031019578,0.0
731,a1b6ff5e-0533-408c-b02a-3061f60fb263,Hills Fire,33.87679,-117.00258,Riverside,5.955678715235478,4.531955996903449,81.90260014136373,0.9918892291176126,0.0
732,f31a117a-572a-4956-9797-ad08e3933bb7,Beale Fire,39.1234,-121.32957,Yuba,31.451785009277817,12.959283004661275,114.51127417765977,0.26535175832319563,0.0
733,5555d1d7-0bb4-4c66-81b6-e1113987f217,Chetco Fire,42.29896,-123.95405,,53.17876608516932,50.49056945511269,33.57709526396112,36.05377774882963,0.0
734,3becdf3e-b110-41ab-86ce-645e041d296f,Toll Fire,39.9864,-120.89746,Plumas,77.51551278469262,4.031357401763269,76.79810900580138,4.135869046940404,0.0
735,490ae25d-c3d8-4a90-9e75-0ad85e0f629f,Eclipse Complex,41.841,-123.474,Siskiyou,67.65832168505956,55.43930261248699,17.701392439453365,5.909128157208454,0.0
736,345f6faa-9946-418e-8a60-d5cb9efb3af4,Indian Fire,36.257,-118.296,Tulare,137.22591226123959,62.33690234575702,126.73366905690258,23.1914997384074,0.0
737,2f1b8cff-f7d6-4459-866b-7c84bd531dcc,Eclipse Fire,32.65003,-116.42907,San Diego,8.076282106091714,32.556981430257906,6.31135572693088,4.71803150580995,0.0
738,687e2987-2306-477b-bbaf-0d5465eb1e7c,Young Fire,41.853,-123.676,Siskiyou,72.13328151541678,38.62491912626677,15.79863618213654,15.653081631361916,0.0
739,3e005fd9-11a4-4145-a71f-8a4cf9a1341a,Parker 2 Fire,41.466,-120.321,Modoc,164.0181870546792,17.694919310249773,26.884198339886026,10.652461991308567,0.0
740,89b5d4db-ce4e-43b9-8618-f89088d35ee1,Range Fire,37.72543,-121.90516,Alameda,2.6178321833142273,0.38493421728931204,58.942312830721455,1.4110120692667771,0.0
741,83d87ff0-be6c-46fa-ab96-b9845d5d4edc,Juniper Fire,36.099681,-120.443545,Fresno,23.763053644504883,6.58711669207705,89.24034067653483,0.25840069080195555,0.0
742,1f8d9fe1-e644-4f53-88ae-4418cc0b4451,Montezuma Fire,33.20988,-116.46989,San Diego,43.57578507055217,34.9898660368956,68.4066196212086,6.1159888922442605,0.0
743,bfc6b8e4-8021-44ca-8f92-58c724682ba1,Peg Fire,40.80968,-120.48641,Lassen,150.06836984358094,43.23165381574835,41.15706313616934,6.1625546447327535,0.0
744,becd0762-0e22-4c54-a1c5-3ecd3660dd70,Vestal Fire,40.29831,-122.70449,Tehama,36.07474687990599,31.025193838522586,116.83896815282156,8.308310211010747,0.0
745,90473f02-6572-4a9b-9451-1a18a4bee1ed,Flat Fire,36.93332,-119.43376,Fresno,101.86980913683821,17.33811970518685,139.00168634541257,1.2295346130751639,0.0
746,399dba2c-02c1-4756-a76d-1198d0e838ed,Mines Fire,37.56181,-121.56425,Alameda,15.465625211034025,16.306593777702282,83.15231870416903,3.227002340044787,0.0
747,d83bfb8a-f1e6-4213-b514-89fc16d2eb72,Bodega Fire,38.26294,-122.71998,Sonoma,37.667229460473216,0.459272809079708,28.6913412653287,3.600066779925652,0.0
748,78754c68-2800-4c5d-aff0-ab0b399ab5ce,Canyon Fire,33.6444,-117.3968,Riverside,7.562173137902936,1.2981064134033264,38.903804538398646,6.0483829291005184,0.0
749,386b7562-fe70-490b-a92c-a3c21eece0c2,Hill Fire,36.7279,-119.28241,Fresno,100.5233509023504,10.266181240193742,147.07888182914323,5.014388299179093,0.0
750,18a2b3d6-d86e-4147-ab42-d45b8792e98a,Translator Fire,41.02705,-123.63721,Humboldt,100.94193137627529,34.26335134903086,45.99974400910147,1.1598067207529716,0.0
751,f3c1f59e-b0d5-4c14-976f-ae6c583b2224,Sandra Fire,38.34421,-120.72274,Amador,61.88341154191838,2.340955278311669,96.12715771991144,0.09861073930413214,0.0
752,c8ebf0c1-e560-4e22-a946-129af8699dfb,Pier Fire,36.15356,-118.74103,Tulare,101.22306047125488,21.309875959574047,162.1653726543671,4.693777134370259,0.0
753,f8cd3b44-ec6b-4338-9edc-ebd879a8aafc,Bradley Fire,41.222,-122.27499,Siskiyou,0.025436765881200897,6.691503331790408,87.1423960150123,0.020350625329739764,0.0
754,7c9253af-4c43-41bb-b1de-44af15e0d83e,Ponderosa Fire,39.57701,-121.30209,Butte,58.39492213532445,14.26326214500927,111.65314255543866,0.37277489097998223,0.0
755,9989e07d-5125-472d-9601-0d7158b13073,Railroad Fire,37.44663,-119.64622,Madera,119.6553263477353,8.319046819768538,108.9134689371913,13.898292304487315,0.0
756,b77ff66d-d8ee-49c9-bd0f-92a4350a095a,Mud Fire,40.43962,-120.22215,Lassen,104.76108875551172,31.19358995132636,19.219607910631343,3.788295523682974,0.0
757,62b8a6af-700a-4c93-85d5-a9b85a30faf5,Owens Fire,41.99483,-121.90077,Siskiyou,55.79097906290912,65.54121998864852,0.9508780781668807,0.547136286871376,0.0
758,71ea2924-bc37-44f4-b454-47eff22e426c,Slinkard Fire,38.655,-119.55425,Mono,59.97834619204127,44.056868898718335,3.050901693539031,40.90564662769585,0.0
759,5e01dba8-3d59-41a6-ba60-d78d874eba42,4-4 Fire,41.4844,-120.36659,Modoc,160.54235574012816,13.702362888830265,30.693983257734786,8.668105815795556,0.0
760,f571f91e-bc07-450c-8822-3ecc61a27863,Pleasant Fire,39.34292,-121.12004,Nevada,28.096410251965,9.837966397379663,95.92407354136994,1.9173991919933435,0.0
761,182f71e9-0f85-4cb0-8711-ee14c0b6b8f8,4-10 Fire,41.64469,-120.31814,Modoc,168.11584209450746,23.92714998377269,26.634633486436496,6.232577964695041,0.0
762,4adae6c4-71c9-46d1-9743-e04f186b2c3e,Coalinga Fire,36.36113,-120.32685,Fresno,0.022527397111544133,20.274683243990488,116.70247162141577,0.6773822467716467,0.0
763,62a6c794-97db-4b57-9033-958bcf2e5a99,Miller Fire,40.03697,-123.64214,Humboldt,119.41956304413678,60.67597308750879,34.11538328283571,0.1323455687536727,0.0
764,220a986e-6d2c-4893-9473-232d1e1abf0c,Helena - Fork Fire,40.76025,-123.10003,Trinity,59.509986534622854,56.699086006944974,94.92242492847735,0.7413364114202686,0.0
765,1e9d7aca-8862-4dff-a8af-5f687afdfda0,Castaic Fire,34.52055,-118.62882,Los Angeles,0.788840619046164,1.0461025328104245,59.16702108133491,0.2837998278693502,0.0
766,10a447c8-708f-44a3-8679-251500c761d6,Border Fire,32.6001,-116.76997,San Diego,25.02548807580559,13.259571465133734,3.906898157226661,0.6160322783132516,0.0
767,68328f20-5aed-404d-8c29-81b4b69e8439,Summit Complex,38.329,-119.782,Stanislaus,94.07039522374319,45.52103980647632,43.357197656763084,23.845692245611108,0.0
768,99a7ed51-e64a-4aa9-b8ba-6a9ae4752db0,Ellie Fire,33.73547,-117.33364,Riverside,3.3003551110833773,2.204116501674605,50.50303857422488,0.6674395418618858,0.0
769,7f33fd28-9a93-438b-84ca-0e57e7c441f4,Creek Fire,38.12,-119.941,Stanislaus,118.52201673532812,21.611480640594785,69.91987199269066,11.722428709437935,0.0
770,406e30d2-2ac0-4c0b-998c-761adde20177,Hopper Fire,40.71923,-122.02525,Shasta,24.502416193081952,24.52867419701135,142.54714969237318,0.14532630041114739,0.0
771,340e471a-a37e-47dd-90da-6c9f35b7eb3b,Caldwell Fire,35.76,-118.406,Kern,91.89825577031215,14.411875117388476,174.23694786878573,1.2751138830022877,0.0
772,c2bf9820-7e90-43c4-bd3d-1b26ef7ada51,La Tuna Fire ,34.22957,-118.2674,Los Angeles,0.19267787378791207,0.13354108428039854,37.89078261579489,0.13733413081312523,0.0
773,297d6516-ce4f-407d-93f8-9669dc6fd392,Mission Fire,37.21616,-119.48067,Madera,117.47981607802838,14.999552334734416,118.31682546356848,1.4473770042839964,0.0
774,a983c540-b47c-4250-a65d-c5d3d76c9b3b,Parkfield Fire,36.09486,-120.52189,Fresno,30.278787435895236,13.513295979717437,83.58224546932675,3.6934024035522706,0.0
775,cfa04438-152b-4f4b-a712-4343af8c7fcf,Palmer Fire,33.97471,-117.09984,Riverside,4.321463186685412,2.864317887986191,84.70880871916876,0.40341419606001894,0.0
776,17cd878b-0d5d-49ff-b205-7e0203908f4c,Margarita Fire,35.31886,-120.50886,San Luis Obispo,83.39648662724467,10.945726936594605,29.451497482948152,2.7900098521644168,0.0
777,180ea977-b5c2-483d-b9f4-c2f8b8b05ebe,Mule Fire,39.01748,-122.49327,Lake,33.46437882165744,11.624584200858152,89.87620332466227,0.46622255099627613,0.0
778,ba20d998-185c-48ac-8006-15aadf4d3106,Mills File,40.13278,-120.9204,Plumas,93.53182270415361,19.710624379588616,78.6637406384138,10.935923722413612,0.0
779,7b02d757-4f96-4616-99d5-04e4eaa34440,Bally Fire,36.99092,-121.59899,Santa Clara,44.57351219835866,0.19979477415942162,43.39293168178159,4.126333213529392,0.0
780,c7a0a280-17c9-409b-85f9-fdda301b6ede,Peak Fire,37.37397,-119.83556,Mariposa,101.16018075137147,15.117149593974775,126.06856221913645,18.236767854391527,0.0
781,49757269-445f-4525-8698-858d8e0a5398,R-4 Fire,40.69573,-119.93499,Lassen,126.03584452623275,64.72380693558432,5.30571853179913,27.081330796224098,0.0
782,92fc9725-ac49-4632-8bbf-e299483940b8,Cove Fire,35.76343,-121.04445,San Luis Obispo,89.23650413031443,20.451498743259688,24.504764771744593,18.984132243194413,0.0
783,59fae761-fd49-4f06-a2e9-1495c00eb7e9,Bradley Fire,41.222,-122.292,Siskiyou,1.3772390188678643,6.3999267805489355,87.16950289425603,1.244498465473456,0.0
784,5ef75bbf-adba-424a-bef3-a5efed5b5e2c,Sandy Fire,40.804,-123.375,Trinity,80.5886601833816,54.56411016203575,71.24286970334721,10.99556232368787,0.0
785,38c666cb-6545-428f-985d-a2589dfb3700,Table Fire,37.896778,-120.504134,Tuolumne,67.97801732427791,6.102429705647796,121.13499976154213,0.9453204834929052,0.0
786,d0b51e42-5558-47c9-8617-34f6f977ab79,Border 9 Fire,32.59252,-116.61609,San Diego,19.4343887829443,25.920217591330488,1.6793893526462012,0.20415446715018595,0.0
787,e21384c7-8060-4336-9a71-a006330d9939,Rattlesnake Fire,37.73596,-119.78256,Mariposa,125.05124793539619,42.61351916985584,92.72421301508186,9.418067885135335,0.0
788,98bf51ea-bf23-40a3-b95e-4b795baced3e,Linne Fire,35.5956,-120.56068,San Luis Obispo,67.59001303133579,7.307078996783617,40.59337212348653,5.811702833463912,0.0
789,ed4e06ba-6d17-459a-831a-9b15a9bd116e,Pine Fire,36.17297,-120.87609,Monterey,52.10252775336821,21.833048802424045,65.13622437546636,10.051544663299456,0.0
790,47988f74-d4bd-4ddd-814e-22ebc2ca5ccf,Eureka Fire,39.75312,-120.75485,Plumas,49.05474937705605,22.11941877078263,64.5507316359211,10.832244948430523,0.0
791,e1a5b757-2bc1-440f-b3d1-06cd41171775,Shaver Fire,37.10067,-119.32109,Fresno,120.79992091856793,34.10538484349262,118.4697001913965,4.1133299850623635,0.0
792,089f95f8-8834-4cc6-87c7-15cb1aeca7b8,Skeleton Fire,39.44543,-122.85194,Lake,55.413356579836545,30.722079487663308,85.23961777208015,25.48813161236683,0.0
793,01202971-a157-41f8-91cc-cf7c3b8f9473,Soda Fire,40.07613,-121.56858,Butte,54.97373861627653,24.374021680513753,133.9661409694028,20.983493117271507,0.0
794,d43c681d-b57e-47e6-a6ad-e3ed08de9ff7,Miller Complex,42.039,-123.218,Siskiyou,41.43193138517124,56.09309938599369,3.8198815730198192,19.220670422051573,0.0
795,81b26bc7-7d65-4591-9d27-4e698cab4f12,Skeggs Fire,37.41591,-122.3001,San Mateo,4.13069828522615,1.6459098965496295,16.445880371464682,0.14202761907878128,0.0
796,4a015862-8ac1-4c91-aa4c-c9831630b75a,Berry Fire,40.98352,-121.81623,Shasta,44.480466706581645,16.223754769574832,112.99383029965479,2.7937351562131605,0.0
797,59d6fc84-0d58-4e29-b910-1993dba51b3a,Hole Fire,41.98128,-124.01168,Del Norte,77.47379295596296,16.833270960786564,1.6526481148110417,12.310833887627872,0.0
798,ea832344-b0c6-4443-b5f0-457c462d911c,Pacific Fire,39.44257,-121.60683,Butte,50.43406041377775,3.3621109337617785,137.84464357876763,3.481377512688452,0.0
799,ab08cb64-67c4-4e7d-8081-b5574131f755,Slides Fire,39.42604,-123.03344,Lake,71.17085429336667,21.26369265663894,70.21341940058247,10.784413164153353,0.0
800,7cc06465-bf2a-4df2-a68d-5f330e1cea42,Buck Fire,40.2275,-123.03583,Trinity,64.73795045873565,60.26653529511101,88.49554919909413,16.144472168870962,0.0
801,f7a51800-b219-428c-aef0-ee5fa5de4d64,French Fire,38.5758,-120.915,El Dorado,35.667075734836324,6.7788360282789055,92.24320251347976,5.76423066336222,0.0
802,32d7eab5-d948-4be0-af69-b233e311d2b9,Eastman Fire,37.14624,-120.015509,Madera,74.9058103377252,13.132431721377264,155.59728018561574,2.230045191833508,0.0
803,efa1dc61-85e3-4fb6-b6f6-04c3845d9ca6,Grape Fire,39.02482,-123.1362,Mendocino,85.08970149201944,9.74457907337279,50.14863537365648,1.906706367417074,0.0
804,19ada70e-4932-449c-8483-d65685995487,Corral Fire,37.63358,-121.49925,Alameda,5.648139659385191,6.544387511033644,91.08032144812532,0.9665948461053767,0.0
805,a8567989-a0c5-4c31-9012-82f99d76129f,Murphy Fire,36.24653,-120.31598,Fresno,6.136650954792285,8.136974640385962,108.60740666224295,0.8741569156130173,0.0
806,e7cb239e-7d9e-440d-ba5a-c6881406ce95,Power Fire,36.94652,-120.90462,Madera,2.8072424306586905,11.424914970613667,102.6635431407306,0.6559353981390519,0.0
807,c64e288e-d258-45e0-8357-b7a7289c0b92,Huasna Fire,35.12269,-120.39387,San Luis Obispo,86.55952499912985,10.904840464666599,27.066960462249362,4.503218781096563,0.0
808,04b4caff-a62d-465b-b9a7-81986f91c0c3,Dexter Fire,37.76888,-120.15846,Mariposa,95.68360190242083,24.652262984778197,111.89379197690906,6.270860622241301,0.0
809,cf38fe5e-29ca-498d-bc9c-d3f2fd8ff883,32 Fire,39.8255,-121.7127,Butte,41.67058081755367,7.422858112334629,146.53222730827335,5.982105797031976,0.0
810,c9009967-c0c1-47d3-b2eb-47b2d7a5da0e,Estate Fire,38.4446,-122.0041,Solano,5.360720455736509,3.540979171499469,87.90307683774857,1.1897931647512332,0.0
811,ab42234a-7930-4636-8af5-3fc11ca8b34d,Jasper Fire,39.03168,-121.40947,Yuba,29.704950079037065,1.354529675753504,121.71991369692003,1.0599397875344447,0.0
812,c4f61042-d1ef-4d00-956d-785368ee34ca,Edwards Fire,37.77982,-122.169,Alameda,0.1058836347794383,0.0,36.318949173366164,3.8419816307143653,406906.8612
813,cb3599f6-751d-4072-8db1-6e366ac603c9,Poly Fire,35.3024,-120.65279,San Luis Obispo,95.48021352700077,0.280305029350136,21.987339921009376,0.5076641924328107,0.0
814,0176a674-c102-4854-92af-7d09aa3e1430,Canyon Fire,33.8668,-117.68598,Orange,12.172146127557973,0.6136393828840491,41.833824902733454,1.1287885784349552,0.0
815,f2e55878-e387-412b-a067-dadc649bed43,Lion Fire,36.27138,-118.48555,Tulare,127.059826060104,47.71187655620507,137.06387025884845,31.095884544708802,0.0
816,f839c34f-de3b-4e79-9b4f-e3502557d32b,Rucker Fire,34.67403,-120.4393,Santa Barbara,123.20566138272524,0.12311556703719856,20.790014906335855,0.013543654346046572,0.0
817,62a5257e-a841-4f7a-ae19-52aa89570bd9,Lakewood Fire,35.59302,-118.46734,Kern,75.44621791001974,0.6725609234539989,169.28259197212805,2.6663572855414746,0.0
818,58533f37-ed81-4ac4-89e9-b4088684d9e7,Melba Fire,33.74925,-117.10301,Riverside,7.987263674824407,0.0,65.13310168773971,0.9653901949935155,38327.3037
819,03d74bbd-627c-47af-a2e9-5351e6e16f6a,Timm Fire,38.43658,-121.97233,Solano,2.5896748374994325,0.8089245327351077,88.93938542778608,1.4575280304889622,0.0
820,273d1f78-c432-46c0-8969-26c3f936cc65,Ramblin Fire,37.41231,-119.87465,Mariposa,100.61524634181661,19.866640634573407,125.18877306239794,15.105874380662037,0.0
821,bc12dbf6-db36-4dcf-86d6-84d3beb14cad,36 Fire,40.20077,-122.24731,Tehama,0.3824252970382886,0.0,148.68281133742863,0.33244142476378935,7121.3207999999995
822,2049dbb6-1a87-4d9d-abde-092d35072934,Ridge Fire,39.15016,-122.576,Lake,34.78034251973827,15.63596049691526,96.12946220912431,14.674403950147966,0.0
823,6ab80358-cb3c-4e2a-85da-0cd77003fc12,Jones Fire,40.70627,-122.24199,Shasta,7.122075229492995,6.188183889080855,144.38176963394716,6.4711243414838515,0.0
824,fc87e089-36dc-4314-8321-7d91e7eead21,Fort Fire,38.51937,-123.24713,Sonoma,88.84553894801778,18.16890156180685,6.788599961722598,2.93805588984909,0.0
825,e3ed6829-5211-436a-8e32-ec617c3ebc83,Freeway Fire,40.24789,-122.255,Tehama,0.42071614864235946,3.6423068045216827,149.74975599384953,0.32654747778041165,0.0
826,e2c1718a-40e5-4139-a379-011c77f021bd,Blue Fire,40.88516,-123.96844,Humboldt,128.9894890931778,3.8491603104868504,20.582779286392753,1.0556131915533664,0.0
827,adf929a5-d508-4f69-8845-8fa1df8d4f95,Cherokee Fire,39.62496,-121.52966,Butte,57.85457392882913,10.202483133712157,131.13070528958332,1.1328360746021813,0.0
828,676946dc-1b38-4a09-9bbe-9ce638cfed52,Atlas Fire (Southern LNU Complex),38.39206,-122.24367,"Napa, Solano",20.336008244920738,3.1576981445855927,71.28490893030737,5.356151061806251,0.0
829,82c2aafa-ef04-49f0-a172-0dfa8a15582e,Tubbs Fire (Central LNU Complex),38.60895,-122.62879,"Napa, Sonoma",58.74079521744998,3.1325351504990966,52.738308885249104,3.7723850120778515,0.0
830,be79d28c-767d-4a0d-b168-e86a5842004f,Nuns / Adobe / Norrbom/ Pressley / Partrick Fires / Oakmont (Central LNU Complex),38.4041,-122.5209,"Napa, Sonoma",38.200519549154066,1.87509392793831,50.74191486196038,0.1405478129998289,0.0
831,36d55b1a-a2f4-4f40-b57c-48341bb2ace5,Partrick Fire (Central LNU Complex),38.31802,-122.39052,Napa,23.39519415924197,3.4997600205397057,57.67228077329948,3.8054312980833394,0.0
832,4ca0e06c-4e6e-4e00-a4a4-6813e3200bd5,LaPorte Fire (Wind Complex),39.39455,-121.40613,Butte,49.93280669800527,12.013662796978364,120.52561035784431,0.4103565441877863,0.0
833,608ed849-d1ec-4b0d-a477-d1b8e9c7e6dd,Cascade Fire (Wind Complex),39.32198,-121.4021,Yuba,45.405046495801,16.830727578828057,120.24267559234264,2.9141743961417186,0.0
834,9a2b8ac1-41f4-4f98-a4e1-9b5ddee37251,McCourtney Fire (Wind Complex),39.19325,-121.08406,Nevada,14.475217598024763,1.5057953951580862,93.09958333172371,1.8435372979437408,0.0
835,c229ea5c-2ebd-4f80-892e-fc5da8a1eeea,Redwood Valley Fire (Mendocino Lake Complex),39.24873,-123.16635,Mendocino,84.10332675426551,0.7044891238522406,56.26006191561779,0.5687646680382282,0.0
836,f30518d1-83ef-440c-8058-d4189bfedab7,Point Fire,38.40234,-120.52953,Calaveras,72.78354966241712,19.52036337846445,80.20604165602921,2.1046587332998126,0.0
837,fe6e94d7-7b47-4992-9a52-787e1fad8171,37 Fire,38.14242,-122.47301,Sonoma,20.051034915523037,3.8115790022011815,37.19319659406211,0.23812224006436128,0.0
838,f8ce12e2-e7c1-4922-b584-63e4421d0598,Pozo Fire,35.28738,-120.44448,San Luis Obispo,80.25046551104303,16.358441155720126,30.59181466848897,8.165662266220865,0.0
839,fb042e0f-1aab-4ac4-9d09-947c9b9f14b6,Tank Fire,35.21556,-118.56578,Kern,41.649342393643344,7.588130324516247,129.44342792701016,11.617605216241998,0.0
840,0f32c2db-7d28-4cf6-85b8-44b53899c8eb,Sulphur Fire (Mendocino Lake Complex),39.01387,-122.64543,Lake,45.54002180704129,0.0,80.82652694438963,1.469646737284989,8091.217199999999
841,29c37ab7-3af9-458f-b6d3-72023a8c1046,Lobo Fire (Wind Complex),39.24549,-121.12792,Nevada,20.807924076334707,1.2448311938296348,96.73891453922876,3.7970602752545672,0.0
842,579d5d2a-0e51-4058-92c7-37abd7fe4aad,Honey Fire,39.74679,-121.67261,Butte,45.541582239342816,1.4841208210622254,143.15645939226692,0.49632015365044124,0.0
843,969c721c-5f27-41d4-9a94-ffa12e351204,Canyon 2 Fire,33.87041,-117.70975,Orange,14.199839176084131,0.1014721351908037,40.78486765017811,3.023686232675961,0.0
844,561d4f1b-0827-48a9-8034-e783d2761945,Wildomar Fire,33.60247,-117.34192,Riverside,6.851749544394944,1.7057889200562064,38.61078982446789,5.047485401750203,0.0
845,09425074-8348-4fbc-b95d-4939750f9345,Tehama Fire,40.02261,-121.91425,Tehama,24.990516940390332,14.47610689529998,163.54200193567993,3.4505352015480018,0.0
846,46d1ec10-be8e-474a-b98f-ba7cd3521ccd,Silver Fire,36.7528,-119.2288,Fresno,106.0437571795314,14.638894543547057,141.8311523364964,0.26131293279402584,0.0
847,0de36981-b31f-45c7-befd-1596f982e7db,Pocket Fire (Central LNU Complex),38.76549,-122.90939,Sonoma,78.24561555820728,5.707226968118919,44.99425616599615,2.0439325741317185,0.0
848,b3627eac-9f2f-482a-81a6-681e60b5b24a,Bear Fire,37.18356,-122.07012,Santa Cruz,16.544315520720016,4.592629082488781,25.423550104475606,4.367519645830691,0.0
849,dcd7fb2e-3a4f-427e-9b13-1d2bcb0e8ac6,Wilson Fire,34.22551,-118.05545,Los Angeles,8.493244305927387,4.347546399774966,52.71288332796052,3.680255632254371,0.0
850,eb8b50ba-b6bc-4668-b3f1-dcdbfbe71b17,River Fire,40.46836,-123.51619,Trinity,98.56619003541093,48.61601647943496,70.43652302234464,0.17212024090358682,0.0
851,ec27a3bd-959b-48f3-872e-2c87047dbae2,Quarry Fire,35.19008,-118.76152,Kern,25.891122591338398,4.085191533472854,117.29380238046127,1.4666097772354703,0.0
852,d720af5d-af7c-4052-92b3-fced863cb675,Wilson Fire,33.18716,-116.50897,San Diego,40.554849288623934,30.588276651400715,66.25848205354097,1.8560914106205875,0.0
853,11392e98-1571-4405-8f9c-d347caca28ce,Garden Fire,39.06414,-121.13737,Nevada,13.939322741919089,4.610168930440416,98.09386164520842,2.498143529071748,0.0
854,0e9f14ae-01d5-4fbe-85a0-d0967233dc90,Ice Fire,38.77921,-120.46234,El Dorado,52.22208928126886,8.310223283932663,46.88300826345116,6.6695655036376,0.0
855,61e9a1f4-a263-47a0-93ee-64b52ebd92a9,Portola Fire,33.50488,-117.02132,Riverside,11.38696579806503,3.057241680225373,52.72481705430389,0.11345547405015564,0.0
856,c5783ba0-227e-4ff6-9d7d-61532ccd469b,Meyers Fire,34.21829,-117.40625,San Bernardino,0.39911908137953,0.0,88.12533368490189,2.6786102251429265,423859.59299999994
857,eb87224a-f7da-4432-84ca-03a706ee3bac,Little Mountain Fire,34.16564,-117.33334,San Bernardino,0.06115340371621566,0.0,87.08656926464157,0.19475975427683342,423859.59299999994
858,33bf7f90-edd9-4bf7-a079-561d5dad25c9,Extension Fire,33.8826,-117.00589,Riverside,5.470246085394854,4.149558980379779,82.19806417967413,0.3337923268661943,0.0
859,50bd55cc-7c58-462d-a919-923b4bdcca15,Freeway Fire,34.13534,-117.4982,San Bernardino,0.049672580000228096,0.08934545569595999,75.70943544952232,0.8753050426813205,0.0
860,733028fc-bf0a-4737-878b-78a29c9ee2ee,Rolling Fire,35.3091,-118.701,Kern,38.66550826280851,13.9854872055416,131.29024406651138,9.682307166814503,0.0
861,92a8a466-061b-430a-87f9-3b5192947578,Lynch Fire,35.78616,-120.96514,San Luis Obispo,81.8207317798677,25.359175584219624,31.02834341128199,20.036532650890887,0.0
862,2725461a-6ad1-43fd-8b83-5e219df4d558,Table Fire,38.848,-120.287,El Dorado,53.15235001975902,21.28006584265937,29.956784328487096,8.224963713503412,0.0
863,a7ecc679-7fbc-4370-9a55-8e17bf262a2e,Long Fire,39.0199,-122.57487,Lake,39.79848793157541,5.227051182080278,85.2503818847748,1.6316706548387294,0.0
864,3f481060-1106-4857-8ac3-374a68763922,Oakmont Fire (Central LNU Complex),38.46123,-122.58152,Sonoma,46.424296127280634,1.9413372237100173,49.229728732175246,0.7492207415807449,0.0
865,15b21d31-eadf-47bb-a030-20c531b3077b,Pressley Fire (Central LNU Complex),38.36685,-122.64001,Sonoma,43.948266299959265,2.972513649908351,39.59783020769587,4.136554767038166,0.0
866,c58da6fd-a2e2-4706-9a2e-ee03884c714d,York Fire,36.5858,-121.80377,Monterey,81.5700499690197,1.0741280123229136,18.92267115156121,1.6441847619896002,0.0
867,e8c7f247-bc31-4e5b-bf71-fe903366d9e5,Fallon Fire,37.7393,-121.85663,Alameda,4.2107308655720646,1.0905143699493212,63.326329759990756,0.47584722066677787,0.0
868,081c7307-b328-4b64-869a-dce8718bab11,Buffalo Fire,33.402411,-117.402445,San Diego,11.639372281146622,7.102212156873841,18.185236128278877,3.2150067499797537,0.0
869,6418a3f5-8f76-4b47-9a46-64af91838857,Milton Fire,37.89532,-120.84748,Stanislaus,37.849786577847276,11.872739021192574,141.0204647459501,0.48342315789339757,0.0
870,1e11fa40-e850-45d2-b65e-05aadc9f02f1,Rye Fire,34.45283,-118.58188,Los Angeles,2.0874291668222433,0.0,51.49449320095946,0.46035691908509974,59639.932799999995
871,a245b55b-3eb7-49dd-9a5e-909d53854055,Creek Fire,34.31283,-118.35863,Los Angeles,4.379645194824222,1.4305624355504227,40.460399732675604,1.4478329475262897,0.0
872,d28bc34e-73a8-454d-9e55-dea7bdd40bee,Thomas Fire,34.41521,-119.09124,"Santa Barbara, Ventura",39.7556484897247,3.3110350245209306,29.89700043926811,4.168652308906149,0.0
873,c425ed8d-1aab-44c8-bc03-39675ad2b0d2,Riverdale Fire,33.96514,-117.4764,Riverside,6.679208720761073,0.0,61.226090427273675,0.27741100554974063,423859.59299999994
874,eadd73be-51ab-4078-91cc-04784be3f17f,Roser Fire,39.81517,-122.28165,Tehama,6.985672371326394,6.749501480375026,135.84614703946613,0.592234273741385,0.0
875,23353f29-33d4-4a7b-b78e-66bc761a55c8,Chris Fire,38.46111,-119.48284,Mono,82.40860126836247,61.18846801820986,14.986873070915253,34.862257462256316,0.0
876,d12bbce8-5acb-43ef-a259-4fbaf90d32ff,Loma Fire,33.38613,-117.46709,San Diego,6.335882497006953,1.2261138138579024,12.647331417541281,1.2455246822168615,0.0
877,60d9b4f4-7b48-4820-9adc-5be0b4353a5c,Palm Fire,33.90327,-116.50151,Riverside,1.9734789907379797,1.6023434190281582,117.94415461228385,0.6071850560740013,0.0
878,fc8f89b5-988a-4a23-b9e3-333cc690363e,Vista Fire,34.34949,-119.30918,Ventura,60.724343564190896,0.2653041217160552,12.098923082792135,1.1622120265533744,0.0
879,494792db-3107-4323-b176-fde4c58cd647,Soda Fire,35.41112,-120.00353,San Luis Obispo,38.98173426662367,53.97615268537145,71.36791809314,3.3535421235534018,0.0
880,c265dfe8-6217-4a0d-9ea9-37be3b38baef,Bitterwater Fire,36.38109,-121.00391,San Benito,44.314945225716826,19.32994340924553,69.71107699152068,14.614026081589946,0.0
881,773795d8-5801-4f7c-a2fe-3f8d0ae18f51,Church Fire,32.64962,-116.37345,San Diego,6.263152720642367,37.05280135636707,5.77553256864271,4.550188722036952,0.0
882,666b3951-76ce-4351-abc6-3e0518d44901,Oak Fire,34.035344,-116.940661,San Bernardino,11.279926828813815,3.855373391631569,99.23971517373423,4.772648576410134,0.0
883,fc4fcd00-8eee-43e5-b77f-bbd0c1669744,Lilac Fire,33.3237,-117.163,San Diego,0.4143167810465651,0.30190094342880913,30.143319411598927,2.003350788022057,0.0
884,e1a8e4f1-ba7c-431a-a8c4-069fa3d3d36c,Liberty Fire,33.59257,-117.14979,Riverside,2.3057817152712414,0.0,49.740141407501255,0.5812645083878935,125672.81489999998
885,d3f8db86-9947-4a4e-9113-0d7e4806417f,Longhorn Fire,33.88994,-116.91023,Riverside,3.793687214258186,2.312710749570432,88.72280557679329,1.4234519771658654,0.0
886,2aad53ef-d6c3-43dc-92e6-b2f9881ff161,Skirball Fire,34.09454,-118.48178,Los Angeles,0.48084666900488465,0.0,13.755989017850686,1.4503661316122487,1351187.3420999998
887,64779f92-8353-4187-ae56-2b83eb66d7ca,Drum Fire,34.71796,-120.27077,Santa Barbara,109.36118475790722,11.271119301780647,33.30946037893824,4.156517838443693,0.0
888,2fa6f5ce-1c5b-4147-9f1f-9beb01c499af,Coast Fire,34.605358,-120.414875,Santa Barbara,127.45915079807841,3.6082299460377207,18.552970973037667,3.4216666655811294,0.0
889,e32c7957-8f4f-4ec1-a0f6-98085a2a7e89,Riverbottom Fire,33.9885,-117.38417,Riverside,2.6602656274459338,0.0,68.1887383402746,0.6545066993591339,423859.59299999994
890,d20645f2-81b9-450f-abc1-433b81bd7fea,Holiday Fire,38.869036,-119.61865,El Dorado,35.574528535078784,28.757544990615358,11.044070770577033,24.017039044906245,0.0
891,9d0be6f9-d61b-467d-be68-c8a48c0cf930,Haycamp Fire,35.96689,-121.28185,Monterey,94.40183163475176,24.548970902839415,22.837360904068323,11.45912859013343,0.0
892,3d866877-330a-4a14-b5bd-48675955af64,Pleasant Fire,37.40208,-118.50235,Inyo,199.41454877599335,6.50915360762867,45.04309126339076,1.1411171647680942,0.0
893,f78b2acd-fff2-413a-93d6-8479e138120b,Grant Fire,37.73835,-121.6039,Alameda,0.01743759701673516,5.302544449875681,85.48589985048247,0.9155508954527299,0.0
894,693a86e6-8985-4e70-8ba8-869786ff538b,Patterson Fire,33.62924,-117.05992,Riverside,10.317477000462125,2.1125609213440657,58.61408825921082,5.811223221700899,0.0
895,8b34406c-93b7-4a40-a832-2fc525876e59,Tyler Fire,33.711263,-116.164058,Riverside,0.26086215446311806,0.32113695752277505,121.04721419590061,0.031569747594487836,0.0
896,f87005f7-c31b-4135-989a-ee5611626b3c,Santa Cruz Fire,34.0232,-119.76576,Santa Barbara,115.45112639828213,41.476570247499915,9.49074059964922,42.123308436254874,0.0
897,958c8ac0-6111-4d29-b5ac-8ca0e7a2f484,Rock Fire,40.4635,-121.77419,Shasta,43.34196995763867,41.3065874838857,150.82724498323634,7.838014760417918,0.0
898,9a49cf24-0e41-4817-b0d0-966e7b5c7e77,Meadow Fire,33.86439,-117.48144,Riverside,5.0684099499372754,0.0,51.77325137494142,2.4337986386395225,423859.59299999994
899,81cf4d22-336d-4035-b2c3-5b5a8cf2fcc2,Volcan Fire,33.12213,-116.58759,San Diego,31.967165291930414,20.318442457324664,59.79447371627197,5.031428876335658,0.0
900,e84f2881-743c-4e36-863d-ddb37c2540d3,Shastina Fire,41.65935,-122.48556,Siskiyou,4.3220023430339705,11.95393970093794,38.67372424826713,2.8733205811410114,0.0
901,fb8c9354-384c-45ab-b209-4a0f6d234516,Lago Fire,33.88744,-117.16232,Riverside,9.394916892697152,1.3617687915726653,73.51233154252029,2.910044622090464,0.0
902,508b3f52-3a8e-4572-99a9-73c28bbdfbef,French Fire,39.89075,-120.18499,Plumas,45.1639826072333,24.469929650542962,15.88884231652464,9.053934185514102,0.0
903,1a08a7d9-47b2-42ba-94c1-a2e15415b887,Happy Fire,34.74245,-120.18236,Santa Barbara,101.98273457722942,9.902685891096235,35.59282076270909,2.9351343213778716,0.0
904,f96cf1fb-78d6-4763-a754-23aac25a3b96,Jacques Fire,33.40178,-117.27467,San Diego,9.396560818994123,1.7340262847991315,27.26957168323493,3.2629061946723263,0.0
905,32708961-025a-4bf7-88c1-8cd91bbc3cce,Alpha Fire,33.389425,-117.502405,San Diego,4.509285740726047,0.018490359404079035,10.701653627745776,4.001053783568412,0.0
906,92c441f3-4729-4ba5-890f-fb7693725275,Nees Fire,36.85156,-120.77206,Merced,0.19920267231998467,15.789969427232416,111.90519213557596,0.37102062845089084,0.0
907,57ef80d4-4674-4a3a-9fd6-3f1d792a1953,Tornado Fire,33.504964,-117.148204,Riverside,0.42307431372351767,0.0,43.46766879023101,0.34681861989707435,125672.81489999998
908,08a9481d-8742-4256-a419-2a59196e0a8d,Woodchuck Fire,33.467999,-117.003829,Riverside,12.309119454050162,4.4199898859028,51.51793652818297,4.252005117926987,0.0
909,a339b368-ec58-463e-9a26-9af37c938f49,Moffat Fire,36.71537,-118.08449,Inyo,183.61022344791306,75.71799163879574,76.43071097933152,1.114323291236645,0.0
910,d6753341-5c6f-4530-9c02-25974496ddc8,Grape Fire,40.70258,-123.55012,Humboldt,97.6600996681556,44.56360415763704,60.4379210716405,1.491697102729003,0.0
911,8e840df1-b34b-44fd-8ade-0350a0113a81,Main Fire,33.67815,-117.32281,Riverside,0.10150230917870505,0.029013999581501467,46.13530774215471,0.34529494531527094,0.0
912,0d030a31-8531-4172-88f1-08ac34c3d805,White Fire,35.826333,-118.9821,Tulare,60.41355081466394,11.122015838900488,171.65010934278786,3.2392183754541417,0.0
913,e1ab6577-7ce9-4b19-bb29-68b5bdd699b6,Jelly Fire,40.31759,-122.21032,Tehama,5.947004330263025,9.092033907345227,155.9996790583196,0.01416245440075368,0.0
914,454ed7a0-3e17-47a6-9ff1-7a629471df5c,Ager Fire,41.791859,-122.513883,Siskiyou,5.23410939167611,9.829540133140462,23.965526149703635,0.29037440316967,0.0
915,d77a050b-9928-49bf-92de-1159edddd07c,Plaza Fire,37.056944,-121.01638,Merced,3.238153078966774,12.145915189976815,95.62463888909357,0.0006093000925663515,0.0
916,03b0e3c2-7b65-4a7b-b061-d297ebd267f4,Bellagio Fire,38.16303,-122.23059,Napa,1.6332354501478055,0.0,51.1444447962288,1.2767378658717279,32794.746
917,b9cd9a90-1983-4a0a-aad4-9c286382f158,Agua Fire,33.35505,-117.03134,San Diego,11.861422394756781,10.322776976183416,42.51736232662853,6.028606454575049,0.0
918,f163aa10-1dd9-4fd0-9e5b-fda78ef5bcc6,Experimental Fire,37.0979,-119.75307,Madera,90.80610221131974,13.807430591794272,144.19040393404669,0.08053836001395236,0.0
919,31c47bb9-1913-463e-95e4-86e48fadfda6,Water Fire,35.56922,-120.12441,San Luis Obispo,39.13196497071758,43.92259317078086,73.24070999083338,12.385448615268706,0.0
920,737f9bb2-5a43-4730-94c1-4031bce6d626,Cobble Fire,36.75581,-119.42172,Fresno,91.40628354023752,11.686768208095584,153.04087153816582,0.8654287109718845,0.0
921,7f775329-242f-4211-b564-92f90062c227,Keeler Fire,37.21803,-121.76828,Santa Clara,15.230076234173048,0.0,43.810423085016296,0.003051092792811142,221900.11229999998
922,79dee087-3393-473f-aaa9-5d253cc5e1fa,70th Fire,33.53924,-116.10231,Riverside,17.592689266023672,0.08631092413025061,101.55614011834558,0.7779091876668414,0.0
923,09f22e57-6058-4a87-972a-ece08f4527d4,Chrome Fire,39.65578,-122.58666,Glenn,32.76836354648,31.510674742180715,107.75360511209918,7.433253348500962,0.0
924,e596a67e-177f-4db9-a2d6-dda7da1678fb,Stuhr Fire,37.32744,-121.10903,Stanislaus,0.12345564556789981,6.601225064474668,97.56381726054363,2.9439546548457867,0.0
925,4b641aa9-e8b4-492e-a181-f1bad47c4d6d,Vineyard Fire,35.71859,-120.64028,San Luis Obispo,62.68949724219846,7.127836764602216,44.87921868178745,3.7578610002186825,0.0
926,503cf916-4f56-4be7-8083-730122f686dc,Grant Fire,37.75375,-121.57918,Alameda,1.348282461121431,2.5345089156572578,87.7905128876144,0.06530425899244323,0.0
927,4235f934-ed24-425d-821c-46363dcb16e8,Madison FIre,38.64953,-122.01762,Yolo,5.693924184865171,4.3184505634731005,102.16338885273302,4.810043332285189,0.0
928,3db90629-694f-43d7-b46a-6378f6bc1472,Open Fire,39.46543,-122.65582,Glenn,38.40918940916176,38.01422711950575,101.72387734135049,16.928785959252867,0.0
929,b48e83d3-eb05-47df-a198-185912d8190e,Plymire Fire,40.201826,-122.29388,Tehama,4.00547594695422,2.14678821975091,144.95090938722825,0.6333544882511192,0.0
930,abe0e447-8977-406f-9e13-5514f4e954bc,Glen Fire,37.99113,-121.86473,Contra Costa,16.844560352755984,0.0,67.38035524260447,0.2844243920142547,62708.025299999994
931,105b65f3-7e99-4cd6-8b0a-f78004c041eb,Aliso Fire,33.55132,-117.72044,Orange,4.407699664919114,0.0,11.152694771117215,1.417577871504541,117050.9922
932,c88bdcbd-2592-44d2-b44d-1c5a37593ffb,Jardin Fire,33.45014,-117.22215,Riverside,7.057890207121596,4.31762320993249,34.32685215398711,2.0508177216192145,0.0
933,af8fe898-e4a6-4b9f-86a5-e6fc3226832b,Coldwell Fire,36.10499,-120.55324,Fresno,32.27303478649826,16.117964958902917,82.31465714984003,6.673351093258011,0.0
934,2d27a570-a8b0-4332-a40a-3afb8f2a575c,Black Fire,39.80827,-122.3307,Tehama,11.078405948681882,9.666324972048931,131.59121652392577,4.791755984154473,0.0
935,a0b7fa30-74d0-419f-927b-de29b0d00018,Grande Fire,33.47413,-117.31468,Riverside,14.202983006316142,9.45098269809618,29.579880090361087,4.81241390671716,0.0
936,368fb83d-2660-4d9f-b6ad-0a2ef5de1e52,Ethanac Fire,33.742,-117.28189,Riverside,7.4279900660953935,0.00279900838503397,53.9968269570597,0.12349099104109651,0.0
937,39ace715-e375-4083-a05c-7fb7448e17b9,Fairview Fire,36.83036,-121.36446,San Benito,43.133067807462474,0.0,59.896887628446684,3.5807203762114805,8883.078899999999
938,0fd4a4af-b243-4e88-b983-648d0c127f47,Resort Fire,35.75737,-120.91793,San Luis Obispo,80.08718998453367,22.469645777787967,32.04396071378392,20.990561042626304,0.0
939,a9d772ae-90d9-4f8e-9fe7-342b4266dd52,Martin Fire,41.58233,-122.33769,Siskiyou,12.704863787120326,15.970887977915535,47.291280046541246,2.229368631093676,0.0
940,8efb9edc-dbe7-4824-9027-22993569f794,Adobe Fire,32.78031,-117.06782,San Diego,0.09350279148840335,0.0,22.87946133455838,1.1229416545893458,570282.6018
941,60041942-db7c-4c3d-8a94-151addbd9d20,Green Fire,32.75072,-116.92404,San Diego,5.792090930971396,0.0,21.981241675116475,1.083896634453229,570282.6018
942,5340807b-1be1-4894-b446-c81c46456641,Stone Fire,34.5486,-118.31138,Los Angeles,28.036766689724356,10.423917892851863,66.22945895258441,2.149265826051342,0.0
943,c48eaae5-afb4-472c-be65-7dfbb3c82f4d,Meamber Fire,41.64805,-122.98442,Siskiyou,29.12226987838204,27.82619268985676,39.3910371673781,9.19728061956446,0.0
944,df2538f9-20c9-4d40-9a64-9d6334b6f7d6,Airline Fire,36.40755,-120.99322,San Benito,41.79778823018962,22.330751663376535,72.04329928979142,16.97354679028407,0.0
945,5228fabc-64f6-4ccf-aedc-dc1e781277a6,Eastern Fire,36.378333,-120.901167,San Benito,37.63624439013459,25.357916427251517,76.49297080435488,23.01584991846275,0.0
946,9662b158-b17f-4386-867a-3afa5ea28929,ONeals Fire,37.10181,-119.623981,Madera,99.55841893567141,22.015638179023064,136.24288354105985,0.8940916251327229,0.0
947,9f926d66-2cfa-4e3d-b4a3-4ea3b4b23698,Panoche Fire,36.64832,-121.03253,San Benito,31.02421188594386,29.613350091031645,84.91348974890244,0.930678965419003,0.0
948,6eed6c93-14f3-450a-80c8-65c5450a8cbd,Pallet Fire,38.245151,-122.44408,Sonoma,22.40272818392613,0.005848178626948654,48.53915150673195,0.25955526690750613,0.0
949,a43a2839-d85f-4152-ac07-4a29c31723cf,Vista Fire,33.40769,-117.22974,San Diego,5.448538817861976,0.10797899085929935,30.984832434873226,2.6381378042049812,0.0
950,9ededdf0-b250-49ec-999d-eb988dab08a9,Recycle Fire,32.63046,-116.46674,San Diego,9.675576012097109,31.022863996630278,4.504597597026453,2.9818563186132456,0.0
951,7278467f-ca4a-47f1-b876-a6722b546f30,Liberty Fire,38.24033,-121.09199,San Joaquin,27.72264795135117,13.656087634150364,126.98433884747159,0.5432063836445084,0.0
952,cdd46073-0336-4003-8a06-161947985987,Bear Fire,37.33924,-120.24315,Merced,69.80008250157944,7.61094022935532,152.6831493287919,0.7366108432764111,0.0
953,22fc8e84-ae8e-4a10-a9f3-828464616253,Apple Fire,39.94355,-122.3571,Tehama,13.383613244695189,12.848332275389161,131.80070528794676,6.9799792013019495,0.0
954,1d926fc4-0f23-47dd-a750-5e7fac4ad416,Chrome Fire,39.64978,-122.58218,Glenn,32.3924016879541,31.373924931373917,108.06914609328861,6.663811494531829,0.0
955,5adaf6fa-0c4a-43e4-bd32-baa089a7f0b2,Mission Fire,37.97638,-122.5275,Marin,1.6731944738484092,0.0,18.91456335493963,0.41248916872294966,406906.8612
956,d6d4d085-1c3b-4ee5-bd2a-dd3779797e97,South Fire,37.97638,-122.5275,Los Angeles,1.6731944738484092,0.0,18.91456335493963,0.41248916872294966,406906.8612
957,63e41793-2c9c-4dda-98e0-62b5069514a7,Sam Fire,35.9352,-121.11936,Monterey,85.37916812846142,24.962915786356593,31.238204601751416,9.71335664386335,0.0
958,b3ab43c4-6f73-4ccc-a3ca-f2c54959f8b1,Beaver Fire,36.37532,-120.862579,San Benito,35.51186904282407,27.864454683320595,79.00982169786029,26.143535213315815,0.0
959,d886d8aa-00b7-41d7-b48f-665f5c6cf01e,Vista Fire,35.663607,-120.670311,San Luis Obispo,68.7550458149539,0.5014711763237276,38.37676044742049,1.7042409755160681,0.0
960,96781eb8-6146-4b96-a5cb-7457defea461,Santiago Fire,33.787838,-117.746625,Orange,8.683189417734544,1.118321066245151,31.49791830154979,3.965603813884478,0.0
961,e1c9dae5-a2d8-4c97-8e6d-65937ade5e79,Euclid Fire,33.925862,-117.654299,Riverside,9.007644006106869,0.14579060986792794,48.785082219049,2.2983194072973663,0.0
962,7307857b-b127-4b3a-bf11-ee19d07e0736,Portola Fire ,34.110516,-118.427886,Los Angeles,4.6145668838269085,0.0,18.126718200298825,4.50825802632487,1351187.3420999998
963,994876ff-2369-4a13-9642-d2dfbd372ac9,Spring Fire,40.394073,-122.135924,Tehama,12.366386827046194,9.9689247945262,165.05027517080492,0.883150088690917,0.0
964,764b9aac-411e-442d-a045-1bd02ec773c2,Bridle Fire,33.524412,-116.821724,Riverside,29.899949924801472,21.271767238053073,68.90082454503246,3.256865386496883,0.0
965,59b452f4-04fe-4251-8cf9-70dfc53ada0c,70 Fire,39.602703,-121.617698,Butte,50.4038158772585,8.484323951750737,138.7399532016571,0.20970609366148593,0.0
966,f3d3e61e-4ab4-4155-a882-4e27de976659,Creston FIre,35.58354,-120.624135,San Luis Obispo,72.25072008535788,2.4749198569135817,35.13346397544943,2.134885795104839,0.0
967,b307b3b5-529a-4dd0-ad30-e678180a6174,Tumbleweed Fire,40.3768,-120.36403,Lassen,101.11498322500019,18.326387729479652,31.274878344433944,0.08181213704113395,0.0
968,3de50f18-061e-40f4-8ee4-8a3d3ef25fb1,Planada Fire,37.39339,-120.34207,Merced,66.88733405009818,7.83237239787941,153.97427621031952,6.4273379935602275,0.0
969,06ccdd6b-fd15-4cba-a9ed-6cb7c70327d9,Raymond Fire,37.14663,-119.91223,Madera,82.98514715384214,15.24481752564284,149.4541544125846,5.4704169942232905,0.0
970,42bd7e44-5bfa-4e25-961d-941a18bc00d0,Boyer Fire,37.47677,-119.84299,Mariposa,106.9961260349836,21.741224293168067,117.9274964111484,13.352943194637227,0.0
971,9b6b1707-4342-4b38-b4a2-1056c202a32a,Oregon Fire,39.549167,-121.521111,Butte,58.324003999134284,2.1263517075054255,130.46757883970506,0.2930883758619467,0.0
972,af251be5-4fa6-4ced-954c-a0e0aa34a517,Creek Fire,38.886518,-122.476381,Lake,38.7146098512891,9.559080223517908,81.3756444464543,0.020836498828213992,0.0
973,0ffbb118-8070-4220-95a7-cdef27b0a7ae,Willow Fire,38.015323,-121.998967,Contra Costa,6.572023761835626,0.9739229534137761,57.51494576734821,1.607718679551139,0.0
974,43d24c96-7841-423f-9e14-bc9a7ff49416,China Fire,38.265645,-120.892404,Amador,45.36370179770639,9.14873760949924,112.53147237907432,1.2320608241730897,0.0
975,bd149eaf-5a3e-4eac-9973-243e78862b35,Upper Colony Fire,38.834395,-119.416746,,47.067163942607166,46.65906928552647,19.79658749020811,41.93520427737889,0.0
976,1f49d4b1-f08f-4fce-8b55-48ff0e521a2f,Vallecitos Fire,37.627119,-121.806775,Alameda,6.238029711899744,0.0,65.38470401928942,0.0020464272740833584,157511.4993
977,fc911680-49a8-454b-be0f-d78cd957bd29,Dinosaur Fire,37.05876,-121.176354,Merced,14.986557789222136,25.35103291137532,81.6898947025294,0.5177212954999479,0.0
978,8f98a50c-fac6-4dcd-844f-76c49891f0f6,Wheeler Fire,37.707234,-120.199162,Mariposa,89.55958641942503,29.52520414365564,119.39345826595778,12.354947852314918,0.0
979,2bee561f-fd8f-44ad-9c25-ccdc671029bc,Iron Fire,37.779209,-121.908976,Contra Costa,5.379738690288173,0.0,59.10287758034805,0.6049386925554705,157511.4993
980,b2adde70-a40e-4b81-9f5f-8f6b96042af2,Ranchita Fire,35.77017,-120.57833,Monterey,54.72515081293369,14.950770890754356,52.82332587452848,6.64533733232951,0.0
981,d963ff00-9c98-4bc6-a3b3-4856d8192e87,Yankee Fire,35.73629,-120.75593,San Luis Obispo,69.77727868461314,9.54333913440458,41.40199796733986,6.370915252179492,0.0
982,d752892a-9bdf-4b91-83f0-2d3f94c3f370,Creek Fire,35.05747,-120.39295,San Luis Obispo,91.01366342643801,7.0212195154332155,26.963157770450284,6.3475352058971675,0.0
983,9fe34773-10d3-419a-a6f5-4ddb2d43a145,Bascom Fire,40.52909,-122.17457,Shasta,13.057409282772362,8.998200382659707,163.94921268933825,0.41480557728529116,0.0
984,299d84d9-ff65-4669-bcd7-cb5abb191c75,Lane Fire,40.35068,-121.77867,Tehama,42.35416790580942,37.938287901640614,151.40889060538103,10.069128414241266,0.0
985,75ad696c-b094-4919-89e3-f879361f5151,Sierra Fire,40.12791,-122.19792,Tehama,1.7819218646781771,1.1523325394087758,150.48450907600366,1.497612473670592,0.0
986,72999057-198b-4cd2-a316-2e854ef9a7f8,Stoll Fire,40.18395,-122.27574,Tehama,3.410258884217736,0.72248499250939,145.81087703079135,0.7097486408032506,0.0
987,25574325-cf1d-4191-bc3d-c50ed0a15f9c,Pawnee Fire,39.0674,-122.59848,Lake,39.398079722429564,6.7467193240901056,88.0131421065587,5.462520947258994,0.0
988,c8c8905e-4ff4-4563-8ad8-3838a8d0a3bb,Canyon Fire,34.53765,-118.75495,Los Angeles,6.618643018408649,10.163226059315742,61.89059327545822,7.236908382593395,0.0
989,b4377461-c17b-41b1-8dc2-9722f8ead519,Stony Fire,39.2976,-122.512012,Colusa,27.435316289629252,32.65359707278573,110.29738402074693,19.6500569883958,0.0
990,d7365a2a-a113-4693-92d3-152f52b0d743,Sheep Fire,35.1234,-118.72905,Kern,23.63772555105929,10.569314048121052,112.79531060405078,0.377040278995445,0.0
991,b900fe52-8900-4578-9745-58036920a1ab,Creek Fire,40.50318,-122.42308,Shasta,6.83929663907574,2.476967230008416,148.85829442238412,0.009456961827004604,0.0
992,28d55249-7c63-4213-a7b4-c0796dbb18ca,Flat Fire,37.80785,-120.30187,Tuolumne,86.04096546684777,16.42235969182586,116.8946884695282,0.028374849670214655,0.0
993,f2d02439-f682-47e7-b6e9-6e51ca068c86,Horse Fire,37.95766,-120.68902,Calaveras,52.43584450918224,16.070249779491924,126.67374555687961,0.4452271910234044,0.0
994,bda69d0e-716e-439e-9a18-49f44d449086,Romero Fire,37.08529,-121.09354,Merced,7.103107937069832,19.225168975776022,89.49119437607685,2.1881195036007615,0.0
995,eabc7fc2-d02b-480a-9472-7c7677e812cb,Peach Fire ,39.038859,-123.38493,Mendocino,105.7611944942239,16.650811864484698,32.53080087497745,0.13486345051440146,0.0
996,4efc7855-ecbf-4507-8435-399e23a91fef,Waverly Fire,38.052055,-120.945482,San Joaquin,33.17270783144169,7.868290439011505,133.4375033122293,0.5150067253425925,0.0
997,465ed1e1-89be-4556-b616-834b65746005,Llano Fire,39.6139,-121.954098,Butte,21.52268627365606,11.941787612748438,161.59114910091517,4.561584117773475,0.0
998,70ff3ebc-0d1f-43eb-ab56-1ff13fe9c9e3,Flat Fire,40.60402,-122.9144,Trinity,46.267604486699675,39.1556562744337,114.87089686482189,3.9894101335110688,0.0
999,8811a5f8-b99a-454a-9af5-6753579c8d45,San Ardo,35.95515,-120.86256,Monterey,64.6480537619197,33.61060372357624,51.38322873059782,0.37642655663810215,0.0
1000,b17eb5bf-c44a-4e13-99d0-bbdf5e8f8f67,Lions Fire,37.571,-119.118,Madera,167.17278712024378,11.753540691931077,67.5097894718059,19.557360488136904,0.0
1001,595f6f52-a55b-40e7-8aa6-b409ff9a7a5b,Anchor Fire,36.696879,-119.304499,Fresno,97.18637563487489,6.544627947257588,150.96381328320143,3.0403585067467462,0.0
1002,a3ba8fc0-37f7-4c1a-9386-627d3369a03e,Shippee Fire,39.59872,-121.78208,Butte,36.377211516032,8.640100041529392,152.8500735504278,1.5307696121926182,0.0
1003,91b94b02-cd05-471a-a4e7-5168d56c46ba,Fox Fire,35.33916,-120.71488,San Luis Obispo,98.11965981368195,1.6707191163283512,18.967061151160955,2.879018612449367,0.0
1004,218619b5-ad0c-4238-8e31-ab6d98932a73,Hyatt Fire,40.316137,-120.45053,Lassen,97.50860048228188,12.789139159886762,38.581899224530126,2.722373827575738,0.0
1005,5aa13874-fb24-44f0-969a-d12dbc7edca8,Cherry Fire,41.83359,-122.99272,Siskiyou,32.01208319250559,28.6314749009312,18.809803597980935,7.2747493143618875,0.0
1006,cbf84797-7cc2-40a4-8157-d74c89792e9e,Par Fire,39.491737,-121.637759,Butte,47.927603872468076,2.040810674536638,140.54494986178133,2.520088726005452,0.0
1007,c8060137-4a83-479b-9f36-429a698aac06,Grant Fire,38.595865,-121.17693,Sacramento,16.799381643367273,3.893260029125867,111.45675463222803,0.007793275598874691,0.0
1008,53770321-4d20-4db9-bfad-754f9eeabc2b,Valley Fire,37.94714,-121.9921,Contra Costa,5.4253995854682975,0.0,55.22578280443568,0.6528707573288242,157511.4993
1009,a4d4923c-cf9e-43a9-b62e-dc9c04f0ec24,Tesla Fire,37.66074,-121.67144,Santa Clara,6.356356270220639,3.0689678286782995,77.88093003702834,0.5813975941576225,0.0
1010,d4618db6-e417-4590-8c1f-9b5ace341bb3,Creek Fire,34.17711,-117.15381,San Bernardino,13.000132719424787,2.729844807201998,97.74522808499012,5.117474817329337,0.0
1011,97ff14e8-6d08-4214-ad3b-847fa3a0e84a,County Fire,38.80583,-122.18183,"Napa, Yolo",19.888609063854794,17.119971634370344,97.29307236051054,11.892165208878572,0.0
1012,28599f05-c64d-49a5-be59-23879eecb980,Benton Fire,33.56349,-116.732032,Riverside,39.01686936509299,22.818956321903844,78.24463878687719,2.531292744188338,0.0
1013,15d8c9e7-7029-4027-85d8-95f308f83790,Lariat Fire,40.00293,-122.44008,Tehama,19.781003364005336,21.293971047343124,126.5872773287385,14.029830432189687,0.0
1014,f5d14543-5d98-41ca-99f5-09c1197161b2,School Fire,37.22791,-119.50461,Madera,116.75566127866342,12.569725356357477,118.71456076368457,0.2746336823201075,0.0
1015,6103c099-a3eb-481e-8a76-1296f5fdb25d,Petersburg Fire,41.085,-123.051,Siskiyou,53.06843200964699,64.04136972899103,95.66279188860001,35.32454839859624,0.0
1016,2a1c14d1-2a88-4564-bd09-585e09ffc9a7,West Fire,32.833674,-116.7311,San Diego,0.000160966145363566,0.0,29.31252989500388,0.09249167128584979,570282.6018
1017,f7bacdf4-ba33-436a-ad94-549395286fc2,Buckingham Fire,37.86339,-122.12351,Contra Costa,5.8892395282618075,0.0,41.611798537114424,0.0005886440382491424,157511.4993
1018,59c697e4-5083-4f45-b03a-ef580f6618dd,Building Fire,32.619855,-116.764733,San Diego,23.8201392886328,13.431162883814482,6.039054350453824,1.5549300468298954,0.0
1019,29a5f777-bea5-411e-9139-fe0d094616b0,Shingle Fire,38.539806,-121.059979,El Dorado,28.584562947386356,2.255079738601429,105.16453957272834,5.941755192789674,0.0
1020,d7e7eaca-5716-48b3-bd34-37acea282634,Klamathon Fire,41.893332,-122.534655,Siskiyou,1.9937643968983585,16.617001912060243,12.673908473315901,0.6824401745978201,0.0
1021,be804253-e994-4f40-9e07-5c215533231c,Irish Fire,38.42623,-120.95408,Amador,43.81025703762879,4.712106860378248,104.47353806742741,5.400804912636987,0.0
1022,b90be7b6-e9ec-4a18-a910-957f700c6ed6,Valley Fire,34.095568,-116.958806,San Bernardino,13.886036477312153,5.8582257902711765,103.28278556073691,0.21840239387330238,0.0
1023,656c37d9-6876-47ba-bf8e-ec6c351c3595,Eagle Fire,41.29363,-120.11461,Modoc,174.80123894656228,40.84138029657759,9.614737308886463,4.438609099102241,0.0
1024,76725105-a814-4e8d-bd5b-d0f2f1879dae,Holiday Fire,34.463889,-119.831389,Santa Barbara,94.91979393035366,0.0,11.185948738981688,0.5331655851983788,43388.751899999996
1025,8d5856ff-4cd4-4b88-afb0-c6df08f548a8,Bridle Fire,37.06367,-121.53586,Santa Clara,41.50184977139956,1.4733355278905074,50.98467902412423,4.60228661934185,0.0
1026,3c17be70-66f8-4df2-97be-873fe924d99c,Stoney Fire,39.77124,-121.76859,Butte,37.06415584642076,0.46252831880370665,151.36466375845635,0.3044479396863838,0.0
1027,8ff78ab4-378d-4e1b-9ba0-b90d8be07a06,Gray Fire,34.171786,-117.35606,San Bernardino,1.22182042712792,0.11662539811131957,86.58997802126545,0.1550219867631559,0.0
1028,29d15973-a999-409e-adf4-486854df44ed,Ferguson Fire,37.6549,-119.88581,Mariposa,113.77395767460624,38.87449098818754,105.49675590800568,0.07057251473139654,0.0
1029,22171870-baaf-480f-902a-45ec9282df35,Lebec Fire,34.86022,-118.87881,Kern,0.04908411854551096,4.187259385929084,80.8385130822599,0.03700188073181678,0.0
1030,c2dc8734-e165-4fa1-9a1a-f393516bd5a5,Dark Fire,39.66492,-121.51772,Butte,58.872827906157355,8.345953764459438,130.0441174410879,1.077174386986797,0.0
1031,01018620-8f10-4de0-a7e6-78cc9a77cc9a,Curie Fire,37.22545,-121.79189,Santa Clara,13.397309223348882,0.027507283380708566,43.19832564400286,0.2010591693104632,0.0
1032,a125058d-abfe-4593-bd53-503ceea3f4f0,Hale Fire,37.163594,-121.702547,Santa Clara,23.56162724559247,0.0006566281818875881,43.54436631605424,0.6172062741495727,0.0
1033,20495cc8-cb22-4fd1-9bc3-0b9c654d12a0,Kelley Fire,41.50105,-120.61108,Modoc,140.7207254961904,3.982080571684703,51.12846495037215,0.5326540950397043,0.0
1034,68957772-711e-4874-99f2-2b9267dbe725,Panoche Fire,36.65351,-121.0454,San Benito,31.74880013637482,28.334068557300306,84.45617549351519,0.6683630724218279,0.0
1035,09395db0-1c76-43c3-a3db-d18081b31a35,Georges Fire,36.6734,-118.21881,Inyo,170.97907318507947,76.64120448350427,87.94745455235466,9.862076850713368,0.0
1036,9636bdf4-8754-4745-80c8-90a5fcd90ec2,Vista Fire,40.62693,-122.23449,Shasta,10.957715888491883,6.65100864535786,153.18820486750417,6.495836750312298,0.0
1037,7e24911d-5dc9-4449-ba08-f718c094ac9e,Bruce Fire,37.79718,-121.85311,Contra Costa,10.647177118287095,1.9586095711431593,64.16419083299617,4.762472586108641,0.0
1038,d0e1cdc0-9dea-467a-8ae8-040e0f94178d,Grant Fire,37.75646,-121.60646,Alameda,2.0411265786525514,4.559068670873748,85.42187744692065,0.01303063699402398,0.0
1039,a9386b8b-8d40-44ea-ab84-1593ced5f9fb,James Loop Fire,39.05391,-119.82242,,15.169501798016883,14.748533391736531,14.736212803120221,15.741188126368671,0.0
1040,1a4aeaa6-7f90-420f-ad6b-6942658a7fee,Box Fire,34.22526,-117.40967,San Bernardino,0.0008091824093893671,0.0,88.39529198034593,2.675065521828918,423859.59299999994
1041,dc55524d-c29f-4990-8f73-2974348c7fc7,Cornerstone Fire,37.19817,-119.80414,Madera,94.1409950931375,17.854184566324395,138.82651043663185,9.97717808802569,0.0
1042,78eabcbb-32b9-4438-ab84-8eb65c044db7,Spring 2 Fire,39.06715,-122.59789,Lake,39.3622050079516,6.746100331036376,88.02268015724218,5.465170036084543,0.0
1043,3b576efa-90b7-4b87-983d-b38630e10576,Dale Fire,40.33682,-121.93908,Tehama,28.956648997080304,25.080286452834436,165.0466157594018,0.4172351333814517,0.0
1044,a0b16523-d6f9-4a21-809d-4f2bdbc2bea7,Idria Fire,36.59036,-120.82355,San Benito,18.108571703033313,41.31359165964643,95.8959956555488,2.6353814122890755,0.0
1045,b89ae0bb-4b8b-47f6-b7c6-5e689a265288,3-2 Fire,39.99309,-120.02137,Lassen,53.273017030625034,41.902085953631556,2.0136395445903306,5.127109609387999,0.0
1046,052acbfd-0552-47ac-8be7-6f79b4aecf0e,Steamboat Fire,41.70877,-122.47293,Siskiyou,8.651036967354358,11.805662226075004,33.19544382088716,0.4382862705218491,0.0
1047,8d7302b1-605f-404d-9641-a890720e8657,3-10 Fire,40.95234,-121.21597,Lassen,93.45611697646362,34.17004522535226,102.45636668568812,15.747548126264125,0.0
1048,8c94a8f0-1d63-4ea7-88af-52fee196a9a6,Johnson Fire,41.34453,-123.85404,Humboldt,108.60561975383023,44.189528799675706,24.303684717847105,17.82302660776786,0.0
1049,f141dba0-ae4b-4972-b926-81d1595d0917,3-18 Fire,41.08583,-121.05722,Lassen,102.40104678845555,50.60176320434461,88.88875549566464,7.003683188902575,0.0
1050,62b14189-aea8-4dcb-8702-a1dfc11abda7,3-16 Fire,40.94666,-121.27049,Lassen,89.17686922489504,29.541143398463145,107.05855023277857,14.417207245824317,0.0
1051,02ebd2cc-c4da-4508-92f6-30446d041ae9,Tuscan Fire,40.27754,-122.11375,Tehama,12.875466659916855,9.240245164261918,162.17150437762052,1.9420458878034614,0.0
1052,d3ead5e1-12bb-4d27-8c1d-c723c0747265,Mill Creek 1 Fire,41.07944,-123.688056,Humboldt,105.72586693651922,33.28611622275612,42.510066603711465,2.5990661679874205,0.0
1053,0194a44a-0c12-4e47-a053-f3b9b2382858,Camp Fire,35.70086,-120.97339,San Luis Obispo,87.85295942024193,16.91496335072328,24.13235812700016,16.046811429613662,0.0
1054,1dad019f-12c1-47a0-a20c-2408d942f1c4,Border Fire,32.557566,-116.8663,San Diego,15.34599644169797,3.277724869098707,0.11294889377674315,2.8699586066472667,0.0
1055,14207c18-f9a3-4a69-9f3a-d778d2f6960f,Lott Fire,41.632373,-122.37985,Siskiyou,11.158887881308605,21.22506762801328,41.754960092742984,1.1720299107978285,0.0
1056,756cceab-80e1-47af-8c85-9e650352b48e,Cruces Fire,34.54305556,-120.31805556,Santa Barbara,126.8153533382671,12.504397233213089,14.208560072002724,11.880253260256517,0.0
1057,e51ff5f0-09d5-42f3-8bed-c1c6eb85d245,Eighty Eight Fire,38.59694444,-121.99388889,Yolo,3.5193339087647817,7.0649778417420945,101.39917794486881,0.5401292600002122,0.0
1058,d56aeb11-09a3-4854-b422-9a1e41f18a51,Simmons Fire,39.57202,-121.43131,Butte,64.7842026992494,4.666151634849037,122.75206038324666,6.3593349872027805,0.0
1059,e4c8aa24-e396-46d1-ae6e-bc9c7889967a,Ben Fire,37.28365,-119.97546,Mariposa,85.3673049561793,27.415448912443495,141.79986070120663,17.910633496733826,0.0
1060,05fb81ea-7e85-4d0d-9587-64c907a45561,Cinnamon Fire,33.04898,-116.78928,San Diego,21.405781110511505,1.9039180055407594,52.41798234562949,2.0351264790012342,0.0
1061,022bee6b-1559-4792-a2d2-014d3adfecad,Skyline Fire,33.836101,-117.607577,Riverside,6.754776768963735,0.510105678038483,42.73900157968578,2.0087633178445423,0.0
1062,9626db35-9c2a-4431-8c91-00e0bba794fa,Highland Fire,40.741186,-122.649626,Shasta,26.307570528043886,20.941123568543446,132.44238350855912,3.5048086820777664,0.0
1063,389e3075-51b9-45a8-ab9a-a75b03225c8d,Windmill Fire,34.62412,-120.22298,Santa Barbara,114.30366838357955,0.0,22.4779662814807,1.8944888095062,5924.9355
1064,d7745759-07bd-40a7-a66c-003b174851b2,Carder Fire,38.91152,-122.86854,Lake,67.91081945381809,5.148750262182143,60.36622909263031,6.078981228527573,0.0
1065,5b5274df-2cb7-402e-b002-778cce00ac1d,Rock Fire,35.68539,-120.95157,San Luis Obispo,87.3101062436042,16.584959050717163,24.678106711544398,15.808586497528356,0.0
1066,a710f41c-aa03-41e1-813f-a98812aea01b,Mustang Fire,35.64917,-120.71907,San Luis Obispo,73.11580973445608,1.305479113183349,34.46660825173843,2.660880152303203,0.0
1067,0dd9bca6-35b9-4a75-8f3b-a5e57e1b90e7,Country Fire,37.449425,-121.88807,Santa Clara,0.30960887909094875,0.001009729972783544,52.36129458802372,1.620582875394026,0.0
1068,fb7f7795-ede7-40cc-acf6-3ee6e761d0a9,Heart Fire,39.279833,-123.258319,Mendocino,91.75080166622904,2.0935878761530122,49.970309960006894,0.04213243391323454,0.0
1069,f6693336-817b-4424-8aea-1c966fae5e23,Horse Creek Fire,36.42638,-118.70443,Tulare,119.61430272208466,33.72528914536601,137.49027329445664,13.471924698052106,0.0
1070,240b1f55-0f4e-448d-a4ce-3ecfec7a6c9d,Carr Fire,40.65428,-122.62357,"Shasta, Trinity",21.71100873642447,14.77700717136468,136.87063671606248,0.8373673124942543,0.0
1071,6e0b516c-9da1-4ff7-a0ce-3251b2cbabb9,Pico Fire,34.38039,-118.60441,Los Angeles,3.2861303087793665,0.061332625580620054,43.53665791420269,1.8438324449901087,0.0
1072,e18c9556-706f-4bb7-b908-e7b44293923d,Martinez Fire,33.56921,-116.154398,Riverside,14.975438494419482,2.7755112855278186,105.2821569192884,1.6500505071948277,0.0
1073,9b9b6d81-9590-48a0-a750-fc7da05bfecc,Ridge Fire,38.981389,-122.97222,Lake,72.96987990533627,6.334712063030581,57.365764501508615,0.8901362384983676,0.0
1074,2fdf2c14-77b4-458c-96fc-bd883dec3ad3,Crestline Fire,40.824,-121.90215,Shasta,34.55308153276284,19.589452877711707,130.82258664430935,1.0123386023620193,0.0
1075,a18ed51c-1083-4f48-ab1b-6ae0c5454073,Roxie Fire (Formerly 1-1 Fire),40.34822,-120.82497,Lassen,114.81678040439678,14.206887167772718,70.39848480385754,2.3201654688472604,0.0
1076,655b2bde-09c6-43b8-9cdb-43096bcf1155,Church Fire,37.07793,-121.600023,Santa Clara,36.65100536046661,0.0,46.262168159565014,2.8260143917128002,35330.517
1077,df681456-a50e-4400-a95a-77533a0978ba,Marsh Fire,37.89612,-121.85847,Contra Costa,14.338223846892792,5.496335475462648,65.14035080370446,1.7487696123718781,0.0
1078,708b3dde-3f1a-4813-8501-8a52bf3b1d9c,Hidden Fire,36.796,-121.40604,San Benito,48.406215581573434,2.401276552789655,55.43334182841765,0.18858609661963927,0.0
1079,f306893c-d6b5-4d68-a2a3-4a306822e041,Patterson Fire,37.71173,-121.55604,Alameda,1.926422075331679,5.013276834294496,89.32435886450881,0.25174465625302295,0.0
1080,9d63cbd8-7dbf-4b2d-918d-036e3a282d2d,Western Fire,38.8802,-123.0496,Mendocino,83.52410728547075,6.043396524772843,45.347618090972986,0.2834665943561809,0.0
1081,2b56b06d-46d6-43f2-b474-2598dd163e82,Pasqual Fire,33.07892,-116.91845,San Diego,14.12293511014154,3.330259100328454,41.52376944174141,8.038679490058307,0.0
1082,1f942827-c242-49a1-bccd-f2375be91ad9,Ribbon Fire,33.571763,-116.500058,Riverside,27.165905799238164,13.2041040125802,97.4562520219681,11.261475129744431,0.0
1083,190306eb-357b-40d2-9871-92cdd8784332,Parrots Fire,38.08424,-120.46078,Calaveras,75.08664005286076,6.216166361914502,102.92579438640188,1.2862263536190763,0.0
1084,deb9364c-ab73-4661-b287-2ffc1797296e,Wagner Fire,37.69965,-120.0545,Mariposa,101.09142834141898,35.655977297489635,111.63115593772561,12.06679901168666,0.0
1085,6bc7ef6f-2d81-4bdc-ab41-9db6af9d4abb,Creek Fire,37.533026,-121.79733,Alameda,8.640743000731668,8.400790045815388,62.57200840287279,5.215394041581872,0.0
1086,676aa48b-d962-4026-a354-db047f14233f,Tarina Fire,35.37444,-118.83556,Kern,34.389847686272006,2.563089085452325,131.12668088825478,2.4922621526029536,0.0
1087,90b0daf7-5d84-42d9-bb35-bb78d4faf950,Ranch Fire (Mendocino Complex),39.243283,-123.103367,"Colusa, Mendocino, Glenn, Lake",78.76449428866447,6.1098280026613585,61.15388491562793,1.7751154695493918,0.0
1088,e775e724-0a1b-4156-a477-623031c09b0e,Balch Fire,36.21634,-118.82989,Tulare,97.91307761484084,20.697417597818994,162.28706589001484,8.671458960388668,0.0
1089,af30fe23-6cfd-4fd6-b2d9-91648eeae814,River Fire (Mendocino Complex),39.04786,-123.11971,"Colusa, Lake, Mendocino",83.10373184180403,8.59916102913885,53.02563964118971,0.53603125443618,0.0
1090,53a9be88-6d10-483e-8dc7-59cb84326ab8,Breckenridge Fire,35.387408,-118.817934,Kern,36.54252016615637,1.4546737328297683,133.15993327313697,0.8944508412862382,0.0
1091,684ded31-5a60-4c05-bbdb-2fb913ca0041,Whaleback Fire,40.633536,-120.868091,Lassen,122.06552290758113,27.815216306331205,73.6997394453597,18.376805441746097,0.0
1092,9bc283c4-6011-4488-b8ec-a85db51dc137,Natchez Fire,41.95113,-123.54642,,57.856037024746485,50.358226976819935,5.491454719418461,1.9396771867012998,0.0
1093,c62fc5e2-2340-49b7-b3d8-b883a266827f,Donnell Fire,38.349,-119.929,Tuolumne,93.22332318678244,38.44177168958688,50.143026575821,14.630361641027473,0.0
1094,574b0b35-4c66-44ac-8797-3eadf09e495d,Owens Fire,37.735461,-118.970443,Inyo,173.49569154272822,8.912583238197211,45.20002086733268,0.31073184099830503,0.0
1095,45845135-0abc-4964-9038-db1e26fa9b22,Sobrante Fire,33.85852,-117.43521,Riverside,8.554512373560447,0.3075966616032136,53.96209039747575,0.04440119736494915,0.0
1096,e3406861-3e7f-4a4b-b16d-6004f3edc5e6,Rock Fire,33.41476,-117.24044,San Diego,6.632847000097428,0.04256584830016238,30.73285337734066,1.85799329989696,0.0
1097,ea58640a-7837-4d93-a145-96e48b7df8ee,Butte Fire,39.186144,-121.792885,Sutter,28.87062955906305,8.745124805069162,148.44040842393775,1.7051129726011922,0.0
1098,2410754e-b988-4f4f-b7ee-21f954c2bbf2,Steele Fire,38.51943,-122.18353,Napa,20.06953854572651,16.610828658756702,82.7905851241747,0.6259861149123759,0.0
1099,fa745e18-be7a-42e0-b3c7-30333ddcf3aa,Eel Fire,39.82877,-123.08489,Mendocino,75.50229046570934,48.05452628260583,68.3217636454457,14.770595391915004,0.0
1100,46f35b6b-9c64-41e3-a7e2-f76dc6719145,Corner Fire,40.95673,-121.6002,Shasta,62.39562138015117,3.841529701976507,115.62843454103437,1.9274438050629035,0.0
1101,6832f18a-6515-4436-bf3b-553bf6302de4,Reservoir Fire,35.30151,-120.64398,San Luis Obispo,94.85175857531124,0.6078865263895269,22.148441886125944,0.5389323092351923,0.0
1102,775494c3-ae61-40aa-82b0-667a3ddcbdcc,Casner Fire,33.05737,-116.77154,San Diego,22.580143178639307,3.7996987328335634,54.25343015962995,2.4097647359775647,0.0
1103,d8de1c4a-9b2c-46ad-aab4-3b2012571e4a,Bumper Fire,38.645,-120.874167,El Dorado,32.97314222601133,2.576818080115841,85.37275238884486,1.7000796748216904,0.0
1104,6e4ecf7a-2864-4fc6-85cb-9b2a0ac324df,Omega Fire,38.82128,-121.03918,El Dorado,8.734522441077994,5.555258998688577,92.09380106286024,4.873613183454091,0.0
1105,4f3f4f66-871c-4d50-bd3f-f641210552c9,Sunset Fire,38.82426,-121.451307,Placer,17.78093538533604,6.58935632233993,127.1379601505012,0.5508773765834072,0.0
1106,c7152819-8f07-489c-a219-b58bed82733e,Turkey Fire,35.847778,-120.343056,Monterey,33.432314801355886,23.271566336666393,73.53473958632789,0.45326996293720445,0.0
1107,5b9e5ea7-1f63-46dd-aabd-8cf407c6f4ba,Holy Fire,33.69888,-117.52055,Orange,8.305168673682385,4.725205810702359,35.86567989842634,6.867379810397594,0.0
1108,dd114f40-6fcb-487b-931e-7a9107371daa,Terra Fire,33.759722,-117.460278,Riverside,0.2682275071560621,0.22709977319594984,44.50836802841743,0.004606527935603114,0.0
1109,a1e73f5c-68e2-4109-b741-046eb7349265,South Fire,38.061298,-120.872244,Calaveras,39.56285230031876,3.4689706468369983,128.47363493305255,0.0429997058235458,0.0
1110,b9f703f7-18bb-4845-a480-ce7d63b5f57a,Murphy Fire,39.996944,-121.27,Plumas,79.48917610248208,27.417013422177476,108.59562099170148,0.11670238287487524,0.0
1111,0ba9a90d-6615-4fa8-9a10-3efb660437ca,Five Fire,35.97896,-119.98329,Kings,1.7658518254844664,11.556343864947484,107.78521354151773,2.795556020693631,0.0
1112,49232e73-c3ba-4dc3-b673-b973a918fa7c,Bridge Fire,38.07135,-122.76751,Marin,25.102498356676726,12.370166769110963,15.063817750660466,1.951458981914732,0.0
1113,471980a3-9ffb-4b1f-8e51-eabb9736b51b,Pine Fire,35.56888889,-118.80138889,Kern,50.94167178771527,16.595911743493943,151.7539091843616,10.708851156615763,0.0
1114,cb647b06-1772-4d65-8087-0b841fcfb502,Hirz Fire,40.896,-122.219,Shasta,10.938754710683893,20.09774991630842,123.31117421669907,10.646281949753355,0.0
1115,f81830b2-ece2-4f59-87c7-fd43193bd996,Land Fire,33.946896,-117.066643,Riverside,3.645486801651484,1.255459833439305,84.20625348717253,0.492731418236824,0.0
1116,8dddf572-84de-4b20-b740-f5c7847cec3b,Rangeland Fire,33.076239,-116.902985,San Diego,15.535446236188895,2.4396393787800155,42.85206405370761,7.068560638205941,0.0
1117,ce93c72c-eb9c-4176-a2b6-7750a4a6bb20,Hat Fire,40.99344,-121.52225,Shasta,67.35794079220528,11.160694667795589,111.45739524583723,1.5866234788863063,0.0
1118,1bdf7030-adc6-442f-ab31-d182e53b4a73,Syar Fire,38.27229,-122.26389,Napa,12.087605622151367,0.0,59.03319316874174,0.7503423464839201,20078.959499999997
1119,f012f0ea-4102-47dc-9c6d-609ebac85142,Alhambra Fire,37.99618,-122.14097,Contra Costa,4.085395307491274,0.18120160640889044,45.509665507911784,0.050755462904373126,0.0
1120,db2344ac-f195-4f94-8999-e8c8ebb4a7a2,Snell Fire,38.69601,-122.44468,Napa,42.27677467732518,11.16155951417577,71.41344526633308,12.632324736435795,0.0
1121,2ce8de99-7e66-4de8-9426-48a4fc8500ac,Nelson Fire,38.431278,-122.043747,Solano,8.793822816641267,5.699848451709877,84.59776035875251,4.654603404489763,0.0
1122,b03ec37e-8596-4e7e-8826-729957a794f8,Marcel Fire,35.17156,-118.51651,Kern,43.35334354762996,0.9749008569254313,127.97616040841406,6.892699962937184,0.0
1123,b2695350-87ea-49f4-a579-ce0c4cf7f926,Oak Fire,39.10494,-121.07039,Nevada,9.933258947274009,0.22205392632617948,92.17491613796692,1.0852367420937434,0.0
1124,791a3a00-2c51-4679-b4b7-27cc77ec699d,Cloverdale Fire,33.0971179,-117.0242529,San Diego,4.821652151279273,0.18852207475244448,32.43556928255366,1.4339706774894758,0.0
1125,3bb731cc-eb21-421f-b5f5-4949346dc316,Gulch Fire,36.00912,-120.82226,Monterey,58.66749494185463,32.80096322550314,58.29561761470417,4.153447960934314,0.0
1126,b83feee5-a799-4481-bd25-1d4cc3befd7d,River Fire,35.79012,-118.7393,Tulare,71.95219010622473,29.39137341616427,176.3300804218369,8.533054079521769,0.0
1127,58e6dde2-eeae-4a9e-be1e-bfd654d4405b,Stone Fire,41.38544,-121.04386,Modoc,102.87125425856793,41.70740413369221,67.43803907505247,7.3436608607265645,0.0
1128,a2fbfcae-d658-41f4-88c6-98239d08ff29,Castro Fire,37.69926,-122.02805,Alameda,0.19633025352373187,0.0,47.91845060829743,1.3609604926276986,406906.8612
1129,5eab06a3-5deb-4934-98a7-7c42eb86cbf9,Call Fire,35.51777778,-118.6525,Kern,57.379409453497686,16.27501784223392,153.2228668077059,11.92048604337825,0.0
1130,5dbbbc9f-deec-4c33-a172-19614492d860,Gorge Fire,40.36888889,-122.89055556,Shasta,49.128837740258376,43.21413012192272,107.52057298499705,0.3687957754897285,0.0
1131,8dd81979-48ba-48db-bb24-e4f1bf85d262,Front Fire,35.11416667,-120.09222222,Santa Barbara,66.29496665869674,32.67808857356718,54.411059533435015,0.46762670173309506,0.0
1132,23f8d2d9-0e9e-4f07-b830-8c02cf74b5d0,Keller Fire,33.627006,-117.171731,Riverside,0.03848264419353369,0.06089487517506299,50.93437191071484,1.637975744973934,0.0
1133,eeb859ef-dc44-48e2-a2d7-dce44bc47d01,Eastman Fire,37.197039,-120.002619,Madera,78.59546783508569,18.88090666166664,150.60688332465307,7.9912953184823206,0.0
1134,2bdeaf01-fe98-4f63-b2e8-4857815bc87c,Country Fire,33.97902,-117.20534,Riverside,8.186813444693545,1.9824358391827632,78.34460891233323,0.4216970546010912,0.0
1135,f6555118-f01e-4524-a14d-e01303a482db,Redinger Fire,37.179167,-119.431667,Madera,118.20112562696606,20.98084294097522,118.53076745181683,3.12686988262775,0.0
1136,ef9c8f82-8607-4c53-9bdd-5196e6a1071c,Cache Fire,39.02017,-122.57496,Lake,39.791477335571905,5.223397452357545,85.26779387598225,1.6589361780598564,0.0
1137,e69be637-e9e9-4964-96ed-4d6a1a1c159d,Winchester Fire,33.640051,-117.085354,Riverside,7.954668846270622,0.049028489162705684,57.705145620410796,4.762570179372407,0.0
1138,9bffc947-2f15-4486-98df-9a632b2038a7,Fork Fire,34.2325,-117.846111,Los Angeles,12.410134193577713,7.827048099700344,64.7662277593743,10.51542706099162,0.0
1139,c203606a-d2eb-4ba2-97cc-2ee7403432b1,Grade Fire,38.8275,-122.3625,Lake,32.96036817760552,14.628678835986564,85.16352188485745,1.179834150060045,0.0
1140,c9001401-a2b0-4cae-9e03-e60509342a53,Ogilvy Fire,34.576944,-119.61416,Santa Barbara,71.67612844487887,14.120330612166644,23.108992771660297,8.699452567233983,0.0
1141,e9d48e43-940e-4151-9ffb-20881d03c151,Essex Fire,41.52123,-120.72362,Modoc,131.9758330435018,13.647367551452465,52.40201121263636,2.5971123185904235,0.0
1142,0683b4a7-6a8c-4339-abc1-dfbe64dcb5a1,Sterling,34.15475,-117.244366,San Bernardino,6.1274740879803415,0.0,90.69370420108582,0.5984233089957444,423859.59299999994
1143,ba818380-4001-46a2-ac04-d5f322cdf3b9,Delta Fire,40.9425,-122.43,"Shasta, Trinity",0.15919572741726679,25.079580259144734,118.23238108959399,0.25881345411174894,0.0
1144,1a3ccacd-e743-4a0b-97ab-4d99a133654e,Kelsey Fire,38.91842,-122.85276,Lake,66.34444907791756,3.7214053477409745,61.7844673445276,4.743050923133015,0.0
1145,d8235a76-7b43-4e23-8f60-dc308c250fab,North Fire,39.268611,-120.658333,Placer,3.2315947121853146,25.606681083146054,56.19754217767836,4.3979981173099185,0.0
1146,94e0a869-04f6-4265-9c1f-c53fbdde98ad,Sliger Fire,38.94388,-120.92611,El Dorado,8.253499797184555,6.934816387727958,80.3136793462204,6.991159546646159,0.0
1147,20b57ee7-b0b7-47db-8a12-e5fcdb114459,Ranchera Fire,40.678889,-122.400556,Shasta,4.152497026374551,0.0,147.50934906204088,0.8357691405304156,55215.985499999995
1148,849ad1a0-472b-4cc6-a513-030491fa1ffb,Tulloch Fire,37.83388,-120.61746,Tuolumne,58.1539633982834,15.28372874503684,132.9236180503663,1.176489354297403,0.0
1149,3506eaf5-e815-4a7f-9c52-816fe5eee7d5,Kerlin Fire,40.616251,-123.52019,Trinity,97.44835885530628,49.00428540935261,66.42145580192177,3.4166991054124756,0.0
1150,a81f5149-5ac2-48de-a189-609e46f5fad8,Boot Fire,38.347395,-119.45186,Mono,95.31303702367052,70.88953943997029,22.670960912754897,24.111624404479784,0.0
1151,7fc0b9c8-dec7-430d-9790-1bbebae404eb,Metz Fire,36.35502,-121.1563,Monterey,57.202976706804094,6.830903629089208,56.613730199895755,2.183770101151369,0.0
1152,65689d5f-910c-4e00-9bf3-e5626cd1361c,Irving Fire,38.02447,-122.727,Marin,19.740053874499964,6.952603839015395,13.93474687272278,2.799234515186726,0.0
1153,f694c74c-adad-459c-b357-4cd2f10f16df,Water Fire,34.91482,-118.92485,Kern,0.049451742460025,9.85636231696766,83.6671458428243,0.04170158456159247,0.0
1154,d5885e9d-1310-4f84-a658-d972d17ecad9,Soboba Fire,33.80406,-116.93188,Riverside,13.472148559280477,0.33587824318401266,80.53773992697946,3.432303486277119,0.0
1155,9ea41d38-ee7c-4394-9ea8-cbf33e788f13,Meyers Fire,38.7448,-120.65672,El Dorado,39.96712636566882,0.0,63.497575923493365,1.8214179722977635,20244.860699999997
1156,4fa2e1e0-a920-4991-beb6-3c080b6c1500,Charlie Fire,34.48229,-118.60858,Los Angeles,0.5421824831205002,0.2579062012303057,54.85062455459287,0.13101915718339505,0.0
1157,6b6dff76-8fab-4852-a71c-e735f87bd6fa,Oak Fire,37.38789,-119.68912,Madera,113.1119419253073,4.9352408203496845,116.30476155768362,8.786381337686931,0.0
1158,b9d64431-d96d-413f-84df-ef3b381d3002,Copper Fire,40.33642,-120.93005,Lassen,111.28263947434588,22.976409676787227,79.32134823809082,0.35650313088804825,0.0
1159,d0ae0a7f-dd7b-4cb1-8f4a-2a784a17d6d4,Wilson Fire,40.34256,-121.43025,Tehama,69.80209482305594,55.5668601890824,121.8159152425455,16.457288421155265,0.0
1160,b181e69a-5864-44c1-b5b4-f4c5832a4539,Silver Fire,40.5939,-122.17173,Shasta,15.968021817182334,10.614352677732162,156.7492171344318,3.238344809391971,0.0
1161,04100255-b014-4a69-92c2-5388c7f9b9d6,Quimby Fire,37.33563,-121.75815,Santa Clara,7.276101971786586,0.0,55.07846838136055,2.21651458654937,221900.11229999998
1162,9856efb8-4d41-4276-9d4e-a5b29d912996,Nimshew Fire,39.84151,-121.62168,Butte,49.45079664270396,0.5781607475780061,138.72501434114713,1.0565211648352497,0.0
1163,2c41731e-1e13-494c-b7f7-928b89bb7d32,Keenbrook Fire,34.24138,-117.42431,San Bernardino,0.4189604832786349,0.04269826806168892,88.59043966083752,1.8508580089767335,0.0
1164,9d69b6cb-1dee-43df-83ca-b2b5485006d7,Nacimiento Fire,35.97677,-121.24898,Monterey,91.58690861364002,22.364736441537442,25.710125814681053,8.330572314847855,0.0
1165,8c4b830f-be4f-4469-9448-f0e98ea1d189,Eagle Fire,36.938674,-119.3127769,Fresno,111.00437895078998,25.262134128241257,131.40338585518472,0.5322921782463778,0.0
1166,8f633ae7-b5f0-455f-a60e-13d9566e5844,Sun Fire,40.22027778,-122.18,Tehama,5.600306405919759,0.8741439108105608,154.79970142859239,1.074654248130756,0.0
1167,f19a49b4-9d0f-4c61-83ea-9b4a741b0bef,Park Fire,37.1769444,-121.68694444,Santa Clara,23.23464736600079,0.2427512678698606,45.559515743878116,0.28431540622790213,0.0
1168,28725d54-51bc-41f9-99ed-aca0396be12a,Iron Gate Fire,41.94046,-122.43933,Siskiyou,11.30692970708612,25.28020289240054,7.521333190272496,0.12298487390284452,0.0
1169,e9c8c0aa-4d21-4f09-9858-890ea163d580,Winters Fire,38.45673,-121.94658,Solano,0.3761344577853248,0.3860082103385776,92.09475556083994,1.3524072303449197,0.0
1170,8a79c31d-0df0-4448-a855-b04cfc384825,Priest Fire,36.18401,-120.69955,Monterey,38.571441554512646,29.379784204122906,78.04147177679856,22.33523075141315,0.0
1171,a8f54d41-fc8c-476c-9122-f1357aa166a0,Tower Fire,40.49618,-122.51597,Shasta,14.67539314435562,8.436824808764245,141.76443013397264,7.184404630801984,0.0
1172,83c539f5-64c1-4156-86e5-ac6cf4c947d5,Masonic Fire,40.60866,-122.38366,Shasta,1.7573027816049196,0.0,155.325329588995,0.43830565605459654,55215.985499999995
1173,b8dc21be-0807-4434-9536-45a4a660ed83,Powellton Fire,39.93427,-121.54103,Butte,56.30501024228523,9.353051637000897,131.7617721035069,6.729645993288525,0.0
1174,a728d915-1c00-43b6-bd5b-228be34a38fe,Camino Fire,35.17693,-120.48861,San Luis Obispo,90.11245645016002,6.754351560312514,20.252173744547644,1.1918624837389644,0.0
1175,87760805-5b1a-486e-91c4-590557929182,Market Fire,36.47766,-119.10433,Tulare,94.33171899412437,5.4939551710056325,157.1111948514684,2.791213391563927,0.0
1176,7ee82e4f-f5e8-4278-b4e7-e82c390b395e,June Fire,39.36529,-121.51707,Butte,56.41096780452055,7.469273663012823,130.08238363234136,0.304178532548789,0.0
1177,7d1f523d-6940-4b64-bc5a-7ecb5a63538a,Rincon Fire,37.0125,-122.046,Santa Cruz,34.34036993799838,0.0,11.687876219265513,3.6789304558481186,45310.11749999999
1178,10d67079-faa9-4034-a4d7-8346b450e7de,Brushy Fire,39.62194,-123.28774,Mendocino,92.39288953021016,19.621859590006625,47.63694155711779,11.058588274010301,0.0
1179,75dafe80-f18a-4a4a-9a37-4b564c5f6014,Camp Fire,39.8134,-121.4347,Butte,65.46296933789321,11.761705813402285,122.74829884390775,0.011580800525644277,0.0
1180,8030a870-0453-48e0-b243-86dbae075434,Adams Fire,40.346652,-122.308479,Tehama,2.1811995400904602,3.6471805056738678,149.5083733132153,3.4079145534937103,0.0
1181,79968306-21a9-465e-acbe-4ea715c70ab5,Horn Fire,40.83116,-120.19336,Lassen,147.33013567053658,57.726805370253416,16.408428348435308,16.076034888806685,0.0
1182,b8fe54be-15a8-4088-b0bb-16992df93a7e,Nurse Fire,38.21396,-121.9424,Solano,11.454839967525555,3.1867670797099805,73.58457135317984,2.706749105459973,0.0
1183,bc95da49-28a0-4e56-88d9-72e7455063c0,Hill Fire,34.22685,-118.93444,Ventura,37.88555460242365,1.2239383031166786,25.015449807532786,0.5658101533017991,0.0
1184,92d7aeea-7abf-47a4-bf76-a4fe0fac65c6,Woolsey Fire,34.235,-118.70128,"Los Angeles, Ventura",19.226684740966537,2.2380789240786054,27.97168422857676,0.04275744390127186,0.0
1185,6004d3e5-66f8-487a-80a4-689d3852378c,Pilot Fire,40.61805556,-123.67555556,Humboldt,110.59001465096291,36.089689331098675,54.51278759888413,11.957575368386166,0.0
1186,e6b8af54-15fb-42bb-8be9-f323c9d5cc78,Honey Flooding,39.71217,-121.77385,Butte,37.002583421552856,0.8759408231456225,151.90300699449278,0.15797548723577984,0.0
1187,e83e7346-5b83-4e3a-845c-867fd84d17f0,Morgan Fire,37.81111,-121.7944,Contra Costa,12.253491888164882,7.207819477140467,69.43584147593012,5.872993171870575,0.0
1188,116fabb6-7440-4d6d-aa89-668989c028db,Green Hill Fire,40.888785,-124.001849,Humboldt,131.7697236365929,1.4565163966469838,17.768840724982418,0.3723769982633486,0.0
1189,d18da394-5ed4-4004-8dea-600e15d398e4,Sierra Fire,34.18075,-117.43184,San Bernardino,0.38403835627618704,0.4101470574911306,83.63492579587259,0.0849887799289211,0.0
1190,03f49769-b928-44a5-be82-236d3d341eba,Niles Fire,37.61158,-121.94182,Alameda,5.553915470606021,3.137036053213178,53.5783282648998,0.7336524770852146,0.0
1191,c003df4f-d19c-4e21-a90f-81d3f14aaf99,Briggs Fire,34.30166667,-119.09916667,Ventura,47.524427239223535,3.006762360071173,22.699350637405743,0.8917190614088844,0.0
1192,c3b66e33-ef00-4874-a29b-b36640c16122,Peak Fire,34.26734825,-118.64381589,Ventura,12.94207280122172,0.0,31.119170801176885,1.3422353922504313,24444.8379
1193,b6fb27e6-073c-4092-b8a8-51e96be987a4,Bear Fire ,37.12857,-122.12036,Santa Cruz,23.101935625195498,0.0,18.022603234786505,3.7551838922313547,45310.11749999999
1194,31cbc968-6d9d-412b-8bc3-6846ca398fe2,Scott Fire,39.24678,-121.32399,Yuba,35.82517940444932,9.10439602945326,113.63368020640625,2.5689966425804283,0.0
1195,85bdd89a-4ce5-4539-a274-23fa2b030e7d,York Fire,35.81778,-120.09715,Kings,21.119068592182877,16.35617321017009,89.16358601446946,10.811125776081475,0.0
1196,34abbc65-5bbe-474b-85c8-16d07bb5b503,Cana Fire,39.83958,-121.957,Butte,20.768044367643675,4.410455598262653,163.75319389173256,1.1862854058810295,0.0
1197,d3beabf6-63e9-4cad-a17c-58bb36abd7ac,Woody Fire,35.65189,-118.92545,Kern,49.29183616424673,22.505555522065645,155.36255513504042,0.5154456411608904,0.0
1198,398bb669-190d-4dbf-9af0-6ccb27817c13,Meridian Fire,39.85484,-121.905,Butte,25.214373097733667,4.1107396063352635,162.9487594940034,3.4183941317111524,0.0
1199,ee290ec6-3815-4c44-a96a-edb331fcc925,Vulcan Fire,35.03855,-119.19454,Kern,14.816896190239559,23.924245277364246,83.19966390412459,0.5959954114945695,0.0
1200,6f329208-5aa0-45fc-a4ec-db9caf865ca7,Refuge Fire,35.72057,-119.62762,Kern,7.962465618867125,22.951601818296417,118.54618697008806,6.333065799547858,0.0
1201,0888bb9d-0d9b-4a49-bf3d-a55a7c40a707,Sugar Fire,39.11536,-120.76088,Placer,9.770665712051217,15.82705452232141,65.41366966822298,11.196948192468671,0.0
1202,a81e03a3-de18-48e4-93bf-f8da83a17927,Border Fire,32.557566,-116.8663,San Diego,15.34599644169797,3.277724869098707,0.11294889377674315,2.8699586066472667,0.0
1203,e98603d2-f44e-4a9e-b83d-5e9f94766b53,Shady Fire,33.650237,-116.172534,Riverside,6.89547620411034,0.0,114.38823766974438,0.7271586670629872,111834.03899999999
1204,aed86291-4631-4d79-ba5f-6b2c8ca399c9,Paskenta Fire,39.98097,-122.30737,Tehama,8.850590429982596,9.942782483305974,136.88945989939103,2.71372092824009,0.0
1205,9d7c5ad0-6682-430a-b4d1-d39cfea73a29,Foothill Fire,33.81678,-117.18194,Riverside,4.819242493177892,0.5255042761196994,66.30292867434396,1.2868657795523277,0.0
1206,e2d77e59-b831-4267-a50b-89ede499a885,Belmont Fire,35.30759,-119.96498,San Luis Obispo,43.340714499296155,47.085413502490034,69.88097227381624,5.539176508640108,0.0
1207,72cb3684-c194-4180-bdfe-22775f86a594,Hill Fire,36.66909,-119.3046,Fresno,95.5902544356311,3.468626583865764,153.27629830446293,1.7546609183229602,0.0
1208,e354cde8-d0e6-4150-9f6b-1c12045e77d0,Diversion Fire,33.69078,-114.57265,Riverside,9.229097747669956,6.503218039873371,4.126853391668034,0.01653825697998524,0.0
1209,329ac0b8-a2c1-4a72-bd09-dd86c477162b,Canyon Fire,37.45899,-121.22093,Santa Clara,3.108049757393247,4.783037089787282,97.32957161652999,1.263158876318198,0.0
1210,b4616173-5807-4c04-a416-5374139f3fcc,66 Fire,33.57039,-116.1466,Riverside,14.687717756961318,2.3241757258852718,105.34525926337729,1.5242720803941558,0.0
1211,812a492e-35cb-4bb0-9e5a-1ec181d8b97e,Spruce Fire,36.28001,-119.10974,Tulare,80.39657550827175,2.090300642637827,173.85701011900719,0.7331332232680873,0.0
1212,11e0324e-e8ff-4591-b592-9e704ade60d6,Citrus Fire,36.18479,-118.99229,Tulare,83.58961799068423,6.4249221318240535,174.67206276917287,2.9304072403938424,0.0
1213,db2a5b4c-260b-4888-aeb3-663b8bf41106,Yokohl Fire,36.23012,-118.85712,Tulare,96.59226664447209,18.34955357710544,162.80194140041286,9.921724988320085,0.0
1214,e1f34f39-beea-4a6d-9ba6-64b6b55ff567,Bear Fire,36.14246,-118.80582,Tulare,95.58496186212638,15.866454126788003,166.974528483335,0.3023755358410403,0.0
1215,107dd529-31b8-4b5f-ab09-4aa79c770d4b,Boulder Fire,35.343761,-119.913717,San Luis Obispo,37.191997287829864,44.52907874472031,75.63108588754216,3.7533877364581536,0.0
1216,2e71d51a-49f1-4e86-82e2-054637efd1a5,Willow Fire,38.02503,-121.9763,Contra Costa,8.82450092278908,0.0,59.77375106981436,0.34756712947475044,62708.025299999994
1217,b433dceb-f5b4-4b46-8eb3-2aae9fc2d45a,Nelson Fire ,38.21416,-122.12214,Solano,1.1070551289042927,0.0,61.7552677111919,0.19546066569586368,30719.9799
1218,24997ef5-a558-4ea6-8a96-b3cdff79fe2b,Watt Fire,38.75263,-121.39259,Placer,8.732352168889092,2.0121554743085057,123.69156641299509,1.083957277366155,0.0
1219,8edf51ea-1e4f-4e73-8e04-e168417ed39b,Stuhr Fire,37.25988,-121.09375,Stanislaus,0.09253398351551757,6.442400467753065,95.49801502092492,1.1842685149793015,0.0
1220,3fd43a39-4e82-4b7e-a642-be86b5c73522,Levee Fire,39.15641,-121.56363,Yuba,45.01598520239676,0.0,134.62482398145255,0.18723296199149206,30032.030699999996
1221,1760d7f8-57a2-4a04-b7e5-0861cc0ee963,Sand Fire,38.88978,-122.23922,Yolo,20.30528332372609,19.854631935618826,97.89164035938276,12.400164174460937,0.0
1222,78c1dacb-653a-42fe-b025-ab80ec4996bd,Ink Fire,38.63047,-122.47282,Napa,45.17196101985524,8.787788032807596,65.74930025140598,7.177583093653589,0.0
1223,23cee99c-662f-4409-80d0-b9eb3a6287b3,West Butte Fire,39.28926,-121.85906,Sutter,27.89785994793421,14.016914166854129,150.96412825903593,9.184191955358378,0.0
1224,88a285bc-0dc7-4c51-a35a-5026850b0a6d,McMillan Fire,35.66318,-120.41128,San Luis Obispo,53.51305835805202,21.563859463374598,56.00122144068848,7.266744479971688,0.0
1225,6f509c42-9d2b-45df-b705-02dcb9147dde,Malech Fire,37.21638,-121.70768,Santa Clara,18.688539985514076,1.575604654384614,47.22557144256955,1.0459182583984445,0.0
1226,0cd5a369-2f91-4786-9df1-98ece3e9e78c,Calaveras Fire ,37.44422,-121.84082,Santa Clara,4.282792213121266,2.0937025098592823,56.342164685213596,1.7918186736962507,0.0
1227,20ccd7ec-de69-4967-9877-db5e143fe99a,Ardo Fire,35.97059,-120.88241,Monterey,65.44827144468297,31.1331843406115,51.52363868979567,1.8962639620830328,0.0
1228,b671965d-2369-4107-98fe-432eab6ffdc0,Springs Fire,35.89593,-118.94106,Tulare,68.63411000827669,9.418402416284357,180.1664904483364,2.198539144958593,0.0
1229,e1e4dad4-7ea6-48ec-b34d-3128cf55cc43,Bitter Fire ,35.57376,-120.11738,San Luis Obispo,38.32581322115663,43.41696791235343,74.046910218368,11.602276018541014,0.0
1230,77671ac0-0868-4cc9-a699-26f0131cd493,Pauma Fire,33.30267,-116.97772,San Diego,16.033704086904617,13.57294305279902,44.4783249087234,1.5817385874098575,0.0
1231,921a69d2-ddde-4fd8-a874-f5ba15a4edd2,32 Fire,39.76242,-121.73659,Butte,39.89008933860823,1.7946022404457174,148.6230788864951,1.8265954860582583,0.0
1232,45cad03f-97e7-4301-92e2-e63a0040913a,Rocky Fire,41.64895,-122.35962,Siskiyou,13.359886952853314,22.19163593486278,39.9403746090852,0.32289699111788966,0.0
1233,fe63d965-9069-4a96-b9da-99d5fefdaa19,IronGate Fire,41.94622,-122.40157,Siskiyou,14.499296893510035,27.77246144482338,6.9177168587922715,1.7993038143701348,0.0
1234,779c4b9a-19bf-487f-ba65-6589aea27420,Weisgarber Fire,33.39684,-117.29665,San Diego,11.37929612313179,3.215813599484522,25.25933541810235,3.7668948452110826,0.0
1235,48d3b3c4-fcf5-47d9-920f-3b3c1b0f6fb1,Lumgrey Fire,39.28926,-121.85906,Siskiyou,27.89785994793421,14.016914166854129,150.96412825903593,9.184191955358378,0.0
1236,8c666963-1f9d-43c6-bc3a-cab623d81f27,Jerry Fire,33.919507,-117.103765,Riverside,8.137080322850661,4.492904905040429,79.67583508535947,0.013715620002626947,0.0
1237,bc5d73ab-3100-4117-9978-a99b8e3daf5c,Mountain Fire,37.75427,-121.57382,Alameda,1.363021798784506,2.145891606934218,88.26522174064274,0.40322855149519615,0.0
1238,50328016-5e03-4e90-bff0-95d36942728f,Paskenta Fire,39.97083,-122.48277,Tehama,23.848595748703243,23.884803707348656,122.11093787858007,17.695756546852632,0.0
1239,937f9f26-8d23-4ee7-a0f3-61313dcc63f3,Scott Fire,39.24678,-121.32399,Yuba,35.82517940444932,9.10439602945326,113.63368020640625,2.5689966425804283,0.0
1240,4edb5c7c-08d6-4ae0-b8b3-7bb471e26d8e,Rock Fire,37.46577,-121.28312,Stanislaus,6.668926898422419,9.839121026457885,93.59092114320616,6.078946140794975,0.0
1241,35ba5eb8-520f-4660-af60-9e0e00e7b42b,Lonoak Fire,36.28426,-120.94771,Monterey,48.11892002709324,16.107113401712265,66.90268669303347,14.974634509225668,0.0
1242,2f3e47bb-8595-4c9f-bfa6-6fd76e465c12,Trinity Fire,40.41404,-122.66779,Shasta,29.65410300529072,24.1522996890207,126.0021374521188,4.204927227034951,0.0
1243,7a0029c7-64c8-442d-8c7a-080a553e2b8e,Mines Fire,37.494136,-121.534827,Santa Clara,19.87146998542768,21.503441664769813,80.73019034673413,7.543802936813996,0.0
1244,ac723863-413e-43f8-b4b6-2311e81e36ae,Dyer Fire,38.73817,-121.39419,Placer,7.790010624265826,1.0475529711049538,124.2044076201051,1.055761525675723,0.0
1245,c6e38284-336a-4435-a3a1-b2b91ee84a91,Nuevo Fire,33.80493,-117.15738,Riverside,5.188616640431234,0.5990610589085533,66.80667296678757,0.10713091941650701,0.0
1246,b38c0563-b321-431b-9174-6336c5a0d449,Long Fire,39.40972222,-121.00055556,Nevada,28.169512886770004,14.864025460640066,85.6492662655265,1.2894288590778993,0.0
1247,c51a2db5-6d0b-4b4a-8692-a6d73714829f,Otay Fire,32.62305556,-116.91416667,San Diego,11.577243106726126,1.6643191911988553,7.826529281109752,2.989568892149672,0.0
1248,24d9c2ae-8b11-4536-9b9c-5f4e0d476af0,Wolf Fire ,33.911,-116.980528,Riverside,1.7750763867903487,0.2241060980719929,86.1197289932822,0.21720991969897982,0.0
1249,cc06431a-5153-4f66-8ada-07af53c175c3,Merced Fire ,37.312877,-120.242411,Merced,67.93521204816254,5.993974747288042,154.84516503261503,0.8153907055139831,0.0
1250,42e2b6f0-2d63-4fbf-bbb4-4fc2eda4805d,Mayberry Fire ,39.32889,-121.23431,Butte,33.7625257035376,7.797149348165237,105.78087797506802,1.3086614149651592,0.0
1251,be4489fb-f51f-4109-8132-c7a28e0d9995,Coyote Fire,37.18904,-121.694968,Santa Clara,21.738447320021574,1.0901692155134672,45.91546884782129,0.3952022087448447,0.0
1252,89db8bb4-6e3b-4de7-b7d9-287c1a9032c0,Hollow Fire,37.63206,-121.538382,San Joaquin,7.873778551176931,9.256733031147263,87.78737365054256,0.10013665276167026,0.0
1253,65e8fbe1-5300-4c90-9f48-0e7bfe55b1bc,Bikeway Fire,37.469,-121.3697,Alameda,11.92665124751073,17.410664576950143,88.22120934716926,10.88908501028409,0.0
1254,bc3e7037-5022-4e6a-8a1f-925c7e9aafc8,Fellow Fire,37.99837,-122.16201,Contra Costa,5.177886885625213,1.572302218324226,44.05237528043573,0.9691405902057855,0.0
1255,65330473-c21f-446b-a6f4-7bd76bf0ebdc,Ranch Fire,40.41741,-122.767256,Shasta,37.50643265101383,31.459050999643765,119.17837555781095,5.353419502646344,0.0
1256,0f965f2f-3977-4ba5-bf7c-29feef27ee82,Snowstorm Fire,40.679318,-120.392768,Lassen,133.9829096357724,33.9941077010807,33.41740847404818,3.0381034867173615,0.0
1257,2d3b577c-7b58-4ee3-9e21-cbec5abd8ce4,Far Fire,39.06066,-121.35014,Yuba,27.953773853555457,7.067729031150197,116.49171514026918,0.3831570474387033,0.0
1258,6be8378d-9a89-40a3-bc66-4fc0ab22ebc2,Lake Fire,37.524378,-120.296551,Mariposa,75.10434998024094,21.20353155427145,140.3375270747699,1.1688254236590836,0.0
1259,1fd11e53-a132-4b89-bc8f-f7061f685ad3,Gillis Fire,35.6311111,-120.2691666,San Luis Obispo,46.33179385570609,33.72956498976107,65.60150501533894,6.768675955149372,0.0
1260,f32eaf92-82dc-4c31-8a05-76c21845f078,Sargent Fire,35.95191,-120.8092,Monterey,60.54272752901362,33.431941137181276,54.120315370954046,3.059586149311924,0.0
1261,6564081d-5ce7-4330-8ad7-2d1d976d778a,Gibbel Fire ,33.69055556,-116.953889,Riverside,20.141157383455077,0.18659446639628371,70.47227395490212,4.749358554391424,0.0
1262,8c46fde6-7a1c-482b-97cc-afff1bc5d27c,Border Fire,32.566389,-116.7525,San Diego,26.094340498913564,14.025228937961089,0.03466534396750627,4.393769857115018,0.0
1263,6311a921-f8e9-45c1-b10d-fee8be8dae29,Lincoln Fire,33.56938,-116.07896,Riverside,13.772334793547081,0.0,104.67039638945514,0.010237240239419507,3032.3817
1264,3fc9ae75-8844-43a5-8330-6956cdb6e3a7,Mid Fire,37.093243,-121.586846,Alameda,36.054105056776024,0.0,48.02824703613431,4.5383805337667305,35330.517
1265,ab6d9c8e-5fbb-4a0d-a206-30e83ab51877,Horse Fire,40.463936,-122.435492,Shasta,9.44116033892394,5.299780354112978,145.73411506122295,1.093840662726548,0.0
1266,777caabb-3850-4db2-ba02-2d95fda38db6,Orange fire,33.8128372,-117.1228851,Riverside,8.069731649131379,0.0,69.40008603661673,1.4707370495609458,125672.81489999998
1267,3086ac2b-bbb3-4321-81e3-3cfdb9e571e9,Jasper Fire,39.631945,-119.769881,State of Nevada,10.578073202131923,24.39987168404148,19.834748281447236,6.589278151675979,0.0
1268,0ab090de-1ec9-41db-b6cf-c7acd370626a,Doyle Fire,40.072739,-120.158273,Lassen,63.78378587447367,38.13927838612246,13.727316348780231,0.022902458312381635,0.0
1269,c1574fd4-92ca-400f-84cb-b10f18ebb4bd,South Fire ,34.366111,-118.96,Ventura,33.08757964990382,3.693992506298318,37.280346287011774,0.8037126203648073,0.0
1270,a03c52ec-7366-43c5-965e-52e2b73df452,Milton Fire ,37.944751,-120.84372,Stanislaus,38.80752533869894,16.33436873315082,136.6384783369498,4.539850239560436,0.0
1271,42dab7c3-458f-4838-b70f-d5bb3d0f0b80,Aborn Fire,37.32555556,-121.76444444,Santa Clara,7.095101285030016,0.0,53.83166071840687,2.8949722657095673,221900.11229999998
1272,f2629bc3-1c8c-4a97-95fa-7d08566dc246,Madera Fire ,37.016944,-119.934167,Madera,73.15819146942243,3.67792016141679,161.64646980238615,8.940514108208843,0.0
1273,72384606-035c-4d00-8887-84a9da7d0e57,Meadow Fire,33.514658,-116.7884,Riverside,32.755444544194994,24.05416826261637,70.92497650559288,0.05904098552700762,0.0
1274,12528e0f-03e0-4598-8df0-e3017fa7382a,Whiskey Fire,37.962557,-121.468074,San Joaquin,11.154841929592893,7.902728299904864,100.19306965986648,2.4963265006355173,0.0
1275,d5ebf295-49d5-4a6a-ae13-47a921355e19,Goose 2 Fire,41.909,-120.306,Modoc,178.67716095991688,48.25131407241134,9.319386012085834,1.9757437792171666,0.0
1276,06fa2750-afea-4f88-b1c4-48b9bc21f4eb,Vista Fire,32.794768,-116.839743,San Diego,6.448729636049974,1.9004225064213907,26.012262578318463,0.8946263281391917,0.0
1277,900997e0-f30a-48bf-9358-971ca2afa1d6,Rains Fire,37.420988,-121.371276,Stanislaus,15.757994429813973,18.667525851099004,84.45962327539854,15.137046196359222,0.0
1278,17596a7a-31fc-4270-8aaf-efe1df3ba848,Whiskey Fire,38.115224,-120.78068,Calaveras,49.17836594384212,5.108496492271626,118.68518885494468,4.854670190224521,0.0
1279,f8a2fd4a-286e-4688-8a5c-fa2ad98751ab,Valley Fire,37.241427,-120.027731,Mariposa,79.00979731361433,21.26018277938135,148.38343905263764,12.762984602907135,0.0
1280,49dbe286-1cfe-4e03-a872-13185aae767a,Tejon Fire,34.9008333,-118.9183333,Kern,0.38034066482725687,8.443227797589975,82.66864438298212,0.18581041571992754,0.0
1281,26676376-4e61-4d68-a28f-5fd8b4501acd,Canyon Fire,38.481258,-122.143942,Napa,16.92210263671295,13.896260832486487,84.25905308350154,4.249480522283974,0.0
1282,9e6b72f0-5f8a-41fe-a60d-40d7bc2f5637,Milpas Fire,34.42386,-117.10318,San Bernardino,22.122806114450658,4.67455643525913,122.63618032116918,1.1632638591036915,0.0
1283,7955a367-99da-4047-9f69-cc60ad3208e6,Moms Fire ,39.423833,-121.579738,Butte,52.76748102204866,1.8339661174145454,135.4956873173696,2.150769988468057,0.0
1284,f0577ec6-5504-4460-83ce-d9bd91624e0a,Marshview Fire,38.158333,-122.118889,Solano,0.19964688431113367,0.19447871271688558,57.686720970458815,3.2172772670675576,0.0
1285,a8c2bf1e-bb0f-4eec-a435-36d7723dfda6,Sweigert Fire ,37.433192,-121.807258,Santa Clara,6.751256690298119,2.6123409698642996,59.05954280183011,0.038791323258243346,0.0
1286,63b69be6-bd39-4bb4-aee1-7b59dbf7c360,Thompson Fire ,35.004722,-120.435278,San Luis Obispo,97.72736974373295,1.82270662686916,23.810292129756476,0.3817638473503901,0.0
1287,4ba68199-b45d-49da-91e8-bee9921b621b,Tree Fire,41.834366,-122.656569,Siskiyou,6.361841570979429,7.965901522951786,18.906959484779374,10.114885110253297,0.0
1288,ee681e0b-54a3-48ad-900c-8037eeb88159,Community Fire,41.838,-122.845,Siskiyou,21.08218453961057,17.92260988339221,18.399153811152296,12.78634705433911,0.0
1289,5edb4ec4-615c-45fb-a236-9a4225eedaff,Usal Fire,39.831762,-123.846013,Mendocino,140.57535912810258,40.12866774478266,6.577596078292478,22.622272279090076,0.0
1290,d79e71f2-d827-465d-95a8-d80b6e54456e,Star Fire,33.997528,-117.769766,San Bernardino,8.148954277604332,0.0,46.86601457324738,0.5986640449877231,1351187.3420999998
1291,2939928b-0308-4d76-b232-246f064ddd11,Tucker Fire,41.79591,-121.260305,Modoc,102.67253684841421,67.0020721551552,22.337276606663423,1.513045521687063,0.0
1292,5a633180-7b70-4fb6-b859-b5826775b5fc,Dehesa Fire,32.767649,-116.796032,San Diego,7.979114358677461,4.374889064233809,22.612912480108356,3.1401431162874207,0.0
1293,bc2edb86-fb4b-4dba-a9e0-5339f27d9bce,Range Fire,34.665699,-119.94974,Santa Barbara,93.7642072337286,12.623376005058399,29.263607571427837,16.178122241581615,0.0
1294,540b19a4-b84c-4d9c-9cb3-746b53a094b7,Lake Fire,35.908333,-120.984167,Monterey,76.772066792705,31.158700337746037,40.28984962493972,11.494593632340585,0.0
1295,233708cc-ed2d-4b85-ba8c-60cf71c912c8,Mill Fire,36.008889,-121.466944,Monterey,102.76661429056693,32.50100661488112,11.168910924674366,26.459163976825476,0.0
1296,6ac64fee-1420-420c-bff1-1d4908b059be,Carson Fire,38.757636,-120.75664,El Dorado,31.745569853433754,2.3138410361145736,70.79440007872836,0.04031192988238808,0.0
1297,1f0d1a35-bf41-45d8-b3b8-26cca8d2d83e,Mesa Fire ,35.60989,-118.41204,Kern,80.42615670102472,5.039309686654172,173.6728745641863,3.144304856833133,0.0
1298,ca65fae0-e6d7-4600-890c-62da03753131,Caliente Fire,32.575556,-117.026667,San Diego,1.112484431803344,0.0,3.6427149988147365,0.7011043038296125,570282.6018
1299,12e44df4-d425-4f09-96b9-25256ffbdcb2,Browns Fire,38.3525,-121.123611,Sacramento,30.00987493130722,10.371942482160783,121.20601950396026,0.8634589040041716,0.0
1300,a0d95805-48db-467e-8dd5-db761eb5ae74,Prairie Fire ,38.622058,-121.114095,Sacramento,19.04118102047473,2.3424057039517425,105.27970141043144,2.407221401553055,0.0
1301,2f735b66-c275-4557-a8ad-0ff60e0552f3,Meadow Fire (Not a CAL FIRE incident),41.43783,-120.23976,Modoc,170.3704945875,24.964701799879236,20.092608022574744,6.4116551127201395,0.0
1302,1f576988-2ad0-4a7b-afed-f650caafc579,Marsh Complex,37.908362,-121.872941,Contra Costa,14.131595254751346,3.7528312206299845,64.18041830017333,0.8837915963289346,0.0
1303,ed5e111d-e34a-42c0-9ce7-818270037c2c,Five Fire,34.677864,-118.752395,Los Angeles,1.4517718184549038,19.679974902504384,72.50510960997596,1.4230721579050407,0.0
1304,4433d477-a962-4ad9-a306-71f0f79fff65,La Barisa Fire,34.202883,-116.4449,San Bernardino,34.33296286837261,4.193256120109921,143.6316749655667,9.233801897195233,0.0
1305,0f3326bd-4a0f-4351-b978-38eb29f4d490,Gilbert Fire,40.55924,-122.25409,Shasta,8.50619678804925,3.0778889843432022,160.7046174106133,0.17456560629677392,0.0
1306,fbe088d0-2a17-4d04-aac7-0e32ac8a1ef7,Caliente Fire,35.287373,-118.623651,Kern,42.42546336722518,17.069073862536886,133.29219147026194,15.761025337058713,0.0
1307,0089d3c4-c554-46e1-8eb9-af95e4dfae0c,Toro Fire ,33.740219,-117.333728,Riverside,3.594196628316303,2.4016171109417366,50.89960926032393,0.1409352458710787,0.0
1308,e338f506-b9fa-44c0-ae64-324ed0e590d4,Sellers Fire,37.968494,-121.678172,Contra Costa,26.33752769000859,0.03853028616940091,82.37127683177633,1.5438462653152767,0.0
1309,5f7b19a6-5f22-49ac-bf0e-ecef96385d37,R-1 Fire,40.886677,-120.336977,Lassen,155.33785863495024,56.00068727721754,28.470703492776444,8.778653405998979,0.0
1310,9a9bc21f-36f5-4092-b98e-c0d584d198db,3-2 Willow (Previously H-1 Fire),40.900458,-121.320838,Lassen,84.28402746489998,25.354226193027486,111.3926009752948,8.275288822748445,0.0
1311,280f9652-7843-4275-9016-b95296fbf571,Golf Fire,38.99174,-122.7751,Lake,56.75448668686503,3.1508055822662677,71.96988309867471,5.01724514496917,0.0
1312,3e020c0d-e35b-4e01-96b7-a3c8e40fd281,Preston Fire,37.949747,-120.420058,Tuolumne,75.7558574806911,0.0,111.85018629044473,1.151504589761736,24242.410499999998
1313,94cdd032-ea04-4713-b54a-dc3476635684,W1 McDonald Fire,40.943799,-120.275298,Lassen,160.6715396113638,63.37536953076809,23.229745781031095,16.941588149765014,0.0
1314,4affde91-31a9-4588-bf14-7201fc5c548b,Harte Fire,37.708743,-121.841879,Alameda,0.8278860894356748,0.7526966898171268,64.3408030394648,3.674145390257074,0.0
1315,e3d66b1b-3b3b-40a3-96ec-574c1a27cbe9,Ward Fire,42.033,-122.175,State of Oregon,35.09013824877928,48.0897235406572,2.8397675629908794,4.197278740737586,0.0
1316,f044a406-06ab-457d-8a93-c52bb1930604,Heavy Range Fire,39.171091,-121.423281,Yolo,41.090697299517245,8.172531681023715,122.4518955829238,3.040918197738574,0.0
1317,073d3328-3d8c-459a-8ac8-5dc6095511ec,Radio Fire,33.909792,-117.004667,Riverside,2.861069558862691,2.008424299771265,84.60487527027126,1.5222737033997955,0.0
1318,618ca03c-28fd-4d66-abf3-d065d72d8cb4,Lower Fire,40.46968,-122.54364,Shasta,17.6688757912921,11.954148072862411,138.2064441728228,8.376204614224728,0.0
1319,c8f94c30-d0ee-450a-8501-30678aa37c0f,Moose Fire,39.005262,-123.195306,Mendocino,90.58472801747472,10.642331415700864,45.246214708081006,6.7270122435695745,0.0
1320,eb975e90-a689-40fc-8f44-b13c774de0e8,West Fire ,34.91,-118.254,Los Angeles,52.27101928254352,4.599525759324926,106.0792834558629,1.1062139568640394,0.0
1321,ce97fe6d-a635-45f1-bc18-cdd1698673c2,Timm Fire ,38.455,-121.969167,Solano,2.350226275115812,1.8947241830870936,90.70609622692406,1.9703933194861074,0.0
1322,22c3cb30-55b1-4fcd-9606-6a0dcedce4ef,Greenstone Fire ,38.703889,-120.890556,El Dorado,26.88114500534663,2.2384723271309896,83.83308279782604,2.677848636304707,0.0
1323,f2a78d1c-66be-40f8-a2d8-5756eb265162,Spring Fire ,39.088333,-122.309167,Colusa,15.789591411678021,13.911838563711386,106.84315019329078,2.2400198539423353,0.0
1324,0deca389-4481-4d91-8765-40caba3ea31c,Bayliss Fire,37.219717,-121.761974,Santa Clara,15.410012347997128,0.0,44.30752854768772,0.21906067587566727,221900.11229999998
1325,2443f637-15d7-4cf9-a405-133cf1748300,Cottage Fire,40.484329,-122.159393,Shasta,11.725272194422402,9.181043744274964,167.4421850967385,2.4989677482171553,0.0
1326,852f3058-ccaa-4877-8e8e-f5b8a9649936,Hunter Fire,37.532028,-120.208019,Mariposa,82.89113379623302,26.72344343880074,134.57364214718757,0.8498911167630552,0.0
1327,e094035d-ac9c-4ea9-a23b-bb55321a64d6,Border 9 Fire,32.57394,-116.760465,San Diego,25.448428453708804,13.392973593363452,0.9399921300525035,3.538154815014746,0.0
1328,2760040b-e17b-430f-b581-a81694b450ac,Patterson Fire,38.652475,-120.826165,El Dorado,34.85818310270624,1.3657402791681137,81.30146594220297,2.507223164476635,0.0
1329,74b94fe9-3524-40ce-ac18-ee637bf66f15,Border 8 Fire,32.573437,-116.658735,Mexico,23.768286780829275,22.878608905041638,0.044886158072257855,3.1454514577138415,0.0
1330,547b7d19-9b75-4c11-8b88-56adb6460a3c,Gaines Fire,37.536069,-120.177018,Mariposa,85.6543694344818,29.01530644315629,132.44045188042472,2.862752717902852,0.0
1331,d35fa87b-0f19-4dd8-8739-4bdbc92d1361,Patterson Fire,37.71734,-121.55867,Alameda,1.6879975745033933,4.726870830033335,89.26871508943408,0.04575686916691385,0.0
1332,1bf3e829-5fb3-43d2-9179-6c337709df19,Mountain Fire,40.715556,-122.241944,Shasta,6.6842728334833525,6.477575715987493,143.350810146112,6.222213859909371,0.0
1333,46896a04-8502-403c-b362-e4adc9e7ad4d,Yucca Fire,33.4506,-116.857817,Riverside,25.79524086068542,18.137533963145334,61.76265824945385,9.636708805807276,0.0
1334,97c4d72f-c1e9-425e-9dcf-44150047af92,Horse Fire,40.562,-120.544,Lassen,125.73374988354203,15.975764143482902,46.416889335423775,17.879126894156926,0.0
1335,2ce810c9-88f1-4efe-9254-8cbd339d2397,Long Valley Fire ,39.892222,-120.029722,Lassen,42.155793311582244,37.26331928105721,2.6167169289254364,0.5198583299401001,0.0
1336,cb87a6f4-a560-41a5-81c0-1064d0c368b6,Ivy Fire,33.77777348,-117.487578,Riverside,0.00844799739136276,0.0,44.079918280128275,0.07035862519516876,423859.59299999994
1337,19343958-2921-41d2-a3f8-501badcd0bee,Jamieson Fire,37.034183,-121.45597,Santa Clara,38.24715683950589,7.580130475325739,56.85349952846602,7.02959906651834,0.0
1338,808c34bb-4e64-4eb5-9c3e-2a1e58195074,Border 10 Fire,32.557546,-116.873955,"Mexico, San Diego",14.630009880349176,2.5647817348618185,0.19532390811839828,2.212055144041461,0.0
1339,faf6064e-fc50-4289-8486-1235f20289d7,Sage Fire,33.463991,-116.914799,Riverside,20.536891047890887,12.696647373525504,57.98903433657304,10.803907066104113,0.0
1340,4ee8f023-1c92-4266-bb79-d41fdb3a5826,R-1 Fire,40.593,-120.581,Lassen,130.11756433900106,17.886602563761112,49.4737968735718,19.491972242760767,0.0
1341,40ce99a7-fbca-4b41-b3bf-e2f863fdcc7e,Carroll Fire,37.718636,-121.657011,Alameda,0.166157349535158,3.414693428096645,80.65099366340102,1.8468417412955238,0.0
1342,8faaa845-634f-4f94-b25e-f5ae78703da6,Creek Fire,36.40193,-119.030621,Tulare,94.20546584091248,4.507068043300599,159.0802779237727,0.8970574817020927,0.0
1343,954bfbe7-424c-49e0-9611-23e9f7a475a2,Jolon Fire,35.906482,-120.992914,Monterey,77.56676059699984,31.00379299113239,39.484751722396496,12.29718420760517,0.0
1344,1b6cdbc8-4ab9-49e9-b6ed-e38d55e263cc,Snail Fire,34.71011,-119.3547,Ventura,44.45293148861684,27.7562113478212,44.060242045871526,29.603131843568224,0.0
1345,de9cacb4-0be2-47d1-8cf2-7a25aabacfae,Mines Fire,37.545167,-121.596667,Alameda,18.6746821405329,16.783096557906756,79.89591783659242,0.882472401664693,0.0
1346,ebdceb89-fa30-486a-94f8-3eff8eedbd67,Antelope Fire,36.600167,-120.8405,San Benito,18.82087625081814,42.24496061738483,95.206487960608,2.101366540920315,0.0
1347,a5331bf6-d695-4309-a846-96808e41d757,Telephone Fire,34.353667,-117.343833,San Bernardino,7.254201440195566,1.409642477156202,102.56740038049082,0.027700994640854744,0.0
1348,89008310-149d-480f-946f-4ce5a2a71c3f,Country Fire,38.898915,-120.946657,El Dorado,9.773726429597705,7.969417091672763,82.639012602754,5.639622065715718,0.0
1349,23f65de3-bf4d-4edf-a5eb-b21299195b0f,Deer Fire,37.178353,-122.07743,Santa Cruz,17.172691598557712,3.8592143876591356,24.555236065250533,5.2116776351194645,0.0
1350,3a48b649-8714-433d-9952-ff2bf9e8c90a,Walker Fire,40.061389,-120.680556,Plumas,81.52995605926584,22.977975610733846,58.26889357726697,19.700096823090004,0.0
1351,f68808fb-a705-4083-a136-1a45c61c7f74,Tenaja,33.528469,-117.273157,Riverside,7.145648343245809,3.3499326254073396,36.53852147988993,6.077206340583188,0.0
1352,da7fa4d6-cbf3-4cf9-babf-1cc79aa2f536,Glass Fire,38.910498,-122.642572,Lake,50.30413430436559,0.9714192265970016,72.3361585917089,0.016325748050084708,0.0
1353,d8c705d2-2820-43d2-bee4-8335354bcab0,Foster Fire ,36.732866,-121.39478,San Benito,51.932849531607616,7.798346783389605,54.927818805095576,0.2662123064890616,0.0
1354,14ad161c-bfc6-41ae-af84-a464084a4142,Red Bank Fire,40.12,-122.64,Tehama,34.81589471558448,30.470394704189047,114.11468777845819,28.531517425487255,0.0
1355,3d4c2809-cd37-4f07-b86e-68dcd52c7434,Flood Fire ,38.017138,-120.945044,San Joaquin,32.04503281021555,10.756022401019132,136.36277622284362,3.623221672852821,0.0
1356,791059a2-b50f-4ab0-924a-bfdac001e4b9,Henthorne Fire,40.062304,-123.222196,Trinity,84.16162818315514,68.23784364203213,65.6518535841837,24.708615263780406,0.0
1357,38d46a2f-d1f6-4ed8-a502-e57e393844ea,South Fire,40.109,-122.789,Tehama,47.29817140566628,43.18352225315534,101.75255809136596,28.58289400887288,0.0
1358,226da8c8-26c0-49d7-b5ef-952cd969f918,Springs Fire,37.826,-118.872,Mono,167.92800385389475,21.213002398487323,31.933401615480992,11.422461572112333,0.0
1359,81977367-45ad-4962-92f3-ae30f22ef723,Lone Fire,41.748,-121.056,Modoc,114.71002958613565,49.737455914368304,27.302464851682178,17.77761808624005,0.0
1360,c3b236b9-3a1d-481d-b1eb-b0aa77c5b462,Cow Fire,36.284,-118.228,Inyo,143.52022872243106,69.11416529073838,120.3965426388421,16.714797879542935,0.0
1361,737ef617-abaa-44a1-9bbc-f46240468b8f,Broder Fire,36.151,-118.185,Tulare,135.53360026086835,62.185495051899245,128.75113369298984,16.303601959616106,0.0
1362,e7ea56c5-4290-4406-b0a5-c9d1718e9700,Taboose Fire,37.034,-118.345,Inyo,185.80389536012967,35.161619245624436,65.98081468216647,6.546740294916401,0.0
1363,2de3ab6b-60c5-4400-9bff-74c79ed7d553,Forbestown Fire,39.470333,-121.412333,Butte,55.6473989521447,4.942971254085539,121.15064441650388,3.903141779741762,0.0
1364,393edada-d2bf-4a33-94f2-2d2123357015,R-6 Fire,44.734,-120.606,Lassen,102.17077036135278,356.43756404542285,303.1305021755524,300.40273619224894,0.0
1365,5c74d3fc-eaeb-4a75-9a07-5f8af961237b,Lime Fire,41.862237,-122.662258,Siskiyou,7.5318742748496605,11.084319495341411,15.810822421736551,10.913193804467593,0.0
1366,69b0cca6-c0c6-4a96-8f61-07ebb0ff9dc7,Kidder 2 Fire,41.4929742,-123.2129356,Siskiyou,52.70876711629024,51.45161399966301,56.66395687678384,25.63375506235787,0.0
1367,b24dc89c-632d-46a1-8984-2ce037e37834,Rams Horn Fire,41.150392,-122.634108,Trinity,23.38598323818976,29.994249305294368,94.79193395512645,23.172891811586847,0.0
1368,25e65946-2e28-453b-bcb4-617b623be750,Oak Fire,38.955024,-122.833831,Lake,63.07057460141601,0.0,65.48888919997385,0.4118638591870802,1746.1910999999998
1369,63a43984-64ce-40aa-bbc3-98330a46353f,Swedes Fire,39.45296,-121.412619,Butte,54.38633162154333,6.28258416507525,121.15427116575171,2.639757130681109,0.0
1370,efba4d61-2027-4b05-8506-04d9858154ca,Duzel Fire,41.512917,-122.740333,Siskiyou,20.25444412392969,20.706871720935283,54.474907499438196,12.663072334516158,0.0
1371,a14c1f49-8e49-4709-a21b-6c06471a1002,Sycamore Fire,33.9369,-117.3063,Riverside,1.2716067653691407,0.0,68.42973998400943,0.9162182980001657,423859.59299999994
1372,4cebaf5a-70a7-4262-864b-fb3fe3b1d84d,McMurray Fire,34.630919,-120.187368,Santa Barbara,111.59331748195588,0.2964710817169934,23.206779670980232,0.0821009157349829,0.0
1373,5a4639e4-0d1d-4cee-8215-0aa1d53a5160,Bailey Fire,33.496633,-116.631106,Riverside,40.996874476136796,27.457361120224984,82.86728783078212,5.126158320910257,0.0
1374,8f6c8f60-1daf-4c04-8507-dcc81656b8c5,Stuhr Fire ,37.32585,-121.110146,Stanislaus,0.015218075832459436,6.6628788605135725,97.39353344071738,2.8281072107757597,0.0
1375,b277af3b-3785-44c1-bdfb-c5a5ba766d2b,Redwood Fire,33.854597,-117.270144,Riverside,1.1956381117437755,0.0,64.32126083470057,0.4782670881305705,423859.59299999994
1376,a8b79d35-dab7-4513-ac65-25fd99541662,Bridge Fire,37.492002,-120.401028,Stanislaus,65.28375122585152,13.631745621182382,149.10561637759886,1.8009655324131801,0.0
1377,c9327432-b3d3-4ea1-b810-d339dc9e25c3,Horseshoe Fire ,33.4853,-117.043723,Riverside,8.811668217092622,0.9246202608172812,49.74978496059122,1.127221325971306,0.0
1378,8b4a5b95-3f51-4038-a7ea-b5ed3c73c2e5,Bar Fire,41.749667,-123.000833,Siskiyou,30.2030618503569,27.5248950788477,28.106678816538164,0.06918326412850292,0.0
1379,980c4c7d-dcc9-45b3-b5c1-181c1cd445e9,Bautista Fire,33.635,-116.801111,Riverside,31.458096669146954,12.806962458374027,77.73361148263336,8.627606951966598,0.0
1380,ebc468e3-c2ec-43ff-95e9-c319a7ec3d40,Baseline Fire ,38.751648,-121.432636,Placer,11.30212637027372,2.545327242297789,127.10251136055015,0.2968838798410285,0.0
1381,3934f762-ba99-471a-b1d9-dc064276c383,Reservoir Fire,37.467744,-121.842751,Santa Clara,4.764300767403543,2.837940896876742,56.71242247192126,0.918373713306795,0.0
1382,840010ca-aef0-4f91-b771-3bf196317d03,Lopez Fire,35.214364,-120.455883,San Luis Obispo,85.39046161333498,11.753025786033064,24.84487345655864,5.844733729450952,0.0
1383,7b283f4f-c613-4840-aa90-1f6e9fa1573a,Kennedy Fire,33.900994,-117.170588,Riverside,9.187323074892872,0.0,74.2428919411651,1.405594481857773,423859.59299999994
1384,9fc12331-47f4-4d79-bffe-914f13658993,Lynette Fire,38.20177,-120.827386,Calaveras,50.11808438520509,0.6709122649064955,114.07922995726234,0.18414370158623944,0.0
1385,e7910549-a5ca-4712-bd04-349c49c1ba15,Tulloch Fire,37.838333,-120.625556,Tuolumne,57.40846917354879,14.832047054987955,133.0101553312383,2.0426930583481466,0.0
1386,f24e0e23-63ee-4038-a04d-41fe70cac747,Cow Fire,40.612556,-122.039167,Shasta,27.110044941886176,21.968838772405732,154.41203250464977,3.482089412841304,0.0
1387,94cd8534-defa-4a82-b1be-42a2704c13d2,Dehesa Fire ,32.787656,-116.806941,San Diego,6.018402683636839,2.849788646730914,24.923480735792577,0.7608098305377069,0.0
1388,755df0b3-ad02-406b-af5d-738b67d8c755,Electra Fire,38.332083,-120.67131,Amador,65.85062151379343,6.781236906063783,94.19929528920531,0.07860561767489725,0.0
1389,abdb011f-15d8-475b-b08e-4df583700411,Willow Fire,32.87833333,-116.88,San Diego,3.081547341225663,1.096186576560688,35.57697474138546,1.242428415763493,0.0
1390,178b2af3-340c-409d-80e6-21ac119969f0,Mare Fire,38.07944444,-122.25611111,Solano,1.9943467270239625,0.14913623769448914,42.89273621245994,0.6379585857214027,0.0
1391,b8e5a940-0fb5-4c63-93ab-a855cfdc4e0c,Hwy Fire,39.622137,-121.693472,Butte,43.80965139896879,8.657868169272126,145.1882835895226,0.11669404159139747,0.0
1392,48f89096-4641-42cc-8ec4-9cba635e79a1,Chaparral Fire,38.538467,-120.965105,El Dorado,34.940315107502535,9.079225536513762,98.12769169529844,10.102036254513328,0.0
1393,1e85b2a3-0d55-4c3a-9fbb-5208d615cccd,Warren Fire,33.703546,-117.033598,Riverside,12.932653718824012,1.352825108138145,66.01857165094857,2.0924785778795765,0.0
1394,05b9432b-a5cf-4a8f-bf0e-9b95a04bbdde,Frame Fire,36.154184,-120.634179,Fresno,35.766596861433136,23.28989122714828,81.01993719959015,15.60605792979273,0.0
1395,e2a0252b-2da9-4967-ba33-7abe3ced1efa,Ranch Fire,35.189783,-120.1755,San Luis Obispo,66.39159983236712,31.25072580894056,47.88411651824916,0.06596385379916614,0.0
1396,2e4017ba-5c18-4de6-8098-54b2a6caf5bd,Del Fire,37.429506,-121.336465,Stanislaus,12.865005859247042,15.45459367230748,87.38947057283497,11.976104820630482,0.0
1397,082bd2d3-457b-496b-a469-0d2550aac7ef,Elk Fire,41.70611111,-123.4375,Glenn,66.2107035044467,59.289835850357726,32.63730112501586,12.087710114053156,0.0
1398,1dd6f339-956d-4ec5-bac5-713ba3cd53d4,Wilson Fire,39.613783,-123.458782,Mendocino,106.97897232002387,17.49138279929874,33.0544140327596,0.27674195417622843,0.0
1399,e7aeb204-15af-4a2a-8f2a-bfd2c8dbe411,Briceburg Fire,37.604638,-119.96606,Mariposa,105.54029335168566,39.228676213838845,114.38242673554801,0.019541792662256096,0.0
1400,74c3d01f-8809-40bc-a0e2-b1cc24bf1a7d,American Fire,38.165873,-122.211671,Napa,0.37644828238829514,1.2453744854549675,52.479598576319994,0.5479759606462513,0.0
1401,25e80e7d-5790-4192-9cf0-a190f36158f0,Point Fire ,37.066483,-121.219163,Santa Clara,17.95592550493077,26.241530238097592,78.14958303438324,0.08985704525182224,0.0
1402,a4bd4cbb-53de-47c8-972f-cca4c36aaf74,Dales Fire,40.314187,-122.070055,Tehama,17.566259342937144,14.742240175875935,167.04513631453693,4.698100073090347,0.0
1403,a87ab8be-3da9-4cb0-a72c-5125acc001ef,Little Fire,37.606,-121.853,Alameda,1.6696245710644002,2.110895591890242,60.78834421312194,0.9807622143005748,0.0
1404,207f72f7-1453-40dc-919e-3551f7041b22,Cross Fire,35.79069,-120.73102,"Monterey, San Luis Obispo",64.35138284573178,14.28089258318835,47.7633295942417,5.960272409161534,0.0
1405,18fe1e24-799d-4aa9-a7ec-fa8e331ae3e9,Corning Fire ,39.847708,-122.1604,Tehama,3.370442108306826,6.359532932461792,146.5651792121373,0.8130223682307477,0.0
1406,d6114db7-8a39-4b86-92a5-5c3dea1f348f,Inghram Fire,39.847708,-122.160416,Tehama,3.369073597042631,6.358935657284908,146.56382096960385,0.8143006314044734,0.0
1407,19578ef2-6101-45b0-a82e-db3004c3a8a5,Merrill Fire,37.828267,-122.103867,Contra Costa,7.008026752467698,0.0,42.62912846228211,1.0479946162886726,157511.4993
1408,6e93b252-99a3-4214-9921-238373b17535,Eagle Fire,33.827979,-117.499619,Riverside,1.7478109849030572,0.4824516938445885,47.547391671455415,0.264602398099139,0.0
1409,8739a46c-9d9b-464c-87d0-31738601d96f,Reche Fire,33.975405,-117.207068,Riverside,8.603962398935359,1.5994346714089256,77.9529141909189,0.014645652765704077,0.0
1410,7ff84b11-c3fb-4f5c-8a00-07243d4a4e33,Sandalwood Fire,33.9925,-117.059167,Riverside,0.08129237053328218,0.0,88.56698243143434,1.968753181875719,423859.59299999994
1411,f20ba27e-4c6c-4ca9-a356-ef88c4f788bb,Plains Fire,40.4988,-122.19911,Shasta,9.40164367305789,5.8778378978045085,165.17190912396453,0.026293517786250154,0.0
1412,d37acb3f-94c8-47ef-b3da-6eb0d7353aa7,Wolf Fire,33.8615,-116.897333,Riverside,6.948823649853284,5.496687199345141,87.30681002339965,4.583443455304959,0.0
1413,fd21c9dc-a89f-4a29-990b-33b95ae2adc9,Wendy Fire,34.156389,-118.950833,Ventura,42.8772485424146,0.0,17.12069777239567,0.18147273769230002,66355.23599999999
1414,c52717d6-0297-4c5b-a0f1-f17abcd7ac27,Saddle Ridge Fire,34.32988,-118.48161,Los Angeles,0.7844432618473586,0.0,38.601907763484455,0.1545863263537644,1351187.3420999998
1415,fd1bc30a-4377-45f6-ba2b-b4e1c7e65ee7,Bitter Fire,35.709176,-120.312856,San Luis Obispo,43.800250586382994,31.26281609282964,66.24900112295717,2.35655521731336,0.0
1416,451c3012-2831-44c1-8fc7-146fd02d2ce0,Caples Fire,38.724,-120.145,El Dorado,61.11511171114561,15.426087363914576,31.256710549995105,3.557851418821494,0.0
1417,02e6023e-d306-4a67-a09c-b9224b98661e,Olivas Fire,34.23955,-119.20187,Ventura,58.88851268047554,0.0,11.359585415381863,1.0177057645552567,65651.83499999999
1418,72c6a0db-a014-4cd9-9788-926707ef839c,Horse Fire,40.387772,-120.304341,Lassen,100.78198733792857,23.43427142266881,26.203128334205402,2.603198729627771,0.0
1419,8bf75401-999f-42bd-8c0a-8db508591545,Johnson Fire ,33.45148,-116.05898,Riverside,25.904549813769954,10.388144084948614,91.48736214505925,1.5910556893869532,0.0
1420,0baff961-3ce3-45ec-80f1-a72957f2f3f4,Nustar Fire,38.045866,-122.245186,Contra Costa,0.46382139273418677,0.0,41.179628209593346,0.5936441458756275,406906.8612
1421,2a516d14-36ce-43b0-b34c-7483759a9c84,Fairmont Fire,32.762706,-117.097441,San Diego,1.7573776055090993,0.0,19.624710221181346,2.4811333626122285,570282.6018
1422,baa2a51c-40bc-420c-9f88-db4783872d65,Real Fire,34.484722,-120.190833,Santa Barbara,123.63461899019968,10.888089571676382,7.024444834126485,1.008100238620095,0.0
1423,df7805d1-682e-4a3d-b917-1bbab5e078ef,Grove Fire,38.88913,-122.604425,Lake,48.44927265376607,2.1572816160365194,73.04404030259512,0.007182240243378162,0.0
1424,ff8701f0-a12a-4b40-baa9-b58c4e2e31f3,Mud Fire ,36.319291,-120.460189,Fresno,12.356381298017798,17.741650485209338,104.2541303740797,9.618102401900716,0.0
1425,6ad5dc4a-bd52-4cb4-9664-2ab606289d21,Beaumont Fire,34.033117,-117.21545,San Bernardino,3.701840401168669,0.19632950198585652,81.95187471237104,1.0533227510997807,0.0
1426,24eb323e-b97f-4087-886b-7efae8937bae,Palisades Fire,34.055768,-118.554091,Los Angeles,7.571081395827053,0.1962911601994254,7.559457922156463,6.104015191383496,0.0
1427,7264a106-e0f4-41de-8fd0-3f9110431e28,Oak Fire,33.351145,-117.403719,San Diego,8.094340872304208,5.342714433173126,14.233730096285425,5.190485634617,0.0
1428,809d101c-8aa3-4a53-bf20-f38ae7ec7941,Kincade Fire,38.792458,-122.780053,Sonoma,66.89327249859122,14.159510936803507,54.6219551685589,0.6552969724617481,0.0
1429,956f8cd5-f4fb-43d7-8a34-1bb5db551995,Old Water Fire,34.183624,-117.274276,San Bernardino,5.663052339533657,0.694303388159814,91.72065122613418,2.3883761294126997,0.0
1430,16b1921b-f753-4a36-85bc-d903555f0af4,Muir Fire,37.896231,-122.636471,Marin,13.134885758884746,5.437914856648742,6.323213035460251,6.780041682536679,0.0
1431,6890469e-78d7-4dac-b162-6c23498fabcc,Nelson Fire ,39.551423,-121.800538,Butte,34.599552490503406,14.064195085752502,154.46233455165617,5.971185427452621,0.0
1432,020310d3-7834-4f57-a125-eff0eb3f54e5,Tick Fire,34.472778,-118.368056,Los Angeles,18.201031714869607,2.2933811812465623,56.57643183383554,0.5638699294378685,0.0
1433,ab8109fd-e8eb-4690-9f5c-3a8c9c47ff48,Cabrillo Fire,37.166674,-122.361112,San Mateo,29.74840207131324,17.393666412241952,6.393577836082179,16.509247372198104,0.0
1434,87404846-bc30-41b8-82fe-31c9aedb9ef7,Mines Fire,37.62782,-121.68598,Alameda,9.519901039713456,4.802825278312314,75.53959530022561,1.7051976747494173,0.0
1435,a6701bb9-7086-4dbc-ac5f-8c98eeb0279a,Sawday Fire ,33.055124,-116.742508,San Diego,22.99753463972629,5.7082632051261175,53.82981184849878,1.1678338737837826,0.0
1436,7ff229e4-be94-4319-8916-19eb43753843,Miller Fire,33.259861,-117.027333,San Diego,11.363322868618225,7.017686891242469,38.218350015173,1.2311996619258947,0.0
1437,828b2492-fc44-4fc0-97fa-f0b439e6fa0d,Rawson Fire,40.00171,-122.25421,Tehama,4.060519126166883,6.906135940147338,141.85277364956266,1.0290449458073383,0.0
1438,d299dec7-b09f-47f7-80c9-859ddd1ecef3,Cypress Complex,37.99136,-121.64118,Contra Costa,24.616300817918685,0.0,86.14888398978391,0.07099660953751213,62708.025299999994
1439,64104ca2-a187-4b11-bb43-e22253bbcb52,Sky Fire ,38.03545,-122.2241,Contra Costa,1.6154243887872852,1.292144265353544,41.953280529241674,0.09860953370713463,0.0
1440,c9f9ded3-170f-4b04-a50e-2c03153c663f,Glencove Fire ,38.07205,-122.22463,Solano,0.298022291795714,0.0,44.41436633805755,0.005088779662829962,32794.746
1441,9cc1af36-29f2-4af5-afa7-23b9ce17630e,Burris Fire,39.22431,-123.12887,Mendocino,81.20592377866862,4.425796768040563,58.34874039139782,0.897997391997007,0.0
1442,b36ed23e-a3de-4aff-bdbc-d6ebf8d8f077,Forest Fire,37.97911,-122.11092,Contra Costa,3.7859107045976734,0.0,46.926964294226245,0.9089217327941036,157511.4993
1443,e693477a-37d2-4aba-9e73-a63421a2b3a6,Getty Fire ,34.098191,-118.478717,Los Angeles,0.06630239324492887,0.0,14.248467284724843,1.649987747844857,1351187.3420999998
1444,00e6d6d5-f168-45fa-817a-f7758a5170b7,Easy Fire,34.282179,-118.803389,Ventura,24.34591735024437,0.0,33.6247025536779,0.3033885078374944,24444.8379
1445,8f23653c-1a4c-4609-bfb3-72b1665eab69,Hill Fire ,34.01778,-117.4625,Riverside,5.387825166600466,0.0,66.88421830811275,0.25903763040811345,423859.59299999994
1446,e59fa47f-0f47-49a9-a2c5-092cfaf68ed5,46 Fire,33.985972,-117.414111,Riverside,5.429617422662115,0.0,66.34541516086666,1.2749831210201188,423859.59299999994
1447,e471b23c-f00c-44bc-afc1-6ab02b0af4c3,Copper Fire,32.564583,-116.834583,San Diego,18.401194241199708,6.347913327685626,0.5814187311970894,5.911182406256421,0.0
1448,dfc32e06-b88e-4d30-ae3d-22bc18792f5e,Hillside Fire,34.183,-117.285,San Bernardino,4.803307957117857,0.332501471062983,91.11329313818807,2.045243893418364,0.0
1449,31852a71-e639-496f-9e7d-0968d1c218b3,Maria Fire ,34.302212,-118.997115,Ventura,38.85088626878123,2.624278715323769,31.451362150721142,1.011224517552008,0.0
1450,305f30f5-622d-4c55-8813-45ffbc15aed0,Sobrante Fire ,33.849906,-117.461363,Riverside,6.029372655279284,0.5838625715802257,51.66602348908285,0.12843974707486927,0.0
1451,69d98a94-4980-4dc0-b388-61c37c635f32,Ranch Fire,40.036379,-122.637837,Tehama,36.099044501974404,33.25015966718327,111.6285318334919,30.878467242619944,0.0
1452,600d608d-6279-435d-bc9b-99aacaa5e80f,Eagle Fire,39.100408,-122.496548,Lake,29.855764506039918,15.35415327152219,96.44489669213054,8.59226848299879,0.0
1453,77d64e4c-a50f-4f4d-a750-e6a6f0ddadc9,Foothills Fire,38.838992,-121.325842,Placer,10.167613926837477,2.1750991073931547,116.13553686871059,0.013229202887992012,0.0
1454,9c26f915-1b33-422d-b30a-9eb4da6fd729,Cashe Fire ,38.734634,-121.729691,Yolo,5.1619583782320415,3.9772515707220872,127.99471886260342,1.6770300542385481,0.0
1455,7555692b-f672-4660-8f15-d0dab068a193,Cave Fire,34.5025,-119.785,Santa Barbara,89.30734913068564,3.7597086592600024,15.262369777506088,2.558100768931927,0.0
1456,94f20083-2412-4058-bc16-afa6b45c3935,Bear Fire ,40.511092,-123.6378411,Humboldt,108.27600756746449,38.30779334683831,62.836345904189535,2.426681108287368,0.0
1457,c9bb59f7-be32-4296-8c11-3f1233116827,Antelope Fire,39.6923001,-120.3291855,Sierra,34.99652630426215,16.920522878893834,28.132954912134803,3.097725574954478,0.0
1458,f6e7a62d-4796-452d-8e41-66ed1aef6d63,Beegum Fire,40.33583333,-122.84722222,Tehama,47.087018789648305,41.67938872359646,108.48832842004987,3.046692336791436,0.0
1459,edd2012d-0574-46a1-97d5-9ca42e7c5912,Wood Fire,40.62155,-120.49392,Lassen,130.3995768625744,23.82759127780508,42.06685274782475,13.68883343020462,0.0
1460,ad9ab6b9-53ed-417c-a490-6b594974f110,Baseball Fire,39.75638899,-122.94111111,"Glenn, Mendocino",62.987834544760254,49.791715643908645,79.01806722466075,26.44199081821246,0.0
1461,405d5f3f-66c9-4b69-8660-82780fa582b5,Grizzly Fire,39.774968,-122.384532,Glenn,15.371640953036632,12.673839072051045,126.58949422364168,9.417632914000482,0.0
1462,e1298aaa-1337-412e-ba09-7b29e87dad8b,Mann Fire,33.96957,-117.51793,Riverside,2.841229666568976,0.0,59.70526734915107,0.05487920517333615,423859.59299999994
1463,7411452c-1613-4e4f-afe6-865db0c476c4,Baker Fire,39.45493,-121.12381,Yuba,38.277367261956755,21.441414909792204,96.32313856164178,7.066694696020881,0.0
1464,083f1638-4369-410f-9b57-d53cfaa938f7,South Main Fire,33.65263,-117.40906,Riverside,7.600940197340244,1.9353866262720874,38.96106194902409,5.4107409975089045,0.0
1465,a87d4713-817a-47ac-9fa5-427c474cf9a5,Carter Fire ,32.93432,-115.5865,Imperial,17.74958138673513,3.1093434144679715,30.47829441007575,1.514422184152226,0.0
1466,3eff88c0-89ee-4abe-8f6d-f74b90c42f30,Red Fire ,40.09554,-122.43905,Tehama,18.864290813172936,15.184055503501911,129.6970664017621,13.71027843468847,0.0
1467,4b1b0f5b-a4f9-4965-ad6a-029c9d89c68c,Bar Fire,40.63442,-122.97693,Trinity,51.45888019030887,44.36595413268062,108.81250810479324,1.7062412247628567,0.0
1468,18b88d88-2c76-41cb-9b07-5c9dda8f56d9,Byron Fire,37.82066,-121.595225,Contra Costa,8.906289662591124,4.793019693733227,86.9747261150543,0.01557964888137651,0.0
1469,2dac9fb4-1c2a-405a-93be-92ed7788a1d2,Interstate 5 Fire,36.075003,-120.106407,Kings,0.39272163718696756,7.039326094011841,106.42474815664409,0.11571633269855984,0.0
1470,d0dbf515-0e04-42d9-a46b-8ea21d18374a,Hollister Fire,34.47438,-120.29379,Santa Barbara,131.1350979374326,17.02959154732753,6.329802893798155,7.978928232775346,0.0
1471,9a8425a9-f3ba-4afe-82d2-d9a9776959aa,Candy Fire,39.42208,-121.47273,Butte,56.380629217027014,5.660892012198107,126.28836409019168,2.516356302527707,0.0
1472,3788f0dd-0d61-4458-95a2-ebda03b815b2,Gilman Fire,33.861054,-117.024114,Riverside,8.357228070990537,5.046187523314926,79.28342348336322,0.019315283769774944,0.0
1473,0fa5653a-c3c8-4aad-84ce-8d1dd74f211b,Acres Fire,37.11715,-119.982359,Madera,75.95387927023795,11.45695636475045,156.05021447907686,2.1839333178704607,0.0
1474,adbbc326-9f9a-434d-b18b-67a44f3906e5,Spanish Fire ,38.697834,-122.403634,Napa,38.70495035347755,13.467046160225069,74.66263435369909,15.644824823353606,0.0
1475,53d70cde-ef0f-49c1-80a9-dc306a8cc043,Range Fire,35.34237,-120.70524,San Luis Obispo,97.18799827649377,1.7205379782743646,19.825577310141558,2.671907850657606,0.0
1476,57f40970-22b5-4d75-a8f2-2482a18f5bca,Harley Fire,33.83167,-117.34934,Riverside,8.954641651069071,0.0,57.49239301870742,1.7691835301465602,423859.59299999994
1477,7a979a96-aeab-4afd-b55f-532882f36a6b,Scorpion Fire,34.01389,-119.74577,Santa Barbara,114.48109607199228,42.378624874531006,9.953207811201843,42.99787696464233,0.0
1478,8ad07f5d-c8eb-43c3-94d5-547ee9c0e5cd,Acres Fire,37.11806,-119.93221,Madera,79.91489606111033,12.459702347951508,153.00381864543158,2.2986065077762476,0.0
1479,a47ae21e-d488-4978-ade9-aeed0db63fa6,Amoruso Fire,38.824371,-121.390862,Placer,13.351185539868782,3.2258509440475414,121.96427755396151,2.0655307007725137,0.0
1480,0b723ec6-680d-464b-ba30-b444506ceb44,Nash Fire,39.1296,-123.48018,Mendocino,112.5347735494848,21.536851222238983,26.265083286006494,4.726584225629575,0.0
1481,0eca3343-e9f9-4d09-9fc3-95ab90b153ae,Horn Fire ,40.809323,-120.288882,Lassen,146.14396999361557,50.804764211553255,24.48588486784239,7.703981281952376,0.0
1482,94b147a7-68ac-4e60-ba42-81fce8facd30,Smoketree Fire,33.782532,-116.524014,Riverside,9.546659073720745,0.41292594249889264,108.08154037188521,2.5259837111617385,0.0
1483,2672d8d0-6523-40da-ae4e-6ae6d48e810a,Wildlife Fire,38.232281,-122.042199,Solano,3.078444544136115,0.0,68.17202004958304,0.15352970095575047,30719.9799
1484,0416a81f-0a17-4835-b05e-fe59a6e7379a,Silver Fire,37.329163,-121.726223,Santa Clara,10.191007122221448,1.5702755430116788,55.984343338304875,0.06943172481707775,0.0
1485,a5085c95-252d-4d1c-9e8a-6657a74b7ed5,Brock Fire,40.837885,-122.097933,Shasta,18.683728673398438,21.957711799650696,129.5519236978598,9.072903299292625,0.0
1486,3837f75a-208d-41d0-8d89-5719a11912ef,Colleen Fire,37.229703,-121.851895,Santa Clara,10.74973837547232,0.0,40.72630919905138,0.0378857108172315,221900.11229999998
1487,57a6f6b7-eba1-4ed7-ba7b-6b078b06731d,Karchner Fire,38.98487,-121.340239,Placer,21.820619713360166,7.167152352830589,115.89519960035018,2.1368373653174517,0.0
1488,db5ad2e7-dc3d-41f2-91b4-4019857ee51e,Lakeville Fire,38.224849,-122.549816,Sonoma,29.037387973542987,1.8698069597475382,40.52377720127884,0.08013997919654145,0.0
1489,5698ae57-d61f-421b-8b75-623e9aa6debb,McGary Fire ,38.196893,-122.156313,Solano,0.4201277379549206,0.39327650346450405,58.30056122235742,0.1651362301675543,0.0
1490,e3e89516-4647-44bf-bd24-3293303f0776,Gulch Fire,38.216134,-122.536406,Sonoma,27.9705304626565,3.3155178231988454,40.639737169975916,0.2559499015863087,0.0
1491,74b04a44-7cc1-4c8e-bd9e-9f3efa631df4,Quail Fire,38.470809,-122.038208,Solano,8.06903085895608,6.810731566339979,88.39942018169447,3.8000962754397145,0.0
1492,b5527f83-ebbe-4b09-a701-4b4fe6d37b45,Willow Fire ,37.994368,-122.002811,Contra Costa,5.619394121293042,0.2037755656811528,56.2342384008284,3.2418388170417116,0.0
1493,9247b89a-38f0-4e14-ac4a-59386cf867b4,Bitterwater Fire,36.2644,-121.0781,Monterey,57.81927107904713,5.060971517493414,56.19600839316261,4.043961418699171,0.0
1494,876b63ff-62a2-4584-8aa2-d99f027c0e9f,Hunters Fire,37.61955,-120.215454,Mariposa,84.79220775515293,33.96487004043475,127.67751867440765,3.3448021166978434,0.0
1495,5a6e0c14-2906-4547-8024-e7b33071104b,Sperry Fire,37.463636,-121.16483,Stanislaus,1.1436099651598675,0.4872902195668918,101.56290113635018,1.0708040254608628,0.0
1496,8a4b6636-55b6-4999-9de4-7b0cb22390a2,Grand Fire,33.638067,-117.37581,Riverside,6.483230810054608,1.0546705555479727,39.56303877214212,5.1234478692030425,0.0
1497,6b50bab1-7dcf-43c8-b4d1-afada595dd32,Bradley Fire ,35.94979,-120.81509,Monterey,61.12220433620744,33.3742113786701,53.594872512190435,2.4926019195994153,0.0
1498,125e30fa-37fb-46ea-86ab-13058518aab6,Sierra Fire,33.82925,-117.46036,Riverside,4.958184638428464,2.590454102864146,49.986555449966,1.9241834522051113,0.0
1499,fdd59b55-6aa2-442f-b788-e1291bb49cb1,Oak Fire,33.78275,-116.89655,Riverside,15.681540632912661,0.3839472436060348,81.30022464835457,3.071674565718302,0.0
1500,d77e9eeb-a4ed-41b8-adff-9dd99aac5971,Cronan Fire ,38.827755,-120.988571,El Dorado,10.94175000602515,8.121209774680334,87.65409518889884,3.7271760987293736,0.0
1501,dc1f8080-9c95-40e3-859b-71f6a080f05b,Vineyard Fire ,38.89695,-123.21318,Mendocino,95.81364602174824,18.186196057233907,35.25210291370127,13.69821345466536,0.0
1502,21f49b4c-a5cd-4f17-90fd-b9f464b823c1,India Fire,33.37579,-117.47166,San Diego,5.1894597705194645,0.017616421341792976,11.528828581668304,1.1746327350790713,0.0
1503,c3c10b8f-a073-4ca6-bb7f-fdc57cf82b4c,Elizabeth Fire,34.29475,-119.17808,Ventura,53.74400632282021,0.0014878280967019037,15.76740960615756,0.01168707831096793,0.0
1504,3e6e0977-3563-442d-8bf3-d87c97b49880,Soda Fire,35.35146,-120.00521,San Luis Obispo,43.079515187622874,52.35183201170883,68.27619699670277,3.2511615526935875,0.0
1505,4561c1c7-f447-4450-9ea8-f9717ee19f8d,Lime Fire,34.46182,-118.77347,Ventura,13.461806952075488,9.21037454532287,53.59107499236192,4.605203348554793,0.0
1506,36e3b13b-c2d3-44f5-ba9f-23c1e9f73878,Skyline Fire,32.73044,-116.7862,San Diego,12.037893056766006,5.350131120913815,18.419059400119142,7.2955073979719485,0.0
1507,203115aa-8ef9-436c-9d18-32613f9fa286,Border 7 Fire,32.580882,-116.690712,San Diego,25.52502627292579,19.9925024846402,1.082477281257139,2.7056559473132373,0.0
1508,e86309b6-2223-4448-a7a2-bb83d4bc8352,Watt Fire,38.733421,-121.378879,Placer,6.434513136942706,0.6457078979240103,123.0440787765176,0.5066299433588827,0.0
1509,86e91f38-4e2e-406f-ad97-5a3b47a9ce76,Grant Fire,38.520981,-121.201927,Sacramento,20.576302226030556,2.164478304713737,117.03477148145632,0.016470295438332432,0.0
1510,50adb8e9-d672-49fa-95d0-657879169302,Hog Fire,36.82276,-119.36572,Fresno,99.70758432430561,15.696505049105827,144.16310327029925,0.8442994379502204,0.0
1511,44bf7479-689e-4203-9f38-8b05917db66b,Cornetts Fire,37.40827,-120.08522,Mariposa,85.39956834133692,23.360449251834073,137.7422683311797,9.365483444418842,0.0
1512,90d7bf99-5b46-4a48-a07c-7468829e50b3,Dawson Fire ,33.776033,-117.461925,Riverside,1.737691016979118,1.511239915464817,45.62669126966328,1.0416824132337843,0.0
1513,b19c7e40-eac0-4c33-9414-590752f5c100,Drum Fire,34.63309,-120.28867,Santa Barbara,117.52786460247279,6.067872081217535,23.9151182182554,1.5811732508189842,0.0
1514,4382036a-3c19-479e-9a78-325007c1de3b,Avila Fire,35.17977,-120.69959,San Luis Obispo,106.26844229078279,0.0,7.719756160958792,2.3545008167228474,17881.195499999998
1515,2190e4db-2b64-4d98-a5f9-00cc6221eec8,Bitter Fire ,36.3011,-120.92925,San Benito,45.62061430917518,18.406452116761955,69.32722714257976,17.275136483155034,0.0
1516,2250dea8-20a0-4e5e-b86e-bfe7821892c2,Riata Fire ,35.40953,-120.56823,San Luis Obispo,82.68754351782823,3.3582492386919536,32.7712956433054,5.017369051224175,0.0
1517,55a8e286-c088-45dc-8010-5c604dba3b69,Walker Fire,38.07741,-120.72958,Calaveras,52.027654938138824,11.179639738988731,118.93998660050416,0.6190327009050539,0.0
1518,fc3411f0-f9e0-4d0c-86a3-71afbac23f4a,Nelson Fire ,39.52408,-121.60037,Butte,51.297346677143395,0.0,137.32506380323443,1.9171247503127569,19103.577299999997
1519,7fc52805-21d4-4a56-b711-859d8c39e704,Liberty Fire,38.23432,-121.20828,San Joaquin,17.7533857383248,5.117305320451987,130.7136976426608,2.7795350216477046,0.0
1520,5a06793f-5f95-411b-9cce-b340ddd72061,Gyle Fire,40.000132,-122.205628,Tehama,0.006348004581825205,3.325588220395953,145.8316585049102,1.6723829886378667,0.0
1521,0cb8b199-ab94-42a5-a441-db7f272b170c,Ridge Fire,35.9497,-121.42113,Monterey,104.35119874703776,33.45079271589876,12.080208176989778,23.842440559081925,0.0
1522,c276a99a-8208-4402-b538-1e50aae50d63,Baker Fire,35.27678,-118.6894,Kern,37.09265797534758,12.860343561737244,128.94121987616057,10.012366251456967,0.0
1523,2a79a833-693d-4dff-a199-c93b5a3ebe39,Nelson Fire,38.89178,-121.33956,Placer,15.230862999191393,0.0,116.52026557699327,3.1654316710669503,366096.44789999997
1524,0fc1bc5b-7ac5-4a2c-8048-9ed74623b838,Fork Fire,36.37085,-118.845123,Tulare,105.67725967020499,21.416244033726436,150.40878184735158,8.431277520152967,0.0
1525,036cc8f1-ab4e-488c-8c46-86ebbb176d3e,Teddy Fire,39.37577,-121.45372,Butte,52.21104674941828,9.484730933784071,124.61646201416774,3.8709666664839135,0.0
1526,0413caad-a48e-447b-8ed8-1c8933360f21,Springs Fire,35.89133,-118.8613,Tulare,73.07560980135844,15.716310573931219,182.1827450357449,4.9745436584719105,0.0
1527,a1959cb6-24e4-45e6-bcca-b792abe932ce,Honcut Fire,39.36894,-121.53976,Butte,56.17455240092405,6.40501375415851,132.03032478088986,1.8449952289886469,0.0
1528,d7f02c71-a8b5-440a-b4a8-b8e011e214e3,East Fire,41.5017,-120.54161,Modoc,146.43939344071157,0.00029199857838567076,45.32111644014376,0.06994062146920477,0.0
1529,641c7a44-b74a-4dce-bd7d-44078847003b,Quarter Fire,38.08264,-120.20316,Tuolumne,96.91496054736695,1.800553881127674,88.22017168931379,1.6108392548495492,0.0
1530,c50ced87-e83c-406c-b349-49cad87e680f,Hunter Fire,35.90835,-121.08753,Monterey,84.82888186542706,28.265558893187773,31.95918512820389,13.723026167048305,0.0
1531,d0e31652-2b1e-4316-a1e0-c18ecb4ddbd7,Stage Fire,36.69845,-121.57407,Monterey,66.88415730797064,1.808481917806291,38.5311610506247,0.272148737358955,0.0
1532,e7d05a34-0fdc-4db2-b713-0e10119d105d,Grade Fire ,36.5537,-119.19677,Tulare,93.20848710072443,5.2432099544952715,156.40694049792688,3.752025103495344,0.0
1533,cf392ebe-9c69-4a28-b52b-3772c06b493c,Rico Fire ,35.9789,-120.87858,Monterey,64.7183123921082,30.777279788037266,52.24728097244897,1.7734566695476692,0.0
1534,58e5665a-7aff-4f14-8ebe-490e73d3d37a,River Fire,35.62906,-120.68326,San Luis Obispo,72.23334789527803,0.0,34.67411887707818,0.2840721288299858,24620.7516
1535,c5071feb-80ec-4fbb-9d2f-eee1f1cea68a,Sycamore Fire,36.97511,-119.33439,Fresno,111.7669851388973,26.50872200689372,129.65259059135096,0.775045204066449,0.0
1536,7d7f682a-0266-4758-93e6-795488af0687,R-2 Fire,40.43203,-120.28147,Lassen,105.03564257626405,26.103196140446652,24.25394462848727,1.3103680794288088,0.0
1537,54364494-e201-476a-8dc7-fbf2e0f94f60,R-3 Fire,40.44793,-120.04635,Lassen,103.25125957997146,45.99487522769688,4.301485710596985,16.821758288240922,0.0
1538,5b8b9b63-9cc6-4d55-9502-87009d75732c,58 Fire,33.27665,-115.96594,Riverside,43.67733777918993,26.254395650728306,71.409006403723,1.0237663888663961,0.0
1539,64b9cf19-314a-4986-ae35-cf89f1f8bc2a,Diablo Fire,37.46265,-121.18355,Stanislaus,0.27536158241541275,1.9525286897285683,100.18068493789069,0.38245202325688227,0.0
1540,d10cd103-f627-497d-a338-6430438ed7fb,Bend Fire,35.30742,-119.88048,San Luis Obispo,37.62987627318898,40.01675346460704,77.16960063280753,4.9240896821400835,0.0
1541,5b2b1489-ad5b-4104-b267-fdd61c0c48e9,Aurora Fire,38.22554,-119.00289,Mono,123.44069466402435,63.305904829725804,6.691243446106901,17.62888601701147,0.0
1542,b13b3fea-fd2f-4c14-925b-63737df97f2e,Indian Fire,33.565093,-116.750925,Riverside,37.375177707784324,21.814175280047476,76.87624761456247,3.0877861493889713,0.0
1543,4db7101a-8097-4211-ab16-544f136dd35c,Poeville Fire,39.32596,-119.81098,State of Nevada,0.36874319666990296,17.545262691444393,16.824655316924133,18.740236746855015,0.0
1544,a9397846-b830-4a42-a7e6-d2be9684a989,Pass Fire,37.06641,-121.21912,Merced,17.95630718550523,26.23634431426651,78.15154198129477,0.09878692265168977,0.0
1545,a6c54f7f-20f5-4c3b-a27b-745d7274def6,Gage Fire,35.69993,-120.96759,San Luis Obispo,87.4965300062826,17.08977524800305,24.47166244616611,16.267685718217116,0.0
1546,58a3d354-a532-440e-bfa8-aca414cf4cd0,Muck Fire ,41.0336731,-121.2199939,Lassen,90.33940899124772,35.75639523498311,102.66035886245078,7.282223660773309,0.0
1547,fd24cc01-1057-4572-a83b-1775d49f42f7,Avacado Fire,39.3784,-121.4319,Butte,50.76803147786187,10.817694294692338,122.73671152325794,2.426795955094442,0.0
1548,49378c25-ecdb-406d-829b-755f2b248fcd,Flat Fire,40.791509,-123.437051,Trinity,85.99850324462072,49.76792751597103,66.52568379874003,10.16170999118783,0.0
1549,14042a79-1fd0-4e82-b17d-1b201306de22,Bena Fire,35.310132,-118.702732,Kern,38.6221781625609,13.934339654758052,131.29709368333735,9.523679339768538,0.0
1550,ba60e1c4-d812-4b33-9a2e-b240a1b29408,Rowher Fire,34.542742,-118.324601,Los Angeles,26.9218324728827,10.83961132244498,65.20903435523861,2.0765933768819345,0.0
1551,f969420f-82a1-4edd-b7d3-28672e9d74b3,Bonadelle Fire,36.9678542,-119.9252132,Madera,69.7705401438078,0.5629953357682422,165.16779690062674,4.9902981509470665,0.0
1552,ac5dad8d-89f2-4f3f-b710-34661754ebb6,Soda Fire ,35.393889,-120.053275,San Luis Obispo,43.801835116081364,49.42158036590901,66.4929366983171,1.4102613127050563,0.0
1553,b564196f-6499-4e1e-b896-7b6211d97f90,Mount R Fire,34.182436,-117.124353,San Bernardino,14.277423634326619,1.8316974274759477,99.9305539154753,2.7225525312858654,0.0
1554,43289809-2636-4d90-8ed2-0012575d9e1d,Sheridan Fire,37.536015,-121.876277,Alameda,3.8677885244484274,2.3333221523287277,56.14298252702391,1.248654363129784,0.0
1555,90f61641-f44c-4180-bb82-9238b1effeb7,Lake Fire,35.351065,-120.00485,San Luis Obispo,43.080993952751584,52.30381315358647,68.28818673764988,3.2950901963413983,0.0
1556,7f3042f1-3e76-4c3e-82c9-a0761c1c8b90,Park Fire,37.166733,-121.567505,Santa Clara,31.458126182798452,1.9891431848916543,53.445121562172545,6.291493199313229,0.0
1557,a7138f52-b933-4054-ae63-5f8e1e950be3,Cotton Fire,37.091637,-121.086625,Merced,6.233188798823156,18.344536157295416,90.2425777889622,1.3884144372095637,0.0
1558,cd2e7a3b-7b00-4da4-8612-a19a22c88fca,Kings Fire,36.750186,-119.116536,Fresno,113.48754118263135,21.251303916790885,135.38844309095862,7.762977741609455,0.0
1559,304a6ef7-53f6-4d2d-8d11-be431a7d75e8,Crews Fire,37.034839,-121.501532,Santa Clara,41.832453486238,4.51732703557097,52.95164400557706,4.889588356133911,0.0
1560,2102ace4-f67b-4060-8795-f3cea12917e3,Soledad Fire,34.467915,-118.328877,Los Angeles,19.481901720631598,5.023416570206787,57.28877772347836,0.5316103070953402,0.0
1561,fc988bbb-4f93-478d-8a6c-b1be51d436c7,California Fire,38.02996,-122.25471,Contra Costa,0.04849459311529634,0.0,39.436598164901454,1.324729773634252,406906.8612
1562,ce7dddd1-7a79-4aa4-b6bc-f4181aa2ac05,Patterson Fire,37.71984,-121.53524,San Joaquin,0.00343841352610051,3.0868353535055957,91.34672864747796,0.9052851154395438,0.0
1563,deaaf3fb-e0b2-4430-97cc-10d6d626df27,Mountain Meadow Fire ,38.21614,-122.12447,Solano,0.8075860072370508,0.0,61.771496771466886,0.060923635824115134,30719.9799
1564,f398ee10-0c99-4096-be61-7c1611035ce1,Brandon Fire,38.58488,-120.941267,El Dorado,33.307715195133696,5.719286052673587,93.70517989377078,6.513850613497185,0.0
1565,a378ae17-9133-433f-8b63-23a1a7c6a4c6,Nail Fire,39.35498,-122.65813,Colusa,39.87454082959575,29.06853742229408,101.43984433467303,27.73958159745298,0.0
1566,b4413d75-dc78-4810-9db3-c644a1afc5f3,Tripp Fire ,33.551838,-116.7464168,Riverside,37.398565081992196,23.31522416314905,76.42152133322419,1.6165179016190712,0.0
1567,49be3366-f2b6-4ff5-8541-a25ad9bdc607,Alum Fire,37.37731,-121.79349,Santa Clara,4.629536934848705,0.0,57.66905220518779,2.565204574612116,221900.11229999998
1568,1d6a3faf-2e35-4c7e-9efd-54339ad56ed6,Power Fire,37.1487,-119.50307,Madera,111.15043842005412,19.579343952853854,125.27058014965841,0.2050722259548399,0.0
1569,2865a54c-f7c1-4595-b4b9-1c8082df22ce,Elliot Fire,33.623968,-117.108421,Riverside,5.818637147934076,0.45458853269690186,54.92323905740808,2.64455385961067,0.0
1570,dd705c7f-d18b-49a5-be60-c828d5c047fb,Robinson Fire,39.43227,-121.37994,Butte,50.7564086872055,9.862297612885286,118.31870548197712,4.239415797470285,0.0
1571,777f38a7-7d43-4641-998f-8524c692980c,Casino Fire,33.48429,-116.83552,Riverside,28.02476770704873,20.043167132031517,65.43213091494734,5.556850515425162,0.0
1572,ef5e4d08-bf3f-4df1-90b7-92e4e2a2fc91,Mineral Fire,36.09493,-120.52193,Fresno,30.278442175078386,13.515158057351357,83.5848619011789,3.7006531419485187,0.0
1573,03459423-a538-4952-ba0c-c020face9151,Coyote Fire,36.653,-121.04401,San Benito,31.66799215629964,28.469189318164577,84.5110196972299,0.6936646822134197,0.0
1574,79575aba-0ca4-446e-a28e-39bafbad368e,Ben Fire,37.42319,-119.95807,Mariposa,95.26909959985827,27.13780238459359,129.03893446666748,9.66833598194915,0.0
1575,d268fd6c-a177-47b2-b13c-2ac26a02289e,Valley Fire ,39.10112,-121.33589,Yuba,30.38664813278323,11.220109667736363,115.11784216766961,0.0001441730047463085,0.0
1576,a417d993-c3bf-4c5b-a01a-7d56a209a12d,Hollow Fire,37.64044,-121.59374,Alameda,10.089034421753796,10.070523874580243,83.59092675956305,0.12870985890447864,0.0
1577,4035078f-8136-447e-8daf-3a63462a73d9,Pitzer Fire,34.39464,-116.97557,San Bernardino,33.79993597076657,16.094468764748015,126.84734402248516,0.0014534727868442806,0.0
1578,9520d0cb-1a4f-4dc0-bd38-967f5ee353f0,Badger Fire,41.79319,-122.69296,Siskiyou,7.896423694860687,4.917148637455608,23.40778597487879,6.667228713560922,0.0
1579,fc0b7761-54a3-4275-a550-313d2b604f5e,Hog Fire,40.420886,-120.86375,Lassen,118.58415562863769,15.910612934439774,73.66723463878375,6.158723243871392,0.0
1580,c4d60e70-ee95-41f1-9e6e-4df4bdae3748,Platina Fire,40.462621,-122.792645,Shasta,38.3475666913634,31.66705168371347,120.39590339051584,10.555603749735308,0.0
1581,9d4f56ae-b319-49b0-9a77-10088a2defda,Gold Fire,41.11037,-120.923293,Lassen,113.0777336276701,51.20680463157311,77.60465279128394,10.156645161855177,0.0
1582,1c0e692a-8afc-41e9-8ac7-d27b977f0cdd,Milepost 21 Fire,41.1849445,-123.6986222,Humboldt,104.85339622191096,39.277595447353605,40.46288103356973,14.326307275803947,0.0
1583,64390cd6-42d4-4e9e-8dd9-1077f5191243,Feather Fire,39.506597,-121.604579,Butte,50.84084689749662,0.0,137.69807820465132,2.089303773185898,19103.577299999997
1584,cac8f4bf-d269-4f13-b59c-07670b34f81f,Holland Fire ,37.977309,-121.620238,Contra Costa,23.231906613993022,0.963322070528263,87.53799812058732,0.3887797886177589,0.0
1585,f66fb4e4-cd4c-4410-9c00-43fed5882fb4,Easton Fire,34.135626,-117.192142,San Bernardino,7.728941114631643,0.0,91.94466620904731,2.4455546873236025,423859.59299999994
1586,8146a328-05df-4b38-b11e-1c6fcedb1df7,Rabbit Fire ,37.118075,-119.932391,Madera,79.90157412704124,12.465734362821133,153.01323315499542,2.3002703782295257,0.0
1587,1505ac89-a71c-4c77-9ae4-fb3eb34dbc66,Iris Fire,37.518879,-118.711135,Mono,191.74573115469695,24.899814981726824,47.79319375882554,4.5583335769440545,0.0
1588,c002a55a-95ef-4286-b358-daa8fd3ad086,July Complex,41.699,-121.477,"Siskiyou, Modoc",81.85837581185874,79.50323333409663,33.12949083370998,9.689760637631178,0.0
1589,22bb346a-660e-46cb-8c54-dbcda18fc4d6,Jack Fire,33.93327,-117.033124,Riverside,2.8623490078573837,1.106058785174652,85.07606045985023,0.04640211148992556,0.0
1590,0364a8dd-0971-4f24-a020-6f4e97ccbace,Hill Fire,39.013591,-122.359663,Colusa,23.266701155354422,22.24829636259902,98.09412771056161,6.195020805301857,0.0
1591,4d799b0d-240a-40fa-9ca7-f64aa1cd4002,Karen Fire,34.028116,-117.429598,Riverside,4.330661941642545,0.0,69.44133529408309,0.8665125881491899,423859.59299999994
1592,1cffff17-9678-4f17-837a-e4e11ae77c1b,Ione Fire ,38.420382,-121.044895,Sacramento,37.97634392450301,7.408832516107936,111.20662472881256,8.329955605241533,0.0
1593,9810b7b8-b865-4413-a60c-5f47e8945eda,Cottonwood Fire,37.083806,-121.101634,Merced,7.816395366200192,19.654836983882237,88.75403671834935,2.5646773316403437,0.0
1594,69aa5821-3027-464a-9c61-daa8b75e090f,Adams Fire,39.922415,-120.025872,Lassen,45.46851254042771,38.477120367592335,2.308803076538183,0.3951737896129383,0.0
1595,dfc476d5-b274-4bfb-bf55-4af5ef611f5e,Ridge Fire,34.75844,-118.72004,Los Angeles,6.912402235626611,16.429880103436044,80.84804641477946,0.7300238889563195,0.0
1596,4751b58f-771f-4d9c-b742-4aad10ef45eb,Lincoln Fire,40.78804,-124.19954,Humboldt,149.53698967218222,0.0,6.607756806199138,0.008749087502393138,14412.1251
1597,66f80cfd-55ff-4f8b-b971-708bef8c6d87,Border 11 Fire,32.62212,-116.77048,San Diego,23.614387692119262,12.872993303823458,6.338987629027614,1.671632912425687,0.0
1598,b7cf91b3-e441-46c7-8214-a2ce84a21a3d,Branch Fire,35.35146,-120.00521,San Luis Obispo,43.079515187622874,52.35183201170883,68.27619699670277,3.2511615526935875,0.0
1599,71cf5cd0-78c3-482c-b0d3-148bb24c4853,Brook Fire,34.25143,-117.45479,San Bernardino,0.5996004717198861,3.0475951327473463,87.32850703675003,0.45692821904378167,0.0
1600,3481e6e5-c6e8-4891-9e65-fdc3147ae579,Clay Fire,38.40329,-121.17197,Sacramento,26.73274169697831,10.085343290157889,121.4132610252877,2.781700553789922,0.0
1601,aa193e22-7d46-42fa-8638-8ee1e1cbaa2c,Rabbit Fire,33.934137,-117.034461,Riverside,2.870134358066904,0.9958310960338238,85.08095951553386,0.060935125450570435,0.0
1602,2806bdb9-c1d2-4ace-b602-734e24282852,Dam Fire,34.17363,-117.889503,Los Angeles,5.726810022251783,0.9443219613006749,57.18982001587845,4.490421881637438,0.0
1603,04013e6f-d207-4043-8d3d-00aa5d332d85,Sheep Fire,35.14357,-118.7933,Kern,20.27196287083483,5.611319971160265,111.41054134585843,2.0283271018391797,0.0
1604,8b9ae457-96ea-4041-912c-6b33e8498d98,Apple Fire,33.99139,-116.9617,Riverside,6.306132955746796,0.0,94.18844482260175,1.703016051682799,423859.59299999994
1605,5b3fa4b0-d0e0-46d3-9ee8-0b4a9ff7c225,Cowhead Fire,41.52261,-120.17183,Modoc,177.2867274550579,30.170430193754257,14.439607177643937,1.2213450205039413,0.0
1606,eeb8174a-f5a7-4fb1-b611-45e85c858326,Stump Fire,40.34659,-121.6415,Tehama,52.8467290767074,48.75902708679861,139.75973850631442,20.931760848808604,0.0
1607,00f6ca27-183c-4c2d-99f4-0362ddb522ae,Castaic Fire,34.51853,-118.59699,Los Angeles,3.1873581698850533,2.2788324525903367,58.8272900317817,0.46863180787222797,0.0
1608,5f88019a-39cf-43ff-921f-d5442e47f98d,Pond Fire,35.43128,-120.47346,San Luis Obispo,74.10570293781451,11.551270202406172,41.56271371874353,7.31628248527901,0.0
1609,dddf569c-7540-4822-8bf4-bd15d5c4473e,Sophia Fire,38.686478,-121.103299,El Dorado,15.303013708820657,0.0,101.71642360978389,0.17049482139770222,366096.44789999997
1610,f05306b4-6281-4140-9d63-ea077c080ce9,Water Fire,33.924086,-116.641846,Riverside,0.03227369446795474,7.601751490938819,109.27593285530907,0.1618154403154033,0.0
1611,91f3f77d-6b4a-47fb-bc79-a0250cded29a,North Fire,40.36764,-120.44811,Lassen,102.68093513532587,11.217336849600745,38.406470702894715,0.061411071229607296,0.0
1612,7482a8eb-a31c-4556-b8d5-e6f86c4f3904,Sites Fire ,39.31313,-122.48525,Colusa,25.03063796428841,32.40819950424022,113.17699679232847,17.326575427407434,0.0
1613,8d4fb3c6-8522-491b-a388-afad50660bfb,Post Fire,34.04447,-118.21608,Los Angeles,0.002832764840904613,0.0,29.595623995072387,0.36756380456421733,1351187.3420999998
1614,8b1c928f-99e8-4778-a988-445e154a00e3,Beale Fire,39.11307,-121.38178,Yuba,34.12856806972162,10.710230947017306,119.0467066317238,4.019125451322512,0.0
1615,e2d97d53-bcff-4f0d-8b94-0ccfeb100f15,Elsmere Fire,34.3428,-118.49731,Los Angeles,1.1852143280425356,0.8446548139424332,39.78555147527377,0.07264205702972101,0.0
1616,e2334135-81c5-44a5-b20d-c3a9b1301531,Stagecoach Fire,35.43044,-118.53361,Kern,58.97531532741758,17.88487443249794,151.0560179146808,1.018277583704956,0.0
1617,88172824-3f0b-4b05-a97a-bd2eb7576642,166 Fire,34.93442,-119.5795,San Luis Obispo,48.63950817369194,22.88320004762323,62.885494993567164,0.7719726008713909,0.0
1618,2b313120-5794-40d5-aa39-c7e621856d14,Trimmer Fire,36.90933,-119.2439,Fresno,114.09717570282815,28.917542366732754,129.76533834255548,3.9859989205847017,0.0
1619,7ece0a57-ab39-4d98-83bd-2a09f32b5242,Pass Fire,35.61521,-120.40457,San Luis Obispo,56.866977228427125,21.41534149937559,53.815718586441285,10.047633681138354,0.0
1620,a79536eb-5ceb-4219-9b96-fa0632c4a289,Fort Fire,34.93929,-118.92967,Kern,0.005815632477748943,12.509751227041594,85.76721132141789,0.005518957818145697,0.0
1621,c4e48556-0c23-45e6-aebe-d1bcda4e52c5,Mina Fire,39.82454,-123.262437,Mendocino,90.64999434078611,41.764407937198,53.589787327730306,4.431342744000659,0.0
1622,56e82924-7e7b-4cd0-9221-7f299718b493,Duluth Fire,38.81111,-121.318472,Placer,7.413781740295534,0.492308714157968,116.04524133490578,0.4251494399388328,0.0
1623,3d5e2cbc-f2f3-4cd3-b6cc-0b2483940f8d,R-1 Fire,40.590714,-120.549595,Lassen,128.86531192893227,18.583236718592133,46.82081964760744,19.507001632759522,0.0
1624,14e1721e-3907-4b2f-b9f9-3842a7d7106e,Soda Fire,34.962524,-119.444977,Kern,37.40125636510491,17.745254143426774,67.7769716412014,9.393821741708171,0.0
1625,49ef4e59-6a57-4219-a29b-d75f1297e356,Lake Fire,34.679,-118.452,Los Angeles,23.781854202556865,15.822601486764801,77.32029720811954,6.95705877721129,0.0
1626,d6ac2ead-0f03-4c79-bda7-a7a2f11050b6,Carrizo Fire,35.308259,-119.987565,San Luis Obispo,44.840992531326954,49.03020923213113,67.97119613582294,6.279086696586291,0.0
1627,5258de73-6c10-44ac-99e0-88602a8a83f5,Meiss Fire,38.474502,-121.172572,Sacramento,26.059051843712343,5.525529917965896,117.28267845886789,0.124056581995258,0.0
1628,5671f6fd-7689-48e6-b792-03e3cfe95ff2,Ranch 2 Fire,34.160265,-117.910498,Los Angeles,3.605088328468672,0.12573476372564646,55.09201545182163,2.327914710570499,0.0
1629,26e7a17a-2494-4e88-8029-e6bedc06c234,Feather Fire,39.716713,-120.889438,Sierra,50.00716002601587,23.521436875414384,76.12029945029057,21.161208042202542,0.0
1630,0707e044-ba48-42eb-9263-6e2aff583b33,Clark Fire,39.647686,-121.633994,Butte,48.89925356632789,8.840647639482585,140.0381250915346,0.003050768600549674,0.0
1631,ab24840f-90e8-460c-bc88-d25091d7b61f,Loyalton Fire,39.702438,-120.143473,Sierra,24.822551159104233,24.995831385783823,12.212643342833665,8.771039154836568,0.0
1632,36aa4641-bb29-4b34-baad-e96406b4f702,Whale Fire,35.472114,-120.856731,San Luis Obispo,95.65854704356539,4.433855872024809,11.221984123907092,2.3269718208927705,0.0
1633,3a48ec04-0297-4561-bb64-e6461acde361,Hills Fire,36.09876,-120.427342,Fresno,22.51239023649967,5.296033876905599,90.28642669356529,0.08968350801728747,0.0
1634,f6f24a2c-2072-4736-bca7-9a615af3156d,3-2 Fire,35.519723,-120.801074,San Luis Obispo,88.35257580290713,6.092415501694174,18.510673620333126,6.670624894638464,0.0
1635,119469ac-fe6b-4934-ac17-36a73cefe958,Elk Fire,39.52452,-122.427358,Glenn,18.253079023225055,17.82755344006864,120.9109958084837,6.203391821864309,0.0
1636,ff4d7735-a5d6-452f-8775-3b208eb046b2,River Fire,36.60239,-121.62161,Monterey,76.81659991850896,0.6445523667095142,34.26651002607141,4.028675342464611,0.0
1637,b8f267be-9911-44ee-8a73-7a0537fbd6fa,August Complex (includes Doe Fire),39.776,-122.673,"Mendocino, Humboldt, Trinity, Tehama, Glenn, Lake, Colusa",40.061927428490776,37.252810252803414,102.0770864348631,22.702169980721127,0.0
1638,a7b2fc4a-18ce-4a89-b192-24c1389c014c,Jones Fire,39.29241,-121.100352,Nevada,22.646989583122807,4.539542622423146,94.27834982813455,0.06121450295069763,0.0
1639,dae6355c-6a97-4031-a0cb-b34448bc41dc,Beach Fire ,37.919382,-119.010655,Mono,153.32457694676708,29.334555689971413,32.4023378806559,7.123484109048644,0.0
1640,625e0c82-b8a2-4acc-8ff5-19787ca65b69,4-8 Fire,39.555943,-122.5012461,Glenn,24.58909616728116,24.425137147386643,114.51126538237101,4.379638176377959,0.0
1641,f5d17ece-121c-4426-8235-d898b6aa1fa6,Holser Fire,34.438759,-118.758965,Ventura,13.246438068205935,8.285299730602192,50.94676046719543,2.2356888822347667,0.0
1642,1b0a862b-8fd9-4aa9-8ac7-f6ca6b3cbd39,Murphy Fire,38.840068,-120.876546,El Dorado,18.150810768708382,9.38358250113326,77.88254273146103,3.18157658858572,0.0
1643,d19ac7c7-c899-4600-82c9-fe24dc29f3c9,CZU Lightning Complex (Including Warnella Fire) ,37.17162,-122.22275,"Santa Cruz, San Mateo",22.102703278308496,5.170515935339292,15.301803857394985,4.866146678056915,0.0
1644,22c6ea3c-304c-4b3b-bfba-7c9dfc63d9da,SCU Lightning Complex,37.439437,-121.30435,"Santa Clara, San Joaquin, Contra Costa, Alameda, Stanislaus",10.051799045711487,12.409785590461006,90.25936376764926,8.935814493334355,0.0
1645,3fa74cb0-3c6d-49b1-bb20-3d7fba0c0249,Bell Fire,38.183,-119.869,Tuolumne,110.79465145336671,30.112600928051613,60.49890068273867,14.548966847361562,0.0
1646,06f4e066-b0d2-4af9-91a3-518aef4d0197,Carmel Fire,36.4463,-121.68181,Monterey,91.60596284009935,3.9105540489507904,26.77384937167607,2.7807074040518986,0.0
1647,c387f9ae-a783-4dab-b9b7-12866c8a6a34,3-19 Fire,39.276,-123.013667,Mendocino,70.72846349358728,14.210135455897088,69.65789252843508,7.5585957620139395,0.0
1648,ef9d3424-5838-466e-bb92-ac5dc23be5c5,Salt Fire,38.027921,-120.763258,Calaveras,47.86686199864641,10.889038226133904,125.02560446363624,3.7031788570799224,0.0
1649,1eadad68-344e-4728-8390-b0d31b96333d,Creek Fire,39.8174372,-123.2111007,Mendocino,86.22986655277185,42.263173562326664,57.56533091301411,4.720278247147715,0.0
1650,9645c55f-2b11-40ab-9ae7-df424d685a2d,LNU Lightning Complex,38.48193,-122.14864,"Napa, Solano, Lake, Sonoma, Yolo",17.313326390880523,14.261439395777897,83.90667262158125,4.087402738417653,0.0
1651,f6aba342-3b28-460b-a88a-96ccbdcb3c14,Butte/Tehama/Glenn Lightning Complex (Tehama/Glenn Zone) ,40.09571,-122.4393,"Tehama, Glenn",18.884788625982335,15.192770288983507,129.68146091380876,13.730899947940458,0.0
1652,7486c76a-019a-496f-9d5c-f4b962906fe4,Flint Fire,38.03106,-120.85258,Calaveras,40.2857353590131,6.708282674497734,129.8824700586113,3.315345737272889,0.0
1653,c57a1d32-216b-443e-bb67-87be3232bf8b,Moc Fire,37.813779,-120.312565,Tuolumne,85.04834269761973,15.450472745341056,117.03546019849631,1.1386234784404023,0.0
1654,d09da426-ed85-4909-892b-2505c4813d93,Volcano Fire,33.454896,-117.328234,San Diego,15.874315176054507,8.915674736663716,27.201934447655475,2.7506048948175605,0.0
1655,a453303f-cb87-430a-9a3c-d9b2f0b7ceb2,Coyote Fire,37.18725,-121.68465,Santa Clara,22.47255383186158,0.9601356431001998,46.46384360241746,0.042337062847980944,0.0
1656,6edfd658-def5-451c-86bd-83cb2280e34f,Sheep Fire ,40.274,-120.757,Plumas,105.7581548475817,16.020614767488837,64.6847778055223,12.28813517484674,0.0
1657,354f212b-e177-45dd-920c-9f427afdb740,W-5 Cold Springs,41.028611,-120.281389,Lassen,167.8109647072737,54.426422684927516,23.692242443682176,16.145621373848613,0.0
1658,60c2ba16-9296-4fb9-aba2-1331c25129c6,Woodward Fire,38.018089,-122.836701,Marin,28.834504616572204,16.404200383853542,6.710823876152662,5.154632843230316,0.0
1659,354cbed0-3717-411f-b95b-c26137b4a2a4,Placer Fire,35.4335197,-120.1243296,San Luis Obispo,46.98837367407233,43.21773796197153,63.41864675980022,5.514737037898544,0.0
1660,a89673de-1c0d-43cc-9a96-bd83f632bf65,R-8 Pinecone Fire ,40.773,-120.536,Lassen,147.45457891642144,38.1831402690909,45.36653022675298,11.816864114943643,0.0
1661,3826c0d8-e78d-4608-889c-b7c4f6c37a25,Perry Fire,38.8825,-121.10411,Placer,0.029162609939696413,0.002220790370525687,96.40389604988275,0.26128139908287734,0.0
1662,1a62a4b4-ad1a-4e12-b8ed-a3a50e3d1722,Johnson Fire ,34.65979,-118.36411,Los Angeles,29.265566389863547,7.633794758658024,76.66822964794318,0.4505638561168991,0.0
1663,5937fad1-a332-4d92-ba83-c8022173b5ba,Hensley Fire ,37.08053,-119.88673,Madera,81.18175621051434,7.802101726208692,153.55182167228728,1.8878030764249885,0.0
1664,8856e738-79bf-4a21-8926-f1abbbac3a6f,Hobo Fire ,40.82126,-123.12461,Trinity,59.53493273824485,60.749846664290324,91.36286169047456,5.50987496819196,0.0
1665,4336b2f9-35c5-430a-8b5a-4fbaf1798cec,Slink Fire,38.568,-119.568,Mono,69.0751010692994,47.97485648738456,11.073426260833493,45.28571671667918,0.0
1666,44276cce-9fe4-472d-aac6-4d08e9d01365,Catholic Fire,39.012743,-122.637037,Lake,44.94557729675162,0.07520062787670546,81.18099861744639,1.3861399051107246,0.0
1667,7e359448-0344-4407-a289-e4fb7823ac3c,Creek Fire,37.19147,-119.261175,"Fresno, Madera",130.99144719080388,33.03820084987182,107.40546699019407,0.13736197711083797,0.0
1668,5367d20e-b24c-40ef-acd1-93c05e4b73b9,El Dorado Fire,34.08056,-116.98669,"San Bernardino, Riverside",10.881173467715136,2.8880086471186956,100.38444946457099,1.8224843516899072,0.0
1669,9277ab02-734d-4b01-ac35-c27ba62c2af3,Valley Fire,32.765615,-116.692705,San Diego,7.971629348115645,5.647427925501086,21.45079391391733,0.34998577181109086,0.0
1670,6fd76607-08af-4c44-9e40-edde0bc9d6cf,Oak Fire,39.4935,-123.3965,Mendocino,101.58837889909853,3.4148657617128335,38.14861235364185,2.178100294604795,0.0
1671,1e437685-8470-4dd5-bf6c-54e75143d36a,Fork Fire,38.99,-120.394,El Dorado,36.277548703097374,28.320673958491266,34.02234837713732,3.4705743993704705,0.0
1672,7442faa1-3681-4b85-8ed7-229e34ee3011,Willow Fire,39.3637,-121.32361,Yuba,42.18220584661388,15.46381183782111,113.42924655992032,1.2885549975701074,0.0
1673,a7f3e6f3-3e15-4350-a0f7-2a5392e0708d,Sperry Fire,37.46377,-121.18018,Stanislaus,0.0002213922705294631,1.6930990889018729,100.49261433735231,0.06990664434830232,0.0
1674,2cdf609e-de06-4e0b-a2bc-527ffde51064,Schoolhouse Fire,41.68229,-122.84057,Siskiyou,16.634040963408165,15.443622155343226,35.66958990958503,0.5128530887806905,0.0
1675,8ffb7148-7668-452a-8fbc-3a2b49b753ea,Shackleford Fire,41.575549,-123.021635,Siskiyou,34.420045967716916,33.11384414617335,47.41557158040917,10.40404634626164,0.0
1676,aab65b54-103c-4101-a70b-5983533d49e9,Bullfrog Fire,37.135474,-119.027309,Fresno,144.32843242095353,54.470238758659654,98.19889826856587,11.754038347787684,0.0
1677,4f2c2a0b-d187-4e11-8841-3a014cadd739,Fox Fire,41.211022,-122.847359,Siskiyou,42.358663771083755,42.8753545187185,87.94035631051887,17.997462251945507,0.0
1678,55684e7d-4312-408d-8538-51e2006581b0,San Antonio Fire ,34.773809,-120.491594,Santa Barbara,118.68385747991387,3.662255723647989,17.863748600397802,1.0324764085831792,0.0
1679,0e83ff21-5cb8-4f2f-b059-58a77d39b502,Snow Fire ,33.88831,-116.68386,Riverside,3.791223522379306,10.747159059823845,103.73761785633299,0.008431851974867125,0.0
1680,d6b00a56-682d-4908-bf07-45eef54c9198,Glass Fire,38.56295,-122.49745,"Napa, Sonoma",47.3641631867518,2.3742631269827736,60.533776124375116,0.3399540509799248,0.0
1681,f0a3f022-0d5a-4d47-93c7-2a73cb081740,Zogg Fire,40.53927,-122.56656,"Shasta, Tehama",17.744851427317442,10.905641278063666,140.88129597676394,6.439969512424621,0.0
1682,26f0d1c5-8df4-4201-810f-0b136677e4c6,Martindale Fire ,34.563,-118.4,Los Angeles,21.603454114090653,11.410050328517537,65.45836430627953,0.660142304969221,0.0
1683,eef565af-d64a-4c72-a4a2-6a9d13e6211c,Candy Fire,33.764357,-117.374419,Riverside,4.02169927695512,4.310331626908998,50.4596548997181,2.5044758753550096,0.0
1684,fdae8b5d-95f3-4eaa-bd71-35cd402a94f9,Copper Fire ,38.49375,-121.003602,Amador,35.64270647285759,5.103590765047549,103.62532483457112,8.568874173240877,0.0
1685,745a276b-488e-40e6-b62d-065111a98139,Pony Fire,38.464074,-121.039236,Sacramento,35.437461765981766,3.1175723545993836,108.03450248254562,6.440951868164636,0.0
1686,8b25feb1-9eb7-433d-8abf-d6ab554c9fe3,Lambert Fire,38.424016,-121.006635,Amador,40.49071466236647,6.56903208598327,108.27293320758733,7.011427506014683,0.0
1687,b341b09d-2024-4b2a-a439-f39409abb432,Fields Fire ,39.181047,-121.450982,Yuba,43.65926614437162,6.69959247497143,124.79594006996803,1.6632045290193147,0.0
1688,65b0ce28-b5e6-4dfc-b569-96716e556c90,Irvine Fire,37.821737,-122.104314,Contra Costa,7.160979110639413,0.0,42.4904500783047,0.7388455988970015,157511.4993
1689,4a85b108-3756-4b00-9767-56591a517c8d,Diamond Fire,37.98337,-120.64541,Calaveras,56.69850218836564,11.397252022060249,122.00726832937545,0.10124663268308295,0.0
1690,45c76674-7d01-4fff-bb00-a08013019a86,Bruder Fire,34.014728,-117.138078,San Bernardino,1.7831251457352868,0.31075617930143,85.59026221370284,1.8751278667553921,0.0
1691,cbd8fd0c-8d0f-4df3-aea3-1355a685bb96,Cameron Fire,38.659387,-120.964726,El Dorado,26.16582709563278,0.0,91.73331121117967,0.06581360948921135,366096.44789999997
1692,64ea3d93-de8b-41fc-b5eb-af37e8ac1f95,Ferry Fire,39.51694,-121.54475,Butte,56.02260207602207,0.0,132.55044398926057,0.4133610432550466,19103.577299999997
1693,673a098f-d4f2-43c6-96c7-7712dafd20ec,Redwood Fire,40.55823,-123.88658,Humboldt,128.7401559707098,17.464370863814608,41.76330728754788,3.2538738859341696,0.0
1694,67cd9b6f-a40b-4f0d-8efc-2dbe4fd9d990,Pope Fire,38.56184,-122.37828,Napa,36.9932977649328,7.089636544572899,70.13994127824081,6.7267710182708695,0.0
1695,f6e28549-a711-429d-a4ed-9df6530a9a2a,Point Fire (Shasta and Tehama County),40.38869,-122.39033,"Shasta, Tehama",8.900007140456767,2.823450858682682,145.16979136262023,0.048100888811252594,0.0
1696,18a15a5f-ddde-48e9-92bc-1d40813a7794,Dersch Fire,40.47646,-122.18102,Shasta,9.7075877622418,7.476382242642794,165.41118380763203,1.4141588862852024,0.0
1697,fb6cb221-c303-4573-bd63-0c8b1468d4a2,Olinda Fire,40.41486,-122.342,Shasta,5.0983270084907115,2.82888738896738,150.1375188994683,1.0016415318086818,0.0
1698,a2b27cff-5d89-423a-853e-3a78e63f79ef,Silverado Fire ,33.73614,-117.65719,Orange,11.36060048309896,2.2991472668069526,30.827660217235113,0.3006577838530649,0.0
1699,57d6e532-295c-4166-a6f3-1cc64acbf5de,Point Fire (Placer County),39.009454,-120.488892,Placer,32.980743748624434,26.715468371702286,42.183058616630014,2.988672876270449,0.0
1700,21b0622c-8b4d-439b-8175-d4ba20507d02,Blue Ridge Fire ,33.877257,-117.675067,Orange,10.902122912220978,0.3774254798671843,43.37078756235239,0.17110955466140282,0.0
1701,4be72b8c-5aeb-426d-9af5-2acebca88fb0,Cypress Fire,34.03343,-117.51476,"Riverside, San Bernardino",3.2520467188775823,0.0,65.95789994010467,0.6191797756879236,423859.59299999994
1702,e9482561-8193-48a9-a152-2ff8d993ce06,San Dimas Fire,34.146195,-117.778561,Los Angeles,2.9153967214229235,0.22316978780477797,59.263992765493924,1.0896347394738852,0.0
1703,c5b45f76-3b72-4f3d-b651-7c7bb0f156b7,257 Fire,41.4435,-120.87054,,118.21888538728749,26.091366756312016,61.02571374593596,0.4136939367746529,0.0
1704,2b6aedb5-87fe-447c-a772-bec58abb8820,Airport Fire,33.893351,-117.62109,Riverside,5.670391635114765,0.08968346797785769,47.58340560739314,1.2133520979961032,0.0
1705,14c21ef6-b5b7-44a3-858b-666b57b750f3,Cerritos Fire,33.773754,-117.051463,Riverside,12.801134961129389,1.4057778091075843,70.37290531959331,1.6933622904724654,0.0
1706,a2665121-7dd7-4a4c-8c6e-0731ed9e1888,Bond Fire,33.743842,-117.674967,Orange,10.449585738222297,3.9493490027865508,30.776019687610706,1.7107381515972544,0.0
1707,1b77c463-9e20-4b8f-8dc5-ab69c539a1de,Willow Fire,32.75277778,-116.9075,San Diego,5.838740075075264,0.0,22.031964617826137,0.12288648533545563,570282.6018
1708,ad807579-4f4f-4a5a-a17a-7ca299aca978,Thomas Fire,41.591948,-120.374514,Lassen,162.1522223023789,16.718880029969664,31.393595592731717,1.2374705564196526,0.0
1709,e8721404-3d22-4b27-b152-8a7f4a97a8e5,Cornell Fire,34.33622,-119.078,Ventura,43.65689061869398,0.0,26.06196870464344,1.5414111086104054,3387.2706
1710,0dad0a68-239b-41b5-bfe0-033e6a216fac,Sanderson Fire,33.93244,-117.03459,Riverside,3.020412270750544,1.1815170072026224,84.92179237245998,0.10383308683035855,0.0
1711,7ffc89b4-ebfd-44f3-bb9c-74151e99670f,Pitman Fire,34.52927,-117.31544,San Bernardino,0.0004288872010486969,0.0,118.79082079951405,0.8913675913612038,130094.93579999999
1712,2347b6fb-8468-46bb-9917-d5cea3f1efdd,Erbes Fire,34.20955,-118.83967,Ventura,31.06114935971256,0.0,25.052195508002498,0.4044286320139402,66355.23599999999
1713,68c11904-f38b-4aa0-ab90-b3c805c4e8cd,Manzanita Fire,37.25086,-119.51982,Madera,117.49510004758874,9.839606024281778,117.68921564717049,0.3184940654938589,0.0
1714,929a21bc-65a0-49b4-bc90-bfa5457987e4,Bonny Doone Complex (Previously Fanning Fire),37.08931,-122.10509,Santa Cruz,27.25140401974972,0.6742316254835361,16.814574834418355,3.004277419184005,0.0
1715,2657090b-ec47-4fbe-bc4e-400cd50a8d55,North Butano Fire,37.18259,-122.28823,San Mateo,24.438061341908373,11.095528382103419,12.579556511068143,10.759494357994347,0.0
1716,9b2b5a16-52cf-4f2e-bc8a-a3af75b28522,China Grade Fire,37.17749,-122.1756,Santa Cruz,19.403277436393633,1.6448614752207449,18.349367147200155,1.107429914492131,0.0
1717,75711186-5792-4c41-9309-48dbac8e667d,Wolf Fire,34.99432,-119.185309,Kern,17.493379304734773,25.48493605989561,79.1846689976796,4.322011662001399,0.0
1718,b38fdc2c-3108-4273-8a67-8d69bdbfb6bb,72 Fire,33.52871,-116.10723,Riverside,18.766416455775392,0.9222168026674529,100.43367596319615,0.5337691236173647,0.0
1719,79aca6f4-ee40-44e8-9dff-069c36c36fc1,Towsley Fire,34.3585229,-118.5553174,Los Angeles,0.12100399603110248,0.12100399603169494,41.03837929930057,0.2710932807731678,0.0
1720,7be84564-edf7-4724-99ba-5c1ee7f86e30,Panther Ridge Fire,37.18381,-122.13372,Santa Cruz,17.383743338157394,0.4298519661080777,21.47925067049097,2.194851914904676,0.0
1721,1ebddf4e-0190-4363-a858-ac789206b5fd,Freedom Fire,36.98767,-121.83627,Santa Cruz,36.94170387046479,0.00343907690081407,23.025555443524464,0.5172897822048662,0.0
1722,21a360ea-3a4e-4267-986e-3bb1416ca05b,Grapevine Fire,35.5819816117628,-117.5910734433329,Kern,91.29370610224954,3.7269875100872136,138.96994849768487,1.9440552253892602,0.0
1723,762d7abb-ec4e-4e50-9137-617c8445b0d1,Refuge Fire,41.927772,-121.627082,Siskiyou,77.3611180252833,82.29822325517407,7.967372287766338,1.1277571332589111,0.0
1724,0c3c5916-b391-4916-ad16-059c094da426,Line Fire,37.813464,-120.131236,Tuolumne,99.92403398495837,21.34618096880203,106.59607930665267,1.6864022933841336,0.0
1725,da35c08b-9f0a-42b2-9e1f-b6e9a545d3fb,Woodman Fire,40.6758842,-122.0536419,Shasta,23.1465220128653,22.05743635111366,147.41407688987385,0.42335451376717514,0.0
1726,1f31ac02-436e-4555-b7d1-32b636c11c17,Westwood Fire,34.30277328465364,-118.70009500551254,Ventura,14.804332989609495,0.0,35.38510740014595,0.8634193604135363,24444.8379
1727,02ba1be4-fecc-49a6-927d-8da38d215851,Paso Fire,32.958961,-116.582369,San Diego,14.628864356482248,14.922815076439086,41.738690374348295,0.18047254210890407,0.0
1728,6a7cee19-fc90-4f87-a306-48ccd9cee200,Turnout Fire,38.99914,-123.35838,Mendocino,104.43789895738664,17.522590017747106,34.89375178128377,2.5267573892469777,0.0
1729,81d9dc1d-9cff-4a22-a6c6-2a4f94cf30ed,River Fire,38.9743823,-121.5896697,Sutter,31.998157948432326,3.4477100858191747,137.50956653283654,2.800574709392914,0.0
1730,92aa05b8-83d8-45ec-b079-86d7698086a5,Luis Fire,37.0953436,-121.143154,Merced,10.48985219934026,20.329775718375803,85.44970618569887,1.3066994306901474,0.0
1731,4f4775e4-cd91-4f78-a1de-9c15213ebed2,North Fire,34.449686,-118.616276,Los Angeles,0.21256045863335202,0.041925573463364195,51.25689195231876,0.16562500775714517,0.0
1732,5f8ebcac-e1f0-4659-9f38-f3e862a3a440,Sky Fire,38.88437128468345,-122.51771555326388,Lake,41.980606924811674,6.460420941327749,78.40231368902984,0.024069511040682275,0.0
1733,4567cb5b-ef86-4630-81ef-f442fc07dc3e,Campo Fire,38.223179,-120.856628,Calaveras,47.752416396344934,3.886149695451713,113.95526879038378,1.3593928611511479,0.0
1734,63892d1b-fd0d-4120-be74-242857e211ee,Salmon Fire,38.773294,-121.034998,El Dorado,13.045590114759854,5.010013849716799,93.06603066519037,5.045347480134638,0.0
1735,89467f5f-2562-47dc-99b6-cb8ec90c3a12,Southern Fire,32.987532,-116.443391,San Diego,20.44941323574667,27.259770259560444,43.648201161268496,11.302091232194398,0.0
1736,fb63695d-fd59-47dd-9247-e5a7099b5fce,Creek Fire,33.532246,-116.767011,Riverside,35.05582508152934,24.031149613167265,73.64234787079137,0.26649271492143417,0.0
1737,c3f573fc-ece2-4b19-a67e-069bf3fc0c16,Bridge Fire,33.86972,-117.044072,Riverside,8.60213008724667,6.710178450945535,78.85718599540003,0.0670066252338441,0.0
1738,25d0bdd9-c422-459a-bc12-d9cae4843518,Gunnison Fire,39.85479,-121.91936,Butte,23.98625236027398,4.368382443846971,164.17688673395935,2.4128741143695147,0.0
1739,baef627e-c3ba-4c3c-8a55-a168839aa2c8,Granite Fire,38.03106,-120.85258,Calaveras,40.2857353590131,6.708282674497734,129.8824700586113,3.315345737272889,0.0
1740,0b59568a-ab13-4acf-965a-18e9b18ae223,Dillard Fire,38.28328,-121.45965,Sacramento,0.15131846236861007,10.302823389061013,113.13691671375133,0.028144970989730685,0.0
1741,ee1dc476-97d4-4da9-a2ba-d3e9f5116309,Quail Fire,39.2510745,-121.361339,Yuba,39.012345586715874,12.349799611423105,116.83856579244329,5.608153937011548,0.0
1742,3bd5d90f-8131-48a0-a02f-1677e5394ce1,Pine Fire,34.454231,-117.663815,Los Angeles,20.781938586523665,5.835426087916317,94.19184159342942,5.468352059087761,0.0
1743,5afc3e64-eb8a-4aad-9bb5-1f9a20f84bb0,Fields Fire,37.560209,-120.419624,Merced,65.63727681902228,20.679062662865583,144.5091616416599,4.1130251503631206,0.0
1744,0c1abd92-b131-40f4-bcf7-f6d1871af6a1,R-1 Fire,40.971612,-120.094517,Lassen,158.45230550426479,67.45696092088488,7.983044948536128,30.756590832701235,0.0
1745,8c1bfb66-4002-498a-ae39-62b584718519,Palisades Fire,34.079046,-118.558938,Los Angeles,7.7668045378067125,0.017079414841404576,10.058553087152829,5.860646831378426,0.0
1746,1882364c-9710-47ab-9871-349a76a60173,Davis Fire,33.8948,-117.1116,Riverside,10.729872079109802,4.182575456667566,77.10926795407566,1.7038701644333942,0.0
1747,e8b4ee36-20b5-4d20-93a4-831ef2e5c659,Parkside Fire,33.50994,-115.917099,Riverside,17.42542041596291,0.0017846507061165051,96.76755618969014,0.9768129492079857,0.0
1748,aefbc94c-63b5-4767-aa12-a8bc8ed80d87,Settlers Fire,38.56101,-121.01365,El Dorado,30.09830905520406,6.866437375254843,100.49386650117039,8.71894086163649,0.0
1749,a5bcf6ba-3e09-49f8-b4c4-1b134aa5c83f,WeeVill Fire,34.7591895,-118.5044868,Los Angeles,24.704950069776007,23.245205701037897,85.69544607021403,1.7154201244163272,0.0
1750,8e8900a0-814f-425a-8b37-bd5098222959,Bluff Fire,41.23106,-123.66003,Humboldt,99.41514961081205,44.89373665645188,42.48953952598439,19.464721644689885,0.0
1751,53d124c0-3cc9-436a-8c35-87a9019a3d24,Tomki Fire,39.384319,-123.23205,Mendocino,88.79116247524657,7.618627021511421,54.931914501239326,0.1693011437127968,0.0
1752,9116b7e9-66c8-417b-a1f6-b9b078e240d6,Lake Fire,33.965596,-117.471517,Riverside,7.1305415706878925,0.0,61.50995665737543,0.4321805791918164,423859.59299999994
1753,4f6bdd52-abdc-4c93-a48b-7d7adae05cfc,Live Oak Fire,37.45646,-120.00392,Mariposa,94.34925755147759,32.295991088033965,128.9534571523927,4.657177360032824,0.0
1754,cfdab623-d2b2-4d61-a227-be32ebb3fac4,Mile Fire,37.89346196853137,-120.8391587117288,Stanislaus,38.56731793646112,11.527570614180819,140.69851632438352,0.34266816721497967,0.0
1755,6cdd3c1b-2ef3-4a77-aef2-82ff170cd227,Sargents Fire,35.932852,-120.854096,Monterey,65.10893532857582,32.956637590658325,49.89569812208052,1.231444406889464,0.0
1756,81777c5a-cf1d-4161-a261-97c55a8393c0,Slope Fire,36.86201725309289,-119.3484121800294,Fresno,103.46325330142722,18.305001937788774,139.87770432768474,1.7144406995888997,0.0
1757,033ee676-f2f0-4ea8-bbc9-b0bb02de3462,Smalley Fire,37.1619216,-119.5166045,Madera,111.15193929487545,17.706937537316502,124.96219698759035,0.8916034324370795,0.0
1758,c8ae5d37-89ac-4d57-904e-720ef7012edc,Scott Fire,33.631955,-117.089849,Riverside,7.539437519543504,0.03290454615302134,56.787778172819095,4.372848653419498,0.0
1759,760bd55e-7296-44c7-a8ea-917e1751d811,Coyote Fire,33.895007,-116.90145,Riverside,3.233296810678292,2.149957512007426,89.69148734741418,0.8668517217675713,0.0
1760,1a1a9275-f16f-4a06-abe6-3ba18e5e9b33,Buck Fire,37.24484944019164,-119.86047836209606,Madera,92.20747496782562,19.303288635093917,138.26721236444956,15.00723234454236,0.0
1761,63d1e4af-4112-4d67-8db0-4dec23b3674f,Intanko Fire,39.084872,-121.333346,Yuba,29.063766470403852,9.973623324556245,114.95782947262305,0.4781988337354369,0.0
1762,1eea5329-95c3-4a41-974f-7b3693441b1e,Farm Fire,34.383247203440405,-117.41835464122236,San Bernardino,0.23344218406000974,0.29315879279700136,100.30203527287505,0.9352880503471969,0.0
1763,b6391e06-889a-4d69-ba3e-8491af004029,Sierra Fire,33.315711565249096,-117.34832277422022,San Diego,9.607650226904456,0.0,15.955190899495781,1.4152187779178789,570282.6018
1764,09996c3f-3186-4c5d-8006-ced791b3ff40,Creek Fire,38.899722,-122.238889,Yolo,19.835031950170343,19.08419891798711,98.54411461294843,11.907084768970392,0.0
1765,ddcef5cf-9417-4c41-b64b-910e096522fc,Flats Fire,33.5812044,-116.4518615,Riverside,23.81977474459529,10.322944537265828,101.93776130701404,14.431428900503196,0.0
1766,0e78a6e0-9315-4b29-8a1c-894d4b06a64e,Goose Fire,38.3046414,-120.9608439,Amador,40.740946498046,4.639373285649294,113.70639655843979,3.614742268499652,0.0
1767,92fd111b-2d3a-48c8-bc43-d505eaceb423,Beale Fire,39.1956433,-121.3587065,Yuba,36.79252398850684,12.470211132350903,116.77996529932841,0.5549201417473133,0.0
1768,8d9ee304-6918-4f74-b7f1-ec8441020bf9,Silicon Fire,37.24042,-121.76309,Santa Clara,13.519125427232721,0.0,46.05509417813756,0.5885042391916044,221900.11229999998
1769,08a000bd-2c35-4409-abe9-961da323bbe2,Kathryn Fire,33.67127,-116.94956,Riverside,20.527191367863725,1.1336447355170542,69.38516466223447,6.876736214845047,0.0
1770,2b42f885-f296-4659-98e0-c33585215fa9,Rock Fire,40.61468,-122.49164,Shasta,10.529923338156964,3.548687444997635,148.79222507960543,0.29931168154299675,0.0
1771,e86265b9-2ac9-471e-bff4-deb2f46b7b7d,Dairy Fire,40.10806,-122.16025,Tehama,4.90964360865152,2.857885647709661,152.8338617427997,4.398954429999435,0.0
1772,26ec9c89-912e-4c23-a6c9-04b5dcb31970,Equestrian Fire,38.79988,-121.01273,El Dorado,11.969826008601274,8.244301831727778,90.42413301516982,3.959532743545287,0.0
1773,83e251e4-196f-4db5-b5ba-bed8e300380c,Pomo Fire,39.16338,-122.916,Lake,63.67423446528565,0.3138364113443001,74.34875226243643,1.0108437523329716,0.0
1774,6672b6ad-981e-43e8-b4ad-a75285ab9f90,Park Fire,39.77144,-121.76629,Butte,37.25816366906176,0.4168486923945503,151.16784154746685,0.1123009969130532,0.0
1775,2947b64d-5835-411b-a603-afcbaf8d53d8,Alabama Fire,36.59717,-118.20355,Inyo,167.74073384637236,80.97999041244883,93.30281315886113,11.03102230723814,0.0
1776,587e51fd-ad97-4894-b53e-300a78e4dc80,Antelope Fire,36.47887,-119.10788,Tulare,94.17117211395524,5.628922274898242,157.2262820050434,3.0395999400589453,0.0
1777,8e8e1a5e-0855-4751-8ad1-70730007657c,Success Fire,36.03223,-118.85799,Tulare,84.89399987231381,7.766226313843361,179.22495995515513,5.539840847325271,0.0
1778,ecdd77c3-2919-44d8-9ee9-c176271b04d0,Nettle Fire,36.03887,-118.76857,Tulare,90.83530824006885,15.588941420084783,173.29797437222004,10.098792608984835,0.0
1779,961a9b24-0bad-4c53-9809-14fe98d515c4,Willow Fire,36.151231,-121.558858,Monterey,99.841467154819,32.40587689963315,14.053153169871457,34.01321631481391,0.0
1780,f5d44748-ed74-4660-ab1a-b94f483ab5df,Crane Fire,34.83498,-118.86258,Kern,0.09330860823660513,2.431050236547326,79.26619131201136,0.08028244634705807,0.0
1781,8992a229-a245-431d-9a61-11f8d545d93b,Overland Fire,32.903917,-116.233056,San Diego,24.072272808474146,43.496125841010645,32.57996492596235,16.219257733840664,0.0
1782,cfcf1a2b-e358-4dc0-ab39-93ebe94fc843,Bautista Fire,33.551747,-116.707967,Riverside,40.2937522691557,25.112674427853957,79.44713154872214,1.2185057324821764,0.0
1783,68b1630c-10e7-4d99-9c61-baa592f1dd83,Inyo Creek Fire,36.6000177,-118.1420738,Inyo,172.63745618404602,86.2161681782128,89.37406773992454,5.770855143224315,0.0
1784,37385589-19f2-43fd-96fb-6a5cd28c607c,Cow Fire,40.53297,-122.12107,Shasta,17.01823820071474,13.298484510859527,163.444993695825,0.9003022028263076,0.0
1785,c9ccf962-449a-4fe8-a1ec-42672f023868,76 Fire,33.499081,-116.1147496,Riverside,22.075859202085454,3.742159869453883,97.22221099081919,0.3608491356939833,0.0
1786,32ea3306-088d-4779-9009-2763c7f8a38c,Clevenger Fire,33.09183,-116.9543,San Diego,10.990096476576488,4.361658687181562,38.62725219149736,7.336996548676207,0.0
1787,1702e4de-4414-4604-a70d-e0f54df154bd,Watt Fire,38.728881,-121.39247,Placer,7.005975294395783,0.028991536808979604,124.31267225038833,0.014022139701270926,0.0
1788,4c9c4b27-d45d-453d-82f9-39da5ccfe176,Antelope Fire,41.583949,-120.729446,Modoc,133.2179380014852,16.984334379888118,45.4434983242943,4.358189956473057,0.0
1789,348304a5-5d65-46bb-a9f6-4e8ce6ca985b,Panoche Fire,36.63228,-120.987172,San Benito,28.350650591080804,33.995983255920144,86.78341416272004,1.6616505227431915,0.0
1790,691ca75a-6419-40ab-87d7-bbe92796307c,Pine Fire,40.475558,-122.481055,Shasta,12.41715367127247,7.593005082923076,143.06509663761003,4.559443812748118,0.0
1791,9bacadf6-c7e2-43c9-b8e6-41be7a79579b,Mesa Fire,33.337282,-117.095858,San Diego,5.8591484579817905,4.842810558207803,36.29104511185287,0.8094554907371324,0.0
1792,e9761340-1808-42f6-b773-fb7047a2a638,4-3 Fire,41.562302,-120.497502,Modoc,151.40728707354486,6.7769261625994455,41.65946352364577,4.070584832483894,0.0
1793,909624c0-d36c-4b9a-8f34-a9e02961b883,Paseo Fire,37.118582,-121.584194,Santa Clara,34.1004304044822,0.8490066905345122,49.48920332716108,5.553819808088944,0.0
1794,b3136d0f-6ef3-46ea-9342-6d6b0d82d274,Steins Fire,38.659971,-120.876096,El Dorado,31.514980201214467,0.9376854205268396,84.76031767781119,0.8292649488672985,0.0
1795,9d7c19c4-f146-4b3e-a4c3-5ea9c3247208,Lava Fire,41.459,-122.329,Siskiyou,6.369162094264026,4.060592672716068,60.95198598489777,2.751942612707217,0.0
1796,eddffab0-51af-490d-b60e-640300fe6085,Canyon Fire,35.442533,-118.793912,Kern,42.25180334126502,4.188419169369642,139.57556218577324,0.28127763343560014,0.0
1797,62f7b39d-1213-47c2-8118-88eb98908af7,Shell Fire,34.919,-118.891,Kern,2.9241208316678278,10.656827948332749,85.718610866678,2.702190439275516,0.0
1798,9128e6fe-a114-479a-a43c-64ea56411eb5,Sky Fire,40.039,-121.406,Butte,68.26405052747253,25.21362085583905,120.15953650591116,11.748132766951935,0.0
1799,4376d68e-4093-4d4c-aa6f-e0df6d50e9fb,Vulcan Fire,36.932,-119.735,Fresno,80.01799394013467,0.9803438631130548,156.9601361288971,1.1810856048195821,0.0
1800,d6b89198-5fd8-498f-8429-3d2994f496f9,Peak Fire,34.20849,-117.280416,San Bernardino,6.794867403751598,1.975224077331018,93.7114592714918,2.3432914521189354,0.0
1801,2aaf4aba-1155-4f25-a5a6-fd6ee8d66f8c,Stowe Fire,33.740058,-117.050236,Riverside,12.739558596716993,0.30406016162826266,67.77537883935751,2.037870708736539,0.0
1802,0794cd0a-12e3-4576-8692-45603ad6b246,Lilly Fire,41.665191,-122.054254,Madera,38.053494953320204,36.37843252592933,37.68062897983456,13.654193020880056,0.0
1803,3a83c4bc-28cc-4792-849b-fedb5629e4bc,Tennant Fire,41.665191,-122.054254,Siskiyou,38.053494953320204,36.37843252592933,37.68062897983456,13.654193020880056,0.0
1804,9692e02d-4a87-48b7-b261-f83f4a951642,Beswick Fire,41.917209,-122.374848,Siskiyou,15.484250529964756,27.11924168242406,10.222822582321623,0.7385655674924959,0.0
1805,ac0c072d-d926-49f2-8a3d-c18ea5d32010,Blue Fire,37.02865766813302,-119.25484409482164,Fresno,120.97431667596986,35.71064578805686,120.50598696677159,6.788775986787291,0.0
1806,b07cd929-6dde-4ad9-b845-a2fdc5ba3f97,Salt Fire,40.860525,-122.348956,Shasta,0.03550376492415891,14.467781349006806,127.38637837087703,0.11711133022177217,0.0
1807,187580ca-f6fc-4cbb-bf50-a0e5daa43626,R-1 Fire,40.74,-120.24,Lassen,137.8610085084915,47.65048006948241,20.414780043757872,9.49515478950927,0.0
1808,700200c7-a450-44f4-a447-244feb07925c,Sugar Fire,39.83203,-120.3415,Plumas,46.438593564493786,9.788052716985545,29.21969158357199,1.6370539876667736,0.0
1809,dd8d424d-e416-48a4-87e0-ddc26d4fdcb3,Ysabel Fire,33.119448,-116.677511,San Diego,31.085553879403214,14.660834150989377,60.32642183646235,0.31652873287140165,0.0
1810,421fd9f2-1fbb-4bec-bf19-3318fa4830dc,Main Fire,36.10007,-119.017899,Tulare,76.78903654480906,0.40812177306257436,183.2097207076991,0.4117101577881545,0.0
1811,882f419d-ff9e-4533-b8da-a428ffcfec6e,Beckwourth Complex,39.83203,-120.3415,Plumas,46.438593564493786,9.788052716985545,29.21969158357199,1.6370539876667736,0.0
1812,a7d2c14e-66e8-4ac6-9538-ad9612dce2d5,Tumbleweed Fire,34.808751,-118.87933,Los Angeles,0.2772311556514703,1.101973952033256,75.99281389880707,1.1063718351573846,0.0
1813,be285500-c0c4-4f7e-83ae-1f9a991578b1,Fish Fire,36.802809,-119.393795,Fresno,96.39119875937033,13.036938298340647,147.48214881237172,0.6235047997769758,0.0
1814,5eaaed19-b38a-49f1-84f8-78d9f8c76656,Juniper Fire,41.80728,-120.638464,Modoc,148.82389845677878,33.57365632918187,20.603814783631282,22.295614999123174,0.0
1815,8c512c44-7ddb-44b4-bf03-bab00c0c0c98,Broiler Fire,39.253647,-123.224377,Mendocino,89.03516017365068,0.07427504645159297,51.70547093475842,0.20011206117255934,0.0
1816,82af1b59-858c-43c4-9f4f-842605e6c0c1,Basalt Fire,37.06047,-121.05758,Merced,5.895399013380609,15.8179556075495,92.08744534171089,0.15215483832404952,0.0
1817,3a4d4c77-ff87-458d-b906-e203fc098aa5,Coyote Fire,41.28523,-121.77593,Modoc,40.61940831736792,42.013889781972296,79.45399780424783,0.10146976984041636,0.0
1818,f4c4de41-d8d4-4c66-9d9f-4f1ba285bf59,Road Fire,32.82731,-116.6253,San Diego,0.004318664618664301,7.509785513004016,27.64007844109298,0.24953313030602903,0.0
1819,215529d8-6c0a-4dfa-8d6f-342a5666e1f2,Diablo Fire,37.865193,-121.667665,Contra Costa,14.926618753890223,1.5098673051163907,81.16462858977347,2.116149536042569,0.0
1820,4fde57bd-089f-4c24-b224-b60306e1648d,Bear Fire,34.85178,-118.81448,Kern,4.635002538181275,7.156727019953448,83.28449384727993,0.6146340972035218,0.0
1821,2acb95c8-7a0b-4bfc-9174-6da944037bf2,River Fire,37.350823,-119.869785,Mariposa,97.23246823383202,17.60328077851326,130.00375206122388,19.445398369568803,0.0
1822,a191b2bc-5dee-4511-b34b-ca06ef62b5ab,Bradley Fire,41.25272,-121.82403,Siskiyou,36.38510795223317,39.77344481058986,83.1359235035938,2.35857945448046,0.0
1823,4b66f232-6ab8-4e00-9f8b-957296920ed9,Dexter Fire,37.8024,-118.8745,Mono,170.18302548698227,18.68276480186371,34.02865177391137,9.289640535334449,0.0
1824,00016d5d-1647-49e4-a02a-abf46b8480ae,Dixie Fire,39.871306,-121.389439,"Butte, Plumas, Shasta, Lassen, Tehama",69.29573648360075,16.04967754771891,118.85443202928786,0.3211891856926805,0.0
1825,925dcb5b-1885-407d-b441-10765a31ce97,Cannon Fire,40.1703,-122.64768,Tehama,34.005097262312916,30.55864985628396,115.40793253396298,22.908520157754733,0.0
1826,f62a9df9-8661-46de-88de-0b76128e0673,Dolicini Fire,38.0975072,-122.7418335,Marin,24.748428685316142,10.004006980794939,18.73896406347778,3.725972256263997,0.0
1827,511f1793-96a5-4866-a993-1d271e03b076,Henry Fire,38.4504695,-119.7512546,Alpine,80.50432738009788,47.155027884458,31.437011399223252,33.51621252310396,0.0
1828,354a2576-907f-43a2-b152-46355e2bf94a,Border 13 Fire,32.578481,-116.634023,San Diego,21.723134044391944,25.247126239211237,0.2896619151443122,1.8313201582774816,0.0
1829,3a281cd5-4d2b-47a7-89b7-1194e921805a,Tamarack Fire,38.6280042,-119.8591887,Alpine,61.62608783596617,25.37913798068291,22.859714317987628,19.14264524277575,0.0
1830,396abb9e-a291-4183-b0f6-798a5438868c,Fork Fire,39.999396,-122.55195,Tehama,29.301984093842183,29.230904135506176,117.33722857733757,23.580088305570058,0.0
1831,35d04cb5-0455-4d36-b857-d7952670aef0,Chicken Fire,40.86955,-120.45187,Lassen,155.67400056701925,50.454198605382594,38.16895147787817,0.616198335524635,0.0
1832,3989e25c-3790-44d5-bf6d-50ca3fd04d95,Quail Fire,33.889516,-117.070814,Riverside,8.667931080015826,6.476597176642844,79.10119520896221,0.01068383098114487,0.0
1833,fc8bd27a-c3c8-405d-b13a-d9a1396206e3,Peak Fire,35.41153,-118.46461,Kern,62.33230477297195,18.63374353298654,152.7421582526219,1.3373584498278002,0.0
1834,8f768137-0c58-45e5-a8dd-1df9ecc7870f,Frenchtown Fire,39.383922,-121.24684,Yuba,38.706472055503774,13.900404056530304,106.80693784715655,5.301240018153661,0.0
1835,c8991faa-8d15-4d4c-b3a1-92f58f784420,Mountain Fire,39.976,-123.505,Trinity,110.08031586000351,57.70400361545748,39.823771867470995,7.2660395096725265,0.0
1836,caf0f448-cdb3-4dc2-a247-35f6f4b41cb3,Park Fire,36.199833,-118.722167,Tulare,105.30036992072709,25.72153602524306,157.20889594509765,9.284837948303208,0.0
1837,200d07c4-0457-4421-875b-4140d482a03e,Pinnacles Fire,36.476664,-121.224797,Monterey,55.31892023432356,8.714179558725558,59.395377942367105,6.839348087783077,0.0
1838,ef12ac40-d6fb-4871-97ec-c06d0ce51efd,Evans Fire,40.183504,-120.8468224,Plumas,97.28338124346602,26.26955730862068,72.35113359284867,16.862312303831278,0.0
1839,d0174b70-8652-4242-bf7f-b00e98a48319,McFarland Fire,40.35,-123.034,"Shasta, Trinity, Tehama",61.35434079917796,55.25377282304005,96.45118096932424,3.6260876636373607,0.0
1840,47070a62-2ef3-44a9-8b98-a20e0e574f97,Robie Fire,38.054116,-120.867498,Calaveras,39.710056180171144,4.161232430963193,128.80157312574045,0.7545338783785416,0.0
1841,161f6906-6799-45ae-b6ca-c1d470050d81,Hungry Fire,34.7479248,-118.8217926,Los Angeles,2.357964668205838,9.64310579932288,73.72785612663687,1.7963730019641209,0.0
1842,f9322f4b-03e1-4558-a920-f7318909de93,Tobin Fire,35.65927,-120.560856,San Luis Obispo,62.145544915586335,8.17033813028571,44.88776480557091,0.8423187822382793,0.0
1843,dc3380c7-ff32-4062-a4e8-be99b655f2c6,Antelope Fire,41.5289901,-121.9154934,Siskiyou,40.95868412424347,39.18551705326042,52.61691862727682,27.424715303415624,0.0
1844,61f3264e-f89f-42cc-820d-0e0a5ee29cdd,Hiding Fire,40.466364,-122.482826,Shasta,12.931898530101089,8.511208213346563,142.40962608029164,4.826329452412087,0.0
1845,1d1bb813-5955-438a-a2cd-0e2d46074f1a,Monument Fire,40.752,-123.337,Trinity,78.8358429929224,59.07956963947745,75.86964888838942,5.136932556127982,0.0
1846,9284625d-a9bd-447b-b215-a40fe4a52697,River Complex,41.389,-123.057,"Siskiyou, Trinity",48.1440401736658,47.40392826695369,68.11160485070187,15.643058339764565,0.0
1847,bd71d34c-3ce0-419d-a2fe-2ef46a750e06,Antonio Fire,34.23604,-117.65989,Los Angeles,12.72631840767609,8.090415732954927,73.6734736072063,8.548832164330683,0.0
1848,1704f47a-b2bc-43fc-8c49-e62ffaf6021e,House Fire,40.604986,-122.506112,Shasta,11.93427709527752,5.100789932553988,147.89440407099772,0.16580937717088665,0.0
1849,178aba5f-4c67-4830-891d-b8fec84706da,River Fire,39.08805,-121.01468,"Nevada, Placer",4.7666182578788066,3.317325151524572,87.41874740361934,3.6386934389606465,0.0
1850,2ea37798-e198-4f1c-92c6-81c42beff3de,Hambone Fire,41.68499,-121.53946,Siskiyou,76.45070662380935,74.48386827619284,34.75849175623074,14.191026666273014,0.0
1851,0249ff45-1a71-4a4f-88a7-6c1fc7a9aa20,Nelson Fire,41.034362,-121.89008,Shasta,36.52621376516867,24.61537799328019,107.46069691148564,0.022586125833814953,0.0
1852,a26becf4-249f-451e-b8a3-e55032e6df61,Glen Fire,39.403918,-121.30845,Yuba,44.075012947857246,16.52895077480396,112.1321073457762,5.818241916366336,0.0
1853,262f815e-e1b4-42d8-8889-6bb4638703e4,Middle Fire,38.250596,-122.727542,Sonoma,36.79830071458778,1.6095261132583945,27.541654629798337,5.060377654119833,0.0
1854,e8842a17-4f53-4803-9350-838ec34e66e9,Coyote Fire,38.826123,-122.581257,Lake,49.94917242930967,0.30267132068886277,70.07503287747507,0.28148171334606575,0.0
1855,3657f103-fe9f-4bfc-a09e-9aa291301266,Bell Fire,39.834099,-123.637032,Mendocino,122.71483236311741,42.566614510745104,23.36036941372461,4.769961249738181,0.0
1856,a21c4d1f-87ed-4db1-85ea-eae41c90a0ac,Caldor Fire,38.586,-120.537833,"El Dorado, Alpine, Amador",58.2166206482279,15.77701157006914,65.44296320871281,14.754738116421636,0.0
1857,2eae3252-74cd-4e96-b25a-20ed828395e2,Walkers Fire,36.268,-118.555,Tulare,122.07341861248756,42.26356696466238,141.55067745988464,25.601997611965174,0.0
1858,8e3e3fe1-669f-4cf8-80ee-c8df14929a22,Cache Fire,38.928133,-122.601395,Lake,46.234378040219895,0.34630109082312044,76.23597620110527,0.3781413329243962,0.0
1859,87b59fb2-01f9-4469-8578-87c55b090eac,McCash Fire,41.564,-123.404,Siskiyou,65.34871427883837,64.01414152138413,48.34556236091968,26.69994973425057,0.0
1860,11804a96-faa3-4671-b420-6591e4e95f49,French Fire,35.674926,-118.501515,Kern,79.19218053233735,4.810858462039582,175.24220728230569,2.526259920384444,0.0
1861,46498648-eff1-492f-b88f-1826ecd224a6,Rock Fire,33.474823,-116.659688,Riverside,44.29389517899804,31.04751328111232,79.42743821325722,7.285371889385791,0.0
1862,f19d2b70-1d83-4abc-a173-7b00584e1c49,Mule Fire,40.616416,-122.514391,Shasta,12.412093904534538,5.3410971713930815,146.88291488398085,0.10154058137884911,0.0
1863,7b6a10b8-58fb-4906-ad11-dc88fe5b7872,Airola Fire,38.038795,-120.454797,Calaveras,74.33327239145686,3.9986984639798773,106.38115425984789,4.461022942085716,0.0
1864,4cfd11fa-b33f-4de6-8d17-bbaa27b2c9cb,South Fire,34.186147,-117.440263,San Bernardino,0.5534121871471365,0.0,83.425294536338,0.21454695472436686,423859.59299999994
1865,8cfa988a-cf5d-418c-8d4d-e0be072e397c,Westward Fire,33.918089,-116.877776,Riverside,0.6725914068372117,0.001601830746449066,93.05389238740338,0.009149059608613595,0.0
1866,69c42b3f-a4ec-47d2-a856-e4f8bc71c6cc,Bennett Fire,39.216752,-121.040771,Nevada,13.032098026082977,0.0,89.29449562168426,0.5063115833045998,21755.858099999998
1867,726eeb97-b91c-4555-a180-be16e599466f,Washington Fire,37.962933,-120.402221,Tuolumne,77.46395397572995,0.0,109.71648091749482,0.3911641765948558,24242.410499999998
1868,9f0d7a3b-ae47-42a5-b360-ea2f4141cad4,Roadside Fire,34.25145,-117.4546,San Bernardino,0.5832299064105189,3.0318667993575685,87.34253430322055,0.44105532708702605,0.0
1869,64a7c61a-5634-410a-a1c4-aeb97b2283e0,Chaparral Fire,33.484721,-117.39309,"Riverside, San Diego",18.415448595631,13.860301441666994,25.321232662046736,3.080320745473998,0.0
1870,cd7d799d-cc81-4ffb-9d55-4e2b18b92d34,Railroad Fire,34.34,-117.466,San Bernardino,0.011534685381352229,3.4615328096093156,93.80631208769395,1.4781852540048728,0.0
1871,d7b908db-7184-4f9e-923f-f811688cf4eb,Knob Fire,40.8652,-123.6744,Humboldt,104.49896400889712,28.501145800077182,45.08450954965619,5.651355665488033,0.0
1872,af05ba27-9105-4776-83a8-8ea786117476,K-Rail,41.03877,-123.52733,Humboldt,91.8191638445558,43.32239290826671,55.31100366971861,10.221394586080569,0.0
1873,254e4d5c-a750-41e0-bea3-9eb4597b0a13,Lassen Fire,38.0591827,-122.6131992,Marin,13.554334806698781,1.8444702296763076,24.00164982711188,1.575211427951883,0.0
1874,5ddee2f6-f32b-4664-a416-5cf4996290a5,Lawrence Fire,38.529123,-120.731748,Amador,50.68367199968669,15.052001685073604,82.20482937499088,10.133491796630251,0.0
1875,ff71cd3b-2261-4248-92fa-f24733cfdcfe,Bridge Fire,38.921239,-121.036613,Placer,1.791433165929229,0.14517330046808255,90.07515407568879,0.9847066165521206,0.0
1876,257ee7b8-fe14-45ac-ba58-4fae7003f6de,Aruba Fire,33.380079,-117.111157,San Diego,4.939574990058995,5.136739115129281,37.6652854884602,0.670214549467359,0.0
1877,6a36efca-0cb1-465f-be4d-06b3e3b528c1,Caballo Fire,34.6776,-120.09009,Santa Barbara,101.85294130338276,2.228440993910459,28.660404112666107,5.497249058260696,0.0
1878,d3668f70-4e85-4962-8e8a-a0b8f1465500,Route Fire,34.569383,-118.688821,Los Angeles,0.07981225167405455,7.281957686948606,64.75566746623427,0.2639438398415626,0.0
1879,b7a4e6df-7cef-4920-a585-031324b404f4,Hopkins Fire,39.232362,-123.202039,Mendocino,87.3572721101682,0.0,52.73827671949505,0.7028587989722387,12398.2995
1880,cb9d8266-3c5e-4c42-97a8-fdf0fa69a6b1,Windy Fire,36.058,-118.625,Tulare,101.06538281232362,28.459321881400783,162.98585761824378,16.985893848385754,0.0
1881,48dcd1c3-e791-49d8-9435-1b358027b318,KNP Complex,36.567,-118.811,Tulare,120.97196863509448,29.2165292300612,132.27461322321483,9.257492269248408,0.0
1882,3d2add8f-fc17-42d2-8cdc-884d40c0912c,Emigrant Fire,34.665169,-118.760816,Los Angeles,0.07187296927870841,19.78077479439165,70.98798133786828,2.586064585322096,0.0
1883,f4be7c50-4b42-4534-90c7-82c52e4fa3cb,Childrens Fire,36.89365,-119.792528,Madera,73.36375838282046,0.4570637336760131,163.54495382575755,0.2227309887146437,0.0
1884,e208c4a4-1477-4bfd-9fcd-c2d10271e617,University Fire,34.164501,-117.333215,San Bernardino,0.003494126061886657,0.0,86.98524749907446,0.18407745942846304,423859.59299999994
1885,460ab87e-07e7-4931-8390-bd3fe60677b2,Fremont Fire,38.269863,-122.416983,"Napa, Sonoma",21.717272370122313,1.8278479668022098,52.035716760643595,0.012206454452081702,0.0
1886,1052ac46-526c-4ca1-a75c-7e91920ee6cb,Fawn Fire,40.729811,-122.320243,Shasta,0.034128428091670035,0.0,141.83883896997912,0.5592638480098779,55215.985499999995
1887,ffb98e82-9a8a-44fe-9d91-45ce3db74ef5,Maxwell Fire,40.649917,-123.02375,Trinity,55.45425593714559,48.38286191404162,104.51727608334545,5.54062848053911,0.0
1888,66eaca2a-9aa7-41cf-a850-88f963cbf723,View Fire ,40.287225,-122.436754,Tehama,13.410156303586245,12.724684387220414,136.8891041688109,7.692501885831083,0.0
1889,23a7e559-d8b9-4333-bddc-ccf7cb2e7b3e,Kettle Fire,35.983649,-119.960099,Kings,0.13823036323157217,13.634983369664816,109.77187518256903,1.0384535702394662,0.0
1890,8622a38c-551f-4ef0-9b25-0d0280ace921,Newell Fire,38.170366,-122.241128,Napa,2.8378221304336653,0.04192371354951713,51.16975441588791,0.13099513537669724,0.0
1891,de52a8d2-2c0e-4481-8d6c-9e4b7c2b9428,Alisal Fire,34.553,-120.136,Santa Barbara,114.83816931854382,2.8451915585551246,14.473674779697328,8.155709005478291,0.0
1892,16f4a871-6b4e-493c-ada9-cff37913e521,Canal Fire ,39.986836,-122.277441,Trinity,6.233513210399164,8.090368206340614,139.52629613480093,0.15596956276179214,0.0
1893,55df2f9c-3232-4643-970b-0286a1039507,Gravel Fire,41.862388,-120.358206,Modoc,172.65721736906548,41.79084313365755,14.456565409547473,0.5672267097669812,0.0
1894,5f34e7bc-b627-4baf-9e6e-ded2eec3c77a,Estrada Fire,37.013464,-121.752106,Santa Cruz,36.29748194686117,3.5445163661021297,31.03516304790753,2.4648529560299584,0.0
1895,8e7dcc1b-718b-4388-9e20-bef4b9b94385,Hollow Fire,37.62879,-121.52692,San Joaquin,7.552885339164125,8.688383987496497,88.60716583216352,0.11472034158207098,0.0
1896,24117f47-d8e6-4f62-8077-d5bb6742eb9c,Arlanza Fire,33.952633,-117.487947,Riverside,5.639776089100047,0.0,59.483921741306375,0.9136295423456542,423859.59299999994
1897,f3558310-247c-4913-a08b-68d568abdf4b,Colorado Fire,36.396461,-121.880533,Monterey,102.0895116941746,14.611304910976669,8.180430578865195,1.3317358105838646,0.0
1898,83db2882-a7c1-4e62-86f8-c9470e8a0c87,Emerald Fire ,33.558085,-117.805666,Orange,11.001283561444264,0.08739762882246532,6.953718567740709,0.7109950870029782,0.0
1899,0261dfa0-f1c5-401b-abf3-91184cd2ac2c,Airport Fire,37.369355,-118.371813,Inyo,206.81825048854824,1.2239157620487857,40.000452989458125,2.0889151123543686,0.0
1900,e4391d31-46b5-49ad-b4d5-4a934b73d08b,Jim Fire ,33.6769121,-117.5181037,Orange,10.002718964601687,3.9080758010120853,34.358981780436515,8.950102386599967,0.0
1901,ee27ed9e-44fb-4133-a2c9-f16a90fbeb46,Alpine Fire ,38.46234,-123.015106,Sonoma,70.49043505548289,0.06382989166162871,15.425962107569873,1.0399641780675848,0.0
1902,719127a0-5d9b-42e6-985f-ce3e6a718c0e,Flanagan Fire ,40.67671,-122.4073,Shasta,4.6106218323241235,0.41581738220306963,147.74719446380945,0.5789976649858456,0.0
1903,d9f40570-e594-457b-bf33-9bb2eec13d50,Hollister Fire,34.4687419,-120.2770391,Santa Barbara,130.60888933812345,16.782162762160034,5.74957073466071,6.503469825609065,0.0
1904,264c5249-6933-4d8f-a270-25462d14a407,Gulch Fire ,41.9525087,-121.9015432,Siskiyou,54.90874500119345,63.75744377139819,5.639312788548521,0.010995671076086391,0.0
1905,09f9ff54-30ba-48d7-a8f3-9dd6a627fafd,Evergreen Fire ,41.4455854,-122.3685584,Siskiyou,3.110379251735063,0.6062135911800461,62.494861829872335,0.1885489474761437,0.0
1906,55b09ba6-f06c-41fa-b940-2438100bb452,Whitlow Fire,41.234712,-121.692093,Siskiyou,47.47573594492278,34.84281759922228,84.92662333690551,4.307108715922477,0.0
1907,fa9ec8b0-aa66-4e58-a84a-ca5cbc101692,72 Fire,33.525345,-116.099728,Riverside,19.00500250231055,1.6274686888391234,99.9992591283453,0.39967099439580717,0.0
1908,14a709fe-bd83-4ee2-8901-975aa4c44608,Moonlight RX,40.18494,-120.4849,Plumas,85.81267842044579,22.55903704554057,41.537578976597835,6.064960761026209,0.0
1909,4a03c163-2598-4adf-aec1-5c3dac41fa23,Platina Fire,40.44412,-122.690559,Shasta,30.435299743073568,24.308732947654292,126.2216603601112,7.708873180293428,0.0
1910,f904489b-0488-4764-9a98-bd3b818d1756,111 Fire,33.510716,-115.916687,Riverside,17.334640737283895,0.03219432385178376,96.85008822030382,0.8838114667472847,0.0
1911,05a22a51-f594-41d7-8cfa-ff8811b145c5,Pyrite Fire ,34.018021,-117.462367,Riverside,5.361463731657385,0.0,66.91349185407296,0.28821451737443793,423859.59299999994
1912,09a71f96-1215-4fc6-8b9a-da44930af8c4,House Fire,36.974622,-119.443013,Fresno,103.84605247079212,19.950232589697382,136.13215326739055,1.0997895025585782,0.0
1913,b81c84b9-bde4-49c8-aded-914d170ba9ae,Coastal Fire,33.509464,-117.744398,Orange,6.933744313483526,0.0,6.324085072123663,4.008916531332013,117050.9922
1914,93c25ae3-115d-465b-8994-c15b1b81b466,Coyote Fire,33.886637,-116.900635,Riverside,4.1612561373890005,3.0771269578795963,89.08031745702169,1.7956002254368748,0.0
1915,c20ca686-9666-4f4e-861e-bb6085d0e889,Poplar Fire,36.051411,-118.98167,Tulare,76.8220075327479,0.07337347110384795,185.02370621424316,3.9589198535633936,0.0
1916,56efbe7f-664a-42f7-b9b0-5c290d8ce3cf,Edmonston Fire,34.935583,-118.873889,Kern,4.505755823578331,12.554993791636866,88.11557029008144,2.744449814989659,0.0
1917,b211e55a-9b50-4e22-b014-55a6e4b27001,Willow Fire ,38.015611,-121.998735,Contra Costa,6.6032504239246625,0.9524604702859331,57.547169074129165,1.569897947044819,0.0
1918,5947bdd0-c00a-49a3-bea2-c0208cbd7e6f,Dunnigan Fire ,38.824462,-122.049621,Yolo,9.026034443568184,13.738053269005917,108.34552298069926,0.641811709345418,0.0
1919,6dc17c08-d206-4ca5-a53c-cf26d2d7cfd3,Owens Fire,38.8733747,-123.6641833,Mendocino,133.64580546751222,46.925882376263345,6.216688206725141,3.580675035230513,0.0
1920,c87b3af5-8bb8-4e20-8b8b-0e035635f8ea,Quail Fire,38.467322,-122.051923,Solano,9.316337976081233,7.8880615076804865,87.38359192795909,5.032656222744694,0.0
1921,3564711f-73f7-4aae-b550-e2c51f81b780,Wilder Fire,40.150329,-122.275649,Tehama,4.429112029208987,1.6136120316407132,144.74477962240005,0.3846047361396776,0.0
1922,b0f0e47b-416f-498c-8239-fd3ddd7d6abc,Edward Fire,39.761232,-122.229859,Glenn,2.0876338576759443,0.015508022903892535,139.62312958751446,2.768841218961899,0.0
1923,98953233-d2bd-4704-a6dc-122d14e388f6,River Fire ,39.2333948,-122.0246463,Colusa,13.000191271767546,0.577891203929486,135.9653205585369,0.1838718254573479,0.0
1924,b22cb518-4c4e-439b-a8e8-5597fe45789e,Bull Fire ,35.0155237,-120.3564497,San Luis Obispo,91.52283867441025,6.807906994473763,30.869267943318253,7.509451793085839,0.0
1925,61c7f0a0-3f9e-4665-92b0-3f135987907a,Elk Trail Fire,34.090619,-116.447636,San Bernardino,22.44145751556258,0.5819174026163323,134.96220563949123,0.09380929049737526,0.0
1926,e0d1fd77-071f-4892-9738-49baba9658f3,Lost Lake Fire ,34.010838,-114.484173,Riverside,41.53691426638582,22.22481985763348,1.5939568975182374,0.11622534608039202,0.0
1927,51a14af6-7c52-4666-8805-da3f0d07923d,Old Fire,38.370078,-122.270417,Napa,20.48974904379621,1.60769617234786,67.97731967641158,1.9949661213248133,0.0
1928,ab7f7bfd-8c3d-4199-8caa-bfc192dc29a4,Range Fire,35.199501,-118.721683,Kern,29.275341323747156,7.6834835840983855,120.27163871187372,5.139941525749144,0.0
1929,4c22250d-5076-4a2a-aaf8-58565c49f314,62 Fire,33.59823,-116.23339,Riverside,13.65137528791857,0.22928991187719883,109.17714491412262,1.5994110836664035,0.0
1930,34303301-ad09-441b-a2e5-91d206a66218,Eagle Fire,35.72373,-120.56019,San Luis Obispo,56.92285718243626,11.928469151735412,49.93274002528474,4.100718805459123,0.0
1931,968e2f0c-5255-4a21-b166-c9a06a645825,Hesperia Fire,34.31267,-117.34635,San Bernardino,9.519639929609337,5.784140795150262,99.23395623193962,1.2050032558958628,0.0
1932,d63827d6-1fa3-4a9d-8a21-a5d2549adc5a,Marsh Fire,37.895892,-121.696808,Contra Costa,18.917946191198247,1.9289535227904813,79.10930690776233,1.6770991452063362,0.0
1933,9e92e949-1e1c-47b7-9a46-71664466a15c,Park Fire,39.385829,-121.431372,Butte,51.177984067136194,10.431785513827041,122.69104354067531,1.9416950683291918,0.0
1934,58ba3463-14d8-4ac7-86c3-aaeb920de442,Graham Fire,40.05,-121.776,Tehama,37.06570546236803,25.75479753733229,151.70309762954128,8.668046051817612,0.0
1935,f7f9f401-e8b5-423f-b0da-13011200b213,Plant Fire,34.9324042,-118.9253809,Kern,0.03647051431146765,11.786292587629434,85.30988272056611,0.20946032661786293,0.0
1936,cc000d68-f79b-447c-b67f-976d820ec702,Brandie Fire,39.319804,-121.392285,Yuba,44.543873492679104,17.246889783229907,119.40017678661498,2.434124159703713,0.0
1937,d0c68cde-731a-4409-a810-32c7d326ce54,Sheep Fire,34.355593,-117.61508,San Bernardino,12.308345432027787,0.0,86.948609888581,9.357807513966163,1101.5846999999999
1938,3eb84741-bc4e-4beb-aeb3-6f485fca145c,Barrett Fire,32.8134303,-116.5882585,San Diego,0.6604874393961365,11.30776026745184,25.762295432304068,3.858131120242133,0.0
1939,954eef2a-0cff-404d-a2b4-d0acbcf8d3de,Border 13 Fire ,32.614832,-116.737119,San Diego,24.240532234129727,15.62023395242074,5.236393447997162,1.0484572577143119,0.0
1940,2c095f28-ae55-4a23-9378-2a74989e889f,Rancho Fire,40.00919,-122.45621,Tehama,21.058623853199922,22.61847170736591,125.46592783002615,15.402263117956975,0.0
1941,f8587978-ae8b-409d-8540-0c4aaa952d54,Border 16,32.567333,-116.750667,San Diego,26.276453521781473,14.20738188793507,0.1214002238395471,4.293681143759252,0.0
1942,eb1d79f9-a00a-4fc8-b979-5fb00e24da0b,Edgewood,37.459222,-122.27742,Santa Cruz,0.8211744713319995,0.0,20.165198821399493,0.20416028409225223,406906.8612
1943,49ce10fd-94f9-48ee-890f-3b63b1aa84ea,Thunder Fire ,34.936618,-118.889446,Kern,3.1531522053699526,12.611771769898665,87.4367834872905,2.9743848722671804,0.0
1944,78bea37e-7334-4f49-a8dd-1c9a593b47d1,99 Fire,39.37879,-121.68694,Butte,43.545047490063524,0.9266843374336214,144.6905858652718,0.07237771389433383,0.0
1945,5fa0ad1e-4624-4257-bb31-3eb5af1e6116,Scenic Fire ,38.046255,-122.191103,Contra Costa,2.581715993466223,0.0,44.99195368619426,0.8717623958627331,406906.8612
1946,974e000a-7b64-4542-aba7-e0c33117870a,Canyon Fire ,37.642217,-121.903018,Alameda,1.1190479659017976,0.0,58.00769781651454,5.090884687111205,157511.4993
1947,769b01fc-2018-420a-92b2-5e2ccb296894,Tesla Fire,37.365652,-121.556086,Alameda,24.952539780569182,15.939197191183219,68.5089244522314,10.382858109642621,0.0
1948,3f3fd217-c2b6-444c-bf90-a2168bf9b40e,Timm Fire,38.42619,-121.97785,Solano,3.038999746286692,0.4798998758057047,87.74112412291477,0.9679033931510137,0.0
1949,13541b69-799a-4a8b-ade9-0bdefc254f73,Romero Fire,38.42619,-121.97785,Merced,3.038999746286692,0.4798998758057047,87.74112412291477,0.9679033931510137,0.0
1950,88867d1f-eb64-4966-b86d-115c913cae39,Kirker Fire ,37.97689,-121.908735,Contra Costa,12.759351074740989,1.565387239851734,63.2147268794809,0.41215598278641624,0.0
1951,06deb062-3940-44f0-a984-f9cb80ed1e4b,Union Fire,33.968307,-117.462524,Riverside,7.9618070567319945,0.0,62.212133458752504,0.9830716463468799,423859.59299999994
1952,78fccf47-afdf-4e7a-bcd3-10c574b5dad2,Ridge Fire,41.317476,-122.359698,Siskiyou,2.7380256447501616,1.3165555525708028,76.70876193757326,1.864462436961029,0.0
1953,2ea11a5a-70bd-4cea-bddc-466de28b4a8d,Roblar Fire ,38.323263,-122.796221,Sonoma,46.815742440894866,1.276430006184057,25.23976175142913,4.874004455765118,0.0
1954,5316b89a-f041-498b-8ff9-af00c89c2979,Redwood Fire,38.163521,-122.574563,Marin,22.669627831948265,3.9209782092875898,34.189979120668475,0.05417867050293969,0.0
1955,b3b6407b-cafa-4f42-bc9e-6e0e286717c4,Burrows Fire ,39.713372,-122.55002,Glenn,29.457212745650175,26.929106218573217,111.70139923141026,12.871486653678666,0.0
1956,5d545430-bff5-4c5e-befa-d3139e19da30,Camino Fire,35.136141,-120.437395,San Luis Obispo,88.81189681423643,9.933955196237712,23.3412005142993,2.8292364491135413,0.0
1957,de8403a1-4f40-499e-a83e-de3261c57b37,Rices Fire,39.319145,-121.192271,Nevada,30.334192120501562,6.0412722219241966,102.17058091586475,1.1795785895517827,0.0
1958,77ceaa27-dedd-4703-9db1-5d80e9322f53,Evan Hewes,32.79106,-115.71861,Imperial,1.8752398494690996,8.40757216522341,15.78094829964173,0.01603066075830147,0.0
1959,d87c11f9-0995-4802-91c5-f99f7e97d75f,Nelson Fire,39.524038,-121.650851,Butte,46.97109326855991,2.0112061393316165,141.66036161293468,1.7142852521390612,0.0
1960,90b3f3dc-c374-4376-876e-6aad196a05f3,Sandra Fire,39.480813,-121.366789,Butte,53.615228325907026,8.065700780568632,117.2484090171409,4.185179875768923,0.0
1961,b57e64d6-701c-475e-a048-b81d21bef97d,Table Fire,37.013878,-119.576797,Fresno,96.72932590878794,16.275649498562178,140.8019117632707,0.21256299194992534,0.0
1962,8877e37e-7656-47ef-9881-dfd9653f36a4,Garrison Fire,35.8640822,-120.819059,Monterey,66.05164459173204,24.705344271853196,46.529079252422854,8.190095212392096,0.0
1963,9e30ecfb-a068-4935-a67b-bf52337f1dfd,Electra Fire,38.334802,-120.665415,"Amador, Calaveras",66.42456281085366,7.30033454584743,93.63351977534184,0.14025678571769737,0.0
1964,157977a9-25b9-4550-883e-13847244b92f,Jan-Dar Fire,39.42972,-121.430071,Butte,53.91737903462027,7.645618701189606,122.62771581805274,0.038936280553737504,0.0
1965,67d518ac-2edf-4809-bb0e-748ebe27f9a7,Nome Fire,39.8166571,-123.2055576,Mendocino,85.75276462076587,42.34209331644745,57.99853048384796,4.993609502851786,0.0
1966,39d88789-80ba-4a50-b96a-bddefd6593a3,Bay Fire,39.300253,-121.372749,Yuba,42.05722345206925,14.750092161470924,117.74275001644179,0.1326474273438251,0.0
1967,776de6ba-3e3c-4388-b257-44e8c9231a95,Washburn Fire,37.499,-119.614,Mariposa,125.13155046010418,13.914693281185732,102.68221492524587,19.76196164102844,0.0
1968,6835535e-9016-4297-a743-c657e76e39d3,Porter Fire,39.020051,-121.344587,Placer,24.482847237073873,5.792645543084057,116.15077764984326,1.472212930376923,0.0
1969,7a9b1646-9b86-4721-b99d-9cfe02ba1fec,Harbison,32.7947379,-116.8460273,San Diego,6.259053674285242,1.7000997413787418,26.05562454557473,0.9204349709049673,0.0
1970,d52a1e49-8d6b-4982-b931-29032439e870,Herman Fire,38.0936839,-122.1347757,Solano,2.1072579095531756,0.6847046834550435,52.09592759714036,0.9725712215083075,0.0
1971,0539f658-3625-4601-a3d3-9f0e887c2415,Peter Fire ,40.4411992,-122.3182313,Shasta,2.51430779062958,0.44889487227207,153.2600285835256,0.023394324458115408,0.0
1972,aa364bd9-d718-4583-97f3-18d0fcd0ce4a,Grant Fire,38.5570067,-121.1183895,Sacramento,23.478413601963002,4.404138956591645,108.73483987441617,2.1594361479222886,0.0
1973,632bea0c-612e-42fa-8b27-b3514c734da2,Rainbow Fire,40.010233,-122.433855,Tehama,19.151869185974366,21.10255663279246,127.32658549621895,13.49374321182192,0.0
1974,a1c796a1-d98d-4420-acb5-f30924c7966d,Riosa Fire,38.9848309,-121.340201,Placer,21.815477683801376,7.172192550104242,115.8920451398408,2.142263164695237,0.0
1975,6a5cd16b-55a8-4104-aa28-0e0490b4aca9,Border 27 Fire,32.6077664,-116.6077664,San Diego,17.679736336046258,24.86033664255135,3.2827466403323498,2.0578727447292966,0.0
1976,398d0989-c034-4da7-854c-79e392d081b2,Bell Fire,39.90557,-123.598273,Mendocino,119.25896933553295,51.15820393471204,29.187053992354105,1.6850357657712747,0.0
1977,5e02c4ff-003c-42a9-a3c5-6e104ecabb02,Agua Fire,37.481701,-120.02107,Mariposa,95.0141126840817,32.8168087073898,127.85820214135937,1.488928907534438,0.0
1978,7fbd8cd4-bd0d-432e-910d-a8c353667946,Winding Fire,39.314076,-121.27693,Yuba,35.68984711587955,8.765977327370656,109.46971724040095,0.678879893220027,0.0
1979,50a7f34c-aa67-4227-bc71-238e85a3ff85,Meadow Fire ,39.058043,-123.33756,Mendocino,101.34753898092576,12.035999041943368,36.73655408529727,3.7929295822588758,0.0
1980,f83fad03-336e-4edb-afc6-c77b5f924506,Flynn Fire ,37.719206,-121.656106,Alameda,0.13519492552943063,3.4948250384374866,80.73548038919633,1.9265449272060007,0.0
1981,2786397c-0bd0-46f8-bdf8-3f749d061593,Slate Fire ,37.935092,-120.4422218,Tuolumne,73.6641387253759,0.05581539184592022,114.35684918113225,1.1936662145073544,0.0
1982,367d210d-571c-4066-a078-44f3e162d8f4,Anzar Fire,36.8927679,-121.604728,San Benito,53.87733612395957,7.447562440488853,40.61772000891175,0.5096081908087106,0.0
1983,fec1972c-dcdf-4a1c-a6ae-5c26a0b82815,Oak Fire ,37.5509366,-119.9234728,Mariposa,106.56112106876614,32.43810808038994,116.40404838581217,5.08377674352833,0.0
1984,d3415864-268a-4304-ac6a-02714a23f2cb,Cable Fire ,38.75794,-120.63742,El Dorado,40.471062515247176,0.18969259734133775,61.34712143213573,2.0775151498799405,0.0
1985,487f18a9-7af4-4702-ba36-78aaef812e80,Casner Fire,33.0819687,-116.7626279,San Diego,25.415228630755998,6.239357382278461,55.72662181901416,4.579186389101885,0.0
1986,c7cb91c5-4423-4965-8f6d-ad9c711a376d,Apple Fire,39.323167,-121.304167,Yuba,38.20029120823527,11.244080384659757,111.80505048544751,1.7711146563995224,0.0
1987,deef1971-c9d4-4070-ae37-1a3ad350e977,McKinney Fire ,41.833813,-122.894782,Siskiyou,24.49523265604561,21.19634535857423,18.837766628653625,10.612734272345676,0.0
1988,1445f422-faa3-4a74-84db-bb3e6b3526b2,Highway Fire,34.312437,-117.3463886,San Bernardino,9.527754732310594,5.760368894941344,99.2136596184186,1.1817736164386918,0.0
1989,5a71b67d-308f-4767-9f10-7cab21332ae4,Mesa Fire,35.5745007,-118.4125811,Kern,77.77125979946427,3.808188519229952,170.44804350882063,6.827306753565123,0.0
1990,4d357743-0767-467c-9d27-585e4466bcce,Shackleford Fire,41.5734543,-123.0213226,Siskiyou,34.48091240410993,33.18091731664931,47.647866408266296,10.306166388941309,0.0
1991,974cf91d-0e78-4aa7-b7d3-99e4834fcbc2,Pebble Fire,36.6760553,-119.1902259,Fresno,102.98830432118665,11.296432176939225,145.91398611000272,1.4631779391698732,0.0
1992,64cc517f-a935-4abb-b35a-b40516174f3b,Kelsey Fire,41.6430162,-123.1193265,Siskiyou,40.28026886629085,39.029976090982686,40.27206426479826,14.865402783642766,0.0
1993,f4b5f0c0-4b3f-4715-93c8-eae87b2cab17,Meamber Fire,41.640867,-122.988315,Siskiyou,29.616517202044108,28.293730813163926,40.18427789378694,9.467275489185582,0.0
1994,3d3dc0a6-0c44-4786-a543-896e3c0e1b59,Marmot Fire,36.378236,-118.853671,Tulare,105.48592915872439,20.53661293979775,150.31069184571405,7.308618429115202,0.0
1995,bb08947c-f887-4538-bb5e-1d5750b54249,Springs Fire,37.84349,-120.50806,Tuolumne,67.68245091243202,11.133181473539068,125.83074143151181,4.286868620688276,0.0
1996,e17479af-0314-4162-9c57-bbbf602b6f64,Smokey Fire ,41.9708541,-122.7825581,Siskiyou,14.374887798703702,25.574834494692094,3.6766385005752342,21.690551981537684,0.0
1997,79d90782-1a7e-45a9-981c-7363ee233fc6,Six Rivers (SRF) Lightning Complex,40.9269568,-123.5862017,"Humboldt, Trinity",96.54473067445899,35.74529565860044,50.9035171796571,4.857312594608475,0.0
1998,38a305cf-5af0-44c3-8d71-6120de29e82a,Yeti and Alex Fire,41.868,-123.278,Siskiyou,55.7475554444255,52.4205218263365,14.839173792938604,0.15413690397767002,0.0
1999,136a1828-ec7f-487f-9aa1-7f378e51322a,3-8 Fire ,41.060445,-121.211449,Lassen,90.29214617937362,37.512834902575214,101.89749885406691,4.395803641003674,0.0
2000,4f42b108-2832-4a5e-a78a-3cfacd32c017,S-2 Fire,41.649229,-120.008429,Modoc,187.92109573467494,46.98129165762272,0.7957127516183268,14.470310505513726,0.0
2001,0f52278a-7102-48c5-a904-c9153187a3a2,Sam Fire,34.765322,-118.732882,Los Angeles,5.798546088909374,15.048983463699,80.58252159056292,0.029971523404314703,0.0
2002,b2407838-9dd2-45b8-a956-899bf6891b98,Rail Fire,35.2882644,-118.6292243,Kern,42.09262463918555,17.46316687345541,133.1042567034777,15.354177150421561,0.0
2003,ad465a00-5520-4188-9f91-3c5568adb40e,Oak Fire,39.04941,-120.9526,Placer,1.5764115494674078,1.5764115494674078,82.17014706399789,2.63585507228503,0.0
2004,606930f2-4368-4e78-bb43-4ba33db70f11,Wishon Fire,36.17768,-118.71829,Tulare,104.3464838219779,24.497361214002467,158.80597943134262,7.838793223547556,0.0
2005,9416f961-c5f3-40ec-805f-87bb8b09c5f6,Eden Fire,37.70049,-121.97822,Alameda,0.20164809756626947,0.19443721700323818,52.30200528460656,1.4647700417650933,0.0
2006,4716f4ca-2a6d-4e0f-a853-78803613cf03,Los Bueyes,36.003814,-121.23129,Monterey,88.29911255164957,18.996669298138,28.951810858578018,5.7576429029146645,0.0
2007,baa65866-c909-42c4-a414-63c31d1bb3cb,Quail Fire,34.48202,-118.60811,Los Angeles,0.5813683499472149,0.30362450904603494,54.81963168549651,0.16389294743689914,0.0
2008,8d4e0591-dd62-4c04-82f3-10eb76556cde,Pleasant Fire,39.2805,-121.1329,Nevada,23.666012700375454,4.643369435098883,97.09548476629774,3.037470264887112,0.0
2009,1e84bb2e-0fd6-4002-bcd2-3cb2f622be6a,Point Fire,38.9494,-122.6556,Lake,49.36484655969111,0.9027651055261032,74.75253726406505,4.136205269261593,0.0
2010,0363b353-f624-4d3f-9c0a-20a81a51e154,Valley Fire,32.8647,-116.5185,San Diego,5.268007269660975,16.527024754094512,30.801635898545523,3.248314326877164,0.0
2011,092ae456-6322-4f6d-b9f1-ed2c55a1fbc6,East Fire,34.2338842,-117.8004523,Los Angeles,12.649588874845088,8.509406940332662,66.70063723381706,11.00770651149402,0.0
2012,4612ddda-90b6-4733-a0a5-6bdeb622614b,Still Fire,39.0543,-121.1103,Nevada,11.35757218672938,2.9609206970925768,95.78555349629107,1.0466774553732148,0.0
2013,68202561-738b-4e30-a004-7ed156939fe8,McCovey Fire,41.4672,-123.9277,Humboldt,110.41649563161813,35.83049622146388,17.466224072987558,13.290300570395916,0.0
2014,2632aae9-5451-4021-b9ec-3c68909133a7,Ranch Fire,41.4626,-123.9477,Humboldt,112.16320461539546,35.45474533405376,15.792034686208689,12.410011700579014,0.0
2015,599c4952-beda-4ec6-a636-47c92444a443,Gulch Fire,34.2026,-117.8608,Los Angeles,9.143273376713312,4.270176027698549,61.18461614054974,8.623278115644993,0.0
2016,40b5cdc9-57db-40da-b52d-6f4c53375bc1,Route Fire,34.5255,-118.6479,Los Angeles,0.012456959875228293,1.142634768931711,59.75641767220201,0.5282416284467846,0.0
2017,68dceec6-55b8-4c87-bfa8-f80e4d7118f4,Border 32,32.612181,-116.707395,San Diego,24.546122410904573,17.78718105457239,4.683862144278745,0.7668660479281679,0.0
2018,1a839916-324c-4106-b32e-753ff8a0b048,Branstetter Fire ,40.5336,-122.3975,Shasta,3.938202200475101,0.0,152.4729676461076,0.715504520907525,55215.985499999995
2019,80ceeedb-4349-44c9-b061-2f9855d6efd6,Walker Fire,39.3669,-123.3159,Mendocino,96.23955835360437,0.14586425582542148,48.4342949826725,0.006041332031266772,0.0
2020,f0e786a2-78d4-411a-b55a-b756c4189ffa,Woods Fire,37.968,-120.4013,Tuolumne,77.6080882194388,0.0,109.23918958297492,0.02743852810684232,24242.410499999998
2021,47bfc3f3-04f7-49ab-a901-77770b85a7cc,Mill Fire,41.4303,-122.3852,Siskiyou,0.9887301892991993,0.0,64.151077230267,0.1366470391150316,5680.510799999999
2022,bb24457a-d2ad-4efc-b816-e5df69ce8e71,Tower Fire,38.0182816,-120.7489517,Calaveras,48.809922370590954,12.538709296735087,125.02527301477978,4.869159894467137,0.0
2023,0f74249b-6f78-4266-b3f0-c61b5626d6af,Mountain Fire ,41.459009,-122.627469,Siskiyou,14.005762577669175,19.197908097997058,60.5555933159014,14.532025181630127,0.0
2024,a30a1a3f-e586-4351-a177-109e2108bf9c,Sandia Fire,33.432924,-117.246996,San Diego,8.010292771102453,2.129183011678781,31.336492023463755,0.16418594210802143,0.0
2025,555f187c-f8af-4a8c-87b1-2a849cf34b7f,Caesar Fire,33.064629,-116.811345,San Diego,22.98496754202109,2.6649913136076755,50.84177277876068,4.317817565845083,0.0
2026,7a58bd4b-886d-40ee-b895-03e6473be505,Fairview Fire,33.717062,-116.893227,Riverside,22.965840325134412,1.8941962873317635,76.65141651084429,1.8135651763878038,0.0
2027,d90dcd39-baef-4d4c-8774-16a02ca557df,Hill Fire,39.1252,-120.816083,Placer,6.4614168878660045,11.453247203078265,70.1611802720481,6.758258411746229,0.0
2028,d78ddcad-57ab-4cc4-8910-6f55da123bc1,Radford Fire,34.177,-116.882,San Bernardino,25.287415871053465,4.7897792194648945,114.76250628979217,3.372442375076693,0.0
2029,90ff8cb6-8361-4442-8646-b8846bf2f7ea,Rosa Fire,35.580125,-121.012313,San Luis Obispo,98.73622638812265,4.9538147654719245,13.814186057919404,3.170376463436819,0.0
2030,00b88ee4-06ed-4f40-81ac-3e23fcb1bc64,Power Fire ,37.080478,-119.485927,Fresno,107.62634252400781,26.697596899498073,129.89719141585542,1.4617040808516195,0.0
2031,a305c68d-db56-4c9f-ab9c-5089c25f3fba,Mosquito Fire,39.00591,-120.7447,"El Dorado, Placer",20.089154263781083,19.40611732269848,64.31786665924454,0.0952416472525091,0.0
2032,2497d2b3-31a4-4dc5-a628-2a059036e6c2,Fork Fire ,37.21945,-119.50881,Madera,115.85014077707059,13.012594611134595,119.66962323505687,0.9120300037042739,0.0
2033,899421c1-661c-44c1-a988-a0fe5043e6bd,Coyote Fire,41.8739166,-121.839853,Siskiyou,59.5509603206476,65.39769547672554,14.272811054632555,5.142178885623169,0.0
2034,6a1d129f-e302-41b0-90ce-a0fafd6e2503,Barnes Fire,41.87117,-120.29122,Modoc,178.17923841590257,45.031226119339586,13.49478818925182,4.460344619263205,0.0
2035,1b00894c-ef9d-49ea-8e3a-249179ce7ef4,Red Fire,37.661,-119.471,Mariposa,145.62081878722626,34.601326694066806,80.86241660620982,32.54510730835388,0.0
2036,f8668270-1b0d-4d9c-b4dd-a80d144a4ef6,Rodgers Fire,37.954,-119.552,Mariposa,136.67887999650287,55.94811096061025,61.1466632769257,29.50602753708181,0.0
2037,4eab4eb2-77d3-48df-bf15-40b61f15cccd,Eliza Fire,41.793769,-122.692408,Siskiyou,7.90416368961154,4.928548032540965,23.34430402228968,6.724360008636259,0.0
2038,0f669596-90b2-4625-ba6b-f2bd1ab59f3b,Forward Fire,40.44109,-121.81822,Tehama,39.377579343093785,37.236608855738986,154.61009152562903,4.160698863850656,0.0
2039,e97ebb75-7d6d-4925-a27b-2bb9daec9fbf,Dutch Fire,39.1902,-120.8266,Placer,0.21684729800417527,13.255614817768148,70.90678345270852,1.4906833033092342,0.0
2040,4b8ffb4c-e539-4cfa-82a0-2aa148b43ee9,Garden Fire,39.9929,-121.2122,Placer,84.40419419730605,22.5058186206546,103.66406115773721,2.07283363936756,0.0
2041,cad849b4-be9c-4a47-889d-a1c1bcf2c085,Irie Fire,36.007323,-118.752908,Tulare,89.18451040589862,17.62173752299123,174.923893451202,13.727898919762467,0.0
2042,70bfeb43-3af8-4aa8-847c-07f0869d6f6d,Manzanita Fire ,34.1776,-117.1529,San Bernardino,13.068748659020944,2.6355751705318164,97.84030557406625,5.020130026207386,0.0
2043,a5373b17-81bc-4a24-a844-148cb5de6b10,97 Fire,41.4987,-122.3414,Siskiyou,9.217446255167674,6.9194053638869475,56.57300033481635,1.7541489321803243,0.0
2044,a139a767-908f-4275-9314-f3fb47bd9155,Howard Fire,34.560597,-119.167059,Ventura,37.57525706122614,12.167875117941318,38.59983478059403,14.513874045316161,0.0
2045,866407b4-2434-4d13-8a43-fa61f2d6a38d,Pleasant Fire ,37.38939,-118.50091,Inyo,198.71564091653,5.566839868664154,46.00287875174543,0.6891947430515071,0.0
2046,8cd5adf0-00de-4f9c-9d5d-2637f7c0972e,Nob Fire,34.293103,-117.565833,San Bernardino,8.319480758138704,6.950531082892038,83.94756820710268,7.594123363219117,0.0
2047,a56115f1-5eca-4dc1-b576-cbeb67ed4b5b,66 Fire,33.569342,-116.092746,Riverside,14.150708740809916,0.8082733843868697,104.7855759529557,0.011647800144019702,0.0
2048,372264df-a6df-41b0-91b1-6b1ed6547a11,Johnson Fire,33.4626,-116.0614,Riverside,24.757776295057553,9.151625758903636,92.73505837984692,1.5946283814306292,0.0
2049,c2deabb9-7935-4a0a-8fba-4d4005e4bf1c,Point Fire,40.417676,-122.47542,Shasta,14.836523374700597,10.51667555933561,140.25967724584058,3.183244894291956,0.0
2050,e44f5b6b-c6e6-461a-a9ab-d442e08de3ea,Ramona Fire,33.823424,-117.033714,Riverside,12.516950378970263,2.5887884378427812,75.5434652775292,2.300407785652198,0.0
2051,8b46c737-a036-4e58-9d8c-4de0b9879e68,Pistol Fire,36.9466,-119.6801,Fresno,84.90016619351873,4.459771766513665,152.5004500150166,0.21944127356478946,0.0
2052,9f20e88a-c95e-494f-bc38-7708bac1b7a6,Sicard Fire,39.2349,-121.3475,Yuba,37.26724726459236,11.071558492983268,115.7048525744507,3.7954670757206768,0.0
2053,4511ebf3-f3d7-4c2d-9299-ec8ff974582e,Orange Fire,36.678,-119.2971,Fresno,96.77911200570513,4.567575441825194,152.09135898462708,2.774964183105715,0.0
2054,cc8b9e35-5e0f-48e0-81da-15fab9bfaee2,Panoche Fire,36.7536,-120.8991,Fresno,14.937983742073921,31.450203191484395,99.02551728826316,8.315994845759384,0.0
2055,a788f3ff-73ff-49e0-b65c-95bbb851df2e,Valley Fire,36.0322,-118.8582,Tulare,84.87887189285362,7.748905248370534,179.24005767067752,5.520856079652218,0.0
2056,bbfed8a2-9c91-4e38-92cd-374d6fdee02a,Range Fire,36.4647,-121.3319,Monterey,64.33592234177466,2.167438207288107,51.40147699433139,0.0026321610510191412,0.0
2057,5907b233-4523-4bdf-aef2-e02c1f8c4d68,Rodeo Fire,36.70984,-119.304258,Fresno,97.86352358476965,7.983625825630224,149.8740603353346,3.6556373002847424,0.0
2058,17f58280-2631-440e-9bca-cbdea1e5e373,Gulch Fire,37.4404,-120.1499,Mariposa,83.42953750230402,21.4134290066766,138.80618555424059,6.881976158234313,0.0
2059,c6d831a8-19e0-40a0-807c-26e542c8f43b,Geology Fire,33.896,-116.0533,San Bernardino,21.7711536251161,20.488259571954654,134.7175695147423,17.299858745021577,0.0
2060,48cc8ca5-b512-4dc9-bea2-a7bce86009a0,Summit Fire,36.319167,-118.650278,Tulare,117.60245230646805,38.61910411161898,143.0035679918294,23.8631460456777,0.0
2061,7634b4c2-6a78-4aed-9e5b-d11c26faf384,Henderson Fire,39.023,-122.7145,Lake,50.563802330961735,0.009954706482453553,78.10174376656761,1.2937479887346774,0.0
2062,7b626e88-ef6d-4669-b7b7-d36e0ecaaf14,Frank Fire,40.2869,-122.5955,Tehama,26.88905965999166,22.965878378883602,124.55326455713265,10.41528172417102,0.0
2063,f37b0f27-4097-482c-a948-71c62940911e,Scott Fire,39.3256,-121.3686,Yuba,43.06591657351789,15.86322665092316,117.35214163349355,2.456889191760167,0.0
2064,6b4212c5-b9c5-4813-9b45-50620406071e,Snell Fire,38.6994,-122.4379,Napa,41.66695120010609,11.234062705986231,72.1108349084181,13.291412433825283,0.0
2065,8fd8a93e-1959-4382-9861-979a77194624,Wildcat Fire,36.9351,-119.2043,Fresno,118.62549807124603,33.32386693677264,125.27947649590104,2.7975525764093367,0.0
2066,c57a1ed5-5b24-41ed-aca4-703339726e05,Rocky Fire,36.3002,-119.0828,Tulare,83.6718455000502,4.019505979875667,170.5699845267019,3.1074637239599356,0.0
2067,5bdb8a5f-58a5-4fb3-b1d3-5487a7acdc05,Slough Fire,36.5737,-120.188,Fresno,23.906322887000712,2.809037980226909,140.84136347140614,0.8503400315123786,0.0
2068,4898fc42-90a5-4d10-8c7d-f21150e6f0c9,Black Wood Fire,32.734788,-116.34461,San Diego,3.440439730931815,35.754453834868215,14.921817985049653,3.2460212484340545,0.0
2069,03aa73f8-24a4-49f7-a634-a705d1632a21,Garbani Fire,33.656034,-117.201092,Riverside,2.761901373823866,0.4594526046276945,51.36626024269392,3.20177852480618,0.0
2070,bc067439-ea43-4ce0-b4ec-66d20bae7804,Viper Fire,33.984167,-117.138268,Riverside,4.986405473864039,3.147265771992109,83.16930744028625,0.20530800689098117,0.0
2071,d9778b37-9886-453d-a5ea-0772b1b33073,Harney Fire,37.8558452,-120.3728742,Tuolumne,79.49895799741884,9.389553155757962,116.98712676096126,6.496526146541546,0.0
2072,cdc613c3-c746-4f0d-b295-f15fc7e67277,Peoria Fire,39.258,-121.3801,Yuba,40.79527084000374,14.035842590879264,118.4369064441151,4.440948775155679,0.0
2073,fa24f204-d45e-479f-8437-4ce009874df9,Balfour Fire,37.9143,-121.7676,Contra Costa,22.27922701727177,0.7813936344083342,73.3618751087412,0.7681014420694213,0.0
2074,417b7148-f644-4919-880f-8d529e1f8b95,Crane Fire,36.8675,-119.0137,Fresno,128.96904873802347,36.68180698018242,119.55747918707826,5.658713369718583,0.0
2075,1c823bea-8d80-4560-9888-91fe81366451,Juniper Fire,33.787329,-117.330286,Riverside,7.829970869508202,2.355833880074838,55.02845804306954,5.065796060037196,0.0
2076,c56682cd-d6d6-47fe-bcaa-e0f77339f604,Nice Fire,34.0568,-117.0957,San Bernardino,3.83040271080436,1.1132053398074175,91.63216173613533,1.8859192001453027,0.0
2077,7ee1424d-3aab-465e-9094-280e5cd5b83e,Champagne Fire ,34.9516,-118.4252,Kern,39.895843850705475,17.654815355824688,107.65875241701782,6.791367842869384,0.0
2078,5d6d342e-3696-4de4-a730-a89de03df378,Gann Fire,38.114444,-120.798285,Calaveras,47.72114263567173,3.9237546331991267,119.76208108793209,4.169911667988074,0.0
2079,c65b1fd8-47f9-4c0f-9512-a444137f9371,Whiskey Fire,37.193819,-119.46781,Madera,116.74543465367827,17.561797430974117,119.44634631735327,2.5369573658769653,0.0
2080,f20ef989-476d-4e60-8b32-b61d9f211e1a,Peter Fire,34.516944,-118.193056,Los Angeles,30.58198090886282,4.6641336107003255,67.63095900368378,2.5513477213286816e-05,0.0
2081,67943cd3-69db-40b5-ad6f-64eff64cbb1e,Roundup Fire,34.38695,-117.186767,San Bernardino,17.31914052288008,3.0297122627178723,115.0757151065254,2.1615088483981,0.0
2082,8c3a32c0-30c7-4837-94ef-cc27f9783df4,Bernasconi Fire,33.838928,-117.153554,Riverside,8.280559611456164,2.373582651934084,69.88116589409265,0.0883040730618996,0.0
2083,7452e778-443b-4a4d-8cfd-8972832332f2,Lincoln Fire,33.583941,-116.078906,Riverside,12.227036764731007,0.00023967827195337999,106.278008888853,0.8296112118264752,0.0
2084,1c29b20c-8287-49e7-88da-a057174c5b25,Day Fire,33.837311,-117.278984,Riverside,2.63886406178847,0.0,62.328717146857684,0.008366207720699594,423859.59299999994
2085,155dba26-11cd-4f55-8cc5-09c93ce7155e,Frog Fire,33.479,-117.0575,Riverside,7.425998796600616,0.0,48.3087464697501,1.210179748503219,125672.81489999998
2086,ef08a1c3-8626-4881-b25c-64b7a913d174,District Fire,34.8866,-118.9033,Kern,0.028913178110269097,7.172968702031935,82.10161807663088,0.5119654074564378,0.0
2087,efb46e4a-b101-41ab-9085-9121ccaf5232,Village Fire,34.0204,-117.5072,Riverside,3.956059218238953,0.0,65.07796311269784,0.052362639669378756,423859.59299999994
2088,1d1c4ff0-544e-425a-b558-f5e3ca586bea,Park Fire,32.6003,-116.5836,San Diego,16.78681610343949,26.618386279145025,2.2375056766625834,1.5750371280476279,0.0
2089,5fedc370-e53e-4751-b259-1f52dc429ab3,Vineyard Fire,35.8,-120.8169,"Monterey, San Luis Obispo",69.93446784859167,18.501335239532956,42.04679449627939,13.087977910763303,0.0
2090,93936963-a4c7-406a-9d8e-8ee11aa68e40,Rider Fire,33.8302,-117.2616,Riverside,1.383627913676274,0.0,62.795996412888464,0.009758817154921294,423859.59299999994
2091,13c0aa67-6f1a-4471-8f05-0d8810bd55e4,Carbon Fire,38.43948,-120.98731,Amador,40.65385627566723,6.929670074405022,105.8965161141472,7.7144603537794785,0.0
2092,d2ced711-9481-45ca-9d1b-943352d05fac,Snake Fire,33.7505,-117.348,Riverside,3.495514814308992,3.583054827525861,50.87298419507301,1.0418876263537304,0.0
2093,a62c68f5-5a19-4dec-87f5-215a97726276,Spring Fire,33.9364,-117.124,Riverside,8.284217119230089,3.1261227903627056,79.97554190205805,0.3998109839108435,0.0
2094,9d067cfd-3688-464f-916f-95cb7793169b,Liberty Fire,38.2387,-121.0089,Amador,34.79605851141948,13.022634281781949,121.80621377792211,1.0846153325112466,0.0
2095,d8c6de46-8d1b-4e04-b3fe-c9212ce92fd3,Avocado Fire,33.505725,-117.300098,Riverside,10.696330577127215,6.815963313440694,32.984903644607726,8.306386630703242,0.0
2096,bbd4db04-faef-41c7-9422-ee1393ca1b1f,Pulsar Fire,33.821929,-117.068009,Riverside,12.872211766330356,3.0246889467941704,73.3481308298495,0.5242286124125028,0.0
2097,e8f155bc-20c6-4344-b5dc-69ce1d0b8613,Highland Fire,33.907342,-116.946498,Riverside,2.1515581307569698,0.0,87.86200056558678,0.4257845083083542,423859.59299999994
2098,472e88dd-7121-4fb6-825c-91af4d5ed373,Rabbit Fire,33.889467,-117.070916,Riverside,8.67868505666095,6.4850332637259624,79.09124058011672,0.01970798939498873,0.0
2099,e013877e-7837-435f-8bb1-692b68a37f8e,Gavilan Fire,33.817004,-117.358124,Riverside,10.051273964514188,0.3312124111362604,55.792658744211074,3.312750591901965,0.0
2100,b57f434d-f307-4055-b47b-e49337374dd9,Lodoga Fire,39.2694,-122.466,Colusa,23.996802385843353,28.599264493872237,111.55386165153743,15.717791326841969,0.0
2101,471a442e-3c6c-49d3-a1da-c6539336f975,Stony Fire,39.6685,-122.5259,Glenn,27.541709037372247,26.126830272308215,113.08497963700817,7.849525820812044,0.0
2102,33f3bc95-bab6-445a-95d0-58b7cd247431,Juniper Fire,36.1132,-120.5689,Fresno,33.10870514708763,17.450466654272677,81.96680018606315,8.350675625214821,0.0
2103,eb2196cc-8ecb-49f6-ae21-a832da54a663,Reche Fire,33.9835,-117.2169,Riverside,8.259359362611313,1.2314603176537522,77.91992916600813,0.051313939348491745,0.0
2104,8e5b1375-7f14-4731-aa73-86e5db2e7f70,Idria Fire,36.490487,-120.801732,San Benito,22.59213014871372,40.31505076548266,91.34135924203332,13.086398588080362,0.0
2105,4882ca86-e46f-429b-bc3c-194654bfb01f,Oak Fire,34.0182,-117.4261,Riverside,5.434774220774874,0.0,68.68674013832113,0.01758048708022404,423859.59299999994
2106,3501b740-d8be-4b0b-a0c8-cf6c923ee810,Wonder Fire,40.7316228,-122.3232056,Shasta,0.26329903666569415,0.003356588884353728,141.64314527054415,0.628841314449764,0.0
2107,9e60d69f-373a-45db-b23f-cebb88b82aaf,Long Fire,36.6932792,-119.1521739,Fresno,106.72753278280285,15.186466258901165,142.22783650936188,2.400598233234485,0.0
2108,44518f29-7ba2-45c1-b6f6-13e3556ee941,Victor Fire,34.356691,-118.507954,Los Angeles,2.0851602642861238,0.8812520936560002,41.1924573836832,0.0002567430273440085,0.0
2109,287f3a55-d3a6-4273-ad3c-c66910a12cb9,Agua Fire,34.438333,-118.326389,Los Angeles,17.003379525915584,4.8263505578017805,54.33979360520208,2.6516946933193895,0.0
2110,6401556e-3e19-467b-8c26-af4a20864672,Turkey Fire,39.446994,-121.399989,Butte,53.131140574408825,7.4909525185515715,120.06109344081314,3.132780008365617,0.0
2111,9140903a-8dd4-45f9-aac7-70921d3f1948,Bonny Fire,33.4769,-116.7247,Riverside,38.27124298292125,30.32432829350147,74.0791685926421,6.854138220130709,0.0
2112,6444fb86-d180-4a36-98fe-e2959a14965d,Sunset Fire,33.9372,-116.9081,Riverside,1.4159197643466366,0.3382438328155651,92.69658674594291,0.263399723226184,0.0
2113,3e418d3a-f64b-48cf-9a0a-f6f893ddf75c,Scodie Fire,35.6967,-118.2148,Kern,100.16375348775705,23.434216978693247,167.83044352743028,5.473865659989574,0.0
2114,09e1c7bf-e40b-4843-b245-917cb162130b,Flynn Fire,37.7356,-121.6065,Alameda,0.0241054866700626,5.672823380874637,85.23344142408307,1.2787491240057214,0.0
2115,6550e4e3-ef7f-4ebd-87ca-4a4244fdffd2,Shell Fire,35.458459,-120.334625,San Luis Obispo,61.80145942390437,24.37324910556327,51.34234101694561,9.707607397569738,0.0
2116,44335201-1bda-408e-8bed-ec84b650c770,York Fire,35.191889,-115.317389,San Bernardino,32.88145858879003,73.19774490667683,28.34629606059583,16.602282854124528,0.0
2117,1df129dd-265c-450d-a605-b46d82ca0436,Haberkern Fire,36.7611111,-119.988888,Kern,50.53627082307313,5.572232580398446,167.67374288246063,3.576719299474657,0.0
2118,5b23e547-15ae-4b24-a9dd-6d8a8298c0cd,Beale Fire,35.403564,-120.181725,Kern,53.166603994989416,37.78722197905478,57.249686049957724,2.0475084691668584,0.0
2119,55585f3b-648c-476d-bccb-e2939fd1a670,Nuevo Fire,33.7995,-117.11938,Riverside,7.505682688283103,0.419606068849348,68.42478063937625,0.9399760426363074,0.0
2120,e9755bce-f853-4b18-82b7-cdf0921d62a5,RV Fire,36.9648,-120.8839,Merced,0.06987247638441424,8.778334034986063,104.90552986763588,0.2994236364666988,0.0
2121,29d92f74-bbef-483e-9cf5-4f45aa82a8ba,East Fire ,35.490591,-118.875657,Kern,40.16805923555132,7.852854012931515,141.0146354115387,4.002367427539934,0.0
2122,e595da7d-9cd4-48a3-9b11-5363cfd066e1,Almond Fire,33.91436,-116.76111,Riverside,0.6411145072046024,7.368979545274017,100.41816160433466,0.3984868409469329,0.0
2123,08b36383-406f-49a5-bf71-0c629c3c0010,Stanley Fire,33.602019,-116.84334,Riverside,30.449328621175695,13.576334940316006,72.39758077075437,10.537049944520295,0.0
2124,b76fe4cb-c4c1-423a-a62c-49a9686033c3,Clayton Fire,37.368648,-121.464716,Santa Clara,25.763550919497362,23.35024307524282,74.43854142575657,17.79263392912826,0.0
2125,3178236b-9195-40af-93c6-34e7d13f405a,Tecuya Fire,34.847129,-118.997325,Kern,8.877949930142595,3.0326508215228887,73.81514634429296,3.083671370377723,0.0
2126,8ae10edc-77d0-4df3-a398-846bea7acac0,Ridge Fire,40.735974,-122.624538,Shasta,24.115591607142274,18.920491087873415,134.63683340606923,4.426697960452726,0.0
2127,c19ca405-6810-4097-b078-13fa9a7a6119,Boulevard Fire,35.0990626,-118.2951023,Kern,58.970327509870316,9.766596800422255,125.67053529700296,1.6886705773449544,0.0
2128,128eaf5b-0947-44d0-9df9-fd7975d0fe9d,No Name Fire,35.78611,-117.8875,Kern,125.19078416079867,18.317772340396925,140.49425604936505,0.22313865679712466,0.0
2129,ac1b69c8-652d-428a-90eb-008eff0029d7,Almond Fire,35.614674,-119.835808,Kern,14.194702977416323,37.637117651567536,96.39358970059699,1.385251516999035,0.0
2130,9f0e025e-d6d3-482c-81e4-d3e0f50c9e41,Pass ,32.68535,-116.3017,San Diego,0.012478169617490204,41.57076245195385,9.089853170557513,2.566502987019526,0.0
2131,bdbc6903-5fea-4b29-9ddf-874bfd7174c8,Bunnie Fire,32.994676,-116.855731,San Diego,15.47343146675443,1.1340908893755712,44.93003424900973,0.20906086252751863,0.0
2132,0a2ff66b-76bc-4671-9afe-a2023060b6d9,Rock Fire,33.871189,-117.150639,Riverside,9.745012760907143,3.193438551014197,72.78261083748495,1.876598179242129,0.0
2133,4769737e-f0b5-48c0-9b39-90db40414a7d,Cemetery Fire,39.377918,-121.68793,Butte,43.45967362422772,0.8300176335869105,144.77634889929877,0.011592247019710025,0.0
2134,954a9ca6-3863-4a6f-b22f-fc6bb6fcef6c,Dry Creek Complex,36.5323,-119.0113,Tulare,104.61858248755703,13.690917295289104,147.02987116901392,6.99633128009051,0.0
2135,21d01f9d-fc51-4a0a-88ca-06f934ea2cae,Hernandez Fire,36.4392121,-120.9783812,San Benito,38.73342023316975,25.302578653241923,75.05863438950355,20.197547943145125,0.0
2136,f739b56d-fda4-4689-9ced-2fd015afe169,Rinconada Fire,35.0832,-120.0175,San Luis Obispo,63.7013994431838,37.34643344360058,61.081173344954266,4.4045756383057935,0.0
2137,2b5b710e-acec-4818-9d26-22062a75d793,Trotter,35.1387962,-118.6027987,Kern,34.69980031510453,7.421481629964787,120.4806729390534,3.3131868978828467,0.0
2138,db55b282-4079-4a2a-beb8-e85f42b0491b,Bitter Fire,35.4854,-120.0574,San Luis Obispo,38.804032770130576,49.68278801196833,71.71850644580546,11.572358893122093,0.0
2139,c9ed4253-40dd-4388-8988-d832d313a728,SKU August Lightning Complex,41.2477,-121.5041,Siskiyou,63.22148182261487,37.0566106066549,83.22073746849354,8.33341942039874,0.0
2140,47a47e9a-ab8a-4f4c-91fb-3504843cdf45,Deep Fire,40.93686,-122.94871,Trinity,42.850010061896626,53.72484652221693,104.1694397919055,21.79122649532791,0.0
2141,b552934b-98f7-48dd-bbd5-33e1caf89817,Slide 1 Fire,40.036944,-122.855,Tehama,54.58510216710628,50.53969717175742,93.81984901315073,36.25021944583252,0.0
2142,d9e259d7-24d5-4e15-b9df-0c23fac25f9c,Smith River Complex,41.958269,-123.868447,Del Norte,71.2656972719252,25.017404360324196,4.190898263101209,3.818526325413612,0.0
2143,057328b4-b239-4e07-ba59-441522e6a47e,Highway Fire,39.339386,-120.788152,Nevada,9.267694081194376,17.043983262699776,67.34364404921564,6.665494531932274,0.0
2144,ffa56129-0d5e-4ec5-bfae-3440757d9deb,Cochrane Fire,37.18725,-121.67208,Santa Clara,23.206233568056078,1.704561277509871,47.30558394482712,0.6524257112314019,0.0
2145,1c3481f5-3d33-40a2-8f24-5edbebc17d6c,Thirty Five Fire,39.6194,-122.3287,Glenn,10.433467007036352,13.730664641555752,129.5054316343457,4.71306297274979,0.0
2146,243c4ae4-f7eb-44f4-b5e8-ff8c4baaccd5,Coyote Fire,32.6347,-116.6415,San Diego,18.318666702488482,20.8869662448427,6.553012060296949,1.7494853978782703,0.0
2147,2b9ad272-c3c1-4de1-870d-d35b1e383912,Happy Camp Complex,41.777554,-123.045093,Siskiyou,34.40478574563741,31.427284842390353,25.00554454699524,0.2969447831524574,0.0
2148,5608557c-4576-40ac-8f63-a8f428d62117,South Fork Complex,40.623606,-123.662677,Trinity,109.40817434639978,37.28480536224308,55.19651134692271,11.090026345578927,0.0
2149,e3297f9e-f753-49b6-9cdf-78700edde34f,Plant Fire,34.9190169,-119.73328,Santa Barbara,60.260122729964024,32.4066482167052,61.73362429793482,8.865778144752491,0.0
2150,ad8025a3-0060-49db-a048-bce567ee0a57,SRF Lightning Complex,41.017222,-123.611167,Humboldt,98.68922345777672,35.87716690020485,48.138563917824044,2.9316329697056815,0.0
2151,4adc26cb-281f-44ef-b6e2-f3509f1c03be,Creek Fire,38.903333,-122.601667,Lake,47.48640230065226,0.5766791787525231,74.29686281433177,0.01819013158865996,0.0
2152,6d65a6f6-b12a-4ed9-94b9-7f90246c8615,Knoll Fire,38.18291,-120.7942,Calaveras,51.455969658845426,2.122862778548284,113.77542238017584,2.182600936434026,0.0
2153,81a42060-b157-40e7-bbb0-a9371a2435c3,Alta Fire,38.3702,-122.1796,Napa,14.242356191079358,5.368857996321052,72.17135750109706,8.113590427361663,0.0
2154,6c0acbd1-309a-4555-9161-3b757f38d2cc,Caliente Fire,35.2674,-118.616,Kern,41.4534160021134,14.918221871371372,131.8078123693284,15.571000110866416,0.0
2155,f9914d6e-0e0d-49ea-a754-5b380ce3cdf0,Meadow Fire,33.753608,-117.279764,Riverside,6.3730133614367315,0.0,55.12353461883687,1.4256632049541538,423859.59299999994
2156,c5c1319d-b98a-4b1e-ac51-65d2f1c2de6f,Green Fire,35.5421,-120.9739,San Luis Obispo,98.50594643667486,8.466954100107658,13.608824308670851,2.1987355265440773,0.0
2157,a64fd824-e68a-43a8-bbeb-b153e0c752d6,Grade Fire,34.5423,-120.1959,Santa Barbara,119.56395881939851,5.754887221761873,13.342772103454529,7.290034487098871,0.0
2158,28eb14f9-bffb-482a-bcec-fab0c149e6cb,Williams Fire,36.0295,-121.07148,Monterey,75.70865342336823,15.640988644620034,41.43459156643932,8.84807801301193,0.0
2159,8cb88028-9b7f-49a9-be2d-6d81c7e06193,Wiley Fire,38.265241,-121.981732,Solano,5.437419453022255,0.0,74.54686100912322,1.1773817181113793,30719.9799
2160,f145f362-b7fb-45e3-b98d-6583488db4f7,Avenales Fire,35.2087,-120.1924,San Luis Obispo,66.25724955452819,31.10668405086908,46.878189815797654,2.6549430363119906,0.0
2161,8b16db9f-44f5-4559-b53f-8f01a916c91c,King Fire,37.2147,-119.3594,Madera,125.66457980434805,24.045968234900307,111.30654364413199,1.8098074950645247,0.0
2162,c577f6b5-b79e-4e61-b0da-f14fd1bc6dcd,Stanley Fire,33.592915,-116.857302,Riverside,28.944091171794945,13.331951107029708,70.75457405769542,10.474645058660371,0.0
2163,e90b6420-76a9-424b-8e26-67422eadc6a0,Border 34 Fire,32.598,-116.9196,San Diego,10.95805518080588,0.49583232800776156,5.120915000453724,0.767780444887139,0.0
2164,de8dad71-4393-449f-874b-8a6ce378f5b6,Highland Fire,33.438207,-116.82307,Riverside,29.064374726470454,21.55333045253886,63.97653895340453,9.120663139602568,0.0
2165,87f3453c-ba4e-40dd-930d-c666ce049af1,Lizzie Fire,35.2808,-120.644,San Luis Obispo,96.06451745695098,0.0,19.995762013110706,1.1368397791059301,15849.926699999998
2166,1c646b82-e568-4051-a642-059744a09eab,Sun Fire,34.55742,-120.32318,Santa Barbara,125.92829872288397,11.772267459283503,15.865262737542816,10.297240811005452,0.0
2167,0ad26a5e-a80c-4d00-a76a-a59c1b098e71,Midway Fire,35.15773,-119.58333,Kern,31.265674787596044,9.172836250289956,87.64004549812738,2.972026189822191,0.0
2168,f5489c15-8095-4a6a-a3c1-76f78cb9cb18,Lamb Fire,33.85008,-116.99867,Riverside,8.71744771409888,3.517185994087404,79.90917078560989,0.8937621727444921,0.0
2169,7deacf45-3e46-48fd-b0ba-fdd89f65d574,Manzanita Fire,33.839416,-117.003584,Riverside,9.969556078938458,2.3443439422207217,78.72653963138204,0.031101552269779252,0.0
2170,b7cb31c5-bc13-4655-ada4-80d16a36437c,Adams Fire,33.809953,-116.246207,Riverside,7.007164404222519,3.6872725717452135,130.93334300294234,2.217124957895544,0.0
2171,db81cfd7-c6f7-4fb6-9127-8d30939fcde2,Sierra Fire,33.8438665,-117.46406,Riverside,5.432583929871084,1.210624057787255,50.99178437324886,0.3288503180110354,0.0
2172,6ebb5e9c-a73e-4685-8e58-2aa653e922f4,Sage Fire,32.723389,-116.891493,San Diego,9.401562296840236,0.0016215582677040125,18.62531932851469,2.7176898457153134,0.0
2173,d372cad1-7e39-4973-87fc-3e400acc081e,Border 38 Fire,32.5666,-116.7986,San Diego,21.786966193711244,9.72316659054981,0.49105856304965223,4.708693332491008,0.0
2174,a17adb99-eed2-4669-91b2-aecc302fdab9,Elm Fire,33.9007,-116.7635,Riverside,2.0856206922273994,8.049730601227058,99.2260481903133,0.19845847983844278,0.0
2175,55e9dd9a-0f62-4f5c-b3e3-3d63c0bfedec,South Fire,34.327,-118.9938,Ventura,37.46931713105088,5.279408649919599,32.74594414361929,1.480046138368031,0.0
2176,93dec295-6159-4227-8b85-4ae3a7abe6bb,Pine Fire,35.5593,-118.8696,Kern,45.57542306213116,15.312738955736071,148.12238509043416,4.534599499979974,0.0
2177,91e89644-a6fc-4216-a9bb-b7f52e8d3093,Border 42 Fire,32.6036,-116.7718,San Diego,24.85111149865185,13.229028010529102,4.30871437970546,0.22388164541308392,0.0
2178,da0f58a2-b61c-4514-8439-c4ca4792718a,Palmas Fire,33.5103795,-115.82784,Riverside,16.66920176015047,8.038616686786927,96.085976464418,0.46064627332692487,0.0
2179,c32fd360-9830-4ad1-9595-0b3a67257eba, Bryson Fire,35.81148,-121.084104,Monterey,89.73105118611062,25.27953042296825,27.441816415181048,23.474060892576652,0.0
2180,22229c97-8035-4ba8-b1a2-1965107977ed,Cartago Fire,36.316401,-118.026767,Inyo,158.5511946717586,77.37444340612535,105.61245495259647,0.6805407307256089,0.0
2181,f7e0845c-7209-4a79-8368-7c8862383221,Marsh Fire,38.05686,-121.83332,Sacramento,21.7895925720469,3.437192016679214,72.63327328932662,3.324259089536659,0.0
2182,0563714f-e479-41f8-a2b0-59cfacdeffe1,Gardner Fire,35.153062,-119.39529,Kern,20.00979339270443,3.2122115996681253,89.40743203470619,3.0753402023623573,0.0
2183,df1a7e0d-7fc9-49af-be53-4e2d5b818411,Pendola Fire,39.494086,-121.070752,Yuba,38.91875140090963,24.73702364587597,91.81598493903496,8.565007701024953,0.0
2184,3ea940e2-abab-41a3-b073-6aa3ce6f8f72,York Fire,35.817759,-120.097738,Kings,21.161383063897066,16.354527780577012,89.11744745279807,10.857722563872949,0.0
2185,ce64ef4a-565d-46db-b94c-b0436644cf7f,Refuge Fire,36.730979,-120.360998,Fresno,23.954598696977072,1.7281135402502632,138.68296465418874,0.006904975034132875,0.0
2186,deffd3c6-f488-48d9-8ec0-43cf23d26e44,Billy Fire,37.020145,-120.99063,Merced,3.9353010557976877,10.409191523670879,97.00779602079488,0.8004290316274049,0.0
2187,9aeb7f9d-3672-400d-ba4e-2b490220f78d,School Fire,35.04847,-119.33179,Kern,23.34357465797146,12.573634060646949,79.67836096425602,4.4916212442320305,0.0
2188,b24e4e25-08ed-410b-87bc-4222a507158b,Dawn Fire,34.9117,-118.23,Kern,54.41357346410421,4.1255841024193405,106.86061363448779,2.0243528674274587,0.0
2189,4aad6061-4f7d-4a62-b441-255a9c53b43e,Tram Fire,33.858369,-116.55819,Riverside,5.149375728031639,0.03371432072722668,110.7729523871359,4.096935149317999,0.0
2190,af6e0e0e-af49-4dbf-98c9-c36b1028eed7,Virginiatown Fire,38.902253,-121.201005,Placer,6.7630390266782445,3.64823883167434,104.45976940576837,6.841925336596515,0.0
2191,d9d67720-8b28-47d1-a05d-3033c70b73a3,Magnolia Fire,33.9208,-116.807061,Riverside,0.05621925395060465,3.579458805089828,97.85525899526766,0.6633500583435805,0.0
2192,48e43173-82a0-4573-b842-06bec1d05ee5,Almond Fire,33.903392,-116.774124,Riverside,1.6894024106869188,7.113989852495058,98.70828528172524,0.04889017406261106,0.0
2193,c4439647-cf64-4a5f-bec1-3a228d5249f2,Sherwood Fire,35.7193,-118.9429,Kern,53.886953384329864,16.65165274884689,161.7009582052806,2.2035270317560456,0.0
2194,7f75a7b7-f2dc-4817-b321-bb570f6b4991,Dom Fire,36.362559,-120.340061,Fresno,0.8094670402582066,20.326280109073657,115.81760878880944,0.554686340913683,0.0
2195,6605381c-d5d9-4dde-866b-ac56c51dccb1,Jayne Fire,36.137571,-120.192362,Fresno,2.4133168597818138,9.655385331714259,106.41708338371451,0.014800670482232726,0.0
2196,89242de3-daa9-449d-a350-36832b8579d7,Border 44 Fire,32.571374,-116.711161,San Diego,27.693844551380728,17.949704746619084,0.2213232543281332,3.7496277062341594,0.0
2197,c137330e-e0b9-4d93-b22b-835a1fb547e7,Red Fire,35.388107,-117.601135,San Bernardino,74.50051370775513,20.958027658196574,155.32252464001587,4.830914867244167,0.0
2198,3ee4788b-f658-415c-879a-a11f00d10d77,National Fire,34.602884,-117.339379,San Bernardino,6.6682545981614165,0.0,123.91985919318081,0.0721573402018224,130094.93579999999
2199,dcf00ad9-98e6-44c8-b5f3-9693133814c5,Love 2 Fire,32.7754088,-116.8004,San Diego,7.190305773349321,3.7152334677357772,23.510402602069593,2.222179611276671,0.0
2200,0e7ec8f8-87e5-4a70-9369-08b96059d3eb,Janell Fire,33.471139,-116.8539685,Riverside,26.233787927468505,18.305248827913157,63.21089466751882,7.8069566536839785,0.0
2201,94509745-c6c6-412e-8767-2b511381fe84,John Fire,37.244144,-120.652034,Merced,35.0215635396281,7.235011143066581,131.78929591332204,3.623338306775678,0.0
2202,190200af-43ff-4874-8cd0-ea681b1582ae,Cow Fire,35.4759526,-118.7503007,Kern,47.673690772992494,9.579383556209875,144.73693570640123,3.1681936693532617,0.0
2203,9c4b2458-d757-41c0-86cb-9cec1e9b4f83,Ranch Fire,39.693268,-121.449913,Butte,64.68871818709216,10.686624916529302,124.1881803670843,2.9457455855127486,0.0
2204,75070ec5-7169-459d-a57e-cb39f1768062,Idria Fire,36.490486,-120.801731,San Benito,22.592134758797986,40.31503642018888,91.34135271953232,13.086497844534106,0.0
2205,37e3db45-6b25-4f7b-a92b-84f10d197437,Petrol Fire,36.2748148,-120.33456,Fresno,6.038253268036319,10.678640383788473,109.55155105590616,2.951775029032562,0.0
2206,842042fa-04d9-49b2-af6e-92143b21ebb1,Roberts Fire,35.829559,-120.811491,Monterey,67.60689610037551,20.999890507356092,44.54924921253697,12.080088309876961,0.0
2207,49095c12-ea76-4ac6-8034-ff1da7b6c03f,Mission Fire,33.984278,-116.583317,Riverside,7.970638632375536,2.2386097183523734,117.75763460706796,0.2916253478459477,0.0
2208,b7ca9cee-f5e3-4d5c-afd0-19ade7b24ba9,Wind Fire,34.96545,-118.99692,Kern,5.124135261703985,15.804333898591455,84.59288460066563,1.7580313821275226,0.0
2209,d52efcc5-01bb-4f2e-b838-7599a1f17c14,Hall Fire,40.014819,-122.129559,Tehama,6.650335604269391,0.7347010463935818,152.52554556432753,0.4066244617228255,0.0
2210,2578f6da-a787-4269-818d-c1616b35de18,Elk Fire,39.598771,-122.476758,Glenn,22.90345580964644,23.562730324567696,116.70774129988548,0.13184714550573196,0.0
2211,9967523f-061a-477c-9142-9660e9920a6b,Valley Fire,41.2449,-120.31,Modoc,163.3981494535365,32.192532968159,26.006208808815813,16.35381655880085,0.0
2212,9fdbe919-5581-44a9-aaf6-307037193995,Knolls Fire,33.02113,-117.170895,San Diego,8.3680731530555,0.2730126717750983,17.071197915115505,0.16336029252999879,0.0
2213,198dd536-7be9-44ca-b300-763e8927737c,Seven Fire,39.539678,-121.908346,Butte,25.26236340777808,18.005399990236594,163.7364403514722,8.29027041415439,0.0
2214,72e46bd8-232b-45c0-a715-46fec070b9e1,Panoche Fire,36.5097274,-120.8471351,San Benito,24.617272506472982,39.171080526814485,89.17770580052625,11.809388378947295,0.0
2215,f4fa469d-e2bd-41e7-bc84-86372acdcd44,Harford Fire,33.812223,-117.340976,Riverside,8.973390538642331,1.7019769204664585,56.545909966775916,2.8415170124873605,0.0
2216,dd8e4500-bd34-4dea-acde-fd1b4ff00ca3,Shirleon Fire,33.895775,-116.901498,Riverside,3.148111053876534,2.0649348571074095,89.749562414817,0.7816478516537659,0.0
2217,159367fb-6bee-4914-8815-84f629994473,Holiday Fire,34.8492868,-118.2554355,Kern,49.23820845296495,1.403487958450858,99.55760545144548,1.610224055685777,0.0
2218,3dce248e-b14c-4816-aab1-3ceefc59b26a,Nees Fire,36.850279,-120.771299,Fresno,0.19044041659853186,15.856205561238033,111.94382131537036,0.4006266514616264,0.0
2219,e9e95a19-489b-4a24-b0d8-2744f72dc605,Central Fire,36.67799,-119.7858,Fresno,59.866797467437266,0.0,176.00851545050656,3.131100884945987,132315.0723
2220,3f03a89c-3bdd-4ef8-a89f-c68161ee84e4,Border 51 Fire,32.57583,-116.76972,San Diego,24.61641288665225,12.574104474843015,1.2301757133262194,3.3028258279455316,0.0
2221,4ee5e062-f374-4790-819f-21a9c6aca2d9,Flood Fire,38.017376,-120.944834,San Joaquin,32.06939725520928,10.72384030241876,136.33072118717223,3.613372995448245,0.0
2222,661cf1f8-a032-4812-96cc-ce45f8a0db31,Millerton Fire,37.01741,-119.689804,Madera,89.08042185600978,11.17534109455781,147.16668187096516,2.5058950778522853,0.0
2223,85074131-29f7-435f-8f43-8c9cf067bbd2,Vince Fire,34.50941,-118.05215,Los Angeles,36.22908613153128,2.3708910847624742,74.2674399679788,0.7145586138809475,0.0
2224,caaf80b4-1467-48b5-8517-5b55e75f5389,Five Fire,36.43706,-120.393699,Fresno,0.10155764169664314,24.997318242550133,116.98445267352557,0.5142864260967626,0.0
2225,a8dbeeba-fe5a-4cc2-b1f5-c0f62d9c13a7,Hill Fire,34.8936966,-119.5572279,Santa Barbara,50.1252590899663,26.451471286542677,58.52892652547072,3.848526820182055,0.0
2226,a4f1290c-c300-4ddf-a9c0-dcee4938e4eb,Pepper Fire,36.68768,-119.158199,Fresno,105.9068217752634,14.432840913505716,143.05015259109578,1.6487774619237605,0.0
2227,367bb551-c370-4dac-9ce5-7ee4999878a5,Dillon Fire,33.925778,-116.600203,Riverside,1.2969448868221047,4.285196810933507,112.314935547725,0.5773425713989563,0.0
2228,f1d428ec-c2be-4b9a-bd76-86bfd6193cdc,Clark Fire,36.501499,-120.389098,Fresno,4.711475168311712,20.088991190203018,121.9689247171784,4.125324977128618,0.0
2229,dd4afe59-3fa5-4505-b519-ae21aaf822a0,Mocal Fire,35.180776,-119.558308,Kern,27.8401088819993,7.524440898693688,90.30582401963679,0.4468894447678856,0.0
2230,82b3117e-68c8-4994-99e2-c863fe19f38e,Shirleon Fire,33.896179,-116.917099,Riverside,3.1678597980568686,1.384247519652577,88.78422280547007,0.7361984109155364,0.0
2231,9090538e-dcd6-451a-9641-fd08a8606707,Watt Fire,38.728881,-121.392475,Placer,7.006306203959029,0.028959461171499508,124.31309277569393,0.0142775637136751,0.0
2232,a2d5f248-e4a3-4b3a-8327-83f2ba9b5be4,Mateo Fire,36.734329,-120.314598,Fresno,27.065891985427072,4.966423628603123,142.16275618671062,3.8963725706366614,0.0
2233,83e1720b-4a7e-4402-891c-13a834b15d6e,Zediker Fire,36.617148,-119.520906,Fresno,75.9524674211537,0.0,170.42603920721268,0.010952047500500335,1228.263
2234,8b16b848-b0c4-4a65-87d7-7222b774a7fe,County Fire,37.828925,-120.634375,Tuolumne,56.71728795693723,13.699340564760098,134.30850491629016,2.226859048518696,0.0
2235,7f2a842e-30da-4f04-9c47-7abf1847355c,Devil Fire,35.85008,-119.915199,Kings,6.176340206159786,21.759522851816786,105.12760290663049,0.020242398897973517,0.0
2236,b5746d62-f66c-4bc2-a8a9-4b91bce936b2,Bank Fire,40.089713,-122.398582,Tehama,15.443765487957505,12.759170235480026,132.86510855808197,10.287382439879048,0.0
2237,35ef0b0b-5682-47f1-a9c7-b2258f072fc3,3-9 Fire,40.636317,-123.5797,Humboldt,102.32001844656519,44.44540517392215,60.916547853600576,7.017388375940812,0.0
2238,24ea1259-3db7-44bb-9d52-ec12666d7c14,Howard Fire,33.56557,-116.718429,Riverside,39.40897855804917,23.298425094420228,79.43215964811493,2.761134802151473,0.0
2239,e7d90ab8-6031-4178-826e-69bbba7e8866,Great 3 Fire,32.99611,-116.44756,San Diego,21.182766709861088,27.419175595150218,44.637692724573206,10.736018166473459,0.0
2240,20df953f-6209-4537-943d-be4061a6cdef,Canal Fire,37.081421,-119.962104,Madera,75.64614812128282,9.9662819846397,157.81275026689616,1.7800058581876945,0.0
2241,28552125-1000-40d7-b0bd-f1433fe82de4,Hawk Fire,36.842961,-119.601701,Fresno,83.86747766613837,1.1867303435805165,156.45269610075604,0.05130590872710295,0.0
2242,0262b8b8-a4cd-4dcf-a1e4-ad13c7569a0a,Firebaugh Fire,36.87565,-120.25511,Madera,41.65098369553933,14.260221370370026,155.69087283403366,5.359474157279828,0.0
2243,74f2dc61-32ff-4e11-86e5-d19112203bc0,Valley Center Fire,34.879647,-116.792378,San Bernardino,3.652507226191765,16.72165949466015,146.4000210568035,0.03986615472076197,0.0
2244,2cedf02a-5a4b-4a3f-b8e6-bb5f9157c546,Yer1 Fire,34.88011,-116.815632,San Bernardino,3.4072183958621967,14.596873707234401,147.81574396561643,1.2602282784676637,0.0
2245,6db79b13-4fbf-4f00-ae3c-f7da5e388a7a,Nby1 Fire,34.812972,-116.663042,San Bernardino,1.3762749865237245,29.41157749136947,143.69319696428434,2.6396557138189216,0.0
2246,de3e7a5d-9f8d-4c72-b60a-d40b94ac83c2,Rosamond Fire,34.72107,-118.25483,Los Angeles,41.31669142148705,2.5203825473397905,86.00503973354287,0.27128292936015913,0.0
2247,82165e58-8aeb-41a6-9416-8e08ccc11efe,Tesoro Fire,37.01047,-119.7939,Madera,81.50793769393636,5.678229191408827,153.81703106913304,7.468509127041296,0.0
2248,8f5c5e63-78a9-42d1-a3d9-57ddb6c6a0af,Limonite Fire,33.975351,-117.505873,Riverside,3.9509812283097365,0.0,60.80685907740956,0.8171541789782261,423859.59299999994
2249,29be5ab1-03bc-46ca-b01b-5de2f4916c29,Red Fire,35.601284,-118.4733,Kern,75.65630639934231,0.22775018324730928,169.74175655183313,1.7180267695737625,0.0
2250,46d80e55-328e-4dd7-9563-41c794e34337,Field Fire,34.9592,-119.698014,Santa Barbara,54.779164022889965,26.9888885499126,65.90356580140492,5.383972078660001,0.0
2251,aeaaa127-7246-4a93-b7af-1a705002ada2,Fields Fire,37.565014,-120.425878,Merced,65.27269843538679,21.14536516941228,144.44245299615108,4.637760672297829,0.0
2252,aa660305-cefc-41ce-8d06-f77dec63a8e3,Ranch Fire,35.442336,-118.82214,Kern,40.32641966520065,2.479492517625968,138.35051838943397,1.1923087419422216,0.0
2253,78c444a4-62f6-4a10-a6c5-82060428386c,Boyd Fire,36.573169,-119.238103,Tulare,91.90610460445488,1.7430632052791826,157.25544185608285,0.05015173897694534,0.0
2254,6a5bdbfa-a78f-45dc-a3b2-e417abfd9f50,Corral Fire,37.633908,-121.50259,San Joaquin,5.799728849290315,6.7340617466907124,90.8162184877315,0.9802658142271865,0.0
2255,6d453d50-3d81-4ec5-a2b5-9b207a809fe3,Border 53 Fire,32.577083,-116.806666,San Diego,21.210867236892394,9.225941611713163,1.7193670235955556,4.0966507007371735,0.0
2256,8272c94a-4757-4ee4-9395-69cf62f0d857,Raymond Fire,36.974519,-120.044449,Madera,62.99028776111329,0.0,171.58445518563886,1.3492269314634393,17402.255999999998
2257,a952074a-0d98-4b47-a18e-f3265d778236,Park Fire,33.790804,-116.927045,Riverside,14.874769487875826,0.0,79.84170380372662,2.815485365614699,38327.3037
2258,c1f2703e-94b1-4008-8f24-848ce731cf73,West Fire,34.91,-118.254,Kern,52.27101928254352,4.599525759324926,106.0792834558629,1.1062139568640394,0.0
2259,ef29e2fa-0e3b-4d2b-8a4d-710b4ba0c4b9,Shadow Fire,35.619008,-118.401334,Kern,81.82349161659202,5.948056267158635,175.05921839388358,1.8394764193038027,0.0
2260,6fd967b4-ccbd-46c2-a039-e9d5ab8bf0b2,Patterson Fire,37.714616,-121.568029,Alameda,2.5062468255459995,5.5367264397551486,88.42342518339748,0.01579627108812969,0.0
2261,f9fafd72-6c1a-4a06-864f-dcd4ff15b5b7,Sorrel Fire,34.68341,-117.118935,San Bernardino,8.040339014108755,12.977677509459317,143.473999557383,2.3859779397902,0.0
2262,d88897da-5b31-475a-981f-6d8367809aef,Springs Fire,37.842308,-120.524741,Tuolumne,66.2253935856078,11.960364655676104,126.8937050583151,4.412899186346297,0.0
2263,b56fbb47-fef4-4027-b4dc-fb908dd86088,Russell Fire,36.916374,-120.657895,Fresno,12.571892360373047,4.86351439669918,123.35931337690131,0.2782395107318343,0.0
2264,9c71fa25-b34c-44b2-82a9-ba8748df5822,Road Fire,35.113531,-119.48669,Kern,29.163232310279188,1.30739208456503,83.53811259948688,0.4578993464727426,0.0
2265,8dc8f472-8478-4acd-abcd-53cff119034a,Lotus Fire,34.013717,-117.403656,Riverside,4.823780004707731,0.0,69.42206487248478,1.3006375326079804,423859.59299999994
2266,3f7e4057-f059-4878-9da0-7ee294cd77ce,Bitterwater ,35.37367,-120.094361,San Luis Obispo,48.15250665452299,45.73722205316494,62.141927656027306,0.8307973190473679,0.0
2267,ea843ab2-4115-4cab-9ef7-3a2cb3af9a15,Crystal Fire,38.55954,-122.494472,Napa,47.10849419532696,1.9435832875891264,60.62351431638895,0.34706698633150734,0.0
2268,fd38093a-e9db-4603-99f0-e760d7c92e97,Little Fire,36.777907,-120.729222,Fresno,0.3792616013770716,21.24979865028106,114.38104565770433,0.20246682656830053,0.0
2269,db080174-df55-40f9-b969-6f7c5109ece9,Devil Fire,35.85594,-119.94084,Kings,7.555583638867672,19.520360058013832,103.4340984184344,2.248097647533694,0.0
2270,687f0b9f-3685-46d1-953b-38540b363b8c,Relay Fire,33.910994,-116.980503,Riverside,1.7755162582721518,0.2235957771980383,86.12069611835321,0.21708779164602338,0.0
2271,5fbf1bfd-1767-4459-a8f7-eee8e83463e8,Gaskell Fire,34.82333,-118.30848,Kern,43.59806727550673,6.654982082388132,95.51145309158282,0.9874371937132249,0.0
2272,e7293335-36b8-4f37-b809-7fc5e0d7b7da,155 Fire,35.692183,-118.46771,Kern,82.75133846037654,5.80411830632983,178.48526333100665,0.2145049467339147,0.0
2273,2154a6a5-efaf-4c1f-a022-f9c9566a1a37,Lost Fire,35.735279,-119.69294,Kern,3.7589851019200404,28.793234125743556,114.77350770061834,2.6452293214467844,0.0
2274,198d519a-12b0-455d-bae4-42f078683a31,Pan Fire,36.786999,-120.764998,Fresno,2.6828505405801533,21.496840869238714,111.34548778288728,1.0829126908339826,0.0
2275,9ed61dc6-ca25-4cba-a9b5-f39c07a617b8,Albers Fire,37.904572,-121.765839,Santa Clara,21.499718144225128,1.3036661978403428,73.30458057962201,0.14563091743001216,0.0
2276,8f3b0140-1a30-4433-a147-e8574581db2c,Garlock Fire,36.991558,-119.514348,Fresno,99.78758865068741,16.892990846014335,138.95090254517586,3.4124072965278973,0.0
2277,fa87ab64-243c-4b62-90b7-312c020e656c,Morgan Fire,33.487833,-117.052745,Riverside,8.055650334494443,0.21281321616701024,49.258865681784364,0.2951894748217411,0.0
2278,591daf80-c234-485c-8d0e-38c9c6049980,Poleline Fire,36.928296,-120.834941,Merced,0.2143004359784803,11.731566989823204,108.27048769923076,0.2616989453210925,0.0
2279,6b829633-220c-4833-b6a7-f3bd61c5d97d,Koala Fire,34.520882,-117.451094,San Bernardino,11.11377615070293,0.7869062840579624,110.57136556463483,0.6575404579204798,0.0
2280,f0c2d5f8-c9d2-41c6-81b0-9bef9d78b798,Springs Fire,41.474683,-122.520453,Siskiyou,5.131911860011776,11.11256746038162,59.11857624502528,5.995668322850045,0.0
2281,66cf145e-229a-4100-b7be-7d6514e3d897,Greenville Fire,37.72154,-121.702293,Alameda,0.4021352100567334,0.28508905384814415,76.7038427417118,0.2787832879669332,0.0
2282,4cd301ff-b6a5-4615-b67d-d458beeefd6e,Cody Fire,35.64995,-119.031458,Kern,42.81594454948515,15.701760065336856,151.67922925287485,1.1427424800211272,0.0
2283,075f245f-4c62-4ff6-b1da-5ed9273da348,Aquaduct 2 Fire,32.84445,-117.08492,San Diego,2.975866875028176,0.09799138970307768,23.25910127580221,2.0427307743062624,0.0
2284,bcf1cd5e-d4c8-49bb-9635-230e0b1057b5,Rock Fire,35.774138,-120.772339,San Luis Obispo,68.43866694085256,13.900601975437636,43.627851592087445,8.30412417212783,0.0
2285,ed47f029-1282-4d6b-b00a-1abdc40418e5,Creek Fire,35.346667,-118.386667,Kern,63.27256983228573,22.516920770898853,150.65347957073587,1.8566382227566267,0.0
2286,32d9aad1-a755-4e28-8697-c593e45472b8,John Fire,38.00994,-121.91945,Contra Costa,12.913260825412195,0.0,63.63816082522447,0.5782710997223982,62708.025299999994
2287,0059b627-3b2c-4f13-865d-246af0e62ee9,Forest Fire,34.51346,-117.785551,Los Angeles,33.713354670747904,9.019936707429357,91.86724157708309,0.7712585750375642,0.0
2288,ce63986b-174f-46e1-9e29-38e7c848783f,Rawson Fire,40.111484,-122.232365,Tehama,1.1911544825797347,1.5560876963123649,147.11826256880468,0.012044706700684308,0.0
2289,add17318-bcac-4a2a-b413-1e225d62812e,Spenceville Fire,39.133016,-121.309465,Yuba,30.548428512376752,10.924807439849515,112.75019150392559,1.1994484143847701,0.0
2290,24c4eb8f-5ee7-4fa9-ad87-b3c69d6580cd,Acorn Fire,38.1179241,-120.79181,Calaveras,48.393977592221944,4.1655944411648855,119.09767378515147,4.059747693758929,0.0
2291,410327d5-b412-4a81-99f5-bd10c9e9c832,Cod Fire,41.900664,-122.444022,Siskiyou,9.477446776468797,21.667329507275355,11.93200888286631,3.222171399570618,0.0
2292,d4696bb6-7e95-48ee-8573-477aa199a1c2,Flynn Fire,37.719182,-121.660326,Alameda,0.008997118137579693,3.1233583036026777,80.3649868232033,1.5550835654819397,0.0
2293,06a7fc2d-2bf7-4595-8449-04bb3bcc3d5e,Jellys Fire,40.354308,-122.172379,Tehama,9.333058836239418,8.37434519744622,160.4976894610395,4.29943694277575,0.0
2294,ff39bc4c-ad87-412a-b9bd-542cf13e9fb5,Stoddard 3 Fire,34.72209,-117.16739,San Bernardino,1.9891503677233224,15.29997292006334,143.97943256481116,2.9779552293427787,0.0
2295,2ee0c53b-1f9a-461e-918d-b8a6dedc1bf3,Carmen Fire,33.91768,-116.75466,Riverside,0.3430248858144045,7.731455389538502,101.10576017482524,0.7647185931080298,0.0
2296,bb8c7694-46c8-4eb0-8fa0-0c9d4b45664f,Travel Fire,36.074598,-120.102025,Fresno,0.17895136278424553,7.133241040185294,106.67124676391411,0.20647106266632848,0.0
2297,7860b848-c83b-4f45-9359-91836fc1d8c8,Lincoln Fire,34.65729,-118.09927,Los Angeles,48.365676226065574,1.0774222094539518,85.42217629946715,0.42366422470757753,0.0
2298,408d5919-b681-4480-8fcb-634bd50494fe,Hinkley Fire,34.89273,-117.188996,San Bernardino,10.271011977261374,6.324744311630283,158.21869711900845,0.1823957365267505,0.0
2299,c0a1383e-6793-4916-a4a9-9c338ca92638,Oil Fire,35.506667,-119.071667,Kern,28.43413436546352,5.657880110736028,135.4775684325859,1.0296017493400489,0.0
2300,4009f1e2-b3ff-407e-9aa1-a211930e6bff,Bear Fire,35.293114,-119.953932,San Luis Obispo,43.66466644883707,45.582533499901054,70.32609826799212,3.6918413843596336,0.0
2301,deb14d04-54d8-498d-8f44-7e318d1a194f,Grant Fire,38.59179,-121.17954,Sacramento,16.91965607636187,4.101014887759883,111.84943876148589,0.014194762625533998,0.0
2302,1e0cde32-bc40-4d78-a9cd-052f304f1103,Llano Fire,34.498542,-117.686469,Los Angeles,25.491192518342913,10.517225147536166,97.7106437004802,1.9372293707291974,0.0
2303,578b4cc5-a0b3-4d99-b06e-69ffc53a6220,Johnson Fire,38.177683,-121.033739,San Joaquin,32.01692002114794,14.932013068222163,128.1409388977563,1.4653717816692735,0.0
2304,cf71f1c1-3a96-4bc9-bb51-fe036b5c17c5,Peterson Fire,39.879737,-120.028888,Lassen,40.76820773756941,37.043413472742024,2.541925854741257,0.3350413137123043,0.0
2305,e493c4b8-5848-4f01-ac3a-d577c393eb12,5 Fire,35.50256,-119.53449,Kern,0.19290458457899506,13.414611094478586,114.13134844427643,0.017917850046063187,0.0
2306,03232795-7d5f-4998-b04b-98628cdb40db,Felipe Fire,37.28197,-121.73844,Santa Clara,11.621763972383254,0.0,51.063862715703415,1.6122090266303923,221900.11229999998
2307,c93f7495-a345-4416-80b1-fb91996fa7dd,Post Fire,34.79208,-118.8521,"Los Angeles, Ventura",0.312061131431446,4.114505771845543,75.8931620005064,1.768478412676887,0.0
2308,2e93fb95-8e13-4724-b358-ca3824e4a6ca,Junes Fire,39.369439,-121.518592,Butte,56.73914868971473,6.997750204690926,130.20737223417223,0.33746575551435015,0.0
2309,99234b51-ab68-4aac-978c-af52b5a2f575,Hernandez Fire,36.400976,-120.986676,San Benito,41.75086098590118,22.024531683159385,72.16373001539769,17.05723986931131,0.0
2310,e25bfa39-b7c2-418a-9dd1-af0fa6677fab,Rocky Fire,39.548761,-121.355159,Butte,58.56562276461787,9.06262984997049,116.21599778180226,2.784279923932307,0.0
2311,b82bba9f-0d5e-44a4-9547-190c7b147ebc,Sioux Fire,37.207647,-119.673538,Madera,104.45889084201049,10.558596613455444,130.4145107725631,1.3905300531292872,0.0
2312,520a9130-6e98-4f88-b654-0e77e33edb04,West Fire,34.73279,-118.29017,Los Angeles,39.248066551910405,5.847731699710391,86.25496419214421,0.009889385397229822,0.0
2313,d110b1b2-327e-43e9-9c26-d49a1fbcbf15,Hesperia Fire,34.30769,-117.28811,San Bernardino,14.058634012489978,4.053173546407226,102.78790032484423,0.004107440701204743,0.0
2314,2aad2b91-45f7-42b9-8299-1cdf3aacf1c2,Excelsior Fire,38.52658,-121.28408,Sacramento,15.556064140198329,1.3449660652642854,123.15855726459084,1.041721254001686,0.0
2315,38faf6b6-365c-45f8-9e45-a6d121a4178b,Lisa Fire,33.943389,-117.06443,Riverside,3.8002080615249456,1.4069474815313718,84.04078046818782,0.6619410685551637,0.0
2316,8cc1df77-db00-4f1e-a167-66941973a5b9,Point Fire,38.705475,-123.012253,Sonoma,89.24987589487041,8.013378105164346,34.41195475085057,6.929147526726482,0.0
2317,b1c20387-c024-40d6-bb7d-ed46655c4222,Inkopah 5 Fire,32.655183,-116.099983,Imperial,0.09607684865369956,46.8857280310897,3.9862251280184204,0.5176536624035727,0.0
2318,e4775796-95cc-45ef-b47a-f07c84169590,Summit Fire,34.369667,-117.335667,San Bernardino,6.878625526019459,0.0,104.35630467616241,0.5334416466485339,130094.93579999999
2319,df73d9d0-1193-462a-836b-baca046bd399,Elgin Fire,37.097775,-120.635371,Merced,26.022610015186086,11.301612190187905,129.6788292894246,4.7964509725232825,0.0
2320,b20598f6-8122-4d4f-bb49-1d9657b48916,Max Fire,34.67529,-118.27108,Los Angeles,37.676528685249835,1.563484399438022,80.71603424438368,0.8650261170908266,0.0
2321,cba02f77-7fd1-4870-b4b4-e25a1d30cfe8,Hidden Fire,40.72052,-122.23967,Shasta,6.66074514658099,6.582722424000254,142.79934515265742,6.272594843913107,0.0
2322,b1345511-654e-48c2-a117-7c5c3322567e,62 Fire,33.984079,-116.583039,Riverside,7.955297661444215,2.2095031561329006,117.76192419495689,0.26597082951758416,0.0
2323,2a44c40f-2777-488e-8830-bdb0c668b0b8,Tuscany Fire,33.847642,-116.569117,Riverside,6.438734795223749,0.5734883135733768,109.24415366727666,4.155535447613339,0.0
2324,4cc240db-5c8a-4833-a4c6-8757772a858f,Slough Fire,36.996139,-120.383187,Riverside,38.25868672427808,15.031597212423696,149.11961782204554,4.876369649300205,0.0
2325,a172c94e-6352-456e-b2fd-424844667ec2,Railroad Fire,37.010829,-120.056215,Madera,64.562432631251,0.0014088600443979947,169.22764108104255,1.0146851039922438,0.0
2326,311ac02a-61aa-4a29-980a-998ce071f438,Sites Fire,39.31646,-122.46934,Colusa,23.651385789942232,31.1567687604623,114.48570456398339,15.95246793202542,0.0
2327,9f426988-5213-4e2c-931f-52517cb4d3e1,Stage Fire,35.942249,-118.946399,Tulare,72.13674388237466,6.574469997442586,183.63180187957613,2.6603286005977957,0.0
2328,84856109-00eb-410f-b86e-908b8788fbfb,Coast Fire,36.311477,-121.855352,Monterey,111.60764645015912,20.019656919479594,8.563151499146478,8.100711303546507,0.0
2329,4c10216b-5a51-4a3d-ae55-700d44bd2bee,Douglas Fire,38.54166,-121.24438,Sacramento,16.334075613811756,0.12650238641800238,119.31683902607493,0.14971846961869392,0.0
2330,ea7c5069-2636-470b-bfba-5aa621fb8a98,Aero Fire,38.031684,-120.684174,Calaveras,54.68073977530507,10.92379750776533,120.18060938354564,3.6300936579160936,0.0
2331,a53fc171-b27f-4475-8968-4789becbf807,Ingomar Fire,37.15858,-120.968478,Merced,6.467424984952729,10.06087497843348,102.21534584654168,8.078332055174453,0.0
2332,120b981a-e8e9-45a9-aeee-f1f0d1aa2aaf,Spring Fire,37.843349,-120.50804,Tuolumne,67.68501419847101,11.146502387954817,125.84138335218381,4.298229386580859,0.0
2333,cd7aebca-2b90-4953-a108-2a0cab35a196,Sky Fire,35.32752,-119.462711,Kern,9.848876478159587,17.248477995939897,107.37540323070989,0.6679992351871844,0.0
2334,2d437393-53dd-43c7-93db-5822d65372b8,Scotts Fire,39.118221,-122.984408,Lake,70.14474912521982,6.187309978716079,66.64201899034,5.927455080723951,0.0
2335,cd369e40-e1c3-48be-8ef4-4561980bd9b1,Daytona Fire,35.382,-118.878444,Kern,32.05292277609883,0.022232116422168435,130.05264253114908,0.02069104157073605,0.0
2336,5892dc0c-3c9e-481e-8be1-580a1f9c8bdc,Vista Fire,36.960029,-120.653749,Merced,15.253147155746001,0.000142341933275119,124.76640462326797,0.7852570965832467,0.0
2337,965204c6-995d-41ef-9df8-6e1ffa3f1538,Side Fire,36.016118,-118.828001,Tulare,85.3719908172956,10.89212711905886,178.7712241075265,8.191390763302804,0.0
2338,ccba94f4-0300-45e6-9f9c-247ad68ef603,Kirk Fire,38.220139,-122.234173,Solano,6.0109008388435505,1.6915386430379566,55.87042953297478,3.2811686801743623,0.0
2339,d379549a-4026-49d4-81f7-12eee7c3134c,Double Fire,39.458459,-121.303342,Yuba,48.05064866194667,13.991049757226639,111.76496363046175,7.674366912670984,0.0
2340,f7853da2-4ea7-4d3d-8dcd-a032f1e68275,Pfe Fire,38.728881,-121.392475,Placer,7.006306203959029,0.028959461171499508,124.31309277569393,0.0142775637136751,0.0
2341,61fcca17-72ce-4d55-ab63-b476f513d46b,Basalt Fire,37.060845,-121.057483,Merced,5.863662117437454,15.811512056236618,92.1032740609654,0.11152438066242418,0.0
2342,c393bae6-7c2f-49e0-8d83-e1bb77d887d7,Gulch Fire,37.313117,-119.791537,Madera,101.17374035439728,10.808663354110264,128.5416835220786,11.364836664677192,0.0
2343,bc72883a-cba7-40df-9188-54c801003b3b,Water Fire,35.60366,-119.96709,Kern,24.98319209956085,42.14857086339946,86.29986480829402,6.583895504168233,0.0
2344,dc7cec75-1f29-498e-9139-01644df3b418,Jolon Fire,35.87405,-120.835545,Monterey,66.74379427673011,26.374985017764303,46.19807131291157,6.8598833916112225,0.0
2345,3c562f83-c547-4567-a729-9cf73cdf83c4,Willow Fire,37.154953,-119.91267,Madera,83.39144250718162,16.168876792755587,148.79238676188294,6.395614152911144,0.0
2346,0aa93bff-3d1e-43af-9958-fa526cd40c31,Border 58 Fire,32.58748,-116.894511,San Diego,13.319916489897219,1.8747320724188667,3.70731603297893,1.9140031435483431,0.0
2347,912ab9e0-9c07-47c9-8c02-c140d91722ee,Watts Fire,36.91237,-119.419517,Fresno,101.56129007731248,16.249213195570317,139.89488701109994,1.2398693431109058,0.0
2348,ad646835-4be4-466a-967e-7c6382f04bf6,Needles Fire,34.85092,-114.61131,San Bernardino,0.5666770156494197,0.0,0.17936549176726865,0.6388357215567015,7800.258899999999
2349,ba97837b-0723-465c-8782-4b5168dcbe94,Valley Fire,36.274399,-119.090599,Tulare,81.43135811556331,2.6429913413560118,173.1548351220664,2.4592255381029706,0.0
2350,7dcfb7b4-7b93-4338-8969-ba1041ab9986,Oak Fire,33.653953,-116.927015,Riverside,22.647616312285756,3.9719946524931156,69.81849261001611,8.828267545750228,0.0
2351,112e618e-f612-405b-8908-5df603790f77,10th Fire,34.974609,-118.137537,Kern,64.70582483104765,7.235009068874151,116.11250010199389,0.9968336155631471,0.0
2352,1d36aec9-c1bd-4049-a40b-096c6b7dc0b7,Serrano Fire,33.89433,-117.55522,Riverside,0.17008227251452543,0.0,50.73938944278308,0.21091422078980826,423859.59299999994
2353,ef627541-e8c5-410d-80b4-d6216e4bbbcb,Muscat Fire,36.68179,-119.35579,Fresno,92.3470484796624,6.116067930235877,155.26082060495398,1.795333666942174,0.0
2354,972ad75a-fadc-4018-945d-6f5e8b10db6b,White Fire,37.42087,-120.00789,Mariposa,91.60046304960203,29.932416284668392,132.1252679303162,8.248478397455262,0.0
2355,f2432688-2a7d-4030-b3be-94991c782cf5,Willms Fire,37.814796,-120.656478,Tuolumne,54.94493653199151,11.323460848071024,136.76688387818564,3.6405037603036097,0.0
2356,ce429295-7bae-4567-b520-77c78773ece3,Amoruso Fire,38.82437,-121.3909,Placer,13.353971044190171,3.2262884224444814,121.967545676406,2.065626282994244,0.0
2357,bda3e0c7-b52b-43ca-9459-54fc1a490bc5,1-2 Fire,38.029246,-120.956888,San Joaquin,31.407538063881027,10.362640821426096,136.01764057937282,1.9232561346169927,0.0
2358,31a75af9-c850-423f-9a3e-2d8be2bb5f07,Apache Fire,39.418598,-121.482631,Butte,56.866978507526895,4.922132753750744,127.13624142012685,1.6682467844394395,0.0
2359,dbcdf92c-2be1-4f61-afa7-e0eae6cec5c3,Bear Fire,37.557104,-120.171776,Mariposa,86.66656805632124,30.956198964640702,130.37206237745062,3.7153295333239758,0.0
2360,f4e5e8d4-2398-42c4-ac64-42750dca4e7f,Lavender Fire,35.61181,-119.956633,Kern,23.704117729161307,41.594963818767276,87.60721745810143,6.2590945592550336,0.0
2361,26f3518d-8978-4220-b98b-42d51c89ef02,Preston Fire,38.845861,-123.019703,Sonoma,82.88587443058513,1.4758761880358917,45.420966050243635,0.03507406232589701,0.0
2362,220ed40b-e932-487d-a206-fa99fb194849,Fresno June Lightning Complex,36.78113,-119.345863,Fresno,98.61356802714167,16.220725352894263,146.43101885630458,2.8207319074402624,0.0
2363,5da0884b-54c9-453c-9e71-54faa8ec0993,Anchor Fire,36.631882,-119.3226,Fresno,91.39896426241609,0.0,157.4314306857765,1.3961978779685722,1174.2474
2364,15fecb82-73d1-4cde-b30b-ce5e14cb8cab,Round Fire,35.48989,-118.93111,Kern,36.31657904423439,7.732873667926933,138.749334778251,0.9997656596435008,0.0
2365,3ad0f5ed-bb4e-4289-bce3-72a1a843ecb9,Crabtree Fire,37.732422,-120.596351,Stanislaus,59.48979460808444,16.134488951930223,140.2497691021008,0.3984672611454624,0.0
2366,99c744c7-b28d-48d4-a5ce-55fc82f942d4,Pass Fire,37.744764,-121.596245,Alameda,0.6401586670011349,4.33356961633208,86.2142206157355,0.021208856624637614,0.0
2367,9226f0ee-ae1d-4ca7-8a21-9390b6215c85,Basin Fire,36.868064,-119.110336,Fresno,121.54345008244462,31.12054846580599,125.24581894093164,1.498997046807074,0.0
2368,9013c77d-b3dc-48c2-8169-5be382acd2e5,Columbia Fire,34.72313,-118.325308,Los Angeles,35.988535684939734,7.932611930577729,84.3531450518879,0.0693424672421446,0.0
2369,fd62ec6c-4c45-4f1e-a6ca-243c424490cd,Clear Fire,41.884414,-121.239191,Modoc,108.54441323075214,70.91840107189229,12.520815530120217,5.450496874540084,0.0
2370,57c216a3-72ab-4647-970a-163b1267b33a,Empire,37.933129,-121.777999,Contra Costa,22.507566373776676,1.5813138209623243,72.9216808616836,1.9016060178072265,0.0
2371,367eee05-f2fb-41ba-ac19-4a4f2a7784e2,Hollow Fire,37.672148,-121.457333,San Joaquin,0.00270954985059185,0.9772317294704744,96.05474823987366,1.8814039562348277,0.0
2372,aeec4240-3b0f-44b8-b8be-21da8e9b5acb,Veterans Fire,40.477613,-122.544406,Shasta,17.504131982488474,11.539526315492033,138.62272132262035,9.256526384548643,0.0
2373,68755884-e4c5-4564-830e-94df1e45f9bf,Bar Fire ,39.5281902,-121.533535,Butte,57.056831867671896,0.0,131.57314530877483,0.24014778817210103,19103.577299999997
2374,26de0e6c-5714-427c-a66b-d82d425f3842,Pizona Fire,38.000167,-118.49,Mono,169.94939704123226,56.3617842014608,4.853435367677195,11.579567970924982,0.0
2375,18a08d2e-68bf-46af-84eb-40cdb3e20e87,Spring Fire,40.402809,-121.994709,Tehama,24.26854598479714,21.956400090685847,169.67152679266337,0.2688192826253302,0.0
2376,b12d1a65-9cf4-4706-af93-bed155dedb27,Lime Fire,38.197384,-120.80076,Calaveras,51.80206465583435,1.3173924362306002,112.92340096595045,0.6507263334244583,0.0
2377,4d1eb95c-6e27-4af4-9133-d053b8310cbd,Sheering Fire,38.163167,-119.985167,Tuolumne,114.42716764766715,20.194254105396105,68.9126027310529,5.752692942393108,0.0
2378,c65eb4f5-33c6-4472-90e9-d286270fad66,Adobe Fire,37.422757,-121.36663,Stanislaus,15.323609318655555,18.21429557524681,84.89637593643347,14.705974220336284,0.0
2379,0df347a3-2aa0-463d-bb06-2ecc2f5275c6,Cotton Fire,35.782724,-120.202099,San Luis Obispo,30.884234674942125,21.260114578273445,79.09224001852253,5.777708722105107,0.0
2380,b626b2e7-7816-4152-9515-c8db804022ff,Frazier Fire,37.06783,-119.50857,Fresno,105.17481157976798,24.558922844715216,132.28798747366005,0.41721365871012833,0.0
2381,d6fdb527-4cdb-47c0-8c60-58bb42dd31e1,Lonoak Fire,36.21923,-121.08223,Monterey,61.6394806738846,2.759147227486516,52.863438941397234,1.7775194200368094,0.0
2382,e9b91c35-173f-4e81-a03a-cd63fac47e5e,Round Fire,33.94343,-117.061943,Riverside,3.646081914798791,1.1803776081323603,84.19307987422066,0.5101182741497594,0.0
2383,537d9c10-45f0-4cef-b936-580e9f08775c,Mines Fire,37.520283,-121.5458,Alameda,18.147809092479967,19.25942864451256,82.52246852510721,5.905470896513308,0.0
2384,86c8ff02-a1bd-4de9-80d6-a6cfefa224eb,Creek Fire,38.895723,-120.930485,El Dorado,11.005712929286748,9.414793425987659,81.30322127956188,4.316942071362331,0.0
2385,f64533e4-f034-4660-a6fa-31a36d5616e0,El Paso Fire,35.486517,-117.74823,Kern,91.56143304189864,11.91980575840212,156.42535870877583,1.233256688333651,0.0
2386,1a69fba3-9511-4978-b8ec-3392d6a64973,Indigo Fire,34.45733,-118.64093,Los Angeles,2.2784689831361207,0.0,52.17499897629222,2.061592816614778,59639.932799999995
2387,ca49af04-92e9-4e98-809a-8607939a4c2d,Sierra Fire ,34.04119,-117.43441,San Bernardino,2.8883789949734116,0.0,70.44294649896426,0.5794191030347275,423859.59299999994
2388,3b60ebfe-2fd6-4f0d-9a88-22d1e0c0941a,Brentwood Fire,35.279739,-119.95363,San Luis Obispo,44.634627572166025,45.07584740127007,69.91655392467622,2.278802271488723,0.0
2389,ca854fbb-92a1-4142-8155-4efd9c0f3906,Canyon Fire,37.438803,-121.335653,Stanislaus,12.106579161623621,15.048552379635128,88.12618871524822,11.50037270126965,0.0
2390,60babd50-9806-43f4-abed-d2718bd70f7f,Kitchen Fire,32.717444,-116.47191,San Diego,0.13631736126455163,25.408206464777848,14.137416038755129,0.29674962328726695,0.0
2391,99f2e9d4-f771-40d4-8eb2-d56ab49ef211,Kern Fire,35.434012,-117.977028,Kern,100.17052263834273,28.48812953957713,169.10563593217006,0.6300853325366675,0.0
2392,b0bd7da9-58b2-405b-ab35-bfd931bf4a78,Mccain Fire,32.660837,-116.231794,San Diego,0.007585995985945538,48.669775857364385,5.7537295777640765,0.700618047123688,0.0
2393,4a98e8c8-7580-4a5f-b15d-4f7190db358e,Sunrise Fire,34.432003,-117.834801,Los Angeles,33.92739905488727,15.579087120814377,82.69753374138925,8.898724616769771,0.0
2394,5bc3c8c8-d881-4455-8a7d-93811e70b0d9,High Desert Fire,40.408993,-120.52602,Lassen,109.54986809338669,5.462096158602802,45.01513023408801,1.2455475829676803,0.0
2395,a0512940-e935-452a-b4a1-bf8e6fbee93a,Toll Fire,38.63744,-122.585297,Napa,54.96754807198921,4.3797741170536515,57.56609863447093,0.8269247733686158,0.0
2396,dd88859f-53c8-41f4-b697-5e7623f8eeae,Thompson Fire,39.53793,-121.5467,Butte,56.014511080617154,0.7699267386537113,132.68072748437686,0.11824839952070235,0.0
2397,2bce08e5-efea-409f-a8c6-bc8f9254432e,Yolla Fire,40.386141,-122.760479,Shasta,38.10993504444251,32.496743198519084,117.7112956172381,1.8448301484354015,0.0
2398,40dd06ef-4937-4646-8950-849397eba75f,Denverton Fire,38.242509,-121.91466,Solano,11.792348924466667,2.0310917687775656,77.43587154873913,0.030106982999058056,0.0
2399,4190d31c-2571-40cc-9f84-bbc320ff9b62,Border 60 Fire,32.582559,-116.616755,San Diego,20.29065094113024,26.49175871569747,0.5878884645551277,0.8541177803990637,0.0
2400,ef4e05b7-9ca7-42a0-afbc-2c98accaf08c,Airline Fire,36.65921,-121.22114,San Benito,45.14963133429371,16.423580612036417,69.64599260898308,4.4098780904228025,0.0
2401,b5803b5d-30ac-4638-8be4-b29eb4386d6d,Moccasin Fire,38.63826,-120.774929,El Dorado,38.99608122788802,5.159973204054069,78.22368269440112,6.330892670552947,0.0
2402,f56284c7-82cf-4384-a344-61e133842dcc,Bowman Fire,35.608374,-117.899544,Kern,110.8115624492357,11.428144052243699,155.7394001431917,0.4494180742996453,0.0
2403,073a621b-0e81-4a52-9332-1b32a9400d21,Luken Fire,33.79682,-117.264072,Riverside,2.9299428389438384,0.0,59.808490515277725,2.2641997391209094,423859.59299999994
2404,475bb3e7-2ff7-45dc-8a88-ad819f7c6d7e,Power Fire,35.470889,-118.750959,Kern,47.25502530262851,9.18760893268164,144.2172982606466,2.8423422588200715,0.0
2405,6aa086da-4175-4eec-88a4-563e410f55a0,Sharp Fire,34.294625,-118.742209,Ventura,18.712521171792943,0.08583365816792346,34.89661387509229,1.7256483662913844,0.0
2406,5a0d9121-cb79-420a-bc1b-e0a897674944,Olive Fire,35.612809,-119.9569496,Kern,23.670914068245754,41.48080174182596,87.65728007512679,6.151968972278771,0.0
2407,2e65fe33-1053-4be1-8025-ea4116b7b60b,Berry Fire,35.633333,-118.816667,Kern,54.622014648453906,23.558456908956323,157.61978645183618,9.3032508220985,0.0
2408,798bb0b3-8d70-4d9c-a0b6-094c9013a4da,Shelly Fire,41.465297,-123.057551,Siskiyou,42.86776232860987,41.872969241456865,59.64934252984945,13.021163057462383,0.0
2409,3400d0b8-e3e2-40a1-928b-47e56e243937,Orchard Fire,35.10995,-118.3970832,Kern,51.69197376821923,1.9587554923210573,125.41948309621517,0.02865554969385911,0.0
2410,697597c5-38dd-4db4-8f1a-e9d53c56b2e5,Adams Fire,38.91033,-122.607362,Lake,47.569774995502705,0.0,74.47925894130593,0.8011567826983407,5654.034299999999
2411,4d60a968-e916-483c-89b8-ae7991b191a2,Watt Fire,38.736113,-121.392532,Placer,7.532582830890225,0.830264594339332,124.12006272833806,0.815420062033746,0.0
2412,da951cd4-b460-4d36-a4c7-f914f12ac31f,Olinda Fire,40.439362,-122.415486,Shasta,9.255819532158391,5.870703414972101,145.87638724833397,0.010930287819946299,0.0
2413,4130ec76-340c-450d-996e-c4e2c71a2365,Little Fire,36.786172,-120.757128,Fresno,2.111223595379388,21.279315652683195,112.0286481079679,1.4315523497948188,0.0
2414,cfed11d4-8e8e-4d81-b373-f96c756ee12f,Grubbs Fire,39.43511,-121.507399,Butte,58.98776898308874,2.592453991209917,129.28510534914318,0.4633198851881829,0.0
2415,2a21f77a-0db4-4cd9-b1a6-3af4ead89e8d,Slough Fire,38.493205,-121.161253,Sacramento,25.272554700193993,4.1151426347465465,115.39198975252025,0.015809994472829072,0.0
2416,4a8ced50-3e3d-412e-87cf-37ee5045ddeb,Adrian Fire,34.573279,-118.1935,Los Angeles,36.26503649364915,0.4701257909045962,73.10138049324938,0.3612600297128845,0.0
2417,263df749-7279-4200-9c93-b36eb00526c7,Grande Fire,37.46973,-121.23728,Stanislaus,3.4904706777747765,5.772559024028317,96.96179533979937,2.470459947380425,0.0
2418,22d0590d-60a8-488c-9ca9-605e686473a5,Sotelo Fire,33.72325,-117.23049,Riverside,3.8145300111882974,0.22174192123285932,55.50067714443513,1.3464021631564413,0.0
2419,b60b3089-a801-462b-a3de-3ded5f8c72ea,Deer Fire,40.2003,-122.30328,Tehama,4.82006457913548,2.9405315597019652,144.1381637958303,0.13656928563713766,0.0
2420,289f036a-eb92-4ae2-9d1a-0356a259dfda,Highway Fire ,35.25322,-119.2071,Kern,0.16485257603268352,7.9605931511702215,104.82540857826815,0.8964558188792203,0.0
2421,12b846f3-b12a-477c-acb0-14a93a94412e,Meiss Fire,38.483838,-121.074404,Sacramento,31.68215456681044,0.003653181244121899,109.41858606311226,2.6888041052361213,0.0
2422,a96e7558-807f-481e-a8c5-ddadc9829be7,French Fire,37.50959,-119.9771,Mariposa,99.9778792430444,33.17002711421447,122.97548379669274,1.1309554318537232,0.0
2423,bb10e33a-6f40-44f4-875b-1f87694e87a7,Nason Fire,33.928252,-117.191529,Riverside,8.397071032671777,0.0,75.25433401898798,1.6048535485919178,423859.59299999994
2424,86cbe59b-509f-4d16-bd7b-ac29e1145084,Sonora Fire ,34.50711,-117.5124,San Bernardino,15.012391002538282,4.42504492234043,106.19498174370382,1.6767847205052342,0.0
2425,94cb3aa5-ae82-4b57-8b25-b59309da9f23,Lumpkin Fire,39.54992,-121.35037,Butte,58.40797713479209,9.489552347914309,115.80387815044874,2.6474664517100717,0.0
2426,3dddbc43-507f-4b3f-ace9-14342e2ea5af,Rd 18.75 / Ave 24 Fire,37.09824,-120.206748,Madera,57.44758548171082,0.7160618392593182,166.84349815849995,1.9174164449489506,0.0
2427,e829b726-f797-435e-85d5-fd2b4fa5b2cd,Storey Fire,36.974414,-120.032252,Madera,63.72833828124649,0.0,170.89139655973844,0.4812567527064574,17402.255999999998
2428,c850a914-f9f2-4e3f-9605-45c3c871ac93,Paloma Fire,37.396908,-120.460411,Merced,57.81102197325191,2.3519182051319523,153.1915834039456,0.01466134968110306,0.0
2429,81fa266f-2ad8-4826-a316-faf872deae23,Dersch Fire,40.494374,-122.04948,Shasta,20.978917102957848,18.48505480769234,167.55205413811842,1.0003649346126613,0.0
2430,2a35910f-6546-4f86-9314-846774ae7776,Hills Fire,33.757944,-117.113903,Riverside,6.97122333872879,0.026189168479969438,65.18683729839685,0.004394605036189257,0.0
2431,bd450df3-28c4-497b-aa53-6bb4cf72c9ca,York Fire,35.82553,-120.05765,Kings,17.82993850210055,16.179718625911605,92.64628405097191,8.333104136396047,0.0
2432,bc6db02b-254b-4857-9bd9-2ec52580960e,Lake Fire,34.785,-120.044833,Santa Barbara,90.12328707899138,14.400764191182823,41.1246073422403,13.735773143655498,0.0
2433,a34d2d90-9bc3-4d2c-bf8f-66b01d3792c3,Plenty Fire,34.4792756,-118.506107,Los Angeles,9.215668545614507,0.3043237292859239,54.73130566989946,0.180679502220133,0.0
2434,1fee6b10-8868-412b-973d-9af87fd96c06,Rancho Fire,34.173631,-118.853661,Ventura,34.375120214450796,0.0,20.910403432129915,1.2734748696391083,66355.23599999999
2435,2b097232-3f87-4cf3-85de-169a64cddc14,Vestal Fire,40.200879,-122.539089,Tehama,24.16700059473454,21.54394946990338,125.25696832976386,19.071527149406027,0.0
2436,5c70cc79-8ef5-4306-97fa-74093ab5bd89,Pocket Fire,38.742834,-122.907373,Sonoma,79.24442203670586,3.2659495022013285,43.121195912551876,0.1607614262327902,0.0
2437,e99e51fc-7eb4-40eb-82a0-22bc6989543f,Pay Fire,38.7231,-120.7549,El Dorado,33.979692322567935,0.0,72.21708275603766,2.5470099145867433,20244.860699999997
2438,b7ae358d-2766-4f99-a677-f231fae07dd8,Cahuilla Fire,34.5444065,-117.131163,San Bernardino,12.671411929736673,0.24961707230691166,131.35274962132473,7.721740170417834,0.0
2439,7701bdad-0622-432c-a822-1d6bf6de8c2d,Lucern Fire,34.45196,-117.03341,San Bernardino,25.827798472695942,10.376313758210626,128.81212833832967,0.9477787868755876,0.0
2440,4377f847-6f0f-470b-8319-4cafd43eb902,Top Fire,33.964275,-117.3048,Riverside,0.7186365341049366,0.5288097056667276,70.74309929089638,0.8200523351023379,0.0
2441,47d84716-507a-4630-af90-8ecdf542bc9d,Granite Fire,37.7133123,-120.325444,Mariposa,79.77324673551614,25.73196093132703,126.12867135106076,6.600181646190359,0.0
2442,59096d89-7195-4b37-b4cc-6d02ab922848,View Fire,34.19518,-118.90918,Ventura,37.39126826783758,0.0,22.461172002431464,0.9688239661357418,66355.23599999999
2443,c709ed98-7c0b-4b1f-880b-ca435696b8fa,Blue Water Fire,34.169517,-114.276308,San Bernardino,56.32515310587449,2.306449680548431,0.27448946958120235,0.8109157133023225,0.0
2444,3a6eccd0-40fa-4d68-97fa-e38f93f0458c,Vista Fire,34.292101,-117.606101,San Bernardino,11.886320877103929,5.75819563696337,81.61718632453551,11.207525472510277,0.0
2445,ac4229e1-c4aa-498e-b407-4c19021a5cee,Post Fire,33.788907,-117.293584,Riverside,5.771028866040999,0.2757088505027407,57.406174932834986,4.593932408796362,0.0
2446,f2edef16-123c-47df-8cfb-5822aaa4e6eb,North Fire,41.256864,-120.503588,Modoc,147.1490946205652,24.88966643613968,42.237709391768156,0.12121561295914861,0.0
2447,fb03fcdb-e84c-4edd-8457-126b805119f2,Royal Fire,39.2393,-120.4168,Placer,8.673703395075123,13.372264239632258,35.45698630704006,7.976377610438516,0.0
2448,f500704e-ed06-4a63-8ac4-55dc34c688d2,Hilldale Fire,37.081199,-120.998125,Merced,0.3051201189739075,10.82157724787652,97.69837009662437,0.5412279735112289,0.0
2449,14837591-2b5d-43c0-bfa9-48d9ed8da226,Tesla Fire,37.66504,-121.696665,Alameda,5.428965065628372,0.9450060521736193,75.92353945262118,0.2256550442614975,0.0
2450,f030fe29-09cc-4912-91ce-4c47048f6fb4,Sand Fire,36.640352,-119.242623,Tulare,96.88813173014324,5.610587982860412,151.98652537834116,4.597858187211103,0.0
2451,d08b8b6b-585b-40c2-9b40-99ec5adf5513,Mina Fire,39.970543,-123.38746,Mendocino,100.48118655211105,56.41079824630063,48.58288590552272,16.719200994901566,0.0
2452,1d2f4147-5768-4f7a-b777-42f72c9d75b4,Bogus Fire,41.884429,-122.392257,Siskiyou,13.610532752829386,23.740061341127173,13.784755854311502,0.8645610287957455,0.0
2453,50cb3627-a575-44c7-b740-498a14c33a1f,Franklin Fire,35.591462,-120.645939,San Luis Obispo,72.89200561184425,0.8873163691594582,34.13943843894121,0.03739135226858097,0.0
2454,6436e8b1-ccaf-427b-87f1-25334be1ab1a,Caliente Fire,35.273067,-118.651434,Kern,39.461788225581685,15.765580638755187,130.60147421049862,12.796811052885078,0.0
2455,704f4c46-c67f-4cd6-ad76-1bb893764f0e,Cow 2 Fire,36.026333,-118.801528,Tulare,87.81154074024764,12.859106781217559,176.32951719509683,9.739173711241142,0.0
2456,8887929d-bf06-47d5-aa8b-c592cbe60134,Teresa Fire,37.201128,-121.736403,Santa Clara,18.4243483332011,1.1502486576606537,44.24258401229701,1.1350013748391243,0.0
2457,16fd6b9b-95dd-4fac-a4bb-43af69c55401,Todd Fire,34.7192091,-118.023431,Los Angeles,57.74229831145986,2.8882315466128614,94.87084833654202,3.2575096183394816,0.0
2458,24a84ad7-76f0-4880-94d6-15afe21ba92c,Panoche Fire,36.6067,-120.8765,San Benito,21.17315706860024,43.04195837415774,92.9391733512492,2.470312746285271,0.0
2459,45612673-c1eb-4b45-823c-58ac4cd9bf04,Woodland Fire,34.60698,-118.3211,Los Angeles,30.22547461890457,6.259003671042309,72.07475179026191,1.1229051812463355,0.0
2460,095a04be-5c4f-46bc-a26d-afee87fe3013,Poppy Fire,34.43725,-118.3404,Los Angeles,16.10021708384858,3.541414687954051,53.7358341892993,2.8160115769584158,0.0
2461,fdb9b539-dbfe-4112-98b3-ce893d831e9e,Point Fire,40.11416,-123.7729,Humboldt,128.63843359112013,47.12934913291289,30.229948107520592,0.3079080852867211,0.0
2462,c9814313-be52-4d48-a846-266c8b156c38,Breckenridge Fire,34.400099,-118.783698,Kern,16.521758282665566,9.362573859608613,46.79119282399145,0.9125017603317759,0.0
2463,7c1116af-a5e8-4a35-95b6-6f46dddb7f7b,Ranch Fire,39.803617,-120.03505,Lassen,32.42522122999988,33.247685556299736,2.966455880644292,1.756131779392075,0.0
2464,e7249ade-ad19-4caa-a763-a2181e9658f8,Railbridge Fire,39.40436,-121.49395,Butte,56.82414406478658,4.790926979572562,128.0943007385859,0.6869552234052788,0.0
2465,56f348d1-578a-4495-afa9-045eb8d3181b,Carrizo 5 Fire,32.636552,-116.165773,San Diego,0.0,53.401702491997725,2.5316730117331026,0.6144192853697344,0.0
2466,2987a61b-04b5-46f7-9d10-a44a98f2c906,Bluff Fire,33.95319,-116.87638,Riverside,3.194436970184116,0.6656170442475291,95.97926697168798,0.42957631353258335,0.0
2467,1b0ccbca-742f-4831-a196-476252eaf7c1,Ranch Fire,35.9001968,-120.433304,Monterey,35.551269836136804,24.991887833168732,72.27030750198253,9.502692184858445,0.0
2468,adb3cd9f-c3bb-45c6-8ee7-7de9728408fb,Athens Fire,38.8364594,-121.332377,Placer,10.302957864418065,2.5367819533011864,116.74023015572604,0.26777801783881955,0.0
2469,6ba3ef43-a6ad-486d-8df8-ec24dfdcbfff,Pauba Fire,33.485557,-117.02173,Riverside,10.827202846685791,2.9239953016701623,51.387119587339555,1.690918629798769,0.0
2470,60b87395-037e-4e90-be9d-00f555a2bf2b,Indiana Fire,37.112938,-120.595644,Merced,29.73791385655596,13.253797618414415,133.4859615296838,5.948276046067219,0.0
2471,b1e1dde9-05f4-46c8-b539-dccd6d54dbe5,Pilot Fire,35.2928626,-119.242617,Kern,0.6238482026705632,8.09203869671007,108.00433297292871,1.5917859120636557,0.0
2472,5d90917c-38cf-4ea9-86d6-e3a1d2728b0a,Hurricane Fire,35.199333,-119.695667,"Kern, San Luis Obispo",34.56396005031176,20.042091854474624,91.17305709091141,1.2101837501654351,0.0
2473,597e7925-6013-4b71-a67a-ddaeec31b92a,Soda Fire,35.009077,-119.531779,San Luis Obispo,39.898589192953764,13.555559223830123,71.5100440253632,0.14779940995980576,0.0
2474,277af290-74fa-4b77-9f74-58b232a4f098,White Fire,34.963024,-118.533425,Kern,32.58277296096621,17.49134303761811,108.1659072970534,0.8177959045806856,0.0
2475,bddf75c9-e5b6-4b7c-af80-a9f1dd57963b,2024 SQF Lightning Complex,35.986772,-118.311422,"Kern, Tulare",114.78047787871692,40.998303982576914,149.9035703819412,25.960485934033503,0.0
2476,5c4423ff-da1b-4b58-a72b-1fbeb4522da9,Minor Fire,34.67478,-118.253976,Los Angeles,39.086702704859384,0.0,81.18992454985246,1.6077693310758376,89771.90759999999
2477,6092d73f-828a-4218-b723-0449fb456861,Rancho Fire,35.10343,-118.746636,Kern,21.166987445154298,11.481550601782526,110.06255993177093,0.41046549962160117,0.0
2478,61215509-76e2-409a-b3df-71cb588e3387,Packsaddle Fire,35.9273945,-118.429923,Tulare,102.44275363475855,32.12438121444013,161.96104882360677,16.806998478754075,0.0
2479,5f6960bc-d915-41c0-8cf0-0a3b7f0af755,Horse Fire (Previously 3-7),40.9067636,-121.179979,Lassen,96.13878479423452,37.14313248527928,99.50945392635018,18.351766347750566,0.0
2480,0c244aa0-4712-4a7c-93d6-42607825a950,Rim Fire,40.90368,-121.160755,Lassen,97.7002955689813,38.7811857983007,97.89418527888483,19.296856222612405,0.0
2481,8ff00a3e-f9a6-4c09-8aa0-5549f351312f,Quality Fire,36.576457,-118.057587,Inyo,177.8335881813635,91.00492568544938,86.14607169892196,1.7121233788924377,0.0
2482,085e88f6-33b7-4aef-adea-cda9dc7ef7f4,Mcnab Fire,39.041985,-123.15297,Mendocino,86.05300947350075,7.375651620105662,50.713842120845285,2.162018413351578,0.0
2483,e336a3ee-7318-4439-bb9d-b23f325782e8,Solar Fire,35.856649,-120.278024,Monterey,29.067743740356306,18.02252072974128,78.55414883619171,4.193022622847052,0.0
2484,52f6d338-b396-418c-bff2-17c8ba9412fb,Laura Fire,35.56702,-118.40739,Kern,77.56942208025424,4.4686744559219616,170.02815075681437,7.495695276604416,0.0
2485,8a0cf23b-e02c-476b-83e4-11bafd022142,Dewey Fire,41.765149,-122.353169,Siskiyou,18.8897193500812,21.848123033169575,27.048288372302242,0.49691419269313547,0.0
2486,cb115973-a1bd-4023-8445-3566116629e7,Pickett Fire,40.3464,-123.362,Trinity,88.35977752067208,63.07334610498188,73.61248993362703,2.7800445275649994,0.0
2487,60b0ba42-478d-4089-8a27-43b33accb9ed,Lost Hills Fire,35.636093,-119.669093,Kern,0.06391848838163766,22.843558270516912,110.19798970196896,1.9027836145587602,0.0
2488,170e3b34-380c-4293-9b3e-d1bdd1763e6f,Holloway Fire,35.6453,-119.76107,Kern,6.648724769047632,31.220526865415717,103.86733821934202,0.07216541242097853,0.0
2489,89fb8816-bcd5-48ef-8ecb-7d762731225e,Paradise Fire,41.787938,-122.516407,Siskiyou,5.21669380618049,9.47963360569346,24.39481416303139,0.2546662094919437,0.0
2490,d226687e-93d2-48ad-a17a-acbee0ac4efc,5 Fire,35.784624,-119.779871,Kern,0.07717604939404255,35.00967113798031,112.29242602282889,1.1105324487737502,0.0
2491,92340f74-78cc-4fe6-960b-eac31e21340c,Point Fire,41.7975,-121.369,Modoc,94.53864465556354,75.07600701112348,22.068374328707318,3.479118988521358,0.0
2492,c9806a95-09ca-4b22-97ae-a9f822608e6d,San Joaquin Fire,38.979194,-122.684661,Lake,50.31365439611059,0.0,75.69851067219443,5.620953523023865,5654.034299999999
2493,915d22c2-22e8-4720-a486-196e23f31150,Hill Fire,40.7721611,-123.63975,"Humboldt, Trinity",103.2023199212286,34.286462438678264,50.76742960472121,5.229455488771802,0.0
2494,f27ffd72-b167-4212-a4f9-a8f8099469e0,Willow Fire,34.92221,-118.257558,Kern,52.40617658277391,5.975774817896064,107.30295643627119,1.5474039077114659,0.0
2495,aeab6c71-3acc-4c35-b6e4-4c171a33af62,Donomore Fire,42.0083,-122.90457,Siskiyou,23.955131699626097,34.48546548542744,0.516927270742372,27.723468920691683,0.0
2496,d3a9b57f-dc1c-4640-ab42-727b3960b241,Sentinel Fire,36.759833,-118.663333,Fresno,144.67774597061722,53.02057553419535,107.5882237157479,33.08750826780404,0.0
2497,2fedc823-b47c-4edb-8993-600bf99e2122,Sloane Fire,32.773489,-116.803223,San Diego,7.450358892406657,4.020164448738269,23.326614816093354,2.3680775425737446,0.0
2498,b952f0cd-8fc8-4877-bf93-a45d80474372,Ducor 2 Fire,35.96289,-119.0507,Tulare,66.44732535144234,0.0,176.78817653248632,2.9048850527682593,1195.2941999999998
2499,dcfb3ac9-baa3-486e-885f-d15bf6e27afc,Tire Fire,36.29538,-120.267799,Fresno,0.14719985851427045,14.967117020739712,115.46551914402781,0.24601220365536236,0.0
2500,888e269f-348c-47ce-8ed6-d95267d1dd9b,Dorado Fire,36.29802,-120.211458,Fresno,4.78301933762599,13.461328092837576,119.40957871369561,2.8298075453135496,0.0
2501,f6ef4321-1db2-479e-a658-09174fb579cd,Panoche Fire,36.606754,-120.876583,San Benito,21.17631201106723,43.03779267592289,92.93647458742205,2.4670133574830646,0.0
2502,fd9d5a58-d9d5-4904-90d0-0d85f3d6231e,Liberty Fire,38.2391935,-121.0869519,San Joaquin,28.12286024857834,14.099712236951284,126.74204086831419,0.4077612977901349,0.0
2503,d24167a5-911d-433a-a1ba-cef5dca6aeb0,Deer Fire,34.5938959,-118.063529,Los Angeles,44.049048095478085,0.7156106923512712,81.18205612261714,0.46922358082422266,0.0
2504,73ee0e93-b35e-43a0-9475-8a45aacbae1c,Abbey Fire,34.083439,-117.139626,San Bernardino,3.862446859532727,0.0,90.81787384306676,0.6587576396655127,423859.59299999994
2505,d3a2cf16-c3b9-499d-a6c7-4b8875998bb9,Fork Fire,34.239686,-117.76113,Los Angeles,13.279131312891689,8.253379759012265,68.97677763780115,11.451096029222953,0.0
2506,edcab1ce-ee89-4005-b636-4ec33a32bd3f,La Tuna Fire,34.23514,-118.30239,Los Angeles,0.07062493661992443,0.07062493661992443,36.15156301299903,1.0021088433160874,0.0
2507,903c80ce-5474-4a5a-95f9-e5862b2856f1,Lehi Fire,38.8807773,-121.156605,Placer,2.2970940903307753,1.637245610532168,100.93589226200052,2.669696993974887,0.0
2508,e02d609f-2db6-42a9-b929-368c1ffe018c,Lookout Fire,37.3137,-119.6859,Madera,109.44882716684175,2.07249031288822,122.26141164008675,3.970990837994986,0.0
2509,01c86c23-8d70-4c4e-9775-1ca094dfbbc7,Ridge Fire,39.0329124,-122.457217,"Colusa, Lake",29.929619332865062,15.170144493846314,93.29689853476299,0.45975760852150355,0.0
2510,dec6ffd5-3d2f-4357-9711-dab662722c58,Tin Fire,33.847742,-117.461546,Riverside,5.870882578390529,0.7370046295494739,51.470758986193445,0.05728173438629743,0.0
2511,008caaaa-8cea-4fb6-97a7-4cb95d750f0d,Rios Fire,39.635533,-123.344954,Mendocino,97.40706288779828,19.676372481714303,43.11201632568478,7.985281512184222,0.0
2512,59ae65d6-def2-4848-8cad-5ebec969cc16,Coyote Fire,38.031044,-120.852597,Calaveras,40.283870159648586,6.709940722046013,129.88479032394835,3.3171269131807306,0.0
2513,ba712fe1-2523-473e-80ff-9bfbfdfa39dd,Peach Fire,36.1933173,-120.777302,Monterey,43.61250250135147,30.260437464482518,73.22175446412896,18.26827675435537,0.0
2514,56cc02b3-4dfb-4509-b3d2-c5bdb7481abd,Eagle Fire,33.824352,-117.502905,Riverside,1.255226098284613,0.0,47.04315738199105,0.4819424398007139,423859.59299999994
2515,130dd62c-2276-4356-9524-562236bfaff8,Hawarden Fire,33.9278521,-117.3727011,Riverside,5.927004704105843,0.0,63.56218174767923,1.911632026269743,423859.59299999994
2516,ff69211f-e39d-4974-8396-c50a46821bb5,Canyon Fire,37.47012,-121.24303,Stanislaus,3.859855366871993,6.265990260294337,96.59909613865099,2.9030847246663933,0.0
2517,88190b2c-eb3e-4293-9a01-a18df2517dae,Wasioja Fire,34.9842984,-119.782853,Santa Barbara,57.727905074855066,31.584843349434497,67.54307117030426,13.180007420341974,0.0
2518,04939a1e-e735-4c6f-8148-4ca8a58e263c,Columbia Fire,33.999524,-117.32122,Riverside,2.5732472078837936,0.20438129452910994,72.71428059968902,0.9012072442768783,0.0
2519,683af4f3-37ca-4c1d-81f3-5348ffbfee2c,Tar Fire,35.960403,-120.154889,Kings,13.199566194741324,2.3965272215915987,94.50004367610401,3.9269708305172433,0.0
2520,8ef9f3d7-125c-42a3-8654-f11eacb30b9d,Gold Complex,39.726014,-120.535158,Plumas,44.055419950543055,9.184654429021894,45.759704878385456,6.438329064950216,0.0
2521,e3b62ab2-1900-45e2-a3c9-bbe45d96379a,Pencil Fire,41.80078,-120.519727,Modoc,157.62686657191819,32.02517651737976,21.369095298101623,12.423013614994945,0.0
2522,55bd9617-c8cc-4062-b75b-8ed05328605d,Juniper Fire,33.757839,-117.112942,Riverside,7.060286561181395,0.021688133267669534,65.23633431248182,0.01689353021527109,0.0
2523,5002319c-73be-49c6-bd3e-ee8a2275b437,Maria Fire,38.2856696,-120.656662,Calaveras,66.01692356188006,9.478928388772617,97.27485803482641,3.3543464748358667,0.0
2524,1fb7abf0-6d39-4453-8507-4ba02c7489b3,Border 63 Fire,32.59738,-116.568589,San Diego,16.221479370807742,27.596573771447098,1.7746981736237601,1.2546268625761476,0.0
2525,07237a37-5e0e-44f9-9255-7442bd596f77,Circle Fire,37.152487,-119.65963,Madera,100.97987416318601,16.48896923761154,134.11907295706808,2.8287612973911527,0.0
2526,4f825f9d-08d2-4ad6-87fd-d5152ad6b4ce,Metz Fire,36.3404047,-121.199629,Monterey,61.359595859720734,2.651965202708481,52.50175028170144,1.3053242767374045,0.0
2527,f7ed042a-a219-44ef-b856-a6ec000fc194,Oakdale Fire,37.430142,-120.541611,Merced,51.56860218547982,4.394636624103837,147.85310618043928,0.6790551772733785,0.0
2528,852ed4e7-2505-41dc-9070-a71a0dce290a,Cow Camp Fire,38.300167,-119.074167,Mono,113.12530234270238,72.00127983403111,4.63085957152799,16.356316237854205,0.0
2529,46a2ab3e-8d76-4f30-8453-248c47b99624,Harry Fire,41.673939,-122.369802,Siskiyou,13.572222778641533,20.719506028596797,37.181847802177955,0.016544387171610254,0.0
2530,6c0ae648-b287-4a3f-9c12-2c5f26494e86,Beaver Fire,36.362544,-120.802733,San Benito,32.893435561484225,31.62639427186636,82.54391674025024,27.228295115109823,0.0
2531,d524998a-1423-4088-a562-b5b511b6457b,Acres Fire,37.081853,-120.074549,Madera,66.89136338823185,5.548681813850681,164.4258237020722,4.990063072868132,0.0
2532,e35176e8-fbe8-451a-ba16-3bdddb7b83e0,Grove 2 Fire,33.409448,-116.741601,San Diego,36.89581960889418,29.64530597960318,69.42618492417269,12.50551549391196,0.0
2533,da3ce6fb-d828-4f22-bff2-ca124a86db5b,Bullion Fire,37.51019,-120.046081,Mariposa,95.43233096575533,33.33698310157793,126.91029015070335,2.221073584366638,0.0
2534,b15dcd50-3ff0-4910-b004-2f6842ebc8fa,Scales Fire,40.356228,-122.283667,Tehama,0.01743262196091072,2.392779043109193,151.86525036261156,1.2225559193932947,0.0
2535,d9a0045f-b30c-490b-b181-5be460544947,Park Fire,39.7789,-121.76168,"Butte, Tehama",37.58332974546215,1.1650600835904827,150.7708539424195,0.4961401098546079,0.0
2536,55424dca-0bf0-48c6-a7d3-e892b8e7fafe,Horse Fire,41.742143,-121.304529,Modoc,96.65025716061781,67.61126106484858,28.279643809294008,0.14526852210295785,0.0
2537,763e1a5b-4887-40e0-8289-1b5deb8feb10,R-6 Fire,40.914833,-120.0485,Lassen,151.0815699575352,72.82288839430502,4.137179068095658,30.924210100008956,0.0
2538,a40b4b2d-54ea-4aa7-8fa0-528c91bc8424,Flora Fire,38.590922,-122.768983,Sonoma,68.17268866416754,3.0577456389875386,41.183558123070775,2.2874562934895377,0.0
2539,c1545163-959e-4258-848c-3ffde697345a,Pentz Fire,39.638817,-121.680996,Butte,44.865873853232145,8.38501248166784,144.08359403206043,0.7405059339486537,0.0
2540,20850293-7c71-4c60-8a88-678e79a05c7c,Hatchett Fire,35.99271,-118.934596,Tulare,76.85349301410231,5.938325342099291,187.09545052794434,1.4472782161469646,0.0
2541,c6511dca-4499-4bd1-9699-d7ae0ab5a588,Acorn Fire,39.140133,-122.87667,Lake,60.58623877213701,0.0,74.97466155606924,0.2287630147597984,8091.217199999999
2542,1542dc82-a61e-40fe-b01b-33dc2dc26773,Lawton Fire,34.042687,-117.26745,San Bernardino,2.328725901073074,0.23537599319621935,79.56891141929563,0.5997570207826339,0.0
2543,0b9dcedc-4ba1-41d3-bd28-e3f794253336,Macy Fire,33.656742,-117.383235,Riverside,5.729573411482361,0.0005269421315039671,40.75446824695143,4.645525807182746,0.0
2544,2e22d229-d659-4405-ba5b-6218fa1d8e57,Flynn Fire,37.724532,-121.69605,Alameda,0.5880467323139578,0.2532883857682209,77.27845545523323,0.03146342806539724,0.0
2545,dd43c38f-a57b-496f-a935-d4b2c2cee574,Victoria Fire,34.50523,-118.245656,Los Angeles,27.475474622678963,8.1773042981375,64.19916237118564,4.287075079458628,0.0
2546,87afc01a-76e9-4e5a-84d0-1b4aa0ee6808,Lammers Fire,37.7146,-121.4764,San Joaquin,2.698756057174761,0.0,96.06685071283381,0.11586505141575947,17236.988699999998
2547,531acd37-ef6b-4b48-a8fa-27d325ceeb0c,Point Fire,38.02175,-121.99056,Contra Costa,7.535331346579236,0.2532785554838539,58.48994525880195,0.6234407325820667,0.0
2548,27b6f459-94a5-4f7e-953e-65ad6e5475eb,Creek Fire,37.515462,-121.830534,Alameda,8.039299203719658,5.317422080020377,59.1756726920343,1.8128247093598642,0.0
2549,058435b8-9372-466c-8073-fb8d34ba5ce0,Dockery Fire,36.573716,-119.601794,Fresno,67.31801992854355,0.0,177.7517237519845,0.7727252289126939,9742.068899999998
2550,7f2f64d4-8a53-44a3-b2fd-043ce5857574,Cosgrove Fire,38.222987,-120.802822,Calaveras,52.43530687686515,3.3673513113050304,110.89005027003049,0.2493625265903271,0.0
2551,3f6feca8-33d6-4a2f-ac4f-163cd64c2821,Riley Fire,39.418982,-123.590238,Mendocino,118.79743529231044,15.315192744749714,24.950125587393185,7.491412547554543,0.0
2552,c76f540e-925a-48a7-8451-ff02c3705b49,Museum Fire,33.856642,-117.204108,Riverside,4.540412722821032,0.024057650338058654,68.4475246359508,1.1934072198085321,0.0
2553,85f2400b-f8c9-461b-9a89-8e90dccd5196,Walnut Fire,33.826534,-117.257982,Riverside,1.2074895173413525,0.0017670822349897866,62.71514752837018,0.3937214071935144,0.0
2554,c3da896d-42a4-4fb1-abcb-cf17c701f03c,Walker Fire,33.731572,-117.393766,Riverside,0.1522546880523458,0.4714322887666669,46.50979080270988,0.35829993833381407,0.0
2555,a7788f97-1255-400c-95de-3f73d38eff78,Border 65 Fire,32.576716,-116.699961,San Diego,26.496494578420304,19.066444531544196,0.707818821024179,3.1674839414548956,0.0
2556,07012184-4968-49bf-af0b-5781e699efb6,Simpson Fire,36.98268,-118.61484,Fresno,163.63935031349493,43.590894881705324,86.26379782487305,31.193980618238857,0.0
2557,c985d631-a65d-42f6-b4a3-5af4d804a21a,Sunset Fire,40.368506,-124.362017,Humboldt,171.1781525992228,24.621855609094474,5.6577766379079915,25.163740534752023,0.0
2558,a899bdb4-c0c2-45d9-8310-39de98c4892a,Nixon Fire,33.4773,-116.7805,Riverside,33.09833902295758,25.135807455048738,69.49105636945896,4.264828800689337,0.0
2559,67dfa6fa-3981-43a8-bed6-038556f64840,Cougar Fire,40.002008,-122.404759,Tehama,16.80350931938208,18.460525052352942,129.4554156483044,11.01560694785329,0.0
2560,ac21a214-0984-4fb9-98ed-0b812bd43bee,Carmen Fire,33.910649,-116.782856,Riverside,0.8863287004737025,5.974589854588404,98.6716266069731,0.006026275903255449,0.0
2561,17e1886c-3b88-4b34-8e60-95fb5cd349de,Border 66 Fire,32.5736,-116.6961,San Diego,26.419750813676973,19.384743965016096,0.3292089499391323,3.5114909125170075,0.0
2562,2174967f-fd0d-4114-b887-f9d87de74dcb,Italian Fire,37.1336,-119.394,Fresno,117.69548395673698,26.923038186541707,120.05650235608215,0.7475528749735382,0.0
2563,9962f124-7701-443e-97b3-d6f64f5e673d,Pedro Fire,37.689773,-120.31848,"Mariposa, Tuolumne",79.18181969741318,28.419280863030867,127.722431496741,6.326988881648527,0.0
2564,6a7b4fc4-4246-4629-a001-f0a5e3bac50d,Plantation Fire,41.842269,-120.341894,Modoc,173.071491686357,40.28174746795904,16.675782025959666,1.352745284306543,0.0
2565,5036da8f-717a-4a81-88b2-8d719d2c19e3,Eagle Fire,35.7205881,-120.561774,San Luis Obispo,57.26847703854287,11.57532522912219,49.57932328368008,3.9560807042292447,0.0
2566,cdbc2cd1-1679-4161-9235-df8e7137efa1,Borel Fire,35.515,-118.6836,Kern,55.07289465704353,17.012462969338213,151.5096785725363,10.606673721731285,0.0
2567,a917a41a-20d6-4163-b82d-2568bcc94e8b,Pole Fire,34.413261,-117.172494,San Bernardino,16.95259766727093,0.542561442058996,118.25384462745062,1.1704028126060586,0.0
2568,4809d048-58f1-4e0e-af5e-59eaa93dc61c,Happy Fire,36.850037,-118.738174,Fresno,145.7187105465451,55.91017743264866,104.52989586752594,26.587072778573052,0.0
2569,e5bfa9bc-cd0f-4475-8a2d-f48c1373a94d,Dino Fire,37.068124,-121.213195,Merced,17.40186353325044,26.568736999484315,78.70652576021412,0.10531168639684971,0.0
2570,382cdef0-e558-48b1-bccb-4997878962ff,Alamos Fire,33.582198,-117.166941,Riverside,1.2837074303227751,0.0,47.79123572926885,2.1033797604673428,125672.81489999998
2571,d34989e6-3964-42c4-a25a-05d0530bb505,Tahoe Fire,37.353634,-120.507495,Merced,52.58413859295434,1.0924164543355912,147.654702592406,1.2608195665841533,0.0
2572,59e1a0fb-d5df-4c79-b35e-ff9bb3823b16,Burbank Fire ,34.172602,-118.475521,Los Angeles,0.7132791032937698,0.0,21.860684552389266,6.0313494469869235,1351187.3420999998
2573,67cb1820-f2c6-4b7e-a172-c23a87e84f3a,Franklin Fire,33.671261,-117.318087,Riverside,0.2764442942870684,0.0,45.85391946275952,0.8243150402142795,125672.81489999998
2574,c0cdfdc9-d5e1-44b2-b95b-a8a6d8f1686b,Bella Fire,35.633966,-117.970987,Kern,112.53231614655223,17.588555810172796,158.02852532512352,6.571733378920097,0.0
2575,04f84ac3-d09e-4cd3-a78f-1c3a8e44c0c3,Gover Fire,40.393586,-122.176593,Shasta,8.947749069041171,6.523601608713542,161.8577070732986,2.4458857920005603,0.0
2576,d4df6b62-f791-4b72-a376-ff33d5c33901,Kimtu Fire,40.08453,-123.807764,Humboldt,132.1242411929547,48.33460103838395,25.843300432060275,2.4087290446295544,0.0
2577,ad2d133d-2af3-413d-9b4e-a916320b451e,Middle Fire,37.862367,-119.704567,Tuolumne,136.34162745266647,46.76191650741085,77.73616839974011,21.9104886191723,0.0
2578,b213ec11-15c6-495e-9e4e-01555ab35215,Edgehill Fire,34.1516679,-117.3043742,San Bernardino,1.5734571672054718,0.0,87.23023722737094,0.7270470758273347,423859.59299999994
2579,f4d1a569-fee6-466a-8973-ed1a3cb91966,Town Fire,38.217239,-120.833961,Calaveras,49.66877954356693,2.4446249218772858,113.15624736746786,0.11878301625471745,0.0
2580,8a183a23-b0ac-4edc-9892-821b96b40597,Silver Fire,38.7027118,-121.020844,El Dorado,19.314871022906214,0.7637239456313277,94.37491810248022,0.13028721413815464,0.0
2581,95290f3c-9c14-4249-9665-a14c14f29aab,Purple Fire,39.46018,-121.35725,Butte,51.4230685944182,9.602685595199079,116.4023158940305,6.613815496479857,0.0
2582,4d9c178d-e086-42f4-b6b1-a931b5b2b2a9,Morrison Fire,37.9043,-119.615283,Tuolumne,141.63524946821983,52.096118586984474,68.97141244373663,29.830485105742504,0.0
2583,aad4f00a-f28f-414d-83d4-9e40976fea36,Valley Fire,36.954837,-120.291882,Madera,43.18270397074708,15.831926976999236,156.07601018118365,3.200007232234865,0.0
2584,f4b94fa8-a58e-4e0a-a566-71d35e3f8b6f,Canyon Fire,37.978113,-120.21464,Tuolumne,94.00688350961536,3.6885306328787095,97.6253592682643,2.0203152489129512,0.0
2585,b09307d2-1a45-473c-9734-9af5171a3e6d,Boise Fire,41.2522,-123.5113,Humboldt,87.59815775883929,56.54315078797168,54.61727438881182,26.027194313820495,0.0
2586,9d3c785a-73a3-4654-b0e9-b467a2b4252e,Blue Fire,38.3073,-122.0501,Solano,1.40966631994431,0.6596625875937907,73.61415670111681,0.16940210709615927,0.0
2587,32411b4b-22e3-442b-b783-dcacff114841,Cal Fire,35.0307313,-118.364146,Kern,49.37877969010502,11.179922753639831,117.10897393286503,1.1173806564991995,0.0
2588,ae054933-c432-48fc-8842-23614a7a3139,Mack Fire,33.822694,-117.282555,Riverside,3.4915857338874217,0.0,60.88609543397662,1.6274845593776037,423859.59299999994
2589,575b3dff-3c7e-4915-ac34-d7174ba7f555,Summit Fire,38.324942,-120.427903,Calaveras,85.10475790186463,28.031852187612174,80.86032225095899,13.93151306128421,0.0
2590,cc78abb3-6b9f-4285-93c4-0466946916d2,Lower Fire,40.581893,-122.449341,Shasta,7.508049138706843,0.8766944845877271,151.73247431998954,0.8104804461879405,0.0
2591,d9b21406-7000-42b7-bed6-7bd26a8d64a7,Blue Fire,35.33324,-118.419612,Kern,59.97030066122908,19.960329378875173,147.71135311217358,0.2929942141111341,0.0
2592,6cd5af98-a8ec-4d4b-aa64-ec6248c58096,Mission Fire,33.640118,-117.292525,Riverside,0.8047103722689669,0.14335548856891275,44.65205305979302,0.1501721064789759,0.0
2593,3e0f22ff-2ceb-4277-b4cc-cb5803cccea5,Meiss Fire,38.427179,-121.054386,Sacramento,37.10294216014658,6.534701904287644,111.44336415398213,7.51289176620056,0.0
2594,ef1fb5c1-e8f5-4445-a2bd-1979a652c897,Turbine Fire,35.0200352,-118.3419912,Kern,50.366725891488294,13.116249462255038,116.26384856843998,1.5503257625716067,0.0
2595,1b90265d-3400-4b35-a684-378a3acbdba4,Oso Fire,37.471329,-121.23737,Stanislaus,3.3857022810924993,5.751461435606412,97.06919257876959,2.396741861394516,0.0
2596,379a65b6-ab70-44c9-bf5c-9e175516dddd,Reservoir Fire,39.07015,-122.509941,Lake,32.269467201474185,12.487094995082378,93.15343717562062,6.280960836903733,0.0
2597,4e768968-bce1-45ea-b5f1-a28d75679300,Anita Fire,32.717599,-116.927749,San Diego,8.629190545815934,1.03646431561716,18.371676283535617,0.5125344569128967,0.0
2598,198ef9d9-1f09-44fe-bced-8640414f3f5e,Queenstone Fire,38.043415,-122.562044,Marin,9.638945511738036,0.0,23.850274973994953,2.28824029066738,406906.8612
2599,8fd639fa-cdc5-4a0c-8b8a-7ee7887d30ad,Quarry Fire,38.06095,-119.991667,Tuolumne,114.63604250506428,16.14528265663056,77.7697174852053,13.537555167840502,0.0
2600,5f07097a-1deb-44b9-bf44-4a7b78c54749,Papa Fire,33.3073021,-117.368598,San Diego,7.543360932686083,0.0,13.938340896482817,3.092917365941179,570282.6018
2601,b50cc0ce-29f2-4300-9014-747d94b7a5e4,Moon Fire,34.284624,-117.8406047,Los Angeles,18.14669166402811,13.558234538912103,70.29263474982928,13.441022464907311,0.0
2602,5366f40a-04c4-4dda-859a-17cba19fade4,Coffee Pot Fire,36.38857,-118.768,Tulare,112.55254052237468,28.07486875365997,144.38739753257855,11.955484282107394,0.0
2603,5e835ec5-e5aa-4fb7-bf45-0d437e73fcdf,Kahlon Fire,37.181034,-120.32559,Merced,53.156348303979385,7.646144942411343,158.38648922643299,0.5126222150058626,0.0
2604,32a55d22-1435-4014-a3c9-9cdaaaadac9f,Bruns Fire,37.809344,-121.604861,Contra Costa,7.826533623223214,4.911868185864723,86.03022852692962,0.5602624237363195,0.0
2605,8acc2c5c-d96a-4197-8b87-354bb9a6915f,White Fire,33.922735,-116.650391,Riverside,0.0037187695822470195,8.351180748504428,108.58488970011119,0.01545759383620246,0.0
2606,6710ee55-96da-4c8d-9e8f-db171fbf0bf1,Zarzo Fire,37.630738,-120.313718,Mariposa,77.01674507073355,30.7984174954274,132.453576096167,4.059387373574556,0.0
2607,a9a1a8e3-50af-4478-9190-48e0923623c3,Waltz Fire,37.349442,-120.238125,Merced,70.87685769168861,8.700401249185584,151.54029607733102,1.1905521954860439,0.0
2608,4440cc32-aa1c-4cc4-ab03-69f38c10775a,Marco Fire,34.475777,-117.463332,San Bernardino,9.343011810558215,0.0036491790205296563,105.82570300045512,5.127813200769227,0.0
2609,4ebbd415-254c-4963-85cd-3d7a82833785,Pendulum Fire,35.4189737,-118.8709169,Kern,35.288487149756435,0.9968592284776964,134.02826529832433,1.040184341934859,0.0
2610,e78d33bf-bcc3-4312-8e67-75e226e7ad39,Cypress Fire,35.578845,-120.901571,San Luis Obispo,90.82955975576962,13.91318399016801,20.265447981794114,9.439082981577872,0.0
2611,28fb4b10-eb02-4c62-ae6e-cd0a94816fb9,Marysville Fire,39.468991,-121.561366,Butte,54.36045011337225,0.0,133.96163250464178,0.21015346881442126,19103.577299999997
2612,a79b5e83-a63d-4200-be50-3ebcada9298a,Hills Fire,36.909429,-119.792619,Madera,74.4278120186389,1.8151329278896857,162.22800295855987,0.10414827720076171,0.0
2613,e14709f8-b57c-4cb4-ab3d-1c8db55c1800,Grant Fire,37.740555,-121.585729,"Alameda, San Joaquin",0.0034184961508940425,3.98117123072995,87.09945209219939,0.5094785725496408,0.0
2614,4f0d65a1-d601-4eb6-bd6e-3da7b6b272e9,Interlake Fire,35.8378,-121.038125,Monterey,84.69995275362504,28.658112607471555,31.85980905099044,19.866104098192693,0.0
2615,0cc5c422-569b-45ed-b166-cfd3cfa5f074,Livermore Fire,37.665174,-121.740217,Alameda,4.1263954792930875,0.0,72.3088595080182,0.6527409397249658,18888.7152
2616,9adc01e7-b88e-4c83-9be7-90e1c87a4ea8,Green Fire,37.7055278,-121.6971111,Alameda,1.3856504212502494,0.0,77.0149032968728,1.309671701934401,18888.7152
2617,28e8a708-7f0c-48ed-a784-eba4e3b6d124,Railroad Fire,38.193824,-121.8572856,Solano,18.88730153003002,9.353488252685255,78.30065476073304,0.3122274117394444,0.0
2618,63bee7bc-19c6-43d5-b004-563ffefa95dd,Quimby Fire,37.333444,-121.7338333,Santa Clara,9.427335437840112,1.120754099008101,56.011063851841925,0.35081499499481805,0.0
2619,7de63eaa-38b5-4afa-a845-429ff6a1b18a,Bishop Fire,35.275553,-120.644048,San Luis Obispo,96.37522991702724,0.0,19.45423774551214,0.9440879505059676,15849.926699999998
2620,91e1c5d1-1ff2-485c-9f5e-cf9925208700,Rancho Fire,35.704967,-120.582252,San Luis Obispo,59.80519049792885,9.044773886273834,47.04876028583645,4.054360839169044,0.0
2621,a23de8e2-c318-48bb-8056-b0256fc21cf7,Grade Fire,34.5337178,-120.195855,Santa Barbara,120.28619022719488,6.419994443297937,12.391663797266997,6.343469989490958,0.0
2622,bc27ec48-5efe-4806-929e-abd03c053e57,Winchester Fire,33.71271,-117.08414,Riverside,8.640220073644523,0.0,63.40957275410782,0.19488264669349428,38327.3037
2623,740b2301-9651-4a38-baa1-1a1a0d64448f,Amaral Fire,38.252807,-122.171501,Solano,4.943539075816627,2.55227405763671,62.12233682609613,0.007908847321153127,0.0
2624,2738e71c-0c75-42ae-b308-41237e5cd310,Turner Fire,37.372385,-120.959582,Merced,14.173371501352724,6.654769371340105,111.59531266521601,2.70826214433262,0.0
2625,5daa1233-03e4-4b8f-938c-ccfd3971bde5,Canyon Fire,34.29046,-118.288398,Los Angeles,5.093772458817978,1.2849996892024662,41.75617734510785,5.00528619987473,0.0
2626,578eabb5-afe7-4558-814d-040343bf69e2,Ace Fire,38.190649,-120.828003,Calaveras,49.390617733529936,0.0026696404089796067,115.04896238879788,0.5095902626173556,0.0
2627,17437fdc-6fd9-4132-95bb-7503ef251af6,Beach Fire,33.9689911,-117.49379,Riverside,5.072205871170189,0.0,60.75406656578824,0.899380727340443,423859.59299999994
2628,6ce41fb6-2d1a-41d1-abdb-678ada7d66b1,Edna Fire,33.9009,-116.869456,Riverside,2.580614245558417,0.6307191276891462,92.23074631171836,0.7172750402713557,0.0
2629,e4cb8cca-8bc1-4b99-b442-2478d9ccc1f9,Walmort Fire,38.3809,-121.251908,Sacramento,19.453380745191048,6.850642913653144,128.6155116102957,0.13847249277469045,0.0
2630,b7c8c806-ca83-4f94-b343-6af19a3dac15,Far Fire,39.037213,-121.312694,Placer,23.844462060024266,8.814056848839712,113.33517501003324,0.3700406888405373,0.0
2631,dd8d3cf2-5fe1-4da7-9d5c-6a332b65f528,Chevelle Fire,35.805079,-119.053499,Tulare,54.34528221833333,4.428325290312589,167.42165407021344,1.5670599944545653,0.0
2632,3072d494-4c71-4f31-af3e-6b20ab08421a,Refugio Fire,34.506,-120.064,Santa Barbara,113.23149411086717,9.86382378866782,10.529835727249317,3.261799847725338,0.0
2633,03ea04f4-53d6-47a1-a553-ab52eba0ef5a,Motor Fire,34.6592518,-118.7548048,Los Angeles,0.04016421702919544,18.929352992383176,70.96442995062617,2.260996151267832,0.0
2634,cf3253e2-4f76-4773-b3fb-8165b83a3d41,Banning Fire,33.928939,-116.846198,Riverside,0.09095862686117287,1.1809965365013841,95.95599594729114,1.0898029338213846,0.0
2635,b1dd28a1-5757-4b62-83e2-71ec6e3a36ff,Proctor 8 Fire,32.675679,-116.92502,San Diego,12.266559509111952,0.2571820122223012,13.728233303753672,0.5376082527982845,0.0
2636,245e918e-6df6-4096-be50-d9921df0e306,Benito Fire,36.730979,-120.360998,Fresno,23.954598696977072,1.7281135402502632,138.68296465418874,0.006904975034132875,0.0
2637,157f43e4-79ff-4a63-a4bb-199894edc0f4,Summit Fire ,34.318425,-117.340037,San Bernardino,9.76175753788428,5.33235716515127,100.09460795745315,1.0192872543582516,0.0
2638,97a83444-c9d0-4fed-bf10-cf8650ce0efa,Wild Wash Fire,34.701134,-117.204094,San Bernardino,0.11114948045584647,12.855191202526363,140.0803691570891,3.493219102888764,0.0
2639,40dc98d3-a160-439b-ba3b-e969e0a201ef,Tenaja Fire,33.583553,-117.403313,Riverside,12.726952532036552,6.644175488746665,33.340106114270206,11.112983083142137,0.0
2640,c52a7849-5237-4015-9f24-c69764f78c07,Echo Fire,37.756167,-119.416517,Mariposa,155.6737641799739,38.54754227373933,69.7596818712541,25.82808122619389,0.0
2641,e8b9c282-b3a6-48a3-ab48-e97a92615a25,Solar Fire,37.115241,-121.033398,Merced,0.8321278207163142,14.613076501842327,95.43724143355135,1.5159646076293625,0.0
2642,783fc0e6-ffd3-41a9-8ce5-843f092a007e,Park Fire ,33.7580149,-116.9496357,Riverside,18.706013447289894,0.0,75.83021314807966,0.8033209996031985,38327.3037
2643,a46ba8f8-21b5-4496-9f62-7544d63fe50f,Florin Fire,38.496413,-121.297565,Sacramento,17.64717134141423,1.6437724385686672,125.69454992093702,0.026000392373349484,0.0
2644,32eb6c42-4a6f-4ce9-9b47-1ad496dddd45,Excelsior Fire,38.524067,-121.279094,Sacramento,16.02079928810349,1.4649548530997831,122.88890438613538,0.6819594299213074,0.0
2645,d9d0b205-3d25-47eb-bdc1-40f5b6636e04,Pioneer Fire,34.452109,-117.077204,San Bernardino,22.515293844669646,6.3535759950526876,126.56671432094528,0.10121635108916983,0.0
2646,78dac760-bdce-43dc-aa02-b1ca33472a30,Weller Fire,35.5497,-118.958785,Kern,38.92280290113968,11.846293386364017,143.74303915302417,0.8801663082334888,0.0
2647,5a5fd941-d2c6-470c-9403-fa632a127c0d,Johnson Fire,34.4045559,-117.559695,San Bernardino,9.85813030535257,0.008269499096825879,94.28844217816473,2.1982425381123343,0.0
2648,9617f448-9db9-4f9a-9192-688f939658cc,Keys Fire,33.2902,-117.0764,San Diego,6.78312737734233,6.893932108292202,35.594029141681084,0.45731547219427876,0.0
2649,a176fc51-c857-48c5-bba6-35fcc907de72,Gulch Fire,38.233952,-122.520366,Sonoma,28.088576178225665,3.5801638738847763,43.033843087996395,2.054555069407956,0.0
2650,a3884db9-94ac-414f-883c-c71bcbf7c2e9,Silver Fire,38.361834,-120.499717,Calaveras,77.8914323390603,21.55661089486786,81.88155724351383,7.167854656085117,0.0
2651,b59f9cb4-566c-491f-99c1-262bf5f75999,Way Fire,35.694044,-118.426716,Kern,85.66343742231149,6.978448838172444,180.65997607923646,2.7147046073644256,0.0
2652,18203802-22ca-41cb-8a32-366c82948168,Two Fire,38.264246,-122.743925,Sonoma,38.834989717533425,2.5355912231796633,26.762264451408814,4.144232961284965,0.0
2653,03ab8b8e-1942-4f12-8401-e5af993ed822,Vasco Fire,37.777334,-121.71679,Alameda,6.727052974711036,5.127232222466897,75.9335016221569,1.1954856322872145,0.0
2654,a8c7cd92-82ca-4482-bdfe-ec87a1f5b5c2,High Fire,39.993914,-122.560451,Tehama,30.09895598447862,30.17810459690378,116.46254826058843,24.310331839106365,0.0
2655,66410b74-8cbe-402a-9092-4aa366831702,Minton Fire,33.758036,-117.112489,Riverside,7.1022475219233145,0.06795025923727517,65.28034181403244,0.004635049659482651,0.0
2656,9fe2d2a0-b5e4-49fb-8dde-7c623be9b040,Bichota Fire,34.25914,-117.856102,Los Angeles,15.428811610867074,10.52755261191667,67.13648675481197,10.771838716968064,0.0
2657,ec0d1ada-cec3-4876-a613-6c4b9b3cae89,Union Fire,35.655361,-120.533933,San Luis Obispo,60.891367115218834,10.508144665672662,46.47590725210822,2.8832806506351476,0.0
2658,f54c82c5-4429-4709-8ab9-ddf874e851c2,Armstrong Fire,37.838349,-121.632921,Contra Costa,11.368082615140981,2.648777145525868,83.84338457944337,0.8436314165818591,0.0
2659,88b1e67d-6869-4259-b9b7-7eaaf817e2a8,Robert Fire,38.207676,-122.156703,Solano,0.3791493595686689,0.0017678286038377814,59.15358039742221,0.1193857649808707,0.0
2660,fed9e05e-5772-41f1-a4f0-9318519d2691,Record Fire,33.8126,-116.9476,Riverside,12.65132707464715,0.6586789555180876,80.17715816476453,3.425417242459017,0.0
2661,68ebf089-c0a0-4d90-a0d6-366a6d4d78be,Argyle Fire,36.015369,-121.129602,Monterey,80.84962158665756,16.01529832484452,36.720493271796755,3.445954161426418,0.0
2662,5b4a7dbe-b514-4994-ad30-92dbffb34d52,Bear Fire,39.596704,-120.21859,Sierra,21.32270023127458,21.119384610899502,18.667301384619915,3.434505888284449,0.0
2663,f2bce455-9fa7-4957-a9dd-17f05d8186f0,Centerville Fire,39.73984,-121.69988,Butte,43.30618851866582,3.8219991309994397,145.50411448653404,0.09592758048057652,0.0
2664,0d339412-fd42-4037-94ba-6d1ce25ac3e9,Gabriel Fire,34.122607,-117.953154,Los Angeles,1.0334139042852917,0.0,49.81922149408189,0.8697167111869025,1351187.3420999998
2665,d83e6e6e-75c6-4deb-b026-50e59a5818a3,Hwy 152 E/ Rd 13 Fire,37.083449,-120.310758,Madera,48.547253671123016,3.568070604755709,157.4729645370225,0.01758189726678685,0.0
2666,030f3dea-4803-45b0-8bca-bc9ad347439d,Hawk Fire,35.313339,-120.623763,San Luis Obispo,92.59850120699352,1.7451586370364,24.036674026978837,0.2972333811320586,0.0
2667,97520779-99f5-4001-85ce-4c5f5f48cd61,Boone Fire,36.12175,-120.58848,Fresno,34.243594781393895,19.19048653148264,81.43929940135182,10.348149590512609,0.0
2668,b12acb92-61f8-43ef-8285-f243476588f2,Backus Fire,34.876586,-118.248827,Kern,51.34410136226448,1.4772883316376626,102.63642952790042,0.1793837205891232,0.0
2669,8417ba5b-e0ba-41f5-b811-71a9cb477a6f,Chapman Fire,33.472372,-116.651385,Riverside,44.28144852915185,30.69488542117554,80.00726036286218,7.550344327985815,0.0
2670,266dcba8-5dd3-467d-988f-a49f8166694b,Post Fire,33.773143,-117.297767,Riverside,6.680497003621294,0.30485487446603604,55.84192504239143,3.448711154233797,0.0
2671,8848b58e-de98-46b8-bf67-914b2bbf2587,Midway Rd Fire,37.055082,-120.750881,Merced,15.366044194033845,4.689455875825868,118.63693221481458,0.05106990962018104,0.0
2672,576ee459-903e-4b71-a658-214034e031db,Dorado Fire,36.13751,-120.24039,Fresno,5.887932497146526,7.682411267689007,103.73885400998431,0.04348967393993023,0.0
2673,cac520bf-e359-4f3c-a8ee-85510a476c67,Line Fire,34.121119,-117.154705,San Bernardino,6.9366443853554,0.012135764653634733,92.95027132734039,2.4204880264893305,0.0
2674,a8738494-879c-4588-a7c5-13a9419b2c9a,Pine Fire,39.351831,-123.186117,Mendocino,85.33823323187816,7.263472496133516,58.61767735618138,1.1203063796652026,0.0
2675,74364d0b-b018-41f3-b821-ac5be7306645,Cove Fire,33.758174,-116.738699,Riverside,18.0541816458299,11.145568419575394,90.72010142533624,2.418587174513524,0.0
2676,45291c5b-03f9-417f-b120-480be9b60315,Canary Fire,33.44756,-117.40342,San Diego,15.361858330964175,10.188498551133376,21.660083844174334,0.43166328715609337,0.0
2677,accf266c-8516-45cf-9570-8cf180c86ae1,Church 2 Fire,32.700797,-116.357286,San Diego,0.4240575985027269,36.07992146689279,11.288821717519344,0.20648692824029974,0.0
2678,317db5a2-a6f0-43b8-b1b1-1e90a60124d7,Roblar Fire ,33.4088,-117.3623,San Diego,14.818870657563794,6.030947405222709,21.394386133596335,2.332411412903095,0.0
2679,6f67d619-6533-4889-a740-c0d018ae9cda,Mill Creek 4 Fire,41.1088,-123.6761,Humboldt,105.15731002640224,36.01974380723952,44.2518351425579,5.830671420785133,0.0
2680,f36370f9-c5e3-4a22-840b-aebc4652737e,Cotton Fire,36.639321,-120.30277,Fresno,20.224340972407273,9.808385144822294,136.82312858521937,2.4259727883473667,0.0
2681,0d74ddd7-8a31-4014-8f25-d1e1eebca140,Boyles Fire,38.92934,-122.61065,Lake,46.87139898011104,0.060003704122839174,75.76645149187134,0.13671886846333997,0.0
2682,81e678d0-6b80-4a16-b8a6-1ec5a4fe0ba0,Bridge Fire,34.2396,-117.7625,"Los Angeles, San Bernardino",13.28445271999313,8.247700379856116,68.90665932604203,11.442580175455564,0.0
2683,fff641dd-ef49-4e70-b423-e93ff0735437,Crozier Fire,38.82889,-120.6975,El Dorado,31.801356619610182,8.288213200984295,63.24602683369318,7.2807150626478006,0.0
2684,0de2ba3a-b8de-447b-bd19-eced55f97497,Rice 2 Fire,33.353446,-117.135771,San Diego,2.1376116238571203,2.2703023927249153,34.0818381448436,0.9063936799659884,0.0
2685,482388dc-66e4-408d-bc60-01ce780ed0d8,Wicklow Fire,38.361232,-120.814317,Amador,54.915301581007974,0.2497293423971076,100.14795247611698,0.11403279193411345,0.0
2686,44d60d5a-522f-4c9f-ba55-ae09e9d2c973,Airport Fire,33.6676762,-117.566221,"Orange, Riverside",12.770615370453214,0.0024512860398968454,30.39653830614905,4.563233751858964,0.0
2687,5d2a9d0a-2883-4ad1-8dfc-35d9e9b5402e,Sunset Fire,33.917991,-116.91162,Riverside,0.6982827867046817,0.004732086563173662,90.89964894535261,0.004968911644862208,0.0
2688,aa8bcbc8-31af-4d8a-b0d8-9351974cf51f,Train Fire,35.2659,-118.62193,Kern,40.941495481759624,15.157653669447232,131.3731438846056,15.00683925724155,0.0
2689,b84f3e58-3a60-4424-8ea9-3aa7a3d27c58,Apollo Fire,34.77011,-118.53335,Los Angeles,23.46392649718596,26.146061316188504,86.76210371229858,0.5033227397175092,0.0
2690,05edf868-2c42-4981-a7df-9f66f98800c3,Coyote Fire,33.803944,-116.30113,Riverside,4.479105061213925,0.013050380624410374,126.28584831101651,0.07139496458168458,0.0
2691,a4abc467-5ae9-417d-b3e2-3d3469e698f1,Kelso Fire,37.7952949,-121.6060708,Alameda,6.3115768111088055,4.458851541916125,85.79984226614397,0.10961590890875572,0.0
2692,70f3bd6a-1888-4eb7-8a88-db21c81ba049,Willow Fire,38.0115396,-121.997014,Contra Costa,6.581907332327515,0.929432229519249,57.488504811671405,1.883287581793524,0.0
2693,02289a33-8abe-468b-93bf-55ef3ec7122f,Joshua Fire,34.50295,-118.045033,Los Angeles,35.81809054892302,2.9291690389030434,74.12668222797612,0.16882995116679705,0.0
2694,65e96e18-3c2e-4211-a0f9-798f59264ef7,Alpaugh Fire,35.863675,-119.536893,Tulare,23.194078917983294,20.786706116530613,134.66804589031267,7.325471629342998,0.0
2695,f5edaa5c-7880-4608-a1e7-12a6571a3e3c,Quincy Fire,39.48058,-121.42105,Butte,56.96880530262692,3.6870980867017926,121.91221982828289,2.9691243512363763,0.0
2696,47f8f0a7-6f42-4979-8030-0b0b6c60a9f4,Bell Fire,38.545436,-120.840433,El Dorado,42.71372811142339,12.648268844250634,88.63334225566766,0.7034335205105753,0.0
2697,43d81aa4-9deb-4235-bfdd-332cb4d60f16,Cougar Fire,38.145843,-122.485218,Sonoma,20.260407259577683,3.0081096608182074,37.03268500363244,1.032744076699575,0.0
2698,61e2fd92-51f6-403e-8448-cc94014c5cc1,Ripple Fire,36.682583,-119.189459,Fresno,103.55974802204935,11.683329327414091,145.32594008529014,1.0892549690678905,0.0
2699,0eabd5ea-c1e1-421a-a70a-12285cdaf62e,Rosa Fire,34.59556,-120.35679,Santa Barbara,124.77694691807409,8.354623240498846,20.691167627573193,6.018824430221584,0.0
2700,77efe2f0-3028-4644-bb42-b2fa555fb32f,Executive Fire,39.93192,-122.307297,Tehama,9.130591645951823,8.557250695761317,135.68743615543931,2.730924170644656,0.0
2701,d915cd6a-951f-473b-89e3-d75c5f47abd6,Phelps Fire,36.15407,-120.259824,Fresno,6.305701386344186,6.241151463933046,104.17399927331739,1.895880268099574,0.0
2702,ab5d40ea-130e-400d-9329-be910ce20dd6,Antonio Fire,38.187148,-122.656105,Sonoma,27.61185583421957,2.6058586233318484,31.2087701105819,4.784143557788619,0.0
2703,2877ac5e-5f3c-45f5-bfdb-d39777b57f85,Plymire Fire,40.201159,-122.284309,Tehama,3.251590402527534,1.421295489149624,145.70118401685332,1.37835952594252,0.0
2704,824367fb-ae02-4b05-a8cc-9b85fd03995c,Meiss Fire,38.427179,-121.054386,Sacramento,37.10294216014658,6.534701904287644,111.44336415398213,7.51289176620056,0.0
2705,2d3d58b3-520a-4751-8208-9e6266567369,Pinnacles Fire,36.493781,-121.147092,San Benito,48.352553809027434,15.846041661243891,65.99383712036366,13.371779382630857,0.0
2706,fbc44da8-44a9-47ac-8051-d7aa398df2e5,86 Fire,33.540008,-116.099893,Riverside,17.45486423189298,0.0018875736461737853,101.61788022584729,0.5522864645353526,0.0
2707,7f988847-1efa-42e3-95b8-b9d736bdddbb,Chase Fire ,35.374332,-118.84398,Kern,33.81368204904765,2.5666989057977894,130.7511564850421,3.153176702580767,0.0
2708,9a4f6a74-807d-4be5-bb55-c072f7600b83,Cindy Fire ,34.5352699,-118.1176558,Los Angeles,35.871296116421426,0.5328660589313295,73.01141294063484,2.7513959041528584,0.0
2709,041dd61f-f516-421e-a295-8bdafe8fb5eb,Ridge Fire,34.50334,-120.274,Santa Barbara,127.51259692073415,13.337818928934183,9.544204808479696,6.801425935256871,0.0
2710,e0d686b7-5bb7-41e3-af4e-e14123429236,Soda Fire,35.351479,-120.005229,San Luis Obispo,43.07956411557596,52.354280997182116,68.27548174398069,3.2490482473215097,0.0
2711,f32ee943-4fe5-4e0a-a1fe-ac02ea7501c6,Tiger Fire,38.4546979,-120.49265,Amador,70.76091422111494,24.52470025451725,73.69904766799995,0.3051059699310072,0.0
2712,a32d77be-a62d-444a-9872-68f997469297,Lago Fire,34.497433,-118.616267,Los Angeles,0.6692529933435182,0.0,56.55184958096084,0.017792812512679043,59639.932799999995
2713,f0d922b5-7a19-4fa6-b22e-356840bd12d5,Peak Fire,38.250731,-119.939391,Tuolumne,104.14312581445779,29.506843278797206,58.93646626965819,8.27573686308202,0.0
2714,9b8db758-3c0f-4e03-9bb0-de3c96a3154d,Bear Fire,40.471128,-123.654313,Humboldt,110.172123466656,36.909391214311555,62.05277585429921,0.8469814026057741,0.0
2715,713872e7-d6bb-411f-a490-6a2fe8078c82,Felicia Fire,34.46437,-118.7641,Ventura,12.574870707661217,8.337889152582061,53.81214124421449,4.991952281335359,0.0
2716,76ad692e-263c-4d74-95f7-01fc4308a49c,Ranch Fire,35.854009,-120.08283,Kings,17.54889961637202,12.543604068788154,92.44242546841872,12.173238191086103,0.0
2717,2f239059-a2df-4589-bf92-de59e79b5754,Glenhaven Fire,39.026764,-122.718183,Lake,50.69115184739224,0.2559915629684195,78.22027889539639,1.0776158975760157,0.0
2718,cae6e64a-d5a1-4a13-9682-b49009f8aa63,Ruby Fire,34.957874,-118.190532,Kern,59.52522718222871,7.416931585655288,112.81546968426697,4.1131784566967315,0.0
2719,253e08bd-21fb-4fab-8a2c-7aab9f700290,Central 2 Fire,36.69212,-119.5922,Fresno,74.84300491180153,1.1489884484456612,168.42102719760155,0.013391615113291514,0.0
2720,ddf4e347-29bf-45c2-8e53-2120f3ceed5d,Wolf Fire,36.692574,-119.645931,Fresno,70.93783964708179,3.327480978688678,171.55831391960228,1.4416966413270709,0.0
2721,0ec4424a-581e-40e4-b2b2-1a92503b45a5,Dutch Fire,39.227018,-120.834831,Nevada,3.4164039473363816,10.846574634069238,71.51825345414403,0.029086040597036254,0.0
2722,6fb9c69a-49be-4edc-8a5f-96d49df32cb1,Two Mile Fire,39.218344,-122.153187,Colusa,2.399944768283583,5.8390789298839705,126.53045697942876,0.010126236395721858,0.0
2723,ccc0846d-97a2-4031-bf61-b02df50ca6b3,Tuledad Fire,40.887485,-120.144717,Lassen,152.74187099976442,65.14393932048515,12.260159777165871,22.27940155147642,0.0
2724,93d607c9-fc8d-4e3c-b19b-3feb61bb224e,Hambone Fire,41.281183,-121.652642,Siskiyou,50.88370212609698,39.56306523663123,79.7103611500126,4.1746138856631205,0.0
2725,1b69ebdd-1add-4f85-a9f9-47275bc5118e,Verjeles Fire,39.3574,-121.3681,Yuba,44.89211741986913,16.727996592425406,117.26774374300265,0.9783275978954366,0.0
2726,100b8102-e9f6-411f-9440-26b92b8ebe94,Wood Fire,40.176118,-123.820482,Humboldt,130.96034773230753,39.168701711801354,30.812557956735436,7.306000408821478,0.0
2727,f75ae145-52cc-4e4e-ae7e-37007a29eca1,Posta 3 Fire,32.723782,-116.424495,San Diego,0.2851661502108783,29.280781267165782,14.399824987289657,0.6542391867372815,0.0
2728,684041c4-6817-400c-96f5-22fedfdaf059,Cemetery Fire,41.19492,-120.94668,Modoc,110.17876162371456,45.3958985067315,79.48985258462156,0.7526119471332031,0.0
2729,958b27e4-3413-461d-b2f8-0a866707c9f0,Piney Fire ,36.378918,-121.563092,Monterey,87.05579943910242,16.67694592247586,30.461975805079227,15.581685775817444,0.0
2730,7930514e-cc59-4b33-b931-790e3c9d60bb,Bahrman Fire,33.555137,-116.683446,Riverside,38.674276470123665,26.145907177223656,81.59434027063573,1.5975708036011222,0.0
2731,930c1a59-da0b-4b83-a3ae-af875cb8fd55,Shoe Fire,40.923444,-122.10167,Shasta,21.098717239843626,28.037009720502727,120.07708574907709,9.213988258046953,0.0
2732,e9d7f3de-d031-42d9-8a43-50fa01a145b8,Miles Fire,33.733233,-117.441832,Riverside,1.0608949740070288,0.5215492295868686,43.79407346456954,1.207020365819684,0.0
2733,41337847-3e75-4091-96cb-a992c9563a13,Marvin Fire,33.8185182621934,-117.076404666916,Riverside,12.008755829666562,2.243759740459422,72.56097333441744,0.23713732354546715,0.0
2734,c687c452-39bc-4e47-bcc1-aa809fc2ef79,Jack Fire,33.9239548,-117.0375417,Riverside,3.9131884660369955,2.092444472237387,84.00122339854373,1.0604148471409578,0.0
2735,d5b0f558-7125-43f1-a400-bb5c8eb7fbe1,Canyon Fire,35.318949,-120.133664,San Luis Obispo,54.531230711308545,42.54760804415615,56.171339723754265,6.965432989294045,0.0
2736,db413a52-db59-4a89-9509-cfdc7082822c,Snake Fire,35.375211,-120.435273,San Luis Obispo,74.42459867630386,14.855409495563455,38.43120283691457,0.5844483804317778,0.0
2737,a95ecf21-9dac-45c9-bb16-67b7796a3c6f,Maria Fire,34.98749,-120.430379,San Luis Obispo,98.63088946585707,0.280087394150326,24.541911892302124,0.4394934257683712,0.0
2738,df887f12-c34a-4487-aeb2-ab0f3788237c,Hay Fire,38.3151744,-121.8584227,Solano,10.392147757819354,4.161430494537984,86.32491190243007,0.17110556424612988,0.0
2739,a3d4d931-1eee-40ab-a990-4e907f4321db,Keller Fire,37.7741494,-122.1569455,Alameda,0.1320726619935613,0.0,37.32151542286152,2.876530992494847,406906.8612
2740,316917c5-f720-43df-8cd6-efe8d3a68fbc,Mission Fire,33.979878,-117.401904,Riverside,4.504447071665001,0.0,66.45481905621665,0.38980858877867985,423859.59299999994
2741,ab92e028-2483-4b95-93e6-76ff79061676,Lost Fire,36.03643,-120.182476,Fresno,8.385942321664587,4.226224778722207,98.57728035192119,0.3361818828836544,0.0
2742,6115c00f-5f33-43e2-9c4b-9f964af393e2,Gilardi Fire,35.342748,-120.758104,San Luis Obispo,100.80089130714853,1.746941391494875,15.026794047399504,1.5400385133854704,0.0
2743,886f0cf7-2fb7-4625-8fd0-5ee36ff32a3c,162 Fire,39.4643049,-121.965973,Glenn,19.574303764953815,19.749889736546674,157.17318966612748,4.493512238798804,0.0
2744,cb4f3767-abd3-4c41-a36c-97e10a79a2b0,Dove Fire,35.45554,-118.1033,Kern,91.39326071040018,34.66205290972434,168.15175209347333,10.912505311674574,0.0
2745,b3daa0d0-d783-4551-8a29-c76e0f29a643,Pedley Fire,34.017513,-117.479583,Riverside,5.376003654660917,0.0,66.07393673994287,0.42248909849498106,423859.59299999994
2746,6417486d-65c9-46ef-9c66-09a224aae0d4,Iowa Fire,39.293028,-121.48061,Yuba,50.27237292765119,14.284021675947683,127.04718598571642,1.0209945889368894,0.0
2747,6a1188d5-5785-4ae8-b303-cc53d3f18104,Coalinga Fire,36.281579,-120.300799,Fresno,3.149020162348975,12.250970253616996,112.25733488231027,0.09251615519631946,0.0
2748,a36e624c-126e-4ca7-9444-d5d0edaace57,Golden Fire,33.443458,-116.87992,Riverside,23.75472598660597,16.25288150982094,59.582136002816696,11.643641930534155,0.0
2749,0fbfd3a0-c425-4a0e-a7ae-831220e20166,Riverview Fire,34.62078,-120.259123,Santa Barbara,116.76830438001083,3.29985147015753,22.49292230367407,2.4779772185232933,0.0
2750,eea01808-482f-4684-974f-a2b4e9608cf4,Lost Fire,36.048799,-120.164271,Fresno,6.251701147867496,4.141148857787959,100.70316430503186,1.4315014773924573,0.0
2751,0e052869-ee1a-4358-8f0f-179baea54b3b,Alray Fire,34.35491,-117.467864,San Bernardino,0.8285112837014513,2.180494649461133,94.95606929722032,0.3519378271937287,0.0
2752,cbff3a6b-6540-405f-a6ea-8e554042a20f,Campbell Fire,36.229517,-118.858046,Tulare,96.48657795426162,18.26003459657221,162.90736646040648,9.827150662561468,0.0
2753,3b90a126-3830-4950-8136-ef8684706a31,Hog Fire,40.24402,-121.972909,Tehama,22.473152398476245,18.678031875716044,168.1364979943794,3.6447066483390365,0.0
2754,cea84acc-7922-4e0e-b8ad-1df4819eb573,Quarry Fire,32.69011,-117.01352,San Diego,6.443761385102845,0.0,16.110182169038357,0.14251813006801667,570282.6018
2755,bb43ada8-6aba-4e9d-a1c9-b901804b5622,Montezuma Fire,32.77126,-117.09495,San Diego,0.9546582479313017,0.0,20.525058387753283,1.8104530379425052,570282.6018
2756,f5de79a3-7bf4-461b-a6d6-b16219a3027f,Gaylord Fire,39.925884,-122.132235,Tehama,5.79815858251151,0.9828343145866995,150.246405157497,2.297296672738932,0.0
2757,fdb3f801-7382-42c9-8377-57beef2432f2,Wolf Fire,33.886528,-116.90239,Riverside,4.173543909806706,3.092931939798424,88.95785674662523,1.8066993204568829,0.0
2758,f78e6fd0-c260-486c-98b4-620938406a45,Mountain Fire,34.3189,-118.9689,Ventura,35.71565647070749,4.367175181094028,34.14810952179962,0.39132214412517147,0.0
2759,698b289b-437c-4961-b187-c1f03a8edbe6,Broad Fire,34.033917,-118.704833,Los Angeles,19.92820456513334,0.0,6.154615217021497,0.8918780919893544,1351187.3420999998
2760,dbf89663-4a51-4869-aabd-9b3b49661af5,Lake Fire,40.342148,-123.420067,Trinity,93.25913620430575,58.36556939919389,69.49321423145254,4.81720617354588,0.0
2761,57d63840-b05a-414b-ba25-27d8403302d5,Valley Fire,40.432155,-122.426405,Shasta,10.4733303143255,7.053877687837682,144.67966289725285,1.1885215505843663,0.0
2762,98ef38c2-a266-4900-9430-bc73c8c36e83,Lemon Fire,36.393723,-119.011663,Tulare,95.01219334428268,6.280535214836951,158.60333719304282,0.09944796839636429,0.0
2763,98160dda-7fdf-4765-995e-d8fb35460979,Horseshoe Fire,36.496333,-118.139117,Inyo,166.43250690046142,84.75004928446289,97.62974917151107,7.93539697868438,0.0
2764,18551530-3992-4731-9133-186480d092b2,Frenchman Fire,34.615371,-118.749654,Los Angeles,2.391391688364251,14.75993787565563,68.2270964476184,3.5826247959902986,0.0
2765,4c5759f6-e259-43d7-91db-0d21828ffb07,Santa Lucia Fire,34.691118,-120.501728,Santa Barbara,125.74686095792129,1.0326173551271756,14.934255294971779,2.515994268749554,0.0
2766,df5eebdf-6814-41e1-ac31-0b4baebfd5fa,Garden Fire,33.33393,-117.18097,San Diego,2.008122555060021,0.08138193191214321,29.396908131731287,0.08524369706890429,0.0
2767,23f4bb39-1e52-4d25-8f39-8ac42edcdc8d,Resort 2 Fire,33.286514,-116.64017,San Diego,45.54010573345187,29.50538911210915,72.55405219874862,5.4728112966892555,0.0
2768,ce14cca7-d5c4-4882-9008-d9b5493406fa,Waucoba Fire,37.0211,-118.007,Inyo,208.54738926766782,50.19689196514479,46.722637552002325,18.477009484059234,0.0
2769,c5c7b82d-ff26-4aaf-ae25-692c281396c0,Bull Fire,35.96313,-119.966199,Kings,1.707775539380761,13.044418061290406,107.986425954924,2.8002259459250043,0.0
2770,042df069-7226-4d37-877b-3371902356a8,Eternal Fire,40.361854,-120.446162,Lassen,102.02417086675389,11.447529343230352,38.23530685437,0.4126599722308229,0.0
2771,01c51255-f075-4460-9639-6105599ed000,John Fire,36.862905,-120.781992,Merced,0.030173908129762197,15.463310023526443,111.29434661960943,0.3307572643192096,0.0
2772,45775a15-671d-4ea1-868b-25ef4f487a28,Kamm Fire,36.531149,-120.485099,Fresno,0.18783466850897457,25.264732027170147,116.59548814826044,0.2862375202303728,0.0
2773,42e08471-48c0-426e-961f-07542259f9c0,Sandy Fire,35.956529,-120.654725,Monterey,48.052035124376566,31.083768788888225,64.4553121176362,1.5517625576128755,0.0
2774,c0397710-317a-4c96-82e7-f1e409e94d96,Brauns Fire,38.205892,-120.730521,Calaveras,57.556480649050634,7.526755068216433,108.20299463927546,0.06322855934195296,0.0
2775,d3452156-04ed-47d1-ae1a-3bb6c5478310,Millar Fire,32.72754,-116.93722,San Diego,7.214824537594214,0.7375154784551076,19.559626318628418,0.32811332306219243,0.0
2776,e504cc42-2a53-48fc-bcad-a8ae6199bd34,Hidden Valley Fire,33.963907,-114.513662,Riverside,37.37613777031719,27.866761952806954,0.650005735792261,0.8210672448704215,0.0
2777,93b20c9d-a07e-4127-a8c9-3c342d2544f2,Duck Fire,38.00025,-120.944749,San Joaquin,31.658896118733878,12.274587163877245,137.76549707757272,3.8701443878225605,0.0
2778,ee8b1361-f3a8-4d56-a043-d54bbd3e3d4e,Michigan Fire,38.379304,-120.986172,Amador,42.20676061196112,2.457360220763398,109.91235584440076,2.5684974457111855,0.0
2779,f20ead25-443a-4527-8f1e-d8947f8b4e24,Broadway Fire,36.203824,-121.141238,Monterey,66.57240061186775,0.0,47.577155428317845,0.7357776908303967,4020.1712999999995
2780,18caa406-cd3d-4080-88c6-74ba37a456cf,Canal Fire,37.051003,-119.926528,Madera,76.36886472423986,5.387554456036204,158.33318342232744,5.157585626242243,0.0
2781,5d5a2374-c01e-4d87-9cf5-71dd9cce0c9a,Border 77 Fire,32.5891998,-116.9079487,San Diego,12.054680759781451,0.6316063184865645,4.037345454695894,1.0537667085844338,0.0
2782,3d2b78af-b20b-4aaa-8f93-9ac3097cd705,Canyon Crest Fire,34.034077,-117.481178,"Riverside, San Bernardino",3.5357066660696,0.0,67.61324985800317,1.2448276146133426,423859.59299999994
2783,6f1c6068-575e-4301-aa6f-d4b66d8c3da6,Derrick Fire,36.443544,-120.419992,Fresno,1.3485711321923932,26.197639185967812,115.64417282135655,0.6212370479002748,0.0
2784,9b0b642a-8cf1-4e7c-b2c0-d7ab394cd789,7.0 Earthquake,40.37,-125.0,"Alameda, Humboldt",224.89430922072663,74.22516329530478,44.57035905740326,71.75678332087875,0.0
2785,54e9ee49-0c28-4477-8c29-b46738b07b78,Franklin Fire,34.06343,-118.69642,Los Angeles,19.825554839887797,2.0252086103181473,9.284374189753137,0.004177436153526401,0.0
2786,79847059-1dc0-4c33-8dec-750d312742a7,Rogers Fire ,34.6492,-117.3543,San Bernardino,10.784645791665532,3.2790499384706506,127.33816461658067,3.9145182545867314,0.0
2787,d64ada14-14ac-4ef6-a77b-495b6b17136f,Addie Fire,35.27248,-119.61551,Kern,23.649909276328863,17.705232361230504,99.62283861021824,0.02850331458270906,0.0
2788,6d5fa9cd-13a8-4f93-8a28-de9895dc9a30,Soto Fire,34.002023,-117.440844,Riverside,7.190239113849503,0.0,66.44079569931137,0.02760911780298846,423859.59299999994
2789,c991981e-892b-449a-b467-b5f742a4e9b1,Soda Fire,34.9868,-119.477,"Kern, San Luis Obispo",37.772872465665095,15.097929865109556,69.80064529599828,5.694073112914606,0.0
2790,e2f7d285-7b47-40c0-802e-b7de9e51da56,Oak Fire,34.883723,-120.246601,Santa Barbara,94.1533624354489,12.770003281277882,39.30877802349113,1.391491230564565,0.0
2791,4eef0191-65aa-46a0-8227-d1553896a5b0,Border Fire,32.59853,-116.82817,San Diego,19.554451753852092,8.070697633018446,4.263522254826847,4.296759616424715,0.0
2792,abfed7a3-794a-4294-9852-43176dcbc18a,Palisades Fire,34.07022,-118.54453,Los Angeles,6.617008557960936,0.0,9.23289714467758,4.730618402442711,1351187.3420999998
2793,dbfa574e-1b10-4467-b5e5-7d1c06ebc8dc,Eaton Fire,34.203483,-118.069155,Los Angeles,6.056122184375107,1.6622362197174574,50.29656648390922,2.9395864294829677,0.0
2794,ed36cf94-75d8-43f6-913a-d15646907311,Hurst Fire,34.32533,-118.478134,Los Angeles,0.23890853689469693,0.0,38.16555193439417,0.05225668847441645,1351187.3420999998
2795,c3e0b57e-f5b9-41e0-b9ec-eb524797c874,Tyler Fire,33.706565,-116.164126,Riverside,0.7526121112230432,0.8418639293688569,120.52903239341649,0.03996346806685598,0.0
2796,c2159108-ab33-4b74-8ef1-3706df7aecda,Woodley Fire,34.17973,-118.47438,Los Angeles,0.33178360329191614,0.0,22.639730716095873,6.30202399743582,1351187.3420999998
2797,8ea1537d-2560-4d08-bfe0-060cf5275e54,Olivas Fire,34.244456,-119.2567768,Ventura,62.88893665749931,0.0,6.868843502094814,0.03690744485510009,65651.83499999999
2798,83adc92b-bd6c-458a-a2b1-43b3ee2c27b3,Lidia Fire,34.4408,-118.2433,Los Angeles,20.963979526131983,12.45171144638578,58.00569748662471,0.6483491460665497,0.0
2799,3b0d8af8-f3c9-4629-8735-641d9f6af3e7,Sunset Fire ,34.1105,-118.3536,Los Angeles,7.6082910246673014,0.0,23.091443040580938,0.21856631685473593,1351187.3420999998
2800,98dad47e-805e-4300-8220-c908df687b4b,Kenneth Fire,34.185198,-118.66991,"Los Angeles, Ventura",18.030487896138354,0.16091365612658504,22.106457842873727,3.6178595904984228,0.0
2801,a93eab36-e8a3-4a4e-be4d-2372e3ba4957,Archer Fire,34.3087,-118.5111,Los Angeles,1.8379776608428016,0.1420594871168244,35.86929078090917,1.0470472065710918,0.0
2802,11055429-59f4-49dc-b759-a0c0d1225efc,Auto Fire,34.23661,-119.20224,Ventura,59.051758290562496,0.0,11.213530874473696,1.1542147737975272,65651.83499999999
2803,8a3dcaf5-4724-4176-83d4-08f96c79ffb6,Scout Fire,33.989,-117.3887,Riverside,3.0587899740922473,0.0,67.98790015460456,0.2843806443292901,423859.59299999994
2804,6c143c7e-d33c-4d0b-b434-d33a13705328,Little Mountain Fire,34.154384,-117.32064,San Bernardino,0.3581993051387101,0.0,86.65744491618887,0.975964469700228,423859.59299999994
2805,db6f387b-2654-44a6-815e-20491c5a37a2,Lilac Fire,33.30932,-117.152114,San Diego,0.10443603781218758,0.5857440483203467,30.204137070850486,3.884719846700383,0.0
2806,74af6e1b-0ca9-4094-869d-ecae0a778cfb,Pala Fire,33.363226,-117.162897,San Diego,0.19329699998029864,0.003499452821822211,32.70256800236985,1.749874425012699,0.0
2807,6bb588ff-4f53-492f-9e3a-1ff5900f6345,Friars Fire,32.7702,-117.1698,San Diego,1.0142060165038067,0.0,14.829575267445076,0.003055606179096114,570282.6018
2808,8dcc0ed8-641f-4b85-b853-9ed4473f5e51,Ncfr3 4 Fire,33.299921,-117.174205,San Diego,2.236182415823885,1.680157677924588,27.898302363633555,3.696301912715003,0.0
2809,b8b66c83-2a4d-495e-b51c-6dc071ddaa5a,Clay Fire,33.96682,-117.47055,Riverside,7.2199657246667,0.0,61.6724778482191,0.5848771206451168,423859.59299999994
2810,7eee0dc7-7020-4a86-9be7-82b084f105d9,Center Fire,33.001,-117.0887,San Diego,0.5661875801682802,0.0,23.967654006180215,0.43021216501444465,570282.6018
2811,bf194e6a-78cb-46bc-849b-567bceaabbb6,Hughes Fire,34.553008,-118.56687,Los Angeles,7.453903758492876,6.936408237038421,62.600580853549324,5.025045985203875,0.0
2812,0434262e-c6ca-4232-a2b4-ad0f5589b036,Sepulveda Fire,34.0968,-118.47541,Los Angeles,0.13514953478288233,0.0,14.275423627474293,1.9799194826882527,1351187.3420999998
2813,d45df9b2-8dc5-4d88-864b-f3a842c8a2fc,Laguna Fire,34.1655,-119.059,Ventura,51.20301447604891,0.0,15.83058274439094,0.905549487134484,66355.23599999999
2814,a9719e0a-db5d-48d4-895c-5b096ae1802d,Border 2 Fire,32.5947,-116.8437,San Diego,18.095328566275512,6.55424883754055,3.9836756719040562,5.748969797419157,0.0
2815,22ec23e5-b380-4ee4-942f-26c12a4576d7,Gilman Fire,32.8622,-117.237,San Diego,0.6239470477460431,0.0,9.163405702335151,1.124509217760901,570282.6018
2816,a79b51d3-9ae7-4ec3-a8ca-9f733b89df9a,Gibbel Fire,33.708601,-116.964339,Riverside,19.36389775526119,0.2891749177210271,71.10000339861159,2.526307059434082,0.0
2817,460e65e4-366e-46d1-8729-7d1756fca41a,Rosa Fire,35.303682,-119.982524,San Luis Obispo,44.82310999866463,48.4248554402388,68.23293741141077,5.648352813582339,0.0
2818,6d86f896-f2e9-4189-b816-239b65f58d26,Cross Fire,35.945458,-121.117684,Monterey,84.58341771435107,23.837852709528416,32.063209177173036,8.78780355393673,0.0
2819,d49b7509-2632-4153-8252-ec4de0e385ff,Eaton Flood,34.2038707,-118.1584203,Los Angeles,2.4460050916374634,0.0,43.69308887760284,0.9688898364817543,1351187.3420999998
2820,06a7c71b-03ff-4c7b-aff8-1d8bcf3c9def,Penny Fire,32.922111,-116.475667,San Diego,12.597917334217664,21.533502671913883,36.728332191816264,8.036178489798099,0.0
2821,c59146ec-ab73-416a-b66f-e4b568f5208a,Scout Fire,33.250188,-116.688664,San Diego,40.08601565712627,23.55103988069897,67.02571525169155,1.1584417788580534,0.0
2822,55e18040-1f91-4e09-9c4a-d46c149c917f,Ranch Fire,34.643056,-117.351944,San Bernardino,10.234331747196176,2.885648785139253,126.8966262423018,4.387906226005714,0.0
2823,14822539-1d7f-48be-b38f-b19bcb0d742f,Range Fire,34.738888,-120.574436,Santa Barbara,126.8933857080596,2.9855204853178647,9.444849015305174,5.222244520682018,0.0
2824,d8b9c4f8-d96c-43d3-bf53-a97420332b75,Aha Quin Fire,33.732521,-114.510789,Riverside,13.650966348678596,13.244391412763767,0.01037806899579096,0.6765702482611303,0.0
2825,e9a1b964-9bff-443e-aa89-f8f933c66bd6,Buchanan Fire,33.525303,-116.100296,Riverside,19.02488081243827,1.6312468617917124,100.00002255118092,0.4523856074119659,0.0
2826,014151c4-c77d-4fe5-9ffc-d90909ed8f4b,Silver Fire,37.399684,-118.352523,Inyo,210.12143126619983,4.271825628583112,36.35485728342386,0.007454388803252879,0.0
2827,8f9c92f4-ea71-44cd-aeac-a88c3c358213,Wild Fire,36.72005,-120.387063,Fresno,21.47575768758972,2.89600101114881,136.11052740346466,0.015319977647645389,0.0
2828,d4fd55a5-d2bc-4b99-bc11-7284ece809a9,68 Fire,33.554725,-116.07895,Riverside,15.325905931308366,0.0016629759488080466,103.0519095905079,1.1814476503677434,0.0
2829,59f47699-1014-4dc6-9349-7c1372e64221,Hillcrest Fire,35.38229,-118.90064,Kern,30.571874252314604,0.0,129.18075890500205,1.2178550418517013,107556.3195
2830,56ea5974-d922-41cf-9cf6-ef7372a32b44,Wildrose Fire,34.7001802,-117.1823536,San Bernardino,1.9756120168116824,14.386597119679697,141.22105044295168,2.3021798153045805,0.0
2831,0001934f-901f-40aa-93f2-017d7debbcef,Lake Fire,41.869329,-124.185699,Del Norte,96.47110045366671,2.879368254076645,7.8368774526886575,0.009675420665548395,0.0
2832,7a358a73-e272-4675-9046-9cc2c9fca091,33 Fire,35.120005,-119.43823,Kern,25.369446047308877,0.25131148542185383,84.99293357988859,0.25948055428502176,0.0
2833,6a2b37ec-72e0-4e4f-8836-7176f05a9f62,Boyd Fire,32.9021295,-115.2930033,Imperial,14.258864084930542,11.040052863203744,24.595817912921465,0.030249474611198892,0.0
2834,b6bba77b-4892-4f29-832b-04a58a1ba9b1,Canyon Fire,36.991952,-120.908311,Merced,0.002965301082653076,6.686255984324817,103.45244792983173,0.729101420347434,0.0
2835,f6e3470c-a717-4e52-9c88-2be8d359631f,Dunes Fire,41.804082,-124.220177,Del Norte,103.64935918566529,1.6883974177885943,8.177011679885506,0.13223936202703218,0.0
2836,00e82f13-a668-4fac-96e5-87db742562f4,Panoche Fire,36.656093,-120.876101,San Benito,18.39012299158737,39.00590857492564,96.18906011937112,2.727806013841071,0.0
2837,d01f8246-e27f-421e-b342-58d949af2209,Sandy Fire,37.185799,-120.513485,Merced,40.59482457393446,8.061023295003592,142.14745818173293,2.015094908851344,0.0
2838,805b0f33-c6d9-4aa4-b3c1-e067b490bed6,Laporte Fire,39.516462,-121.19237,Yuba,47.299728908149596,22.88494888014074,102.27436058390572,3.8511200411758777,0.0
2839,f2a9ea76-12dd-4bda-847e-44c747f70e08,Church Fire,33.638422,-116.142626,Riverside,7.248031738804305,0.0,112.82989490821657,0.5802426478425833,111834.03899999999
2840,bdc85ac3-5b32-41f9-9731-2ed55ae7fb8f,Reef Fire,35.813704,-120.014805,Kings,15.691778200255067,18.87387486134513,95.31093466371244,4.887601984903914,0.0
2841,e6656c72-2905-43bb-b838-74c36adcd257,County Fire,41.92216,-121.3501,Siskiyou,100.32572552153596,80.83922172418124,8.219477660153593,2.0712420275069836,0.0
2842,3edb01e6-4e6b-4560-8309-857931f2d0d4,Felipe Fire,33.098585,-116.470729,San Diego,31.50735905319179,28.421026857963188,56.13841888022382,5.650798117736439,0.0
2843,eb2e3d29-afa3-4e95-8393-7a2580e337ad,Eastman Fire,37.2304128,-119.9868107,Madera,81.59061762737242,22.828134423329786,146.89103975660535,11.922509280720382,0.0
2844,c48978b9-c4c7-4101-b9c1-1fb310574e55,Carroll Fire ,38.350603,-121.398847,Sacramento,6.254736244029733,3.5961890956560416,121.45284482132686,0.8151296968734655,0.0
2845,5227a3b1-2574-449d-a60d-2c3f3a791c19,Pioneer Fire,40.2367915,-122.4158944,Tehama,12.969171971103469,12.546187070572355,136.47336825951945,7.85943947631128,0.0
2846,29ba0d62-b0a1-456b-b45a-3a903e11533d,Putah Fire,38.492882,-122.004577,Solano,4.745755667307425,3.1505227622267262,92.11513790501313,0.7060255491650412,0.0
2847,5798325d-b91c-42eb-a9bd-159d52cbd8db,Matthew Fire,39.067758,-121.273365,Nevada,23.83438603129212,13.173267097939494,109.83352596116985,3.297788923443949,0.0
2848,a7823000-b882-4363-8cae-d92340e14a8b,Springs Fire,35.817188,-118.954931,Tulare,61.301283867536945,13.391474660438812,171.5011317535,3.3289823989471405,0.0
2849,3a26f52a-e198-480a-98bb-6a6f1caf3fc5,Scarlet Fire,36.6034,-120.3885,Fresno,11.950584008968185,15.861293014328147,128.2471724707007,1.2280674195882288,0.0
2850,6f61252e-c7f6-4c2b-b445-ffb1a666515d,Anchor Fire,36.704866,-119.30285,Fresno,97.7208391215,7.44082091304056,150.20313855396037,3.5419123349630364,0.0
2851,059fbe95-ec41-4a58-9b48-475061f42517,Grande Fire,37.462643,-121.183569,Stanislaus,0.27715697952877955,1.9541080745952844,100.17888005192448,0.3842578772262755,0.0
2852,e6937d67-d13e-4941-8079-559703c0660d,99 Fire,39.55236,-121.688719,Butte,44.0873008592201,6.489812633047111,144.85898577602723,0.001880904184564102,0.0
2853,34d330e6-6eab-4527-b350-3616b17fcff0,Cherokee Fire,36.4213337,-118.9149505,Tulare,103.7776945890088,14.865718674778703,150.47861086314867,0.07981540208211359,0.0
2854,f9dd207d-0f51-449a-882d-7aa6aa1eaf7c,Pozo Fire,35.4018646,-120.1997983,San Luis Obispo,54.66318146125379,36.14178588789942,55.81913064409055,2.2618984280898315,0.0
2855,01fa37af-7ca8-4d5a-bdfc-60888a4b444f,Catlett Fire,38.846183,-121.407882,Placer,15.903130023351036,5.955239170320562,123.04293104272841,0.37407121080850597,0.0
2856,27d27175-c7e1-4a5d-8e98-b4b29201da28,Energy Fire,35.351787,-120.040599,San Luis Obispo,45.580690471957226,50.76979290222728,65.37071424475772,3.2118283815015563,0.0
2857,15127f35-1f17-42c2-8137-56ece7061ba0,Sapphire Fire,33.954739,-117.702445,San Bernardino,13.63403451433535,0.0070924449374042305,48.51016165970416,1.1627105784610523,0.0
2858,d3ba42d8-d13d-4040-9edc-5c1f44522f44,Robinson Fire,37.498636,-120.44704,Merced,61.52340133869654,13.659519376522239,151.2466863539367,0.012063535800156662,0.0
2859,805b2240-1e96-4920-8bea-b4ae44005640,Hansen Fire,37.719785,-121.53522,San Joaquin,0.006642539594889762,3.090483562484071,91.34800092775329,0.911552515021465,0.0
2860,a7e25ed4-93bb-423c-89cf-64b48afbd1e0,L7a 2 Fire,37.493638,-120.445783,Merced,61.495554343812785,13.106923873296525,151.5889620551137,0.013013039687927531,0.0
2861,55621216-5ec5-430d-aff6-0f93b203fbfb,Acres Fire,37.0815942,-120.0170157,Madera,71.36609943779844,6.460363685531979,161.04609069198818,1.792528990827847,0.0
2862,48f09db4-0701-48f1-88b5-12bcea02289e,Duck Fire,37.944835,-120.928401,San Joaquin,31.513565138276217,16.3410508169611,141.4869142820155,1.9145449930852172,0.0
2863,f7e153f3-91da-4cc3-a33b-dd7783c36a02,Toro Fire,33.757845,-117.345037,Riverside,4.323530134794697,4.232031773730798,51.66418833447665,1.8548156407611327,0.0
2864,0ae5bd29-1d0f-4a1e-b1cc-400386f7d1b8,Globe Fire,34.886238,-120.593673,Santa Barbara,117.26186471702364,7.748900675795323,8.991979517671341,7.928853330642334,0.0
2865,68839891-cd6f-4a9a-9d7e-aef108232cf4,Baxter Fire,33.610162,-117.149827,Riverside,1.9791297809126385,1.3049317082622798,51.06907851830572,0.401127438248044,0.0
2866,7704bb91-db3a-4a24-b125-1b0e689fca4e,Acampo Fire,38.148511,-121.040983,San Joaquin,30.58711716097251,14.365937221086766,130.91989161083245,3.138108222049374,0.0
2867,1d662ad8-9166-4cf7-a7ff-cc2e6f8d35f1,White Fire,37.244386,-120.198126,Merced,66.45232031960978,10.290699163503868,157.971233947671,4.807747956447465,0.0
2868,d70f377b-58e9-419a-bf5b-00117e270fac,Washoe Fire,36.652363,-120.460299,Fresno,11.517589842031551,11.835955759621815,126.30929031948146,4.264446260689031,0.0
2869,d868ae36-7e0e-4d19-a189-ad934b180a95,Academy Fire,33.0859909,-116.9455267,San Diego,11.703440723347345,5.4006568224233975,39.263069368726924,7.837546718860285,0.0
2870,b85fdc63-f8c9-4746-8091-f0e459a2e6cc,Kahlon Fire,37.187714,-120.333898,Merced,52.97652054700404,8.654985930680185,157.79892066091395,0.2272675631280519,0.0
2871,c6b55ce4-48c8-4027-978b-b880b4dfd5b5,Nella Fire,37.0462978,-120.9680028,Merced,0.5678295879789593,7.84587890785121,99.60925700302376,2.704793959890297,0.0
2872,1191b16b-f398-4545-9827-674ed99b1f05,Idria Fire,36.543667,-120.835667,San Benito,21.759707651865316,42.2989764902936,92.14776836721816,7.9030692919161805,0.0
2873,6e547ca0-c187-4a01-9ec8-4104fdd45566,12th St / B St Fire,36.630347,-119.320298,Fresno,91.40442052853916,0.0,157.42230533495047,1.27776967783402,1174.2474
2874,35d0844e-0ceb-420f-b267-ab22d3afb4df,Jacobs Fire,36.639031,-119.313661,Fresno,92.5220198346439,0.24715657946692382,156.30720113103462,0.3385103784794405,0.0
2875,a6ce84c1-8ced-46b6-a5a1-501b7890dff6,Adams Fire,36.631825,-119.317698,Fresno,91.68068135971124,0.00031658750709208497,157.1453265793385,0.9991763775653644,0.0
2876,70033b2a-f28f-4545-b1a4-fd29950a3c9d,Grange Fire,37.6693899,-120.4395747,Stanislaus,68.60098057635197,26.516470661221334,136.4472426668973,0.11167301519182536,0.0
2877,481e4ea4-bbed-4ac9-8d4d-a09787de9d08,Sunset Fire,38.824583,-121.349272,Placer,10.40332072202692,1.6560613557560093,118.40506352469919,0.26235574115481725,0.0
2878,9666b843-8126-4a70-a753-93711f782529,Corn Fire,36.661361,-119.14466,Fresno,104.70825975551544,14.49483251009776,144.3894938731813,0.6943397554924566,0.0
2879,d11d8cdb-f0c4-487b-8a1d-bf9e0a64b355,Panoche Fire,36.63874,-120.624598,Fresno,0.1650082192563485,23.116833374300988,113.67823929259804,0.046912996708655216,0.0
2880,b0eaba5c-1bf5-4123-aa6e-26c212bd596e,Democrat Fire,35.479027,-118.7094208,Kern,50.665165839699306,12.841590257588832,146.87919029914633,6.684472333171265,0.0
2881,be3d405d-c19a-4c9e-9f17-5284a710d9d8,Walnut Fire,37.874694,-121.69861,Contra Costa,16.756341236160946,2.9291813869795824,78.61075404050928,0.41952577012418485,0.0
2882,e291bb03-c0ad-411c-b616-4327c9032095,Gunsmoke Fire,40.1624,-122.5868,Tehama,29.12706102460603,25.398413179764024,119.96527834643724,24.25379591656335,0.0
2883,ab3eab9f-862e-47f1-803a-243507ea128c,Jaw Fire,35.3158,-118.2225,Kern,74.35910991938323,27.065279217119407,150.57271299775684,0.02966162472608555,0.0
2884,7660065b-dc72-49fa-a5d4-c25f29f5f12d,Spring Fire,41.33512,-122.32687,Siskiyou,0.5476516742461159,0.5713866779011255,74.6894639925309,1.3567070964152859,0.0
2885,e3bc74fc-b0a6-4580-9a6e-4988f3e15376,Phillips Fire,37.03473,-120.818154,Merced,9.250896245900949,1.116928187665721,112.31185505072507,0.027646224383738392,0.0
2886,741b7993-0acd-4942-8bd2-7e6984bc48f6,Cunningham Fire,37.344921,-120.25151,Merced,69.65432969802245,7.512606736678735,152.70444450305783,0.00475414281425305,0.0
2887,5ab32f4d-a6a0-4e9f-9689-f55b7a2c03cf,Crossing Fire,33.466549,-116.8260846,Riverside,28.791930565728446,20.91339108035772,65.20178307491264,6.427663218094758,0.0
2888,45da254c-b880-463d-b7c0-8b3daa08d8a0,Sargent Fire,35.952527,-120.859456,Monterey,64.53343753962747,34.01373624312693,51.31807319560141,0.6629228665262449,0.0
2889,5d4edc6a-7049-47c8-b977-11faf06889a1,Mission Fire,37.27341,-120.451639,Merced,51.107703937517826,0.7600458041477055,149.76079931824341,0.00887893449249682,0.0
2890,a92539ed-ed8f-4143-9f1a-2fb40672d144,Auburn Fire,34.590737,-117.465727,San Bernardino,15.331073284741947,1.0847393188946906,116.33357956659344,0.6367011386567385,0.0
2891,1582c12d-e5c7-4901-b173-9b41b056445e,Sierra Fire,33.847742,-117.461546,Riverside,5.870882578390529,0.7370046295494739,51.470758986193445,0.05728173438629743,0.0
2892,6dcb6454-eea6-4f54-99c9-a8048d57f06d,Creston Fire,35.564837,-120.560704,San Luis Obispo,70.32360385802961,8.31564795145055,38.74698071078087,7.935917976775563,0.0
2893,3862596b-1d06-4879-98a5-764e88524db6,Dan Fire,37.244432,-120.670161,Merced,33.766910697369276,8.067317250211413,130.25487061715683,4.5544344592274255,0.0
2894,9ba4bf27-e4d6-4055-8d65-9f2162ae9287,Midway Fire,37.71488,-121.561663,Alameda,2.0664828246571036,5.106485133412688,88.97480042533101,0.01097484408437153,0.0
2895,c8d4f29a-e833-49e9-a905-f02af3a6205e,Inn Fire,38.009312,-119.156506,Mono,139.15164126323882,42.01471095478773,33.56730318633982,0.21181496820291504,0.0
2896,9962bc8d-5341-4f8e-a271-78d1d9a64c12,Orange Fire,36.624674,-119.322692,Fresno,90.78840417168868,0.001098192155965183,158.0359653122963,1.7327580391430344,0.0
2897,117f74f1-b674-4ad1-90ac-de4958715559,Spence Fire,39.118918,-121.331078,Yuba,31.249353918714565,13.086857826232102,114.65274895354635,0.1799877227407446,0.0
2898,8d927633-20e5-4938-871e-8903dec1045f,Guadalupe Fire,37.2106583,-121.8947894,Santa Clara,11.646345818624006,0.0,37.08749179636104,0.3978679562537658,221900.11229999998
2899,0f25abe3-087f-43cc-8523-7f8830f359d7,Pluto Fire,41.573333,-122.295,Siskiyou,15.825985425095919,16.053050941547205,48.20707449590946,5.803789780267895,0.0
2900,1594de54-e7b8-48ea-8869-ece45db609e9,Southside Fire,36.77321,-121.345501,San Benito,45.712454179916676,2.539098005649275,60.12733168476468,2.561008874805123,0.0
2901,d882a22e-f9b8-43c9-a378-bfe462e34f4c,Rifle Fire,36.944525,-119.676186,Fresno,85.04533691145724,4.550232493058583,152.43921997584576,0.19922996054464742,0.0
2902,810ed9c5-010c-4149-ad21-4afaa724d944,Milpas Fire,34.413935,-117.102917,San Bernardino,22.60325203354235,4.827430222545006,121.73005738759373,1.1350013787709885,0.0
2903,ca0402e9-9abd-4463-8187-074d9fcab146,Gun Fire,36.622453,-120.657656,Fresno,3.627512023289639,26.579610496208428,110.21819447826064,0.3996614492299261,0.0
2904,abe10547-4150-4df1-b847-87af8feddf72,Lake Fire,37.648407,-120.492179,Stanislaus,63.41276310747116,21.661310672079594,141.27508604584443,1.0069701428677067,0.0
2905,f5d6e65b-19e4-4ca3-83fb-f7c3f8bfafe7,Pecan Fire,36.611351,-119.43763,Fresno,82.30788326922924,0.0,165.96683132882126,0.4123751821265766,8899.701
2906,f9ef205c-d2ea-4edb-9705-9840cb30cdb1,Cherry Fire,38.34346,-122.016511,Solano,0.44312190336151525,0.0,78.56391913712527,0.8940478654373311,21289.499699999997
2907,3bad40df-622b-4172-8bd5-79f5b95816bf,Orange Fire,36.60254,-119.296,Tulare,90.56042437014572,1.7850220363551097,158.29355791417728,0.012282253083296306,0.0
2908,6b89b685-6a60-49dd-81ea-f33ec5dfa215,Run Fire,37.08447,-119.99113,Madera,73.54101368835795,8.163046191998212,159.27307767230783,1.457347034604001,0.0
2909,27998576-98a2-4a2d-bc1a-afdf09066ecb,65 Fire,35.46115,-119.08242,Kern,24.07061459068263,0.9251716707622066,130.4016865477774,0.03611438765128818,0.0
2910,b95a33a4-0367-4ea4-95bd-08be90b94fa5,Belmont Fire,36.749107,-120.373279,Fresno,24.669238253321844,0.00521553365559756,139.1081336044564,0.8126374354265241,0.0
2911,78a75770-7abe-41cb-be5b-98b04750d43f,Juniper Fire,41.5892356,-122.3472513,Siskiyou,12.195762014705297,16.60816828447386,46.54744362229764,1.4236122628390644,0.0
2912,f24fc520-d285-4223-ace6-e46b93bd26d0,Stadium Fire,36.613311,-119.322764,Fresno,89.83519993227797,0.0,158.98465548093506,1.143908905299611,1174.2474
2913,5ae072be-edb9-4553-afd2-ef8d0108a63d,Paloma Fire,37.396908,-120.460411,Merced,57.81102197325191,2.3519182051319523,153.1915834039456,0.01466134968110306,0.0
2914,588fcef3-7626-44c3-ab26-83f2ef19111c,Frazier Fire,34.8229,-118.9121,Kern,2.7115224245903495,0.5093253919102132,75.71834627057935,0.014546632031350487,0.0
2915,06178d7d-8293-470d-86d4-98ffa4d97586,Grubbs Fire,39.444691,-121.45917,Butte,56.91571869065324,4.955919243369189,125.14781688674401,0.20232564498680558,0.0
2916,6292b9d7-ea32-4342-b869-c04244c71224,Hensley Fire,37.100283,-119.883749,Madera,82.76242380375143,9.997517853123222,151.69343154638807,0.30693811154362804,0.0
2917,a1a24bab-e19d-49d5-a3f2-46281022f261,Eureka Fire,34.0618164,-116.3269976,San Bernardino,25.80762796470173,4.895569075741655,141.42366897963842,5.64690691565132,0.0
2918,dcafbf03-7e3d-452e-ba19-51f201392e69,Emily Fire,34.7561047,-118.46498,Los Angeles,27.48850090088252,19.94647532592735,85.68565673121829,2.07531111684044,0.0
2919,1f30d922-c369-4462-b736-d7148c82c029,Henderson Fire,33.3803841,-117.0608758,San Diego,9.428712573506843,6.872542075897937,41.54159806962758,4.010937843948953,0.0
2920,bce3d832-a999-4314-8f5d-dec78b6b8a2a,State Fire,33.799855,-116.972054,Riverside,14.09337952300239,0.0,77.58186664412179,2.1050547458870166,38327.3037
2921,66725740-7447-4122-97a8-185c6a949f9f,Coyote Fire,40.4095336,-120.526195,Lassen,109.61057703693808,5.47234897029753,45.02966511504825,1.3052102918910198,0.0
2922,e8ea496f-b48e-4c0e-aa43-d7fee5dcd8f2,Mccabe Fire,37.125121,-121.088612,Merced,4.666847898827852,15.004076327892141,90.95746884581693,1.1281941004011538,0.0
2923,b3bc4084-0e2f-4f6f-8075-7bde64d7dc8c,Round Fire,34.709092,-119.336243,Ventura,42.84985777311314,27.32414114896249,44.68374873163965,30.34440036843494,0.0
2924,c1e1567d-4ce5-427a-9070-7be99a793ce3,Cove Fire,36.63234,-119.3495,Fresno,89.88550003628811,2.029590255710739,158.99207673470985,2.406107970676107,0.0
2925,bf459045-cd6d-46ca-b6b5-7c3383132dad,Rose Fire,36.60343,-120.178698,Fresno,26.550854004618785,0.0,143.59415441860668,0.012023391583618303,739.9716
2926,be139824-1afe-4cb0-92fd-83eca05e577b,Cottonwood Fire,41.923333,-122.566666,Siskiyou,0.7364187223047465,18.79605897366088,9.274355229282754,3.4315800142258737,0.0
2927,04517066-44b3-4ba0-aab6-be990571c73e,Rector Fire,36.7665646,-119.238331,Fresno,106.02791804824808,15.623669356638304,141.25561827494747,0.8080217389830259,0.0
2928,6f67ec22-c9db-4f85-af9f-1d65c8102b7c,Vista Grande Fire,38.276076,-122.0643336,Solano,1.2171009169514126,0.0,70.22102687946187,0.5704181429632678,30719.9799
2929,05855e72-f24b-494c-b816-1c4c54193111,Ford Fire,36.7485076,-119.3741071,Fresno,94.55785190353399,13.550331407721105,150.81027861308078,0.019097363834262436,0.0
2930,8cce41e0-a556-4472-b351-9d835122e9dc,Quail Fire,40.542584,-122.274206,Shasta,6.416845202823979,2.2002150681553094,161.9412262208842,2.201254820824163,0.0
2931,fb704e26-37b6-4832-a15a-b7630d6438b6,Fort Fire,34.8892431,-118.920401,Kern,0.49193753855706496,7.1494012317656574,81.4845277657195,0.3965431061261628,0.0
2932,4bf75173-5605-4990-8525-233af5de2f70,Juan Fire,35.386609,-120.1656,San Luis Obispo,52.9036832622763,39.23101511394638,57.372989188069376,0.09612439033016232,0.0
2933,e46c8db3-3b39-463e-90f6-3a805431af3e,Fink Fire,37.39594,-121.145689,Stanislaus,0.6379115388026133,6.5300452558439295,98.63565935300458,0.3290026693106118,0.0
2934,ebae5593-bef6-47e4-b2a2-5762997ad972,Grade Fire,36.520325,-121.757033,Monterey,89.34298200264571,1.1908014599180938,22.50085586378589,1.0783074434742652,0.0
2935,95855b3f-ff88-45cd-8de6-86fa973ac967,Jack Fire,35.708223,-120.157902,Kern,33.118529877819924,28.603239071348497,78.37704774499856,0.019344605866006583,0.0
2936,1d4b5639-9ac4-42de-8f20-9884ed8f6657,Sabe Fire,36.800358,-121.274403,San Benito,38.85559203185913,3.665771411493444,66.97617237978343,2.004138787213931,0.0
2937,d8c67864-71fe-44f7-b36c-0e18df46af61,Perez Fire,36.766702,-120.384115,Fresno,25.430472865154634,0.0,139.4194018818693,2.0148582297661757,1580.1476999999998
2938,4c572138-64a7-4bba-ae74-4b5ed8e78df8,Reading Fire,40.6399341,-122.9447813,Trinity,48.74621533847167,41.66175699493779,111.22233681604695,0.23090268932624436,0.0
2939,89f1e05a-5652-451a-8c41-4d65df907617,Feather Complex Fire,39.8913619,-121.2897146,Plumas,77.8120880491654,24.812222993765126,110.31974263981493,3.895328058496039,0.0
2940,3f92262b-599b-4753-a002-f514ab1e36ab,Antonio Fire,37.353834,-121.554371,Santa Clara,25.068261432834255,15.433945844236959,67.65044345230272,10.832135877499413,0.0
2941,a826b1bf-cb1f-4f11-9d1c-e8c6a70b9419,Windy Fire,37.34,-119.327,Madera,136.78461492465541,24.738474549209432,99.00367019991826,13.304812184201328,0.0
2942,b0fbc28d-1c08-45a6-9fb9-85489e5db871,Cahuilla Fire,33.540872,-116.740299,Riverside,37.68038927149818,24.65696997105592,76.25535156271309,0.3494234215742394,0.0
2943,bd1877e5-4421-4e52-b4cc-4b863f708c87,McNamara Fire,37.228714,-120.457979,Merced,47.447273022943506,5.0601843384769305,147.99330674503346,2.133811665832617,0.0
2944,5fbb7563-7dc7-4a36-849b-400b8488a9dd,Ranch Fire,34.3745,-117.1232,San Bernardino,22.995698710889325,5.78422687654914,117.0557592726974,1.7899816263264956,0.0
2945,a2c5a778-4896-4812-ba19-1e966a2aa253,Bethany Fire,34.2,-118.309,Los Angeles,1.7749275763532466,0.0,32.863223713680725,1.5088735195969625,1351187.3420999998
2946,65bba8de-90eb-4af0-853c-7920557d4303,Greilich Fire,38.454,-120.889,Amador,46.08276360708912,8.359905073820615,98.10495462861287,4.017134836260679,0.0
2947,b8f95fe9-87af-4f12-a351-4fd38ad0bae6,SKU Early June Lightning Complex,41.716795,-122.345743,Siskiyou,17.603808211133195,22.30134748500223,32.401692920229955,1.1632726257136592,0.0
2948,fa5f5923-ea10-4b02-93d4-b0ed55684942,Letter Fire,39.8933,-121.287,Plumas,78.04234561912119,25.07792513542894,110.08506994838274,3.9828266292592205,0.0
2949,66bbfc0a-d8a9-4bb3-b4af-e0b891083c48,Lake Fire,35.116076,-119.30306,Kern,16.388339882801233,12.17022683953514,87.623041105068,0.6327625068851364,0.0
2950,7ccaece9-72e8-4e4a-9cd6-176dfae15511,Rocky Fire,36.301073,-119.089751,Tulare,83.22834534870992,3.3971417037857474,170.92017830888648,2.483244797555856,0.0
2951,a503c875-cf30-411a-925b-d120439d5ffd,Little Fire,36.656093,-120.876101,San Benito,18.39012299158737,39.00590857492564,96.18906011937112,2.727806013841071,0.0
2952,9259639b-d550-4ec6-9c54-89ed5d79ef8e,Willow Fire,41.812667,-120.245333,Modoc,179.42231145388854,41.60372892185789,20.010160002050775,5.955327214587231,0.0
2953,9a83f189-c39b-49f9-a853-879593dc77bc,Dino Fire,37.066401,-121.219118,Santa Clara,17.95661393113015,26.235560831595205,78.15149746028717,0.0997879450843687,0.0
2954,2695f2b1-10c4-4934-bdb2-60f90e8e9b9d,Miller Fire,40.436496,-123.409997,Trinity,90.15354670614335,57.70302584996838,75.5696910024185,4.328770926530257,0.0
2955,46f15a2b-23e5-4935-8fb8-918a5ab275a5,Ford Fire,39.302133,-122.488411,Colusa,25.36704193239155,32.0168755511162,112.21178499508474,17.61131348789853,0.0
2956,aa2daeb0-ecc2-419d-b413-915a32ad8d62,Lobinger Fire,39.943968,-122.211579,Tehama,0.9532489376860753,0.8165504460419337,143.96642933708438,0.38822895177327665,0.0
2957,f71c1c56-b75f-4afa-bb35-8d65ed87bc9b,River Fire,36.858259,-120.442537,Madera,26.272543302633693,0.3260337140691711,140.6750787677843,2.113480437152809,0.0
2958,631c3c90-dfad-4cac-8859-06950210132d,Claro Fire,33.080796,-117.212509,San Diego,7.638989933730173,0.3313400873706793,14.941970598240403,0.10932545551427969,0.0
2959,6028f6f3-75b9-414c-a66b-a4cfec15ed54,Firestone Fire,36.0931954,-120.4557421,Fresno,25.06785269688565,7.873294456834277,87.93631220196175,0.2897190615003694,0.0
2960,473966df-9c8c-4030-8d6a-3f99304e088f,Airline Fire,36.351124,-120.963426,San Benito,43.72566395509594,19.148161772204354,70.2627879207282,16.736555587567963,0.0
2961,3ddaa74b-f795-4e8d-8e53-d837f98be748,Hudson Fire,34.9578,-119.403,Kern,34.91554634266403,18.512768214781747,68.23329657606276,13.152903573779687,0.0
2962,080119cb-3fea-4f59-91bd-1cb0a3f98fe3,Rica Fire,39.27736,-121.479804,Yuba,49.599350261440925,14.230575458347316,127.00012600044914,0.01573870746922382,0.0
2963,900dfb7b-90a8-42c3-b98d-88e84bd07b9e,Eagle Fire,35.78442,-120.926961,San Luis Obispo,79.0388803920224,24.66996823812655,33.37053621410568,18.50867831177208,0.0
2964,1f34192f-55aa-4fde-a116-d65b56609fdc,Clement Fire,40.479167,-122.4495,Shasta,9.77549881166018,5.541352514412704,145.56486791601665,1.8833856509956732,0.0
2965,0b1307ff-5e5a-4a3d-b27a-9e94e0558cde,Dogs Fire,35.6025,-119.0082,Kern,40.23299264154768,16.178539541247137,147.46798018166356,2.4064727853694814,0.0
2966,5f946e5b-abfa-4ded-bf89-4c8375cb1395,Linda Fire,38.4513,-122.0102,Solano,5.902820488279017,4.442714935722188,88.1527801969076,1.6297261254699373,0.0
2967,763c63d2-2f39-4e7f-8f24-5a2808c08389,Eldorado Fire,36.2548,-120.211198,Fresno,2.6281342833045525,10.50824243905755,115.83915710843351,0.29790607153293547,0.0
2968,052d91b6-4122-4d11-a0e9-9a8bdd6b20f8,Bitter Fire,35.543275,-120.155841,San Luis Obispo,43.06423905078757,42.3043664998437,69.19005546485866,16.407284177413562,0.0
2969,ae42afac-b38f-4d58-968d-d876d5e29ced,Riosa Fire,38.9750021,-121.3711948,Placer,23.522706483245152,5.51445743785604,118.60646766582997,1.6440339675133457,0.0
2970,9ebacc83-5d1a-4ef4-b62d-65792274abb6,Heaven Fire,41.829538,-122.655185,Siskiyou,6.232804263062183,7.424409135776136,19.44313265108654,9.56979418166864,0.0
2971,ed4aad14-a112-44f6-8238-cf573ad1da49,Oak Fire,37.029083,-119.521241,Fresno,101.71357175389267,20.184588392595785,136.24658195728438,2.9815602425654824,0.0
2972,d658643f-eaa9-45a5-9e45-67b9d9b3e01e,Vista Fire,33.817645,-116.865296,Riverside,11.81542768448083,5.183995057524433,86.05471272185673,7.884191483601919,0.0
2973,23e3e015-7049-4e65-bbc9-740f3f0c8763,Mission Fire,37.579302,-121.917569,Alameda,2.0983849825172234,2.0535269557324685,54.48136893071029,0.5923334911836721,0.0
2974,62259ad8-31b4-4198-aed3-09f8294688b8,Elm Fire,36.285576,-121.288116,Monterey,71.31710457379785,3.9533559133484415,42.50427070822188,5.541377465603627,0.0
2975,6655119d-7259-4e18-bc85-85f95e590d2a,Mission 2 Fire,33.304144,-117.222897,San Diego,6.3903801183220015,0.0,24.29815292726055,1.917035098587769,570282.6018
2976,ed541421-5044-45d6-b1ea-d00b6a84a863,Flume Fire,38.002498,-120.428245,Tuolumne,75.81759060861224,1.2167544119094424,107.8813333653488,2.7972274323524657,0.0
2977,683d0fec-5b0c-4c62-a8d1-2863f2177f27,Maria Fire,34.338157,-119.068341,Ventura,42.83513662886247,0.21591111793311615,26.95320815445228,2.165311372437291,0.0
2978,867acd06-a71c-4c21-b062-a8e4ddc71afc,Raymond Fire,36.982098,-120.03479,Madera,64.1924241322421,0.0,170.3862861199434,0.14810601052105068,17402.255999999998
2979,48c29c55-5fe3-4551-84f3-26498eba7bc3,Howe Fire,34.390543,-118.788721,Ventura,17.344609344686138,8.894479013592315,45.65935360652695,0.11362275213386439,0.0
2980,938c350c-e4c7-43aa-b74a-a60878fac303,Raymond 2 Fire,36.98112,-120.034098,Madera,64.15593617062783,0.0,170.42914235516986,0.20560462913060143,17402.255999999998
2981,be152584-dd03-495a-9f91-e0bf8ececbff,Tule Fire,36.024449,-118.803799,Tulare,87.51916331988008,12.706289624358734,176.62195452308055,9.860663263777765,0.0
2982,04a5ac6f-f585-4327-8632-c9a152fb4f1f,Monte Fire ,32.8921885,-116.8435559,San Diego,4.112940359288725,1.379728762095216,36.78654984723384,4.002817006708411,0.0
2983,9ffc1d50-1031-4227-a4b5-4d000ae8f8ae,Bonanza Fire,38.65789,-120.88977,El Dorado,31.025507505567067,1.1537904030807484,85.92667815833114,0.7673579523294904,0.0
2984,e3fe0bfb-f128-4374-94d3-6c5ea20c2610,Ranch Pl Fire,37.4097645,-121.8445081,Santa Clara,2.941392614626702,0.0,55.44524431155945,3.135148237365638,221900.11229999998
2985,a247e76b-059a-46f2-9f81-72296062ee01,Rider Fire,33.827937,-117.26152,Riverside,1.4623544548922571,0.2035201404428444,62.613491536376344,0.2306550481403605,0.0
2986,18af619f-4885-40d4-8cff-7001f2b6130a,Band Fire,37.644013,-120.32096,Mariposa,76.95496062032106,31.92715110626914,131.7692790741283,4.335155645324456,0.0
2987,6d56edaa-f51d-4fe7-a478-db1e6e7f0795,Somersville Fire,37.981065,-121.850359,Contra Costa,17.893617222033413,0.05299088909053515,68.21815079625769,0.3374344509864622,0.0
2988,9bfdc8b5-0d7a-4d02-a19b-ceef70afacc3,Iverson Fire,36.527575,-121.41631,Monterey,67.50722964608016,2.0768502423003463,51.56929793561729,2.662774452179865,0.0
2989,14cd1228-9114-43be-810e-867fc540bec4,Rancho Fire,40.405179,-122.314137,Shasta,2.7188521926932445,1.1493333392753027,151.78425441337998,0.010766907003173789,0.0
2990,186bed99-513f-46f0-9b12-8eae54434060,Cut Fire,36.07288,-120.102299,Kings,0.3461390774380469,6.94663895292521,106.51892086332775,0.0918640471317033,0.0
2991,3c0ac68e-5cec-4c96-a322-18bc6e43992c,Hawick Fire,32.828836,-116.8865217,San Diego,0.9117779229260393,0.0,30.17764619322333,0.12659097577440728,570282.6018
2992,5a3e58ea-ae58-40aa-842f-1742cb72ab50,South Fire,36.617484,-119.325847,Fresno,90.00138664603406,0.0,158.82092784733538,1.605909560893817,1174.2474
2993,c6873239-c5f6-4b51-834a-44f0d3644c07,Coal Fire,36.29538,-120.267799,Fresno,0.14719985851427045,14.967117020739712,115.46551914402781,0.24601220365536236,0.0
2994,990f3704-6b5e-4069-a709-a7fd401ae3fe,Ruth Fire,36.723722,-119.147595,Fresno,109.44733939121012,17.284502427365442,139.42697234807477,4.21961550397258,0.0
2995,c606c9b4-5e5d-4d54-8ae0-00ad4239a277,Camino Fire,37.759084,-120.464241,Tuolumne,71.05971601570425,19.415256580243934,130.38868568911133,3.0934267859277553,0.0
2996,0d2c4259-7d63-4c13-99e8-881d2d64c9bc,Pilitas Fire,35.351553,-120.496248,San Luis Obispo,80.51592167460005,10.19958807301229,33.11986732163223,0.11983027494985604,0.0
2997,f4e57b28-c96e-45bb-bf29-d4844d9abc7d,Rush Fire,40.712794,-122.81401,Trinity,38.72170210475242,32.01593138810728,119.63598656361651,0.15945448279557933,0.0
2998,a5bbfa60-7ac3-4bb2-95fc-3122598ea125,Raven Fire,41.883057,-122.439466,Siskiyou,9.684249919010684,20.58043286908086,13.885588507583837,1.2478052580030614,0.0
2999,8fa12e35-097e-4de9-931c-2a2c111dcdaa,Happy Fire,40.486435,-122.393131,Shasta,5.111443844722957,1.200985198487329,150.09438047828854,0.7747131688539373,0.0
3000,72824b38-fae5-4939-a262-8626d43fb202,Le Grand Fire,37.227475,-120.378832,Merced,52.58863566236483,7.019772533545412,154.7952533790234,0.31250566019214865,0.0
3001,8a3c1044-8b32-40f7-8036-c87890c6d0b3,Clark Fire,39.619667,-121.628921,Butte,49.353434010337246,10.58035157654787,139.65669765388054,0.2685496924061281,0.0
3002,a347e4a0-e25d-4fd8-aec2-eeb90773fe53,Colvin Fire,36.470737,-119.167075,Tulare,89.49759021053501,7.074379929834769,161.47750371038953,1.8673626636644598,0.0
3003,89a8a29c-d0d3-4091-b8ca-72ad757148f7,Green Fire,37.7378488,-121.6171198,Alameda,0.14325085206851765,6.2842026912415045,84.32175394955517,1.6100496224284468,0.0
3004,38ad3e62-0bfb-44c9-b160-86e8fd9c3b0d,Benito Fire,36.730979,-120.360998,Fresno,23.954598696977072,1.7281135402502632,138.68296465418874,0.006904975034132875,0.0
3005,799f9d83-3649-4b48-afce-a64ff2fa476e,Grizzly Fire,37.783207,-120.26613,Tuolumne,87.75150398436196,19.780379694151943,116.84511232083226,3.2317095623773926,0.0
3006,2aa79a44-8202-4483-bee9-4e8315f8e76e,Ward Fire,40.396723,-120.42736,Lassen,105.02327423910695,13.166786363330996,36.64497667322292,0.7886470114511129,0.0
3007,72dd20ec-d741-40bf-b459-43a9ed28bc3d,Washington Fire,37.302318,-120.760519,Merced,29.71836995293856,7.456771780650753,124.64675311922456,0.002613001828436793,0.0
3008,76c3740b-7a9f-48b5-b689-97a3595a96ad,Rodeo Fire,38.022773,-122.24052,Contra Costa,1.5236126658833273,0.0,39.957588133880385,0.5110613720476752,406906.8612
3009,13a5b063-02bb-4f53-b110-928f98d2fa27,Rock Fire,37.515906,-120.452933,Merced,61.479799881525494,15.577303443451733,150.14873708359295,0.011948443934909092,0.0
3010,110b2fac-26a2-41b3-8ce1-6333e009cbb0,Granite Fire,35.511497,-119.01354,Kern,32.42532382383998,6.110553790939948,137.89840300910083,0.7218227998871356,0.0
3011,dfbec069-f13b-4c6b-a906-18279d69fe85,Monterey Fire,36.486982,-120.370491,Fresno,5.069239902250342,19.69401218384465,122.1506124585537,4.424034879378442,0.0
3012,cc05df19-4f9a-419f-8c84-748a34a86303,Ariane Fire,32.80368,-117.193056,San Diego,1.708782081960271,0.0,12.846020783067077,0.11849127631977986,570282.6018
3013,daf2547e-0b0a-4876-b073-58c2a9655725,Montana Fire,41.627217,-122.365602,Siskiyou,12.093651380325447,20.701231844751888,42.35708328638823,0.031660209454363514,0.0
3014,a691fef4-eefe-4f79-bff8-64fa7e0fe8c5,Dias Fire,36.0498,-120.3988,Fresno,23.135508841705228,8.112535379379613,87.52558713312085,5.747388008979465,0.0
3015,89e8f675-02f3-4f55-897f-6ecc52be596b,Fleming Fire,34.023047,-117.47683,Riverside,4.7682118929346995,0.0,66.73384217169917,0.955096655216501,423859.59299999994
3016,1d1fe063-d67c-41f3-837b-99d7da818aa2,Dry Fire,37.720963,-118.966856,Mono,175.10569016963552,7.384140717832732,46.19221211325806,0.3842351676844323,0.0
3017,a7ecc916-19c1-4b1a-b018-a0a656526752,Jasper Fire,34.4255821,-118.6586194,Los Angeles,4.927692510620007,2.704772025136348,48.69857877787833,0.18905059180206063,0.0
3018,ba050422-aa00-4d3b-8025-4169b9d9f84a,Red Fire,37.08604,-119.698787,Madera,93.40560212471334,16.677947832189172,141.92446404638346,1.2772678889460454,0.0
3019,208363bf-46b4-45e8-b40c-5913b5404df8,Orange 2 Fire,36.617488,-119.327231,Fresno,89.9203317536845,0.0,158.90288373017074,1.6055590861375766,1174.2474
3020,58a0c153-985b-4481-961c-92af3023bb6b,Saddle Fire,36.400201,-118.944829,Tulare,100.22834417418903,12.193901452631367,154.01893760249874,0.448086041720317,0.0
3021,f7b79536-9a39-4b11-b880-004d0b554cd5,Parlier Fire,36.611927,-119.516953,Fresno,76.00011200611276,0.005987134948598876,170.62439974219436,0.3686217976036911,0.0
3022,d4c0aebc-cfdf-4b78-abce-dd7fbd3e7042,Springs Fire,41.5625133,-122.3668324,Siskiyou,9.731894234147092,13.52435550902139,49.53452818774136,0.16127837427332298,0.0
3023,f0f3d279-102e-42f2-a8ab-824dd1240549,Llano Fire,35.489202,-120.720399,San Luis Obispo,85.88233113713967,1.4514278065155817,22.017803459456655,1.288512736204495,0.0
3024,5b3d8229-b45b-4625-8905-c35a3c471bca,Smiley Fire,34.005867,-117.192261,San Bernardino,5.128685361339814,1.3633230452688647,81.28219197419727,0.17214472368578146,0.0
3025,9163f470-265d-422f-92fb-5d8ea9ca1acf,Lake Fire,34.28816,-117.349169,San Bernardino,8.781158347571514,3.4066064358873773,97.19867461323075,0.3423870265640288,0.0
3026,4ba011be-8053-463f-97a0-225ae21d7ad9,Chance Fire,35.765157,-120.769914,San Luis Obispo,68.86341181342256,12.927947272188787,43.283744449978194,7.8519616695128605,0.0
3027,492a3401-c34b-4778-82a1-924934025dd1,Marysville Fire,39.382915,-121.151358,Yuba,33.278706208790695,13.693969095676449,98.58785602961368,0.9271061455729851,0.0
3028,c75674f5-5290-49b0-aafc-8d5c24add457,Kenyon Fire,40.54094,-122.40611,Shasta,4.45555304768388,0.03110790359781446,152.2875936826532,0.01254263090518407,0.0
3029,b7cfefea-e9ff-441d-b58b-4d4e113dbb72,Mandalay Fire,33.955583,-117.483115,Riverside,6.06482326523761,0.0,59.99831014899664,0.6701749297658477,423859.59299999994
3030,818f89d4-5daa-471a-992b-626f26b21cec,Wolf Fire,33.88649,-116.89942,Riverside,4.177689666336895,3.092264541441813,89.14750914622417,1.8120381283074645,0.0
3031,997830f3-c5df-46be-9f26-fa6d802bb6ad,Turner Fire,37.157274,-120.700946,Merced,25.702493672533233,13.180010643723158,125.23010708258636,9.494461702112243,0.0
3032,83cf174a-71c4-4590-acf9-3ba7a78d91ae,Mindy Fire,33.55768,-116.85995,Riverside,27.435758772080042,16.20745312625403,68.18034519257625,8.11584132362472,0.0
3033,f2ea3802-fc3e-4475-b248-7b8a5db23e20,Cable Fire,34.22809,-117.374501,San Bernardino,2.1765046117638014,2.1765046117638014,91.05708232134246,0.2830200849115314,0.0
3034,08531865-4d19-4fe5-9eb2-11fbb173063d,Juniper Fire,33.801555,-117.325778,Riverside,8.06355304220881,2.612174038839052,56.50471506675756,3.878074486397441,0.0
3035,c5a3cf01-9174-47e7-b646-03834502dd4d,Blanca Fire,37.041595,-119.761885,Madera,85.93639968664743,9.378811693906988,149.34269451220612,6.171503549590168,0.0
3036,60365bac-8607-4078-815b-bf227729da15,Sims Fire,40.142467,-120.185357,Lassen,71.85462430210423,42.34742712776379,16.04508613106587,1.2975446437708034,0.0
3037,21999b62-a462-4885-a870-4409459e4e16,Cherry Fire,38.336187,-122.02472,Solano,0.5925663744088812,0.005299839491855269,77.48354497101343,0.7511760632777863,0.0
3038,1693e271-6411-4c4e-a83f-af66f94ca823,Quarry Fire,38.308538,-120.970323,San Joaquin,40.10638510913227,4.5734414517314095,114.01857094622312,4.0229359819033546,0.0
3039,9292651d-1137-42aa-8d50-982437246e91,Perch Fire,41.920673,-122.4204,Siskiyou,11.950430188543884,24.6279631032945,9.72164348966553,1.9181860008422273,0.0
3040,67a0c1a1-175f-4ca1-85f4-9ba3245f6880,Peak Fire,36.523445,-118.894072,Tulare,112.14500355693949,20.351625374520538,140.86750467404826,6.337746500003562,0.0
3041,94ed6ea4-43db-40e4-bf0b-cad6fa718372,Brown Fire,38.430903,-122.045526,Solano,8.939187403160012,5.811179134404015,84.46995586926529,4.730211959564408,0.0
3042,575264c0-167c-4a74-b2e6-f23756f19d0a,Oakdale Fire,38.673273,-122.017383,Yolo,5.678442594929202,1.7443498597535367,103.44480705285542,4.184027190936108,0.0
3043,01e7e83e-1a4c-4f14-bd39-9ef36136a91f,Madre Fire,35.099242,-119.982548,San Luis Obispo,60.215378664838966,40.95811321660912,64.30145118755793,5.083472981907249,0.0
3044,96558c49-db9a-4e14-8329-6f5a487287ea,Horse Fire,40.87206,-122.55849,Shasta,12.937281501668767,24.28451432589805,125.8226153899582,12.722749268693018,0.0
3045,4e07582c-e388-47e6-8408-cdc7142e7091,Green Fire,40.834939,-122.094146,Shasta,18.89138438822821,22.05454439462725,129.86613520346242,8.797569323460882,0.0
3046,cf48f92e-8154-4f92-a003-0df210ed8d4a,Heart Fire,36.210429,-120.085599,Fresno,10.076692536554258,0.006492532203817864,118.77633363921781,2.302997043225136,0.0
3047,dcbcd806-0402-4989-bc61-a3391604f956,Snelling Fire,37.471435,-120.501308,Merced,56.138251122241485,10.081069617987692,152.92788890122122,2.0951004768179335,0.0
3048,e93e606b-bcb0-4df3-8ae2-20e80bb43d87,Helena Fire,40.794628,-123.132571,Trinity,60.9365236752543,60.412171096277135,91.33980327296645,2.6525343567343604,0.0
3049,bbecde18-3f28-4a67-bd74-7353fdc804ae,Ravine Fire,39.064532,-121.267354,Nevada,23.203179162761103,13.50456951870308,109.32489896822428,2.74081570675816,0.0
3050,f74ea816-839f-4d70-8b15-8977b8ea428e,Fairmont Fire,37.714766,-122.104671,Alameda,1.4717883203369808,0.0,41.34259284952114,2.0973136033374082,406906.8612
3051,90d8c1b4-9d68-460e-ac08-50d32436ccf9,Elwood Fire,36.811475,-119.383467,Fresno,97.69500918325394,13.990861002007744,146.1509153079423,0.23798465735639415,0.0
3052,6cb52bf3-56c1-45c7-b79b-6141519f75c5,No Name Fire,41.7585,-123.2135,Siskiyou,47.885787188957146,45.261390100714394,27.25292046482719,8.795101658720966,0.0
3053,639d1196-4ded-42d0-a787-06d84bd8082f,Marble Complex Fire,41.52404,-123.13222,Siskiyou,45.14386800062267,43.87927020064117,53.512496374110135,18.856177399593125,0.0
3054,69d2b787-9eed-431c-87d3-e584ca37e464,Sabe Fire,36.801216,-121.271644,San Benito,38.60344471587318,3.929057919265498,67.23705193630927,2.024227784879708,0.0
3055,5cec84ed-8b30-46ef-9ac9-f031ae689997,Springs Fire,33.919507,-117.103765,Riverside,8.137080322850661,4.492904905040429,79.67583508535947,0.013715620002626947,0.0
3056,567159bf-77c4-44de-9d1a-c807d08fe78d,District Fire,39.4464985,-121.4836105,Butte,58.71804083682582,3.286384963390655,127.25172016411675,0.5254532651467622,0.0
3057,6f534590-a9fd-46e2-b408-e58a3d7261de,Cowden Fire,36.809334,-121.390959,San Benito,46.432466462872945,0.5212868381820221,57.07423567173878,1.8363481502516326,0.0
3058,7a8fc21c-498c-4704-8575-79eda2d34cf5,Grove Fire,39.3742124,-121.4139814,Butte,49.21879850765296,12.373439076015824,121.19676919412434,1.6862084765831526,0.0
3059,6d5a6244-9219-4c4f-b525-f0d248630af8,Walnut Fire,36.70169,-119.808899,Fresno,59.71543191019612,0.0,176.3448570780599,0.5843571995724856,132315.0723
3060,41af5239-6953-44a1-b5f5-e51a296b0c43,Chow1 Fire,37.136643,-120.226007,Madera,57.987567285314874,1.039493246895523,166.08272116519262,0.6074205476463417,0.0
3061,2c50aa25-713b-415c-b041-a866ab86c521,Sanderson Fire,33.787296,-117.006785,Riverside,15.701704167018804,0.0,74.33444703714952,0.008598415755051773,38327.3037
3062,77de68c2-06ae-486e-9624-5cb82edfe1b4,Pomo Fire,39.139455,-122.881426,Lake,61.00337438639465,0.0,74.62210505679302,0.45998815436147167,8091.217199999999
3063,e57e0893-279b-4e41-a896-7b164bc0f3e7,Cactus Fire,33.908497,-117.287235,Riverside,0.4715243361901853,0.6583477153104915,67.46944042456202,1.0140208511630906,0.0
3064,89dd1be6-dc1a-4b44-8430-434c3e80fd4d,Ignacio Fire,33.543824,-116.918051,Riverside,21.824295611455113,13.572111746716114,62.96408017395527,8.799344494027926,0.0
3065,12a260cb-2f14-4527-ae9c-f8d5ffe19934,Hunter Fire,37.565899,-120.152833,Mariposa,88.51965786880996,32.83580557926451,128.53787402385055,2.7317348443157603,0.0
3066,78eb688f-34df-421a-a407-5bf1ec002095,Rancho Fire,35.532939,-120.622981,San Luis Obispo,76.54705127052016,4.143566784431484,32.08890246702979,5.683742261753628,0.0
3067,c883666b-ccbc-45ca-b800-bdd60443e6f2,Soboba Fire,33.786094,-116.923214,Riverside,15.362071502952077,0.0,79.74331040467443,2.2896066702592566,38327.3037
3068,29275d9b-f736-4c1c-90c2-e13248e300a4,Sage Fire,33.929799,-117.186627,Riverside,8.881687031900073,0.0,75.67839740637909,1.1579146465104373,423859.59299999994
3069,d8027cd6-0b3f-480c-a090-ce2e5360d903,Van Clief Rd Stevenson Fire,37.288251,-120.833366,Merced,23.08733317467948,11.988277146347318,118.05566024167688,4.925130000200867,0.0
3070,79f430c5-2150-453d-931d-71bf0e777565,Zediker Fire,36.611938,-119.520899,Fresno,75.68700273657812,0.0018876124100169756,170.85766705134944,0.01622061231213853,0.0
3071,3989ef92-24f5-460f-a90d-aa3f17035628,Morgan Fire,37.773964,-121.778644,Contra Costa,8.036401570131996,6.2471414707726876,70.48029737836622,2.119464512793833,0.0
3072,6b40be2c-f184-4b2b-a784-a140a3cd31de,Bartlett Fire,39.165061,-122.613599,Lake,37.70518255808728,15.873441389990148,94.43751723742119,15.551269504702068,0.0
3073,090cbdd1-ed88-4f1b-97a6-235cc420271a,Flume Fire,36.161296,-118.706452,Tulare,104.33467885806282,24.413288365608434,159.44946755676776,7.887603212012048,0.0
3074,3502e42e-91be-4d4f-a164-a0b139383059,Bridge 3 Fire,40.172678,-123.60102,Humboldt,113.22792282636522,52.524992871348275,45.74561582007116,4.581940834474117,0.0
3075,f5c8200f-94df-4fb9-bb8b-c6079bf67cea,Fish Fire,36.794181,-119.411635,Fresno,94.53826622977087,11.474982875142311,149.25465418216882,0.20279836767623657,0.0
3076,f7341ae4-55b4-4fb9-bb59-353f8c7951e5,Tractor Fire,36.224616,-118.832595,Tulare,98.17347821711503,20.49305066136304,161.77133836952947,9.621395346610777,0.0
3077,d3fb8961-81d2-497a-ace3-e89d369ffddb,Nichols Fire,33.7198782,-117.36247,Riverside,0.11747030828137614,1.4532466472192138,47.443793619212194,1.3528659581273612,0.0
3078,cfa8c26e-46ab-4186-9238-cce50f9d0ce6,Corning Fire,39.928283,-122.2985996,Tehama,8.387487796100352,7.8255584401625145,136.33434434968146,1.989688380604314,0.0
3079,534d3171-a0e9-4875-af3d-cb7638dfd0fa,Birds Fire,38.1303671,-121.79616,Solano,27.010215805434765,7.9266537403889,79.16180644378821,0.5635645902271935,0.0
3080,35411052-3bc4-4ba7-a867-eec3fd57136e,Bluff Fire,33.950365,-116.880684,Riverside,2.881672010604419,0.4940809061656447,95.47956406805729,0.0645553389686762,0.0
3081,acf7159e-eb73-4cbd-ba94-20871e0edb11,Pyrite Fire,34.017805,-117.462368,Riverside,5.385410450607977,0.0,66.8927811759918,0.2653119432949488,423859.59299999994
3082,536afa9c-eee6-419e-911d-a839680da5f6,Bert Fire,34.449864,-118.611317,Los Angeles,0.1533219474848696,0.0,51.26044214078257,0.03434800730910344,59639.932799999995
3083,94eb10cc-563b-41a7-917e-8ae3d1b8aaa6,Victoria Fire,37.655501,-121.659503,Alameda,6.9539170093373155,4.243745874008523,78.70641775301077,1.3273045543448625,0.0
3084,b7168e23-a985-4e7e-b870-22006a55a069,Pickup Fire,37.244233,-119.731216,Madera,102.25514813730915,9.613161114673282,130.742228916079,3.55740776537662,0.0
3085,5e349d97-2863-4b52-a2ed-0f4560d8b1cf,Steele Fire,32.733209,-116.914968,San Diego,7.808140727195784,0.08003518000345575,19.957959330702575,0.33057384685536423,0.0
3086,543374ff-d1c3-4c76-9ca4-3086a9598ad7,Button Fire,36.654779,-119.435896,Fresno,84.61740677561725,4.016723206284679,162.26577503040758,4.413753766179413,0.0
3087,c1c21095-0f44-4ddb-8b34-6b9c06507f3b,Orleans Complex ,41.3255556,-123.4177777,Siskiyou,76.60695755416762,67.5333591114957,60.818143730559356,37.19812279970801,0.0
3088,3630f3bb-9d85-46d2-9a24-bbfd8286055f,Madera Fire,33.50064,-117.01089,Riverside,12.182665826501816,3.8943659954960514,53.20590625957387,1.0844697503569578,0.0
3089,406739ea-78f6-4255-9697-d6fc2e73ba59,Moore Fire,38.873631,-121.322879,Placer,12.799308463446318,0.0,115.32506953283097,0.7146480703428751,366096.44789999997
3090,08cb4a51-41b2-4be7-bf9b-6dc1fab5169f,Reche Fire,33.95918,-117.191827,Riverside,9.425253048656767,0.6531728834982713,77.77388463169382,0.5076965903027001,0.0
3091,c594e5d5-06d5-4f9a-bd37-f2280f9af8f1,Springs Fire,32.7145184,-116.7478188,San Diego,13.27834245767823,9.10072281196949,16.3205771092508,3.868444295845015,0.0
3092,d6757966-5b8c-425d-8673-9c0d3f6c569c,Kirker Fire,37.982895,-121.898942,Contra Costa,13.721353339253078,0.826067282349434,64.24556152463957,0.15034557338298304,0.0
3093,fb38fa74-9a89-4e09-a208-aaa84ad5656d,Parkway Fire,38.493586,-121.09374,Sacramento,29.698871085808246,0.0,110.29027375012868,0.7269081353526067,3228.4049999999997
3094,bd5030d1-9bee-402b-81c2-0509dc67356d,Stardust Fire,38.882558,-121.247136,Placer,8.658808774005161,0.0,108.68764490536388,4.483359089297889,366096.44789999997
3095,22cea9ae-fd92-4502-8ae6-f3470dfbc8f0,Scavenger Fire,36.226722,-120.193833,Fresno,2.6023290218454482,7.757474715901609,114.1891560507458,0.01580321860245323,0.0
3096,5672f0d9-db24-48c3-817c-e7b99cf25711,Canon Fire,38.2986878,-121.933483,Solano,7.28287624418782,1.3168431933911606,80.16745813841823,0.026439719212320932,0.0
3097,f7583812-6b99-4429-9ee1-cb016865ba44,Island Fire,36.864545,-119.315821,Fresno,106.00012988005558,21.128130078386075,137.73933589761828,2.5814398902140687,0.0
3098,686318b6-46bf-41f4-b9ce-c935c4e875fc,Ivory Fire,39.574,-122.707,Glenn,42.31022145194827,42.20109597957135,96.86677434464866,14.223658413875917,0.0
3099,dd9ec694-07b3-45ee-a17f-a1729ef2460d,Marie Fire,36.748969,-120.369387,Fresno,24.89604412776315,0.023298036956642915,139.36562649544643,0.4654508275735016,0.0
3100,357031c1-f5cb-40af-a634-754e427f7fb0,Max Fire,36.9646836,-119.2280383,Fresno,118.8332149594889,33.10481665784591,124.23306764772633,0.18001571586290055,0.0
3101,ad2c68a3-7e84-4da9-aa45-32831db93a91,Chowchilla Fire,37.098778,-120.265957,Madera,52.85532496805942,0.5709487018507063,161.72192128270672,0.8975636844143734,0.0
3102,0dfbed5a-c4ff-4d44-a777-ede21cc385ac,Fandango Fire,41.79792,-120.19432,Modoc,182.8897713106383,43.075128485009834,16.287759469489632,1.5372237440487528,0.0
3103,0ac52778-b57a-40d3-a456-a2695c8d1114,Jefferson Fire,36.654009,-120.315699,Fresno,20.505566987235298,11.18856564974785,136.7941315186917,1.5989250505932981,0.0
3104,b4d57fe0-8b23-4c00-9b32-140f485698ec,Piedra Fire,36.745812,-119.450866,Fresno,88.62539828205651,8.949688345556316,155.59686651652603,0.24857337304694774,0.0
3105,cb94c161-a4a5-4734-ac55-80bad3ccfc8b,Fobes Fire,33.636667,-116.634361,Riverside,28.659981530638063,17.148581057692862,90.28581998186415,1.1526202093140516,0.0
3106,10b40268-289c-4fcc-a7ce-0e2d584b745f,Fay Fire,35.7349929,-118.3068082,Kern,96.77972049927662,17.792283073161148,170.27968043553014,7.823934108662684,0.0
3107,0fe66384-ed74-40d2-8cef-f78ee5e7fbd8,High Fire,36.66331,-119.786,Fresno,58.906197081174376,0.02009314156111466,174.88119660708594,3.1125281645364966,0.0
3108,a8e68f07-1d49-4baf-b6be-9807c5459bc9,Foster Fire,40.388446,-122.541885,Shasta,21.34381848620513,15.689376274002594,133.7519115860645,0.3359733361942677,0.0
3109,adb9e4c0-569d-485d-bced-0cee394bc3c3,Dale Fire,33.51744,-116.78672,Riverside,32.95874132120646,23.925359390262326,71.21980481051598,0.008710982156125514,0.0
3110,c3bac26e-e528-48de-ba61-d275d4382bab,Grain Fire,35.91106,-119.03899,Tulare,63.80043729224169,4.087759367331154,174.67985242611118,0.2794867510073101,0.0
3111,b595bc7e-fc8a-43da-afea-b84e20909a97,Baker Fire,40.3125,-122.578667,Tehama,25.311364426766236,20.44574006580464,127.07898145555407,7.713372831342203,0.0
3112,a5827766-cb05-47eb-b8e4-659ac49fd43e,Debbie Fire,40.092913,-120.111242,Lassen,65.18008554176284,42.50298317356427,9.709967205834557,4.609284787041913,0.0
3113,e34f6f9c-fd60-486f-96c1-c30aaaf52ffc,Little Fire,41.12607,-120.932333,Lassen,112.09163672227143,50.284145760511834,78.34782593205533,8.330912950704782,0.0
3114,68594725-8904-4e2d-83aa-ab833f666deb,Stetson Fire,33.729228,-117.076401,Riverside,10.033295349048453,0.0,65.220077843609,1.622927449331405,38327.3037
3115,d652bbb1-ce43-459a-8dba-605eb426de13,Blue Fire,35.8649,-118.8175,Tulare,73.50750245901618,20.573879781605157,180.9552162641901,8.982390225507652,0.0
3116,a587f706-5428-44f7-aa94-ead7be01edac,Willow Fire,37.118,-119.932289,Madera,79.90555440916724,12.455222603722612,153.01345991421044,2.2919763304041427,0.0
3117,784ab1c3-c83e-44a8-b49a-5f720b71c8a7,Pala Fire,33.342918,-117.114678,San Diego,4.117426817057238,3.3561202280311915,35.0909492020299,0.11088372781711851,0.0
3118,0f725e7d-48e5-4fdd-9671-c62a5e0ab18f,Coulter Fire,38.55184,-121.004153,El Dorado,31.386433100125544,6.866828930490488,100.28059388603951,9.47026835989451,0.0
3119,36182a86-5cd4-4788-a511-addfcb488902,Jury Fire,37.916947,-120.356289,Tuolumne,81.04711445249534,3.712334356410597,110.91828819287002,4.711838746357534,0.0
3120,ffbf3cae-7cb8-4bed-98ed-fc8a8e512b5e,Trap Fire,37.514275,-120.012292,Mariposa,97.96037650931041,35.79072131339828,124.60803553343449,1.0758152402609698,0.0
3121,5cc37f7a-3247-44ab-ae0e-76ad1a632125,Alta Fire,39.422347,-121.470538,Butte,56.24253678184749,5.84134360028312,126.10009862608722,2.704732507317688,0.0
3122,38ea1329-35d9-4c54-8da5-d9f0e92c6348,Wolfsen Fire,37.211668,-120.788745,Merced,23.224458336922908,13.858363356597145,119.15058433123673,0.34546092663224315,0.0
3123,9b226bc1-de53-4e6b-abd2-a743d7f1c121,Frontage Fire,34.548782,-117.296674,San Bernardino,0.07964773368927959,0.0,121.55721767656553,1.1340475572178101,130094.93579999999
3124,84026364-cfae-4482-b14b-b749a71d5ddb,Stokes Fire ,36.518055,-119.196666,Tulare,90.68276588898503,6.425216692234309,159.36655917253964,3.959870241906592,0.0
3125,a59d32cc-2d6d-4440-a666-13e425d335aa,Orange Fire,37.789557,-120.744427,Stanislaus,47.73084526625351,3.100107622779068,143.97919410014833,4.661259925754026,0.0
3126,ee3f98a9-3e34-4ac0-a032-78afd6c1b0b1,Euclid Fire,33.922339,-117.64923,San Bernardino,8.4719698216997,0.5656819297487619,48.76391275285762,2.52636018082128,0.0
3127,ee23cc11-ce64-4edf-83ac-930943e2ed52,Mitchell Fire,33.563156,-116.695847,Riverside,38.61071517557154,24.73715748517724,81.06743992073164,2.479717056968819,0.0
3128,310efa03-a8be-465b-b30f-102a76b15080,Posta Fire,32.667663,-116.430132,San Diego,6.218059512585397,31.43804000134972,8.264189849184064,3.62463033164438,0.0
3129,8a82fc3c-9e5b-4498-b59f-6e11eacdd7ce,4-1 Fire,41.459967,-120.924262,Modoc,114.14622305486886,30.276719221150767,59.17920683661695,0.8137642618149614,0.0
3130,34e4304f-08ba-4f21-a702-4194334667d8,Sliger Fire,38.943781,-120.926046,El Dorado,8.264667329533182,6.9466609601811795,80.30905854122628,6.980521498520721,0.0
3131,110f3c65-1507-4c6f-aeee-e9170a835f1f,Shady Fire,33.656632,-116.172565,Riverside,6.227772624949656,0.0,115.0940595125643,0.018097435120423066,111834.03899999999
3132,b664fdcf-0407-4dfd-8aaa-422e53915089,Mammoth Fire ,41.684141,-121.323879,Modoc,91.81659707737971,66.81940421879155,34.64138779638504,1.611318426252764,0.0
3133,35a51e16-3605-4756-970f-828aeebb8090,3-5 Fire,40.9814,-121.280552,Lassen,87.24546678722666,29.257629700810465,107.83941443614798,12.053799532708538,0.0
3134,6d0de3a4-b1e2-4869-a2ae-f624a4e0d3f5,Green Fire-RRU,33.882719,-117.641517,Riverside,7.740926733799684,0.0,45.61027519263892,3.1765301170707216,423859.59299999994
3135,e68315fd-ee43-4666-baaf-5d02e7c741c2,Boneyard Fire,37.773371,-120.214807,Tuolumne,91.39580758196767,22.167348350118807,114.74291919697582,4.880890409462639,0.0
3136,c7565eb5-c12d-4401-ae8f-aeb3cc41b605,W-2 Fire,41.392519,-120.43839,Modoc,153.31260075213967,12.644689966149027,36.72699492166815,8.147726423646507,0.0
3137,bb8a6dc1-0875-4144-b56b-07d3796155b3,Pearl Fire,35.6182,-118.48813,Kern,75.90870391040093,0.17693036280632893,170.5686639991427,0.16697517531478057,0.0
3138,1fa0e0a7-9161-422c-9742-f705a0c92828,Hoffman Fire,35.300512,-118.000889,Kern,92.23982812800078,17.795232381451886,154.37935976807566,0.8721153574926229,0.0
3139,f65d7124-a461-4c82-b892-d55105860d13,Medicine Fire,39.831628,-123.267618,Mendocino,91.12951938869345,42.409472158098616,53.41769217990877,5.313262700971173,0.0
3140,2f318308-6d04-4f05-8834-9f7cdce2383a,Needles Fires,34.828072,-114.583454,San Bernardino,1.2950510776447133,0.8014277817688631,0.10572482474928212,3.6152001455148475,0.0
3141,bdead44e-0ddf-4a1a-ad05-440493024012,Five Fire,35.3858693,-119.367525,Kern,0.6830713016426776,11.904176955955633,115.20569490662157,0.14548966026535526,0.0
3142,6339e262-6ccf-4d19-8436-44e508d43ba6,Five 2 Fire,35.5879546,-119.624655,Kern,0.2431224676988487,18.493825509060766,110.92176577898832,1.511147941918501,0.0
3143,4172fad3-c130-4607-a91c-f18612dfb07b,19 Fire,37.07642,-120.202377,Madera,56.63139878591504,0.2697290800595635,166.70753160693565,2.9854545264710723,0.0
3144,8adc6368-26e7-4a91-9299-6289d17328ea,Rd 15  Madera_acres Fire,36.995304,-120.274202,Madera,46.71584879579786,11.253296753774935,158.5649789544348,4.807187314864776,0.0
3145,77bd9c52-9888-406b-8e75-f416723bbf98,Howards Fire,41.48008,-120.957447,Modoc,111.9031663244946,32.90469583230696,56.89196297644229,0.24809823878656465,0.0
3146,c71e52ee-6c58-44ea-9a55-6751ff5ba081,Orion Fire,34.80493,-120.53608,Santa Barbara,119.37029718830628,4.944125854695287,13.07458392692626,4.148905816356163,0.0
3147,7f9b2183-819f-4487-926b-aa36b4a31c1b,1-4 Fire,40.445172,-120.656672,Lassen,118.1610823060877,0.760481365303219,56.07610087393832,1.9458435372178322,0.0
3148,c7c33e08-b93d-4de0-8394-6ef53d2ce621,Lassen Fire,40.028565,-122.086035,Tehama,10.523790994582397,0.17744276757593586,156.4976224587808,0.08209450216288337,0.0
3149,33d6cf9b-2d77-4039-baac-19b90988f804,4-8 Fire,41.319441,-120.747715,Modoc,126.86166504152439,23.87372710198764,62.67748666083639,12.132093799553612,0.0
3150,fb7c1cc7-8104-4776-b89e-fd27cb9b7be9,Gifford Fire ,35.111258,-120.097902,Santa Barbara,66.89571932950781,32.068410928843356,53.872646320664295,0.09370962002560757,0.0
3151,556f1827-6c95-49b8-a708-74027a55cfdf,Bernardo Fire,33.0088892,-117.0978951,San Diego,1.6182368544193424,0.0,23.350432586855735,0.10435659493976714,570282.6018
3152,ea201a75-e79c-4ff4-91fb-3ccc9142f1aa,Donovan Fire,35.527328,-120.508946,San Luis Obispo,70.3798154391273,12.383525110301113,41.10219807583259,14.196520784464218,0.0
3153,86ecd8ea-4e67-400a-970f-c0d7033232ca,Fremont Fire,34.429401,-117.653566,San Bernardino,18.478827024083422,4.233316832178016,92.19026979703045,7.518493309498813,0.0
3154,21cd718c-9ec8-4f5b-a65b-bcf3d1c03450,Radar Fire ,41.7203467,-121.1305479,Modoc,107.78794780819861,53.49459992113389,30.568752872008364,10.855436121236771,0.0
3155,f8074843-7b89-41ff-b0bb-8d9fb609a236,Oak Fire,34.0005417,-117.1513823,Riverside,3.745091205239063,1.7221068731931715,83.62145493280394,1.1000535932861544,0.0
3156,c64713dc-7279-43b0-b075-9570a4211973,Lake Fire,38.9775809,-122.6525158,Lake,47.905658372663076,0.15886643849769488,77.30802105607651,3.4132131996273842,0.0
3157,249fb1ec-a4f7-4140-86cf-251ef00f4eeb,Eden Fire,37.7023074,-122.023919,Alameda,0.13976555897308188,0.0,48.30939893864371,1.525645548385731,406906.8612
3158,e66a9f93-dd3c-41bf-8a95-ec2671bd116f,Santa Fire,37.053702,-120.966641,Merced,0.0023503103220046478,7.717392741021126,99.90849206658224,3.4286281118816397,0.0
3159,0ccc3062-fdb2-43e1-95e3-08a91f262264,Gold Fire,34.320286,-116.906906,San Bernardino,37.42705961476254,6.493652964763722,124.65176276871303,5.769825699072622,0.0
3160,32bba53a-d4c6-4672-b63a-49448c53fa68,Rosa Fire,33.56604,-116.53338,Riverside,29.47323660965406,15.615162123185916,94.40467165336119,8.542301256759313,0.0
3161,05a1d89c-3180-4833-b7c2-93801a7bff87,Cool Fire,33.213005,-117.002097,San Diego,11.125327405621487,3.789823090353758,38.09825912939602,1.6853084000060232,0.0
3162,b73f17b3-812a-48d1-8392-f96c65f4ad8a,Mckinley Fire,36.778239,-120.657099,Fresno,5.236472166413653,18.66955595017567,119.96182960048247,2.962246464873264,0.0
3163,5dbdfbfb-070b-4de1-8c40-c68341ae8605,Midway Fire,35.222269,-120.103532,San Luis Obispo,59.05812197536042,38.719601975334854,55.080879180541714,0.48868928528080213,0.0
3164,4cba24e3-da08-4c70-9bd1-9ba7a4de5db8,Claypit Fire,38.409043,-121.028053,Sacramento,39.23026984735288,7.226050829833512,110.76480432383387,7.2831963181074535,0.0
3165,4876140b-cfd2-4790-b779-619cb3b72fd8,Ranch Fire,38.839,-121.299167,Placer,8.67417567443952,0.0,113.85285847610436,0.6597013599059173,366096.44789999997
3166,632408e7-21ae-4c17-93b0-98150158978b,Bridge Fire,36.733265,-120.337696,Fresno,25.565884082034767,3.0618729452869964,140.4673531178456,1.8499731131995798,0.0
3167,8690b495-e0ed-42db-93b8-9a1b521a4152,Keith Fire,33.602245,-117.134907,Riverside,3.401301773696897,0.0,51.48229330974534,0.173804050216654,125672.81489999998
3168,4d5d4b02-54e9-4c85-88d9-defe7c93e56d,Camel Fire,38.054161,-122.135164,Solano,0.4237283693594278,0.0,49.47578316125694,1.6258837253831036,32794.746
3169,ed9b3543-756f-4a0a-9e21-d49b318a8874,Calaveras Fire,37.576408,-121.864915,Alameda,1.005950170659929,4.822860659034893,58.77882976933602,0.011448536825142035,0.0
3170,39a92f5a-8c43-465a-afa7-17cae1e7e271,Jewel Fire,37.08471,-119.757059,Madera,89.52747446446314,12.50505701630045,145.51532069440447,1.387058961312438,0.0
3171,6b9366ba-bd79-4e04-b486-23fed65a6a2f,Rush Fire,37.770605,-120.038987,Mariposa,105.2963184320446,30.054856402939254,104.80098743658762,5.5218068155021305,0.0
3172,a1012121-c7fc-4a33-9dec-1033603bf1f5,Pond Fire,39.73421,-123.51271,Mendocino,111.94484965157771,31.641078502705458,30.252836513176657,1.099525511793691,0.0
3173,da5d92f0-bdba-46d6-bd78-857153ff630c,Farm Fire,40.409513,-122.52078,Shasta,18.632797562677247,14.069811866551538,136.4552564794121,1.611879123456293,0.0
3174,f9818c6f-7638-4425-96ef-1ba8703c127f,Van Vleck Fire,38.483838,-121.074404,Sacramento,31.68215456681044,0.003653181244121899,109.41858606311226,2.6888041052361213,0.0
3175,a8d01a9f-0a2f-44ee-b011-517c9b4df43e,Canyon Fire,34.441462,-118.73503,"Los Angeles, Ventura",11.027178242324252,6.1016755415318835,51.079816976571536,2.482726424827099,0.0
3176,9682483b-a5ec-4aa9-9078-25b5ec45bbfb,102 Fire,38.69111,-121.72738,Yolo,1.9123513814322088,0.6948288889698232,124.34514112108153,0.0941962540213827,0.0
3177,77f07fa7-3b2e-46f0-a5db-a96fd1ea226b,Panoche Fire,36.635134,-120.989102,San Benito,28.348110441719015,33.68479892884913,86.85538823151555,1.369680269646773,0.0
3178,89621310-6279-4225-8a78-d7bc1436f88b,Real Fire,34.015644,-117.453354,Riverside,5.65650198391355,0.0,67.11282222792966,0.15133638504274166,423859.59299999994
3179,f6fd378d-cb6e-429a-b871-7f9bcc82025a,Philadelphia Fire,34.033455,-117.50691,Riverside,3.5618781188417343,0.0,66.32995791289046,0.01645825460064123,423859.59299999994
3180,c59e12dd-db75-450d-b3bd-af542dc2372c,Butte Fire,41.955097,-121.120371,Modoc,119.56383498086583,68.53351832114753,4.527143942118224,16.016958649407222,0.0
3181,6cd99766-91c5-4519-95dd-602482cd1caf,Berry Fire,38.6989922,-122.2707332,Napa,27.177863821552975,20.287646112870192,84.83673293634762,17.528577582851803,0.0
3182,f967b9d0-6970-4f20-bccc-3c8df66cd38e,Runner Fire,32.687885,-116.281929,San Diego,1.4190360208134483,43.23238967332513,9.198516473729828,2.1079889060868786,0.0
3183,64f3cd30-8327-4384-bb56-63ac835a0b7f,Tiger Fire,38.430401,-120.516289,Amador,71.25042121993123,21.563738578017563,77.09111296778828,0.04139634209447365,0.0
3184,92dad1c8-af50-47f9-93d9-dc7fca758455,North Fire,38.994765,-122.680639,Lake,49.21372594608967,1.3244940578020303,77.27949618963163,3.875369314521358,0.0
3185,c8df0d76-a014-495f-be50-250593d901ef,Mariposa Fire,34.325756,-117.477459,San Bernardino,0.42223542899261507,5.343474137132419,91.92099383768887,0.6147794716547833,0.0
3186,04483315-ddce-4a70-a56f-8733f9d0fcd3,Arden Fire,39.100802,-122.805092,Lake,55.28095034592297,0.09145737770543262,76.91253162491255,0.8147607581662148,0.0
3187,ae18777a-ca05-418d-965c-b34355a324d1,Richbar Fire,35.468395,-118.722809,Kern,48.97308809990675,11.209924662904923,145.2464772618245,5.216174213436079,0.0
3188,22e01b30-09bf-4e3f-9855-6b830e81543f,Ponderosa Fire,39.386003,-121.295635,Yuba,41.915859442598844,15.907175132642633,111.00790895799524,4.275213091266676,0.0
3189,825b12a9-3cd8-43fc-8456-918381122381,Clark Fire,40.91808,-121.170005,Lassen,97.14684846041278,37.93123503909243,98.64757072299324,19.251669426355836,0.0
3190,bc6cfae1-6556-46a7-ab4a-4a7598c07d8b,Mountain Fire,41.8124,-121.33,Modoc,98.1808544594792,72.95893962101044,20.40898925708988,0.6531168778984984,0.0
3191,8624e244-bdfb-4faf-b0bd-c7daf549633f,Utah Fire,37.573647,-120.126968,Mariposa,90.93922040079173,34.88440764681061,126.39111279656085,1.4063924102451548,0.0
3192,3efab425-a77d-48e1-a7d2-31d2de991864,Perez Fire,41.714,-121.286667,Modoc,96.1956492132427,65.03134217431594,31.427298485711287,0.06871127372384107,0.0
3193,a1bff10a-0a85-425a-8175-a33a98b1070c,Lost Fire,36.974318,-119.724423,Fresno,83.66982865346752,5.742698958379775,152.80468113173634,2.028873673262669,0.0
3194,c26bbba5-e5c9-4d07-85ea-830845edb464,Smittle Fire,38.560009,-122.234924,Napa,24.51746019546251,18.368731294829814,80.801406779354,5.783149973660981,0.0
3195,a28bd151-9463-4ea3-8a4f-d6e720f01c60,Preston Fire,37.257358,-119.97478,Mariposa,83.96768475367271,26.00087237017028,143.9434262180379,15.09192333173066,0.0
3196,31e4db70-aaf9-4864-ab09-d2e90201764e,King Fire,34.720071,-118.79656,Los Angeles,0.1914049765936767,13.50228215578638,72.93225765152586,3.134335247403551,0.0
3197,33ce048a-b003-4336-a9ee-fa2d9511d760,Hawk Fire,34.5314258,-118.2272114,Los Angeles,30.774169702712975,4.972366371673438,67.5572221770418,2.909438079473761,0.0
3198,48a7d32f-2ecc-4030-acf5-e4a2a1ef8ce3,Heather Fire,41.932642,-122.4019,Siskiyou,13.855416053445953,26.64922811778964,8.422040771686857,1.1850182599529868,0.0
3199,b10d856e-7741-4295-88eb-cd1c834ff295,Herman Fire,38.097839,-122.131599,Solano,2.1639310158725116,1.1361558663186975,52.59437688594068,1.46547882644791,0.0
3200,a93d0a70-3bc0-4871-8174-9244ef286600,Hadley Fire,37.214319,-119.56892,Madera,111.54351121855127,10.422024485308235,123.61943492838184,6.164885778683304,0.0
3201,fa144dab-4ddd-45f8-83b6-1a90f50d67b3,Carlos Fire,35.453419,-120.66952,San Luis Obispo,86.13686964048888,0.08941696439711788,24.61279825159024,0.8945137230581661,0.0
3202,d94d8f86-a05c-4a9f-a309-cd5f7823a656,Vineyard Fire,36.865734,-120.140056,Madera,48.360771587973936,7.693634164775898,163.41371661410798,1.6269956637404077,0.0
3203,c70ae143-c751-48fe-a10a-f1c0347c3bd6,Coyote Fire,38.535896,-120.636971,El Dorado,55.50385514319848,19.975268765611514,75.51982660900151,13.261947128452952,0.0
3204,ad8a290a-744d-498e-b4e9-b94f78b5e146,Watson Fire,37.084305,-121.644112,Santa Clara,33.72836397821824,0.537019806092319,43.01781553012192,0.5183784919901442,0.0
3205,5b4fef80-5eca-4bc6-acae-02aa42a7a18b,Pickett Fire,38.6001023,-122.5519541,Napa,52.06580171771144,1.8213380159277486,58.09134583514129,0.7594075708366107,0.0
3206,314d2f97-54dd-422b-9864-16135e58a0e3,Cantova Fire,38.489675,-121.100506,Sacramento,29.529523691066725,0.0005656561703862588,111.01946715168968,0.5770639115907346,0.0
3207,65296e0e-94a3-405e-bd6a-a28ace795d80,Crow Fire,33.4530278,-117.5346389,San Diego,7.565602514048956,3.490990911289372,14.46503157778091,0.3119547103920299,0.0
3208,48ce54e5-c038-4496-9574-eebcfec97748,Parks Fire,37.732098,-121.908142,Alameda,2.8813705570159076,0.15998194980192165,58.74220631977857,1.6281229251896228,0.0
3209,c098ae85-db2e-41da-83ca-037d827c5166,Little Fire,35.569296,-118.585846,Kern,65.69452594201255,8.43333114437305,161.2501920987752,5.911235020931484,0.0
3210,6b986ba9-e86a-4c6d-8de5-8c44228793f8,Vail Fire,33.498964,-116.997928,Riverside,13.299573299021562,5.07473944690134,54.04734175898973,2.1590539111315694,0.0
3211,d93b91e1-a909-4c1d-ae42-3249ef874b43,Tanabe Fire,39.265104,-121.514636,Yuba,51.99015937731516,11.254654441899767,130.0205586926086,1.5292050975025049,0.0
3212,3e30d9df-db01-4acb-934c-af5cd0fe2879,Lierly Fire ,34.995365,-119.044543,Kern,7.676617709464531,19.84597535119892,85.13552279683378,0.16752119874448704,0.0
3213,be4c1c64-9b6c-4d40-bbfc-f4b8b24804a5,Anderson Fire,37.067374,-119.620204,Madera,97.38185241684288,18.65513015549199,138.92477895115957,2.813638176465301,0.0
3214,6155c47b-b61c-48d6-bb2c-6a69a6431761,Point Fire,40.38862,-122.40685,Shasta,10.302260976756214,4.225908065567549,143.91073091437886,0.05360654997287466,0.0
3215,9d372a20-0746-4842-bd0f-bff3c34d4bf3,Canal Fire,37.097674,-120.029309,Madera,71.25927369779335,7.612059368054244,160.44100141489474,0.7953943048968413,0.0
3216,fbffffd7-48c4-4770-a7ef-2155b6d054ed,Look Fire,36.536667,-118.909333,Tulare,112.00707534597767,20.09181506050804,140.71091273766447,8.30687287484769,0.0
3217,ce840fb1-e2d2-4b9a-bc9c-fbe67dbddb7f,R-3 Fire,40.435833,-120.477333,Lassen,110.62706966818001,10.49182972942338,40.871146286885306,4.4080675371717986,0.0
3218,ff0b75c2-1968-4021-b7cb-070b7bd73769,Garnet Fire,36.86508,-119.027914,Fresno,127.73199208665437,35.59055216899977,120.60098025346116,5.224950963658093,0.0
3219,c0d28e66-6e9d-4b11-b35c-6b6faced0038,Sky Fire,38.89991,-122.527007,Lake,41.94489445494668,5.1594459392683385,78.87354745621168,1.529270198687147,0.0
3220,0c1912a0-f243-4219-94b9-0c3b96c6de9e,High Fire,36.964445,-119.343755,Fresno,110.40277423275808,25.077566774724335,131.09166691468585,1.7598104692439174,0.0
3221,b228fa71-e2c7-4b82-aa46-cefd7f2149fb,Branch 2 Fire,36.950182,-119.34644,Fresno,109.29564767340499,23.793556710927746,132.4345238115668,0.33055846947342493,0.0
3222,99c6e291-683f-4922-88b8-deb713154b5e,R-10 Fire,40.678028,-120.24025,Lassen,131.0762931981116,43.0875152929641,20.523200140631864,3.398504705329901,0.0
3223,08c79b64-8b60-4645-9010-ffaea3674ed8,Aberdeen Fire,36.99955,-118.232528,Inyo,191.26021011557634,41.495769419704864,61.96126438581373,1.3182482285680384,0.0
3224,e2e8daf9-9b18-457b-b741-f6f57c5f3ebf,SKU Late August Lightning Complex,41.0,-122.0,Siskiyou,30.09856392065842,30.315146886710146,111.35920908677092,2.252605790701737,0.0
3225,de9b8a01-9e10-4ca7-97ad-67043afe44b4,Pomegranate Fire,36.647094,-120.133591,Fresno,32.696390938336236,5.4240844590206185,149.80681057784926,1.6396538866394836,0.0
3226,08f5737e-f8fb-4b58-972f-6cd8aeed2419,Mesa Fire,37.891253,-120.488153,Tuolumne,69.36268446456226,5.64518167062022,120.6802810821519,1.3420742780842716,0.0
3227,914e88e1-6397-481c-913f-c99cbd6db94e,Dillon Fire,41.54121,-123.539009,Siskiyou,76.90414651950238,55.55611251962799,50.67032630972357,32.24057063521144,0.0
3228,23e74ed4-dda9-4762-bbcf-3e7a339758c0,3-22 Muck Fire,40.97749,-121.227729,Lassen,91.58102869208766,33.543034383005796,103.39956069493256,13.295242688810367,0.0
3229,be9dfed2-0edc-416b-9c69-b13e13f664a9,Paskenta Fire,40.00074,-122.298489,Tehama,7.823255994702974,10.370440618849988,138.1674591267799,1.9458200085593857,0.0
3230,3f461214-6919-46f3-b160-fd0dc32d0689,6-3 Fire,39.523797,-121.650849,Butte,46.969277699398035,1.9981623678319482,141.66094373256612,1.7320264230353177,0.0
3231,aa24ecdd-5b7c-4ef2-8423-dc88687c5965,Butter Fire,35.464035,-118.147758,Kern,88.52216398913185,30.59944536843426,168.11157890137835,13.656482211503418,0.0
3232,270ab2cc-1c68-4ffc-a7b2-5990bebe1de6,3-27 Fire,41.088854,-121.057196,Lassen,102.34298412117597,50.721677406617744,88.88340343489918,6.7636924765294095,0.0
3233,eb382b3b-d965-4bae-a906-c1bde34d4ec5,Grade Fire,41.217878,-121.590689,Siskiyou,56.06479630853495,32.53677533233855,86.63543395683513,3.8656600299705866,0.0
3234,48a9cb94-d7ee-482e-a4fe-274f5b20d1ac,H-10 Fire,40.737144,-121.330697,Shasta,82.74215359260089,30.806368019342337,112.55442108308553,3.8175172870640046,0.0
3235,a09db6c1-addb-4985-b09f-79c9dee4dcea,Franciscan Fire,40.472116,-122.181166,Shasta,9.553472840426895,7.575170928851955,165.18532960464194,1.662227385093498,0.0
3236,b693a737-9d35-4881-bd17-d6d548c86ad1,Parkville Fire,40.43326,-122.188718,Shasta,8.0213954878827,6.770549234962429,162.7345428535219,1.785389960529324,0.0
3237,24e81360-1adc-4698-a555-8889e495116a,5-4 Fire,40.782379,-122.639809,Shasta,24.370283911883494,22.604265033843927,132.3162790775072,7.828844196037941,0.0
3238,76b3ce59-5628-4cb0-9ac5-0ed5664745b5,Lake Fire,41.86292,-121.22717,Modoc,108.33547621340526,68.70376076220553,14.911837349406847,5.9715806252803505,0.0
3239,3ce1e1a6-8b18-47a4-a0c2-504b8e0d23a7,Blue Fire,41.78715,-123.18499,Siskiyou,46.03165765772564,43.12137531647274,24.20457301038777,5.160599645638697,0.0
3240,4782d694-390c-4f8a-8e9f-d34cb123216b,Hutton Fire,34.990911,-120.437696,San Luis Obispo,98.88770182410228,0.28021207937468173,23.816081613656962,0.23943882519443996,0.0
3241,f77059ce-71e5-429e-867c-3cb616e94659,Garden Fire,41.31546,-123.23382,Siskiyou,64.67872722505302,63.81084395837225,76.23387986505206,32.54202643445814,0.0
3242,c1318018-7d6a-44ba-9e01-568fa18267aa,Peter Fire,38.919426,-122.876633,Lake,68.13493840001632,4.999879405826762,60.25686935808471,5.827609552968512,0.0
3243,504dec0c-b35c-47f9-9ef1-df84c5412c70,Log Fire,41.41726,-123.2668,Siskiyou,60.540588048571834,59.4005132594373,64.81450977838777,31.262231013512057,0.0
3244,afeee627-e908-40e0-918d-885d3259b147,Grant Fire,37.740292,-121.585802,Alameda,0.0019063074961549488,4.0077676229371635,87.09072302898004,0.48743873760921713,0.0
3245,c3f60dde-0a15-4a38-b176-26182671e5c4,Scott Fire,39.043833,-122.972167,Lake,70.83241838468082,2.936738168995896,61.69102654230413,2.73347378692908,0.0
3246,69a4e5f7-b848-41b6-a707-a0f6c5f56dde,South Constantia Fire,39.941076,-120.004618,Lassen,47.42995959316007,40.865751193460135,0.5141295965659655,0.26040590173311495,0.0
3247,14e4411e-04ff-401d-97b8-7bbd6217244f,Murphy Fire,41.211359,-123.173767,Siskiyou,66.79571546847518,68.24907141724316,83.18045436495306,33.71986441564943,0.0
3248,814f890b-75ab-443d-9cdf-badffd41e9f9,Coach Fire,36.805649,-121.561084,Monterey,58.85675233541428,5.475369922697739,42.210830410442696,1.5038087366481703,0.0
3249,f8959720-f626-4d96-8e3d-6a58560e934e,Edgewood Fire,37.443956,-122.265569,San Mateo,0.009157006730077225,0.0,20.4698050257795,0.226596289846399,406906.8612
3250,052109ae-c63f-42e5-96db-e0caec9d0796,Stonewall Fire,36.448208,-121.226906,Monterey,57.08628664205989,7.435062685604277,57.246701592029936,4.645730560523779,0.0
3251,238f0a06-c6ef-46b9-9917-f0034f83d142,Pump Rd / Woo Rd Fire,36.931478,-120.809789,Merced,2.1588539143955012,11.612452611853724,110.53119252408486,0.1427982660592161,0.0
3252,9e256520-38d3-4c92-84f5-d09ca04fcd94,S-14 Fire,41.317155,-120.115829,Modoc,176.0332922782479,39.48799185758401,9.720098330355139,1.8295165201421046,0.0
3253,d6fc3032-2416-4bae-b758-76c722c657ad,Springs Fire,40.4017003,-121.8143349,Tehama,39.577498242152295,37.26257496433726,154.36649355203116,5.148420992945642,0.0
3254,717fbc19-c59b-4e59-ab00-bfd9d28006ef,Kibbie Fire,38.028263,-119.824371,Tuolumne,127.64128977572679,31.003293564290498,70.83886967098199,19.34536293826784,0.0
3255,129fd6b8-e9df-483c-9d7b-c21969377634,Valley Fire,38.72489,-121.032,El Dorado,16.924749467823375,1.5848994863595345,94.44363200481762,2.168135276646546,0.0
3256,12bda901-0709-4358-b92f-95949e776973,Palo Fire,37.689612,-122.020693,Alameda,1.2583255818541064,0.0,48.473766393144956,0.2560091086747425,406906.8612
3257,9999500b-3028-440f-b23e-e3455b10755f,Tracy Fire,40.40398,-122.31726,Shasta,2.9428805467631873,1.0165481410805417,151.48764490292075,0.1367450586903752,0.0
3258,377b11f3-53f5-40f6-8cd0-d3ca6a20da5d,Root Fire,41.159093,-122.397152,Shasta,6.819543143831657,15.389826817556067,94.21432681799357,6.201472530900376,0.0
3259,6fdf7f24-d7b7-42f9-a81e-4f746d24607d,Ellie Fire,34.545175,-119.106092,Los Angeles,33.28834730302507,14.641580386308188,40.14843431722739,16.693979309621916,0.0
3260,178b7844-a934-45b4-8f9a-e83dda369eaf,Fuel Fire,37.044697,-119.472565,Fresno,106.24496026599064,23.86531076826559,132.07228425072816,1.634948940536622,0.0
3261,ba0bb42a-b850-4305-9f87-ad1807020261,Canal Fire,37.119648,-120.074557,Madera,68.89204712032702,9.71875305384266,161.288953066189,0.7893122801526489,0.0
3262,d769e11f-e3dc-479d-853f-f339470d7ca3,Sierra Fire,38.862604,-121.21753,Placer,5.269501356313802,0.7779166325000102,106.45144067678382,4.37611004018437,0.0
3263,958027b6-fb08-4446-a276-0696bb0bf778,Copper Fire,38.484002,-121.007605,Amador,36.085446683197695,4.750454519807964,104.51247558493121,8.306198464099685,0.0
3264,80a0e51a-71e4-4327-a248-eb2e3438740d,Rock Fire,38.621374,-121.113812,Sacramento,19.10906319735924,2.419225678011485,105.28792869868226,2.4453177790349416,0.0
3265,3e9cca98-ed61-4b7a-bf78-a39caa8b0535,18-1 Fire,37.250521,-120.197971,Merced,66.85129129719066,10.079300193665645,157.45155731392214,4.816830656345481,0.0
3266,5da4a983-58e7-49ad-b5fd-0be908b61d1d,Salt Fire,36.011656,-120.36348,"Fresno, Monterey",23.11199511980026,12.040216895109335,85.9059383854823,10.786160808656424,0.0
3267,dab25b3c-d36c-4778-a9e8-edf2f5ef7407,Swift Complex,40.9044444,-122.8508333,Trinity,35.11272307985235,44.8110991742291,112.70563958032166,14.017873999654267,0.0
3268,62a80530-b52c-4fe2-9d3a-d5057db88a6d,Michigan Fire,38.379304,-120.986172,Amador,42.20676061196112,2.457360220763398,109.91235584440076,2.5684974457111855,0.0
3269,6bcfdaca-6440-42fa-aa12-d0f2d7f74385,Brown Fire,38.464121,-121.043423,Sacramento,35.15795027460205,2.893844801249933,108.33522127288911,6.131538878531784,0.0
3270,ff703d8a-d4be-4eaa-8a56-64dbed6c9d79,Hornitos 1-2 Fire,37.529667,-120.256117,Mariposa,78.70894300247826,23.716865092788137,137.55258082118178,0.8744375955465389,0.0
3271,7533b587-26cd-4518-bbe7-299050c6e2fb,Moraga Fire,37.079208,-120.962011,Merced,2.0616858612069913,7.608177341395941,100.8083521071353,0.7487995462840621,0.0
3272,6568707c-d456-47e3-8919-27f6dd6d1167,4-1 Fire,38.438081,-121.048558,Sacramento,36.69567126688235,5.418106003221919,110.33263512623007,7.830943220241056,0.0
3273,90ce6dac-d2df-4fd4-a228-53dbabe869aa,Orange Fire,39.960829,-122.164789,Tehama,3.015626726380017,1.1722075412975337,148.25925727764465,3.484744705449825,0.0
3274,4eabc8a7-b2a0-4492-8b19-f2329d4bbc01,TCU September Lightning Complex ,37.998587,-120.475152,"Calaveras, San Joaquin, Stanislaus, Tuolumne",71.69048108414378,4.408532280992362,110.90697108261347,5.338436386296222,0.0
3275,28868992-a898-4079-979b-360e726002e0,Cedar Fire,40.406746,-123.231979,Trinity,76.01975782353547,69.19363911420977,86.43851181533408,0.25601818001709914,0.0
3276,c3f6d925-9839-4139-baad-2765138f45db,Park Fire,35.945333,-120.3755,Monterey,28.37827527832362,19.380410634455423,79.4500541068004,8.882786909032909,0.0
3277,549b3868-2d30-4653-b876-eafce2d832a9,1-4 Fire,37.255225,-120.067334,Mariposa,76.77091825849541,19.641604928764515,149.5451538475202,14.232166323769869,0.0
3278,d06257a8-4409-4238-8f45-b27b8cf899b1,1-3 Fire,37.262108,-120.007439,Mariposa,81.71276262560116,24.086050655294205,145.47114067054434,15.109683239861427,0.0
3279,c956becc-63af-4fd1-8aa6-9da2e496d5d5,Forebay Fire,39.524747,-121.612192,Butte,50.289279812472714,0.0,138.33822865120166,1.5321612083950447,19103.577299999997
3280,85af7553-a237-4ce6-921b-e9d46a86bbce,6-5 Fire,37.819667,-120.437333,Tuolumne,74.06286500582505,12.697427251499814,123.73229334214315,3.0573775331197295,0.0
3281,f49cf3f1-35c2-4863-a7ee-755e908c9d18,Paladino Fire,35.417279,-118.927674,Kern,31.272678604491688,0.5381669909641457,131.64683109828675,0.17874692906254164,0.0
3282,e0a4553b-e334-4136-8b2d-2a82e4fe2a66,Porter Fire,39.013895,-121.340233,Placer,23.7531487832195,6.178965337060633,115.79540510934409,0.691881591343072,0.0
3283,210bd886-cea4-4916-9d04-7bd28063c8dd,Granite Fire,39.890933,-121.451769,Butte,63.960239137105134,11.389099959894542,124.1717485363031,4.2080579622496765,0.0
3284,0c0572ad-e2dc-4467-a678-c9e8ba57a410,Marmon Fire,36.24125,-120.102889,Fresno,10.613930829200296,3.046189640201036,120.42869123060457,1.684474823768636,0.0
3285,bb9b7499-20f7-4511-879f-b9b14c82f146,F22 Fire,35.944667,-120.349833,Fresno,26.56515385472471,19.56388376324637,80.88755281747012,7.14741652271382,0.0
3286,f0ce9509-7f67-4063-9e46-0d5395a7fc99,16-4 Fire,39.342777,-121.350555,Yuba,42.73593262147953,15.770718286394546,115.77591981217849,1.7121563940786633,0.0
3287,7e192d1a-cdab-443a-b895-b6190b050526,6-2 Fire,37.77721,-120.38529,Tuolumne,78.10889271871942,17.93518086394239,124.33103119740603,2.2824853757221684,0.0
3288,bf804af8-b50d-449b-a1e4-fcb89e11def4,Myers Fire,33.753799,-117.024162,Riverside,15.291012368133368,0.3179242586932848,70.55525678799569,1.2211170017507895,0.0
3289,3482d4a7-c0f5-4b99-b428-bb093275e90f,Rd 29 / Ave 16.25 Fire,36.985276,-120.019506,Madera,65.38405093606568,0.0015512120967722685,169.2379016885048,1.1304264374071362,0.0
3290,b6055b28-a825-4be5-a9ef-a5f63f377cb4,Billy Fire,37.020145,-120.99063,Merced,3.9353010557976877,10.409191523670879,97.00779602079488,0.8004290316274049,0.0
3291,2041e6f5-b306-427a-ae1a-57cc8d135250,Walnut Fire,35.233355,-120.754223,San Luis Obispo,107.35730336610963,4.37859802830647,12.888402257585186,2.8016278450395693,0.0
3292,2bf1f3d9-4cf9-4e44-a9fd-21d8d9846781,Lodge Fire,32.7256,-116.95884,San Diego,6.400513369451099,0.0,19.500025925090338,1.1739992004856432,570282.6018
3293,512e6848-d749-4ecb-b9c3-4f89495ec383,Pyrite Fire,34.017805,-117.462368,Riverside,5.385410450607977,0.0,66.8927811759918,0.2653119432949488,423859.59299999994
3294,6289cfc9-cacf-4db5-94a0-0b8b7e8f8895,Springs Fire,34.361588,-117.16674,San Bernardino,20.39700481874049,6.185188788930995,113.65920802060442,1.1496521133064588,0.0
3295,d9b216b4-4c0d-4756-b37f-a463cedca03d,Kettle Fire,36.9397,-118.7677,Fresno,150.3668313038376,54.16118229985232,98.92367512448097,20.496986250716414,0.0
3296,ded457ce-a55b-4d57-8ed4-da2ff5b64a3f,Crump Fire,33.71145,-117.313944,Riverside,3.0486016516822825,0.13800715209067155,49.4939931029338,0.2624710289646173,0.0
3297,04e9f4df-71c5-44e7-af1d-82e24f1c1933,Aqueduct Fire,35.223722,-118.118136,Kern,79.43897108517342,13.612082592029804,142.97523680518455,0.12849741465761977,0.0
3298,e6f0fbb8-8a04-4969-9dfe-6ff995e1c84c,Tombstone Fire,36.901167,-118.817167,Fresno,144.22667707699563,52.7128954419538,105.04967623193146,18.35443615156083,0.0
3299,510ca45e-10ff-4440-82ea-e02a312fc631,Lake Fire,40.375587,-120.48818,Lassen,104.84133563784565,7.783718113229572,41.81542180696089,0.008727931484062437,0.0
3300,1e07aada-6a3c-47be-8dc9-f6db9ff596f6,Sycamore Fire,33.594925,-116.940637,Riverside,21.457378253173776,9.413398894789399,64.84873993769577,9.264015832045832,0.0
3301,0baee5d9-2f57-4a41-b4db-37cf926cb62f,Coches 2 Fire,32.832348,-116.905491,San Diego,0.5983239630034477,0.0,30.763240544928657,0.8419032881005831,570282.6018
3302,b8ef214b-a9a6-4138-bab9-6ebe1e502669,Fantasy Fire,36.056176,-118.930008,Tulare,81.08732091781658,1.1649722395665587,181.54140340195065,0.6039254093746461,0.0
3303,4a5efe57-a4a1-4e52-9db5-1d592f156ea0,Nella Fire,37.056509,-120.969345,Merced,0.0038478558287908648,7.970367692832131,99.73304715426369,3.2661852777403833,0.0
3304,4591cb85-cb46-4af4-a772-ae36ab73c07e,Tornado Fire,33.473554,-117.170723,Riverside,2.8810008015481534,2.1468461476372744,39.73167692386494,4.204184931438085,0.0
3305,06477093-53c9-4ee7-9883-18a739be764a,Boggs Fire,39.962679,-122.398034,Tehama,16.786084810865606,16.603155995841284,128.88649195291353,10.464726625384813,0.0
3306,a1f25049-f72b-455b-9fc3-1a9f0a5fa3f6,Buell Fire,40.474673,-122.619388,Shasta,23.75984302851802,17.440528976538474,133.1229410784467,10.536096664101889,0.0
3307,0491500f-f692-4f2b-8ea4-6cef3134d875,Elephant Fire,35.99553,-118.48688,Tulare,104.16865433004476,39.53052528130151,159.7496303418051,24.791537439088348,0.0
3308,d6d4577f-661b-42c1-8fb8-90ff55f60844,Shale Fire,38.458292,-122.056304,Solano,9.869133042366132,8.146779639817263,86.34620673781147,5.5294361025311645,0.0
3309,c9efe369-7ff1-463a-82a1-076732c3e4df,Hunt Fire,38.021791,-120.775674,Calaveras,46.65918634202151,10.573561024383055,126.25311198642599,4.375473523771987,0.0
3310,e54fd92b-fcaf-4483-9f9b-cb1bbb83da7a,Madera Fire,37.010829,-120.056215,Madera,64.562432631251,0.0014088600443979947,169.22764108104255,1.0146851039922438,0.0
3311,462ddd93-568f-4a64-bb6a-4825e2503d3f,Pass Fire,36.20052,-118.181595,Tulare,139.6250096119583,67.36452764221825,124.47091352388045,15.38803109698328,0.0
3312,25ec6d00-c91d-450d-bd04-73656a96622d,East Fire,37.491158,-120.612219,Merced,47.178840571673646,9.698040218296466,144.95558463184994,0.4646635497849188,0.0
3313,6018c27d-885c-49b7-bb73-bb95969347f6,Solar Fire,36.61751,-120.333854,Fresno,16.53895458789803,12.052596446860434,133.16680363853447,0.00640625585863464,0.0
3314,4b917f26-a403-4f61-96d4-d861d50ddd4e,Pippo Fire,38.416028,-122.003395,Solano,5.026303825906143,1.8596402057149746,85.4590459524445,0.9970652250027064,0.0
3315,d598137f-a3d8-47c3-beb4-8a3b4fcb4084,Uphill Fire,38.827689,-120.998424,El Dorado,10.363825232216902,7.43293836195494,88.48892911255406,4.45235036126601,0.0
3316,98426066-4586-4ebc-a8ae-573eb3b663fe,Springs Fire,33.768255,-117.084452,Riverside,9.710925518877945,1.7082419630716863,67.84989979217166,1.1677415839981427,0.0
3317,15701491-c78d-4cef-af34-06398c665132,Baldy Fire,39.926657,-123.341945,Mendocino,97.24113450215911,51.768298761984916,50.493935821274746,17.538250579128956,0.0
3318,d5765fe2-4b65-4dcd-8e1e-923926c23d35,Joaquin Fire,36.219908,-120.498195,Fresno,21.589322903209617,12.353866609548469,94.96045419886298,10.464306323371654,0.0
3319,75c850b6-27a5-493e-aaef-a42e02b2eab4,Lost Fire,34.301578,-118.751784,Ventura,19.135088353881862,0.0,35.7121040275693,2.4974045556797413,24444.8379
3320,2d15d2af-d4a5-4f41-a17c-b17e3030ea93,Martell Fire,37.906127,-120.732557,Stanislaus,47.999022202925815,14.16131762919614,133.50540067395104,2.910561770341674,0.0
3321,793418f8-d217-44c3-8409-617b2a3107a2,Cobb Fire,40.463864,-123.527677,Humboldt,99.59349289300182,47.63925677358923,69.36754613950657,0.46771801475845026,0.0
3322,cd5d2222-9721-4800-a0b7-604d56b86a93,Vleck Fire,38.482401,-121.074736,Sacramento,31.764666654758607,0.152051634923644,109.52766231266936,2.739429581673963,0.0
3323,5fa1beec-2657-45ff-8f6c-3c16313ad424,Paloma Fire,37.482008,-120.272427,Mariposa,76.03618048177789,18.772032452264877,142.49988546284033,0.4500145637995555,0.0
3324,e88762cb-c444-463b-a9fa-bd131be581b4,Alma Fire,35.307304,-119.860559,San Luis Obispo,36.28842213215857,38.381070672386286,78.89649661839341,3.823827946754149,0.0
3325,4e227d77-89e7-4979-9939-fcc5ffa68845,School Fire,37.320463,-122.366039,San Mateo,16.19893086113972,13.060448071843583,9.097889251139105,9.035176665339476,0.0
3326,0e752865-9282-4376-a47b-a01b3137198e,Sandia Fire,33.444583,-117.264357,San Diego,10.04725373795643,3.9752288401122606,30.83237333156149,1.4641398880617968,0.0
3327,8c2e4c76-3096-4030-b96e-2ec0238a0c29,Muck Fire,40.986657,-121.264818,Lassen,88.29725568376602,30.676844622827094,106.50458626816831,11.915665119483506,0.0
3328,d8faf459-c016-4748-a700-8b3a55031d79,Nichols Fire,39.101047,-121.251881,Nevada,24.65226017714935,10.160540442691723,107.86251204631323,5.716928782420359,0.0
3329,55e1f98c-9529-4506-a70c-9e0dcd1390be,Rancho 3 Fire,33.0751624,-116.769802,San Diego,24.547893960462915,5.230268788565503,54.89234657344046,4.235520025249099,0.0
3330,63aead75-03bc-41a2-aeab-fc3b7d577a19,Dart Fire,36.066607,-118.966173,Tulare,78.88376112153334,0.19207284452555398,182.83611206783374,3.1216509162502764,0.0
3331,4a9e5bab-2700-4f02-ba6a-6408daff194c,Rock Fire,38.885668,-122.44521,Lake,36.431990156178124,11.711019960517543,83.48888498378776,0.6120396851161116,0.0
3332,c2fc1e28-9afb-497f-99d3-889923a98c95,Black Rock Fire,34.063714,-116.393457,San Bernardino,22.11647118918314,1.8871388228367412,136.78264821659425,2.9882387725984385,0.0
3333,949a2c98-c78a-4af3-b26e-f17238cba107,Ranch Fire,36.025508,-118.843604,Tulare,85.20626358937703,9.221093424687863,178.9176419738268,6.813957888531063,0.0
3334,9fd8ec22-00ac-4d40-919a-673171e2e5db,Parkmead Fire,33.861292,-116.561245,Riverside,4.843721747944352,0.006647185348428939,110.73458356125813,4.5226388860307365,0.0
3335,8a5549c9-2dd3-448e-8b57-46c7e646ac99,Grove Fire,37.357481,-119.870253,Mariposa,97.58667726558373,17.740887168005056,129.4789292630763,19.847119524042792,0.0
3336,62e3eb77-4a7a-4a50-83c2-c112dbaa651d,Slope Fire,35.909937,-118.765302,Tulare,80.37405218946019,22.271822911985044,183.64848722047714,13.615493430742175,0.0
3337,f69dcde3-24f7-4b06-8ec4-a2a2e1884297,Grant Fire ,37.734211,-121.620807,Alameda,0.019039900646109335,6.776754907904667,83.96599298451848,1.9324019812930846,0.0
3338,88e7a844-f124-44ea-8000-35da04017bcd,Gyle Fire,40.001361,-122.275786,Tehama,5.892281182500329,8.56577360324929,140.0597847683768,0.007854942881772825,0.0
3339,27b9f8cd-a1b4-4bb9-8f2a-2e75322ba48e,Sophie Fire,33.756323,-117.273098,Riverside,5.716007554544537,0.0,55.744271156006455,1.8111023524732373,423859.59299999994
3340,426e587d-404d-43dc-a013-913bc5a1f41f,Scissors Fire,33.100441,-116.478846,San Diego,31.528207311552777,27.7972267327857,56.417979841926545,5.766215036608722,0.0
3341,075f506d-0a46-474f-8734-fcfa7cd2ae74,Sage Fire,37.4864,-118.4867,Mono,205.88301649628244,12.069778038660528,37.17978836146779,3.2291227478744617,0.0
3342,d9f850ad-d72a-4fe6-9c10-5e140356b7af,Bummer Fire,38.305002,-120.026064,Tuolumne,99.79538196638819,29.758395001145427,59.41527970538034,6.549827144133496,0.0
3343,2a8b160f-6e69-4e79-848b-e8f77a8cc86c,Border 18 Fire,32.594887,-116.761976,San Diego,25.72563242727519,13.806353232772532,3.262394370781682,1.2159029701982966,0.0
3344,ce483b9d-a84b-486a-b8c6-fb271795d49b,Highline Fire,32.901984,-115.293446,Imperial,14.242620172059045,11.002460239877687,24.58332180781333,0.011350882424158005,0.0
3345,c139680a-c78e-4ebf-8de2-c0b4870b97a2,Gianelli Fire,38.077702,-120.196545,Tuolumne,97.36077028546084,1.015803271460267,88.25666442065052,0.8184450470749794,0.0
3346,42ce05cd-de08-4d5f-8f0e-be53ba48dc3d,Pack Fire,37.56243,-118.788215,Mono,189.24711893580073,16.56446228948748,48.77526345215952,2.2335135971933693,0.0
3347,d34cc9cd-2663-483f-a11e-c2da18f0d289,Beaver Fire,38.4835,-120.347667,Amador,78.29789279617387,33.14412160548357,62.97537362557077,0.5234663589448543,0.0
3348,8f9a3173-0ea3-46c2-a4f9-8b254990c187,Lamb Fire,40.506958,-123.506241,Trinity,97.28918954667482,49.453314138745746,73.04235269089273,4.47439592626078,0.0
3349,9fa1f646-0539-44ef-b868-41fc490de65c,East Fork Fire,41.362804,-122.67011,Siskiyou,21.428343809693217,23.01907464638537,71.17011796992968,13.681664575916983,0.0
3350,94b577bd-a3da-427e-aef9-ce4e51d750ee,Ag Fire,41.525772,-120.473025,Modoc,152.5711859473505,5.906104540169294,39.610881961979466,0.05271739941529641,0.0
3351,f8f00c08-2df8-4324-9f67-60d84e409fd9,Valley Fire,41.091881,-121.325398,Lassen,80.16869180576013,30.91409672976208,100.3238295201572,0.43997238265312877,0.0
3352,57e6d6fc-66db-4864-8929-a578cac494dc,Canyon Fire,35.31376,-118.288987,Kern,68.89287130190756,23.409367893649428,149.22721240372132,5.553983101567778,0.0
3353,811b3942-6305-43d6-83b3-2469deb63146,Hunter Fire,37.616619,-120.230337,Mariposa,83.44361105029647,33.00111359893108,128.7907926137687,3.06658368811322,0.0
3354,52e04bc2-2e07-4b6d-9210-f699a542da3c,Derrick Fire,36.603111,-120.347595,Fresno,14.56851178991708,13.172668020259534,131.25772307475492,1.1991519321931832,0.0
3355,ee631649-6ddb-495e-b1df-3dde26148429,Almond Fire,33.914311,-116.773828,Riverside,0.47814682890231547,6.374445761185333,99.55684801840073,0.3965231922930387,0.0
3356,1fb9009a-d97d-447a-acab-875c628189de,Deer Fire,41.554617,-122.1167,Siskiyou,26.931100453722895,24.729987461877478,50.060116950303566,20.687550511169523,0.0
3357,caa1ae68-931f-4ad0-911e-334235bdc101,Oso Fire,37.448285,-121.282906,Stanislaus,8.036523924507206,10.292559989336423,92.34058408604132,6.842296108549327,0.0
3358,312d749f-1cf9-496a-93a6-c77a7cf2b617,Paramount Fire,35.823,-119.882,Kings,5.632127329297992,25.95859931438623,106.36829307259431,3.0177572679538285,0.0
3359,43975eba-2d19-400a-be01-d99047a1c6be,Sheep Springs Fire,35.4939,-117.776,Kern,93.88832254144342,12.379188353149068,157.52486826120753,3.3934509189208426,0.0
3360,5001511b-8685-4f15-9ddf-640d879d2297,Sunny Fire,38.537939,-122.467775,Napa,44.80688968715453,0.0015031602513394147,61.90995513546405,1.4124747919108245,0.0
3361,fd18afa4-2577-4655-942f-7e6998783f7d,Well Fire,36.229742,-120.313486,Fresno,6.781988608422254,6.608489964412208,107.52502892876814,0.5329973603599456,0.0
3362,8767de7a-c662-4dd0-965e-7fb6be9793f4,Springs Fire,33.914308,-117.094579,Riverside,8.06314441283654,5.342087438901067,79.77771089114965,0.20075631884136608,0.0
3363,8e97c34f-a86a-43fd-895c-c22044e0c9ec,Crown Fire,34.465928,-118.196999,Los Angeles,25.445585848803805,9.415998239606953,62.590195022203595,3.4111588307956024,0.0
3364,63af4de3-436b-460f-9351-c8c4afcd40ea,Serena Fire,33.52512,-117.09457,Riverside,5.865244092248191,0.0,48.81120140168903,0.5676696314744886,125672.81489999998
3365,c7154033-1cf7-41e9-8442-0a318020786e,Blue Fire,35.715926,-118.814608,Kern,61.28487942936507,27.421301550624804,165.9521052502518,1.1345189693179787,0.0
3366,724258fc-5e0b-462f-9d51-8d63e5aaa56b,Swiss Fire,38.306181,-120.405261,Calaveras,87.88539596920263,26.877084553618925,81.14135541199096,14.486525282184,0.0
3367,570d39ad-89ee-4cc8-b78b-d1daf10fd202,Bourbon Fire,34.3962,-116.99484,San Bernardino,32.20491138167729,14.946574453424786,125.90111263494197,0.05663727969910692,0.0
3368,a119566a-d30d-43e6-93f7-f61cc3b39bf8,Jess Fire,41.274119,-120.311009,Modoc,163.30648818734002,29.570322081821402,26.082264535408182,16.273907706841435,0.0
3369,ea14fb04-6c0a-4112-ab2a-2a98bc961ea1,Rider Fire,33.83131,-117.27363,Riverside,2.3889671487053006,0.3802735236318721,62.149342892667406,0.6746725637709609,0.0
3370,1493c551-1d09-4320-ae4b-7bcd393445b5,Hill Fire,36.287227,-119.084457,Tulare,82.70485023308825,4.034076654025618,171.73202632099898,2.9858531149335517,0.0
3371,83465b38-5c6d-4392-8448-86970f42bf82,19th Fire,36.20001,-119.79721,Kings,27.31018972191481,7.714011284076114,136.243921428631,2.8663027660193356,0.0
3372,26a0942b-6d04-44e1-9220-933ce5a7d782,Yearling Fire,33.980189,-117.472118,Riverside,7.076566030562766,0.0,62.85258452504287,1.6274628328993628,423859.59299999994
3373,6864ad9e-7151-4342-970a-503bf9cce65a,Iona Fire ,34.72345,-118.23457,Los Angeles,43.062885798237126,2.157928114083485,86.87384974002136,0.5183350328152208,0.0
3374,3aa2187d-4e91-428a-8854-18a4c5913d64,Ember Fire ,34.7041,-117.9543,Los Angeles,59.00665552212123,8.384548330088858,96.9352590166493,1.4041551335944191,0.0
3375,5ca7540f-d4f3-47e5-9143-d1cb93485817,Keaton Fire,37.313499,-120.915156,Merced,16.551373050592932,7.763078263954349,112.37598046981067,6.629640842184731,0.0
3376,6ba31b8b-84a8-47d4-994e-5444cf0bb746,Palomar Fire,33.610407,-117.283536,Riverside,1.8389875542085674,0.0,42.539231048603256,0.010676920192400427,125672.81489999998
3377,15fbf4a2-9bb5-4268-975f-771f7ffb7d04,Snake Fire,34.878679,-118.240713,Kern,52.092901420895465,0.9759893880250542,103.06760383003744,0.5627550895947337,0.0
3378,de3a56b5-3ac2-4b3c-a985-daad3c5aa8a6,Vista Fire,33.7288,-117.3217,Riverside,3.952029433155433,1.0323212500460588,50.569913080285474,1.4403080156666652,0.0
3379,8c870ebc-7b53-4eda-bf16-2b95ee692184,Johnson Fire,34.615749,-117.171806,San Bernardino,5.247956665038381,4.972197346835553,134.62449948227172,0.8266187896356618,0.0
3380,6960bc16-2480-4343-8506-588db44fbbcf,Skyline Fire,34.164345,-116.438693,San Bernardino,30.40705134819598,1.6498737353727566,141.1035269596261,5.02555079529903,0.0
3381,c0c3e864-a454-4ba8-8fa0-e56fbfd6ab9d,Tumey Fire,36.616572,-120.656805,Fresno,3.9031989342742586,26.86889277567152,109.91815086960932,1.0316806089404902,0.0
3382,3c354867-68ad-4b7f-a7bf-5d7251b88646,Helios Fire,35.322168,-119.942661,San Luis Obispo,40.750138966991486,45.83507482678848,72.3326028907855,6.349566886997622,0.0
3383,bcc43650-20be-4486-915c-5cee548efad1,Bonita Fire,36.085667,-118.335167,Tulare,120.85259063065666,50.938384042246554,143.16416775997664,30.97919722900893,0.0
3384,44bc2754-3cc7-4247-b53c-42e50257c0c0,Reynolds Fire,36.9757612,-120.647066,Merced,16.704218911043768,0.12442577660242013,125.72381437969567,1.0043492959833378,0.0
3385,fb18425c-1e54-428f-a4dc-48b14f4780c3,Line Fire ,35.536333,-119.791,Kern,15.24416422310962,33.89399161070626,94.99698199402533,0.8804865805461605,0.0
3386,b65a6742-3951-4dd2-8df2-93674dbf8071,Redrock Fire,35.4001,-117.9112,Kern,96.04056764103774,28.211582939726913,167.5700746349986,7.537144277140189,0.0
3387,409e2a7f-6968-4809-a7f3-b4b70bd74291,Lincoln Fire,33.540065,-116.078972,Riverside,16.88083291805296,1.5396370439895337,101.43329301386974,1.3897902178541712,0.0
3388,fd2061ea-b07b-4f90-8a3a-d11892a132b6,Hog Fire ,36.8712,-119.2907,Fresno,108.2605982635162,23.483565416949684,135.70039887389984,0.2961180530663709,0.0
3389,1aa9c33d-38cd-4902-b778-70e6edef57ff,Lost Fire,35.6405,-119.6618,Kern,0.7131880580920359,22.282774021527086,111.01745698115344,1.0821050824379603,0.0
3390,4b99c6e4-0545-47f4-9a38-aa8955d6d05d,Carbon Fire,33.9231,-117.8182,Orange,14.55472086154912,0.0,37.94527299762872,1.392891949500652,1351187.3420999998
3391,3ccb43c8-cc08-432f-bb6a-007d59b872b4,Pine Fire,36.165819,-120.869922,Monterey,52.13610849179592,22.528338837161815,64.98726872348797,9.837998809564873,0.0
3392,b9b88cd0-51d6-455c-bc93-f098c3fa0af6,Ranch Fire,35.645549,-118.949713,Kern,47.31648297100092,21.540739137261568,153.8676259201253,2.709957447528157,0.0
3393,ecff225e-aa0b-4a4d-a5db-875f9434ce74,North Fire,36.683543,-119.667943,Fresno,68.75621446481898,2.240133579222044,173.61136875040197,0.18713040885001053,0.0
3394,7fc17a2c-aef0-4d3b-ad48-48365dfa11ef,Panoche Fire,36.730983,-120.361017,Fresno,23.953755518325075,1.7270411545267894,138.68192119439766,0.007603823633964329,0.0
3395,a1b88170-c656-48fe-95ae-62e743ae075a,Douglas Fire,36.883029,-120.491517,Fresno,23.766253348242927,0.009362573335393528,137.09139896439643,1.284375496351745,0.0
3396,5d410c0e-21e9-4880-9cbc-3ba97dd9d50e,Trinity Fire,34.417488,-117.525153,San Bernardino,8.983459234158786,0.20361254223382533,97.26597042556847,0.9871113367667808,0.0
3397,a7560095-9bca-4fef-944e-275e9b0cc894,Landmark Fire,33.228012,-116.523796,San Diego,44.74834681063541,32.85520525996158,70.90364109732943,3.885146289307508,0.0
3398,f7af6142-3c44-4005-a255-6a0bed6544bd,Gopher Fire,33.463566,-116.91934,Riverside,20.11259091450772,12.280587221401328,57.60960384448748,10.453110108030824,0.0
3399,4ad31b21-bf4f-4059-8e5e-795cdbddb512,Inyo Fire ,35.750712,-117.848333,Kern,119.92231798498781,13.075185747452814,140.97805390222015,1.342061525033275,0.0
3400,b4cbaac9-ad43-4dc7-85f3-e8ff1c7dddf4,Tower Fire,35.359142,-118.793342,Kern,36.10046746830459,5.304861247279928,131.54219240846226,1.318922127146506,0.0
3401,11a1fd0a-1989-4260-a35b-0ccce7ad51cc,Dutch Fire,41.864171,-122.726125,Siskiyou,12.674127065696528,12.909755164858149,15.517990684821008,14.84838965734193,0.0
3402,2be4f2a6-19d4-490e-8648-1acbea88a198,River Fire,41.867405,-122.739601,Siskiyou,13.85056752318494,13.795322898587806,15.161277592176999,15.361753600656373,0.0
3403,c7856e79-80de-4757-b2c5-e2d91f62cbac,Landon Fire,37.366165,-120.368915,Merced,63.165493845642025,4.388813049712587,157.81604733812725,5.574988883965445,0.0
3404,c84c6685-b14e-49e0-9db4-9478594fdd26,General Fire,35.2854,-118.7336,Kern,34.70304754273617,10.032007646181343,127.4540179994042,6.7095970421487365,0.0
3405,a097d90f-92f1-4d05-9f72-d7fdc35e0347,Baker Fire,35.303795,-118.683831,Kern,39.4545668773341,14.883958428474735,131.68691089343938,11.238619444971183,0.0
3406,e2ba6bfb-8fda-42aa-a950-b804dcde81f3,Curry Fire,37.220781,-121.782603,Santa Clara,14.269181752975822,0.0,43.27094289524315,0.06811236101702596,221900.11229999998
3407,da287753-457a-4eea-8ff6-5c43108e2de3,Canyon Fire,35.500247,-117.858482,Kern,99.69927989634948,16.313502871038985,162.06398094442807,8.169051980032279,0.0
3408,dc6385e4-38c2-4697-bdb8-b623aab54957,Acorn Fire,34.432653,-117.630638,San Bernardino,16.90955872127454,2.147995201108084,93.52409730959252,6.257489654867593,0.0
3409,8ab7c3b4-4542-4ee0-afc3-0d1dee5a5195,1st Fire,33.9217,-116.966021,Riverside,0.6107391873613203,0.0,87.89052798618465,1.1218693179415191,423859.59299999994
3410,f89cbac1-8f8b-4b74-8bd7-3d96c5abc059,Harvest Fire,32.578508,-116.945135,San Diego,8.620701156313347,0.9389948556579211,3.1664969748993874,0.015644438723599642,0.0
3411,23fa20df-873a-4096-837a-e30a68b29ae5,Haven Fire,32.73624,-114.62211,Imperial,0.5342790739993174,0.1169722175605082,0.6840699771875703,0.06913581780050275,0.0
3412,73e860b1-7a78-495a-a815-97ab4073dfe5,Famoso Fire,35.604977,-119.043958,Kern,38.31082429166306,15.7715171956931,146.5948219973705,0.6483888434716776,0.0
3413,74e163e7-30b8-4e8b-bc51-7adea98abbf5,Ethanac Fire,33.738839,-117.189192,Riverside,0.0013106928530101105,0.030579518948814086,59.149508065465,0.2828777441385375,0.0
3414,9e56db7b-14e3-460c-9af2-8da8804bda9d,Brite Fire,35.335226,-119.497705,Kern,11.325899417139313,18.403158417303903,107.85246293095392,3.9183996688492213,0.0
3415,2d11e5f1-316b-4af7-b8e7-29a1304006a4,Orange Fire,33.815645,-117.226115,Riverside,1.121234663833798,0.0,63.6027794762607,0.8155104230719988,423859.59299999994
3416,b59aee07-23a7-4975-a2f8-bb47cc51953a,Willow Fire ,34.8662,-118.3448,Kern,42.91574022183554,9.754147751715122,99.42825409528156,1.6625084469274751,0.0
3417,a63ac327-fb68-4511-bc6c-f05a8a84714d,Rick Fire,36.720057,-120.387081,Fresno,21.475227930848195,2.8952276513438098,136.10976845633206,0.014556383089720461,0.0
3418,3e3f0399-f519-47dd-b8cb-09be4fae33e3,Lake Fire,36.38595,-120.139041,Fresno,15.274781838178463,19.388584737646436,130.77298107356805,0.013431948842115361,0.0
3419,bc4030fe-3e1c-469e-9513-839074a60fda,Mayhew Fire ,33.762371,-117.471416,Riverside,0.042638416089815404,0.0,43.94639619631236,0.006767088087292553,423859.59299999994
3420,38072cab-1319-4e37-8cf7-eff12add7f41,Ramona Fire,33.845919,-117.204183,Riverside,4.183264702880741,0.017642309563993326,67.49908872856392,1.1876084552862138,0.0
3421,f0fc59fc-1fe0-4e4f-b8fb-bef190a41302,Bradley Fire,35.809708,-120.766961,San Luis Obispo,65.68192248170226,17.263686665657147,46.272714203067615,9.803857374912605,0.0
3422,1ee38364-9936-4498-bb3f-340d3d292411,Tracy Fire,37.658226,-121.434348,San Joaquin,0.002166000716085267,1.9754262814993644,97.39264172420351,1.8979736014387045,0.0
3423,30296316-305f-421b-9854-0c2b769b0c44,Desert Fire,34.862116,-118.2149,Kern,53.158072510589705,0.18328965428205468,102.01229401294071,2.0637789406678952,0.0
3424,64091406-1800-4b40-a3da-126532fa8125,Grand Fire,33.9981,-117.7797,San Bernardino,7.822366672871981,0.0,46.269523786675,0.6803753489294114,1351187.3420999998
3425,a9494c63-3df9-4f4f-b8c5-8b631fa52097,Rowlee Fire,35.7708,-119.4643,Kern,23.477429725146003,12.141885202879136,133.8739678944003,0.9096180403987643,0.0
3426,4b0a38f6-3958-41c8-a1e5-d346d74b64b1,Santa Rosa Island Fire,33.912726,-120.092289,Santa Barbara,147.55157914043414,58.26989354243558,6.550464859323739,59.91152818203376,0.0
3427,1545d4a0-bde9-45fb-81c6-426f8e4b597a,James Fire,37.970915,-121.825759,Contra Costa,19.92885422322689,0.0,69.94435632711838,1.3442207099217198,62708.025299999994
3428,2991ccc1-2ca3-4255-bf3a-b20b64c02d3e,Champlin Fire,39.969727,-122.080013,Tehama,10.270073633128634,4.765370412058812,155.54825520895557,1.960906597318033,0.0
3429,f09a7b89-4a89-4d1e-a372-6885b9937c75,Pass Fire,37.746519,-121.654592,Alameda,2.4401476819392256,4.564088568391919,81.11193649003309,0.10302818569485679,0.0
3430,b1b03429-6b7a-4c49-b71d-4dba01f1d7eb,Dawson Fire,37.608814,-120.4611,Stanislaus,64.04137840284199,24.487535226137826,142.7406669455916,3.234100884145428,0.0
3431,7a578d42-20dd-478a-8689-c0399a75262a,Tennant Fire,41.666615,-122.000899,Siskiyou,42.15791282717977,39.834862019529986,37.3994864357892,14.426893895686506,0.0
3432,abec3b38-22dc-43ed-bc7f-56c0c97c81ee,Gibson Fire ,34.988441,-118.829313,Kern,10.284344235248604,19.079001758720146,95.25474521799926,2.534131424229482,0.0
3433,2db61f6d-71e4-46c7-9c9b-5bccc6bbb361,Rocky Hill Fire,36.05049,-118.967963,Tulare,77.82950026568653,0.4065395269181446,184.27576374476175,4.05732565351403,0.0
3434,b3e2e77e-1d43-42ef-8954-927b0473ed12,River Fire,35.442882,-118.784317,Kern,42.927158134347756,4.95471786217612,140.02776893080932,0.2962694997677435,0.0
3435,5817a8d2-ef23-46eb-b52d-21a7b6a36999,Wood Fire,35.2920419,-118.65965,Kern,40.24289186092594,16.04221410542963,131.8945217512079,13.199021255779032,0.0
3436,9cfb1ec0-755c-464a-9f11-0dfca8847902,Sandy Fire,34.249653,-118.744109,Ventura,21.257649979140723,0.0,29.919684732680068,1.422950276922127,24444.8379
3437,91976d4f-ef86-492b-8280-c7b16121927a,Wimer Fire,38.083485,-120.963414,San Joaquin,33.14623476221404,7.642180265592929,131.81370711538932,0.12670978779111342,0.0
3438,df467b78-e630-42b5-ae2e-80d9aef54638,Burro Fire,34.251583,-117.842907,Los Angeles,14.497812206606879,9.943263811044085,66.82687946942734,11.489594991637475,0.0
3439,dc8fdbc2-ebd3-4f33-b7ab-3aa54ee9a200,Isaac Fire,34.7003,-118.258932,Los Angeles,39.88537710010342,1.7421552390927635,83.70355168577312,1.2244438336400405,0.0
3440,483c7458-c33d-4dae-9abc-6566ef6327eb,Landfill Fire,37.385657,-120.503095,Merced,53.86696831701733,3.1269630576202236,149.21813431000916,0.2216292191686527,0.0
3441,5acf5b07-2b95-457f-bf98-6b8d5c9c1c64,Frontier Fire,41.644264,-122.357874,Siskiyou,13.32570997977811,22.485667666281007,40.45848673754434,0.4732102076774697,0.0
3442,0d48189a-21cf-48ec-9bd0-642edd018552,Willow Fire,33.936949,-117.750012,San Bernardino,14.884935220963833,1.9004906734885105,43.80317634765877,0.9562103916983519,0.0
3443,ad43f187-d40a-4e93-ba2d-d4ea08c8b63f,Bain Fire,33.964077,-117.50467,Riverside,4.06579611392685,0.0,59.775781492404676,0.34872959185204466,423859.59299999994
3444,d3407a0a-c308-4e10-a15f-08495b10f278,Tusil Fire,32.7198,-116.3825,San Diego,0.5087603476841417,33.156716115838925,13.589860949151605,1.9727420150228379,0.0
3445,63871968-492d-4948-9902-f5a03e924f14,Verona Fire,33.7639,-117.0809,Riverside,10.028138891029302,1.3367280729656819,67.71350832486142,0.6508664891891046,0.0
3446,684a57ce-09f5-4c9c-a372-b9be2c342458,Santa Fire,37.0326,-121.15093,Merced,14.509051853167499,24.162936357413784,83.38795214190186,4.160728357825384,0.0
3447,a9e698a7-e914-43c6-b2ab-8cccb6a08b9c,Foothill Fire ,34.886119,-119.611649,Santa Barbara,54.384720226463976,28.979453921300284,57.42923112843253,4.582753504718245,0.0
3448,942af93d-f1a5-467e-ad37-b327eedc3442,Whitlock Fire,32.92584,-115.2916,Imperial,16.885747696218253,13.309613531167587,27.201283478026458,0.06631697127956393,0.0
3449,786b9d0b-dd65-4d6a-a727-e376165933fc,Kirby Fire,33.555036,-116.648373,Riverside,36.72943989031287,24.719424529594683,84.40915914649885,0.017596180894026897,0.0
3450,04771a55-93ea-4810-a05c-23ee7fb2c8d6,Pan Fire,36.730983,-120.361017,Fresno,23.953755518325075,1.7270411545267894,138.68192119439766,0.007603823633964329,0.0
3451,f5ee46e0-9d6d-4b5c-b54b-860727d07313,Golden Fire,35.639022,-120.658143,San Luis Obispo,69.8333482987578,0.0,37.011423126231165,1.9235205620084723,24620.7516
3452,892da051-a182-4f74-95fc-5356d605bd36,Alta Fire,34.7904,-118.5278,Los Angeles,24.76265401777634,26.838518978398366,89.0334443599771,1.748140105434509,0.0
3453,8b2039ba-d272-4a79-82fb-d071a6d66417,Sierra Fire,37.841898,-120.826987,Stanislaus,39.72715147404867,5.6982400005352964,144.33344952895357,3.1812507130074756,0.0
3454,99028a9e-31f9-4a3e-abff-b70fdb19369f,Bear Fire,35.322078,-119.898219,San Luis Obispo,37.7472962806205,42.17515878430717,76.13967280538056,5.824085276175837,0.0
3455,0978d823-3b2d-4363-b7fa-00e1ad015af6,Norton Fire,37.962,-121.88,Contra Costa,15.130046224323035,2.909158047910839,65.10156819449017,0.29297705002686814,0.0
3456,8402e8a8-84fd-413d-ba48-27c188805a86,Irone Fire,34.8689,-118.3801,Kern,39.90827532979487,12.980867486986595,99.13793873939161,2.586305702671184,0.0
3457,b5ea778e-6257-415b-869f-4636b95eb90b,Chick Fire,38.608579,-122.064413,Yolo,9.650156838804278,9.567811405547983,96.45779989092917,6.592646692665522,0.0
3458,b5464d49-fbe9-48e0-8577-85242e26d5d1,Twist Fire,37.882716,-120.390403,Tuolumne,77.93057709319848,6.283602343879856,115.75076156116681,6.179699547276413,0.0
3459,4e779b08-433e-4492-9975-b76ff878b1c4,Garden Grove HAZMAT,33.7869022,-118.0007,Orange,3.5701685127281753,0.0,15.28767263314351,0.10747973806633672,1351187.3420999998
3460,1f5def9f-69f4-4991-b49d-0b422b501700,Orange Fire,36.602544,-119.296016,Tulare,90.55977285135187,1.7840476486273151,158.2941731617639,0.011857693320867424,0.0
3461,0c0ec6ab-2a26-4274-894c-875d88459c8e,Bucknell Fire,35.274235,-117.739303,Kern,75.1550475460626,22.990057755268445,161.2811090991822,10.495970731187057,0.0
3462,24057501-30d7-4d52-ab98-12c781d5c0de,Prunedale Fire,36.996788,-121.479097,Santa Clara,42.00021721207912,4.623804698204306,53.97989323417799,4.382889424721381,0.0
3463,9c726442-725b-43b8-a49f-3ec1d50833ba,Henry Fire ,38.009602,-121.920464,Contra Costa,12.816733612146182,0.0,63.54163627959231,0.5230634132508228,62708.025299999994
3464,2457c3f2-4403-47bb-9bb1-2983bbdf17bb,Saddle Fire,36.798788,-121.321942,San Benito,42.307564955373714,0.3476993115113358,62.807456067323095,0.4742919634713183,0.0
3465,cfadd37c-529c-44c5-8322-5cf39c54ce7f,School Fire,39.335541,-121.526981,Butte,55.7598389074316,9.78524001057609,130.9799954415205,1.8189301628107213,0.0
3466,6d9c03f1-15d3-40bf-b6c3-9a610e180245,Nevada Fire,34.454,-117.50852,San Bernardino,11.501272676593798,0.8441511577758066,101.46813587237685,2.6230141623119385,0.0
3467,13e20a10-f145-4fd9-9f2c-5c0d36f06612,Lawn Fire,37.407044,-120.096517,Mariposa,84.54690423644989,22.460139979501815,138.49668208991986,9.709597448536845,0.0
3468,89cb73d4-2dae-4ab3-8532-39613e3e56ec,Palmer Fire,39.013745,-123.323886,Mendocino,101.16382099878443,14.30027590655512,37.82979006010608,1.1171600940682935,0.0
3469,21d53170-b5d9-4fb2-a771-73e47c76bafb,Border 6 Fire,32.56692,-116.76388,San Diego,25.035679256435845,12.966905180825815,0.195976394847327,4.304229095836988,0.0
3470,22474354-a32e-4b22-8a1e-8e2872508b5e,Red Fire,40.092791,-122.430189,Tehama,18.121850504085383,14.704545073684166,130.34674888999055,12.966773636542142,0.0
3471,c7392ba4-582d-4f3c-b61c-1000c6323c9a,Lake Fire,36.683468,-119.41907,Fresno,87.45100004511602,7.287220456657818,158.87872960780257,3.368549147581869,0.0
3472,08e8baa4-6647-46e1-a6dd-9ed69dac9acf,Sage Fire,36.210054,-117.979622,Inyo,153.5701438485739,64.83371372475517,111.45837969028908,0.8614178295153951,0.0
3473,e2de904f-87cc-47ce-81e1-82ddd8beaa5c,Avenida Fire,37.651736,-120.32662,Tuolumne,76.81679069145467,32.43689615525559,131.44200923503303,4.264839219195139,0.0
3474,e857def0-c032-4221-bf5e-53f00a6c5560,Man Fire,36.604794,-119.543408,Fresno,73.53586883004185,0.0,172.79033780835653,1.2425721051969734,1228.263
3475,3dd5ae4b-6ae2-45ab-a88d-a7e91f2c3533,Bridge Fire,36.730983,-120.361017,Fresno,23.953755518325075,1.7270411545267894,138.68192119439766,0.007603823633964329,0.0
3476,78aa799f-3873-45d4-9a2c-cf83542694ff,Deer Fire,37.93668,-121.751171,Contra Costa,24.63804860220663,0.028045202901474615,75.30424663640684,0.43601772575932146,0.0
3477,e76fc299-3d0d-4eb1-9308-91e76f62624d,Holland Fire,38.764404,-120.797816,El Dorado,28.30900830432957,1.5669511445553252,73.83532321116962,0.7214846829956694,0.0
3478,8737af5d-e40c-47c9-8d4d-83d6194f6df4,Walker Fire,35.417,-118.5368,Kern,57.778034749201204,19.395707389655556,149.67451263650855,2.3150813164385404,0.0
3479,a213b607-fe6e-4193-b436-5836fd659828,King Fire,35.732079,-119.891484,Kern,11.724109598686619,32.549694252392776,100.94559734215252,0.14623698501373822,0.0
3480,9bb0311f-afbc-4388-9935-a61c4677711e,Pinnacle Fire,33.7430428,-117.249884,Riverside,5.486298415573516,0.8045490466987723,56.003647470568474,0.6580684361869493,0.0
3481,54c35e3a-aa1f-464d-8ee4-3f610f013b12,Lake Fire,36.240852,-120.103613,Fresno,10.535964018110253,3.002053667358925,120.3535296834902,1.6206475583275801,0.0
3482,f5dc6e02-cd24-43ef-b8c6-5ae604abd925,Mauds Fire,38.205596,-121.864364,Solano,17.651836005361783,8.038884125255985,78.55179228376855,0.5265623681005408,0.0
3483,2a818f5b-7c56-49a8-8fa6-c6576d4db89f,Blackburn Fire,33.693,-116.85,Riverside,25.477571365053475,5.102617903753304,78.12774361647945,4.902054359451997,0.0
3484,748385a0-7bfe-4563-9c63-50af2d65b170,Waltz Fire,37.379931,-120.227357,Mariposa,73.84141121214692,11.870651721128098,148.385146333911,3.157143307026337,0.0
3485,2358e709-05b4-4427-82fc-b955cafc9957,Metz Fire,36.359273,-121.217357,Monterey,61.59467068785445,2.5949807476908417,52.43289291464179,1.0524244040162125,0.0
3486,4c34a4e6-463c-4599-8205-41c255d5c842,Macy Fire,34.7802,-118.3501,"Kern, Los Angeles",37.95494782988668,12.29070569376359,89.98450317031141,0.47934696388626424,0.0
3487,8504bd5d-724f-4b51-8052-03ae1f0ffc75,Alfred Harrel Fire,35.442023,-118.904257,Kern,34.677563648169766,3.268237979915137,135.02995799359718,1.4196631815568157,0.0
3488,dda6b237-f9a7-442a-a841-f55a0c7190b3,McCabe Fire,37.1252,-121.088668,Merced,4.667285375635901,14.998448732544656,90.95493073425702,1.1282774494198087,0.0
3489,a82b36a3-8981-4be3-9888-2ee550025e92,Benito Fire,36.730983,-120.361017,Fresno,23.953755518325075,1.7270411545267894,138.68192119439766,0.007603823633964329,0.0
3490,27f0a069-7750-4e9d-93b9-568b614d2c38,Palm Fire,36.209064,-120.391217,Fresno,14.04621114757981,4.070774568092025,100.8244208188701,1.9308220567717322,0.0
3491,03025b02-a5dd-464a-a647-cb0265184067,Cotton Fire,35.778884,-120.194339,San Luis Obispo,30.62364324313202,21.4627903282505,79.4438464423844,5.465141410410719,0.0
