,fire_incident_id,fire_incident_date_created,incident_longitude,incident_latitude
0,2ca11d45-8139-4c16-8af0-880d99b21e82,2017-10-31,-122.309,40.774
1,8f61f461-552d-4538-b186-35ab030da416,2009-05-24,1.0,1.0
2,094719ba-a47b-4abb-9ec5-a506b2b9fd23,2013-02-24,-118.01651,36.602575
3,58f89ff8-bd3e-4355-b1c0-8fa05c747d3f,2013-04-20,-116.941311,34.288877
4,357ffc13-bef9-48eb-810f-c5de851972eb,2013-04-30,-119.635004,37.116295
5,53122f0f-fefc-4dbf-b2d8-566b42ced66d,2013-05-01,-121.595555,40.190062
6,d8d1c943-7b5d-4885-9043-f41075d6eded,2013-04-30,-122.350844,38.441792
7,64e4f81e-d872-44c4-ba8d-111fa77124ba,2013-05-01,-122.655616,38.638828
8,a1b14be5-a8cf-4e40-8588-96becf4c5879,2013-05-01,-116.941311,34.288877
9,ca68f3c4-4906-4952-b794-4531d7da8369,2013-05-03,-120.937494,37.160346
10,5649e78d-7c26-4698-89a0-b0fa9a35cf78,2013-05-01,-122.560862,39.514139
11,e2c4b308-9a2d-483b-8434-999bef9adc7c,2013-05-13,-117.4408,34.1834
12,958ce6d2-97f9-4848-8620-d14ab87f329d,2013-05-04,-116.855019,33.894055
13,e0d038e9-0926-4c05-8317-ec7075a04b12,2013-05-15,-118.9411,34.7861
14,e215290f-d0b4-48fd-be32-f599959347b1,2013-05-16,-116.161201,33.655638
15,39af7eac-c188-411f-8c8a-d165c5fca4a9,2013-05-17,-118.610044,34.49149
16,2b765a08-c770-4b19-baa8-00dffe3fa838,2013-05-19,-119.7917,37.1927
17,f17c523c-bf01-4245-899b-7c2331096dae,2013-05-20,-120.91375,35.49864
18,a60e315c-23d5-4ba4-869c-5c1e22a25e7a,2013-05-20,-116.907213,33.96201
19,13850faa-5bab-4fd7-bac3-433ce9250c4d,2013-05-21,-116.6534,33.9582
20,0b51d59b-457d-4a62-b066-55c2b8d400e2,2013-05-30,-120.90325,38.04993
21,e077e091-f890-477c-b948-eb23774b432e,2013-05-22,-116.900368,32.564465
22,859479e3-918c-42c6-bb74-5fdc17930a16,2013-05-23,-116.52579,33.12111
23,5b5ce06d-7ea9-4d28-b564-715fd0d04f3f,2013-05-25,-120.6368,35.5123
24,9795afee-7e60-4ab3-b5c3-7df67f91c5f9,2013-05-25,-117.187934,33.963591
25,07a5397c-a665-4f84-9a82-5f689cb2c8f3,2013-05-26,-116.5209,33.04458
26,abc61995-8bea-4be1-aa49-ee378ab3baaa,2013-05-27,-119.82429,34.55048
27,794412f2-1ba2-4217-ac38-49272a96fb6f,2013-05-28,-118.58688,34.419284
28,cb5f34a0-177e-445d-9349-dd94063a01d0,2013-05-28,-120.074655,34.611824
29,213dc89e-9f29-4480-91a6-aec5fb694999,2013-06-01,-120.05131,35.15832
30,98bfbb7c-8446-4e2e-a268-7e961353723c,2013-06-02,-120.33313,37.91529
31,1a5192f1-bc99-4130-8683-381e0534b76a,2013-06-03,-121.576804,39.434183
32,befb9d5c-c0ea-48b8-8589-2586be0275af,2013-06-09,-116.84137,33.99647
33,5ce45b6c-81b5-422c-9078-8c68dd872c8a,2013-06-10,-122.0437,38.4229
34,f9e85371-fc46-4f54-822c-7dcdaadde551,2013-06-04,-121.006939,37.03776
35,dcb21e64-9d38-47c2-848b-e8e0dea5c2de,2013-06-05,-122.703193,38.99233
36,bf37805e-1cc2-4208-9972-753e47874c87,2013-05-30,-118.423176,34.585595
37,2ad509e4-99f1-4e1a-81eb-839f772f9c45,2013-06-08,-121.737213,37.775057
38,e9505435-e861-4f33-9069-b0040fb2a135,2013-06-08,-117.1265,33.96936
39,369e41d4-75a6-4be0-a38a-5f7450553631,2013-06-10,-121.5747,39.9845
40,bf59bc5b-1398-4ae5-adef-6f61b9ee1b90,2013-06-12,-120.966016,38.27783
41,7055a440-5d4c-4f58-bac9-2954ff6698a5,2013-06-12,-119.75636,37.169379
42,a2cfda2a-21c1-4e45-90b5-37d931b4a926,2013-06-13,-119.628389,36.772425
43,bb2eb175-43a3-4a5c-bff6-e3669e52c1d1,2013-06-16,-119.91071,37.58202
44,fe47b1c2-b9c0-44be-8d10-f270056db35c,2013-06-13,-121.380862,38.729297
45,953f17a1-2034-467b-b48c-28da1a9af60e,2013-06-13,-119.558244,36.763367
46,2d1f0c40-92e7-4540-991b-d353ed68ec6c,2013-06-14,-117.302057,34.001745
47,05d0fed7-8502-4a6f-9c5c-b9cee0e75408,2013-06-16,-119.78106,37.015575
48,2b403f03-fe84-450a-90b7-befb8acc7e70,2013-06-18,-122.13802,38.08744
49,15e7e15d-f707-473e-b0f3-6534cfd845b7,2013-06-17,-119.463757,37.03087
50,23ec2f69-da30-4983-80c2-1f04bfea6f9a,2013-06-25,-119.2248,36.7218
51,d489b45e-dcba-4eaa-8bb5-6a23255562da,2013-06-20,-122.81796,38.98058
52,6011819c-19ac-46c2-aa48-0ee8be0e48c0,2013-06-28,-117.048397,34.071556
53,95399a9c-8b3e-4413-9f56-5ed57d3d81b3,2013-07-01,-121.74367,39.90465
54,58317b8d-7f4d-466f-b2c7-035c25fb00f0,2013-06-29,-120.8973,36.1531
55,522114fe-ada8-49a9-9bb2-5891103ff0ca,2013-07-01,-121.91453,37.96866
56,42690ee2-a5ed-4320-9a55-d5ff3d1a80f5,2013-07-02,-121.5747,39.9845
57,8b51033d-abc6-4ea4-8983-990ad4e1c45e,2013-07-03,-121.035,41.2415
58,c94959d7-eb88-4724-8feb-ba0662afca10,2013-07-04,-122.079871,40.012398
59,07fb8b11-f39b-4cd0-8a27-2d4fef7fe680,2013-07-04,-121.5869,37.7393
60,4c04a4e5-f580-4e62-bb53-2575c72d29dc,2013-07-06,-121.86216,37.74241
61,ee19b2ec-a96a-4738-994e-fb3ea016e053,2013-07-06,-116.47381,32.95435
62,a97d2b3a-3a53-424f-852c-5f1b8d199cc3,2013-07-07,-120.83417,35.62743
63,397ed8e6-6088-4e03-9316-8f50c65a83be,2013-07-08,-121.31634,39.206
64,3f64fc8a-8870-4e64-b60a-3e13c8532acd,2013-07-09,-122.7338,40.373
65,d778a3f0-2d23-43c1-b9bc-1ea33898fab2,2013-07-08,-120.298,38.774
66,e779a754-29fd-472f-8d29-46cfee32d3c2,2013-07-12,-121.7804,37.1438
67,873074c8-4b6d-417b-a78c-1d1430027805,2013-07-12,-121.1955,37.436
68,a3149fec-4d48-427c-8b2c-59e8b79d59db,2013-07-15,-116.72885,33.7095
69,7d4f107b-66a9-43d2-819d-ec855c2947bf,2013-08-03,-123.376,41.333
70,ed51bbd2-6f8e-4f46-9073-3673a583fada,2013-07-25,-117.352,34.316
71,c6cfeed9-55bb-4fdb-8a52-e4d947dba721,2013-07-28,-116.707335,32.612773
72,bee8c339-4f26-4b78-a5b4-a8a0ebdb8786,2013-07-22,-119.318,37.279
73,ba76c009-09c9-497c-b923-1ac8cf05c20d,2013-07-31,-123.176,41.32
74,0b51d3d5-bb3a-426d-9c12-c1878a01d7cf,2013-08-01,-121.50354,39.6612
75,d48a839f-d8da-44d7-9b35-b9f61aa28c61,2013-07-16,-117.164997,33.990128
76,0658b1f8-5323-4152-b6d1-b208736587db,2013-08-04,-116.99895,33.91027
77,86faecab-ed3a-4fce-95cf-89433a825c72,2013-07-23,-118.93388,34.90327
78,f1d7f375-8aa3-4cb5-a864-bae9bb90cbd1,2013-07-23,-123.067671,38.980846
79,591a56a5-e9c0-45a0-96bd-34098588c39b,2013-07-19,-118.9194,34.882
80,4423899b-6197-4ef5-9f73-bca1763f17e6,2013-07-19,-122.330879,39.961309
81,c9b5d1ff-c042-4b39-8bac-b10fb6fc6c13,2013-07-26,-122.51253,38.17693
82,4630e9ce-88ec-4159-9bc9-25ff5f8216cc,2013-07-19,-121.08438,38.63987
83,8fb3a438-3146-4b8d-8f20-bfa8d6610f84,2013-07-19,-117.2508,33.9634
84,2b300dd5-4474-4b8a-9b4c-3a3014afe27d,2013-07-19,-117.09306,33.94528
85,68dadbb3-6a63-483a-add9-491a69d9e0ad,2013-07-22,-120.696362,37.965364
86,1e8441c2-f426-40b4-9f4f-3de9f7e232b9,2013-08-05,-120.02778,38.25108
87,4867ac70-663e-48f4-b9ae-ca0a486234ca,2013-08-05,-117.40288,33.62236
88,ac568737-dae6-4050-b1f4-62ab1f9ec930,2013-08-06,-116.61,38.838
89,b5b63934-923d-4504-a9b1-75c885477a8d,2013-08-07,-122.5906,39.1591
90,c400203b-a7fd-4bd8-803a-f3c74bc32a2b,2013-08-07,-116.90427,33.86157
91,f3dcbca8-f8ed-46d0-8f6e-9c7fc2fb03e6,2013-08-10,-123.488,41.035
92,e16c204e-58d6-4f78-bc97-729b16ef9f83,2013-08-15,-122.578393,41.923323
93,db009f8f-8b9d-44bb-a3f6-83f319c84d72,2013-08-16,-120.839075,38.682378
94,62eabea3-40be-497d-94e4-150f011b925f,2013-08-08,-117.62,34.35
95,0537a175-8fe9-4f5f-b56f-77848fa195f4,2013-08-14,-122.48259,40.473356
96,0758e1c0-95ea-47e7-b5c1-5f3ea96bc664,2013-08-16,-121.38236,39.446268
97,8213f5c7-34fa-403b-a4bc-da2ace6e6625,2013-08-10,-120.65,39.12
98,2b84c8a2-e2e8-45a2-9221-e8075608c218,2013-08-09,-120.958126,40.88886
99,f23f8148-6ec4-4885-9729-0dad7c744485,2013-08-16,-116.10815,33.570291
100,ae025ba5-8b5d-48de-ad5e-3037de3d18e9,2013-08-16,-122.491894,39.013682
101,10445e2c-979d-49a2-82c2-c3789bd2449a,2013-08-17,-120.45233,38.06231
102,c7f05927-66a4-403c-9048-aeb42eca0211,2013-08-17,-117.451,34.287
103,92af9783-eda9-4186-afe9-447f61a92636,2013-09-09,-122.535496,40.498332
104,5015b3c2-2bae-4cce-9bf8-f1b25b0ce1e6,2013-08-18,-120.764666,40.00842
105,5421868e-52ba-4737-8169-325e0aa040e4,2013-08-18,-118.588,35.707
106,f21a41c6-0905-4531-9bdf-2456d0051eed,2013-08-19,-121.3754,40.5445
107,f7358513-329f-4dba-8980-4cd3a19b469a,2013-09-24,-117.417,34.2
108,956dbcf6-db40-4b61-b235-4ede14738f1e,2013-08-23,-121.85397,40.04263
109,b202bd85-c5ef-4bdf-8270-d556f95c3742,2013-08-20,-117.598,34.302
110,a4de6058-c68c-4924-bfb5-dc8ecc3b54c0,2013-08-24,-118.444,36.208
111,fea7802f-ba70-450a-9ad1-96e2751293a9,2013-08-24,-120.84716,38.89555
112,b5109726-5e91-4c10-96f8-2a5bb72e5a59,2013-08-24,-116.706,33.642
113,b30ee931-f349-4d21-a38a-d346c516b104,2013-09-07,-122.427285,37.667295
114,e33b2d80-7fec-4470-9e79-440d349b0d95,2013-09-08,-121.882582,37.90757
115,d332a628-6290-4e91-b8d0-4dc663b80c38,2013-09-08,-118.459,36.258
116,31f21c59-8a94-4b17-91aa-88ca14817162,2013-09-11,-117.106075,34.003151
117,eb5a3f2a-0c25-417a-af78-bb0d643247c7,2013-09-23,-117.908,34.149
118,308ce8d5-67c8-4edb-9e2f-bf6295f98d7e,2013-09-05,-120.375,41.73325
119,1476673c-df55-4c39-b117-d9d067f8a020,2013-08-31,-121.107022,39.333401
120,dd374f36-e7cb-4a48-91ee-e8be101e0f88,2013-08-31,-121.713938,39.731878
121,0875cf4e-9948-45ed-a76d-d74564319b49,2013-09-07,-120.959,41.569
122,5fb18d4d-213f-4d83-a179-daaf11939e78,2013-08-17,-120.086,37.857
123,f6f6fefa-ac4e-466f-815e-492416e37b98,2013-09-09,-116.746023,32.710918
124,51e00abb-53d0-4014-9224-2a853b1d6bcf,2013-09-15,-122.683,38.9777
125,ac469123-da14-4821-b824-c6cf66138514,2013-09-24,-120.8358,35.4393
126,b20a2031-12c9-4e9c-9f44-ac82c26e6c66,2013-09-28,-122.966,38.9252
127,1f94fce5-49a5-4220-bc99-f003ab4d3e60,2013-10-03,-122.289,38.628
128,1460f2d9-853b-4901-bed3-ac196e00bb3a,2013-10-04,-122.6503,38.34599
129,9fb847ce-44c7-4a11-a733-a6cc82838671,2013-10-05,-117.3092,33.341
130,d922e7c8-814a-412b-a40b-53072d0983ea,2013-10-04,-121.497,39.439
131,9a110003-2f4c-4ac7-a3e5-b4e713f8d1fe,2013-10-06,-117.6649,33.7655
132,0aa08938-eaab-4a60-8891-946197328f94,2013-11-04,-122.08725,38.67479
133,29a2efda-c28f-4a41-9c6d-8cb8f763d464,2013-11-07,-122.140914,40.483662
134,587c03e3-4831-47c1-8c03-c08176e91b11,2013-11-08,-120.751555,35.457978
135,20ba8b6b-78d4-46a7-995b-d8fa38cbf3b8,2013-11-08,-122.567525,38.882214
136,79d476e5-0b4d-48e2-a105-2bba5c1140e9,2013-11-21,-122.311,38.382
137,0adb968c-eb85-41c5-8e08-04c0ec386c79,2013-11-14,-119.13249,34.384
138,e9e43213-b2fc-47bc-92cd-117ccd6e4780,2013-11-22,-123.1478,39.0442
139,b4bc1480-cbb8-4ef2-8d5f-88a496d21d10,2013-11-22,-122.8498,38.8167
140,3f3e234c-04e1-4941-a79f-23ddc419bf59,2013-11-23,-122.7656,39.0448
141,720f1d0a-81b7-4a00-85db-be3d9587ea3e,2013-11-23,-122.5818,38.9289
142,7a168690-06e5-4056-97c8-73b834204744,2013-12-31,-121.717706,37.342186
143,353e7df7-440c-4c41-a27c-b35bb1e2831c,2014-01-02,-121.790183,40.134597
144,1fe0ea01-23e8-47a1-8fbd-ced6cf655e4d,2014-01-16,-117.8816,34.1703
145,6d75c6a4-12cb-4f18-8951-f2737e980916,2014-01-04,-123.773779,40.884415
146,d529636e-33d0-484b-9c6f-093ba33736b7,2014-01-25,-119.3415,36.8266
147,a67fe9bc-b8ec-4ed1-a2e8-06623aab7039,2014-03-08,-116.49,32.81
148,cb580f06-5d43-46aa-8b2c-f2b5a21eff02,2014-03-19,-121.4819,36.6313
149,edff6f87-80b8-4c0d-8f6a-45c6e798b7fa,2014-03-28,-116.1985,33.5982
150,1faad916-32b9-4cd0-94b8-dacfe71fa9f8,2014-04-19,-118.352,37.399
151,13bfff2c-cb2f-4ed9-a7f8-6985646a2d5d,2014-04-30,-117.547374,34.169346
152,d5cb2477-6627-4ef6-bab1-d0eecc4ad12a,2014-05-05,-116.222,32.665
153,9e5ee790-ee7e-4b40-b300-7a3046901162,2014-05-13,-117.133,33.003
154,91c3081d-33b4-46f2-8774-032c57f0f6a2,2014-04-30,-121.117,36.103
155,d08b0c4e-35d3-43fb-8af8-1756b1789172,2014-05-13,-120.454,34.609
156,2b35bd0d-169f-4a81-835b-13bf527031a6,2014-05-14,-117.284889,33.3529
157,b0b5efed-3edc-4a4b-97c8-95a79d12d0c6,2014-05-16,-117.550567,33.417572
158,ebea3cc2-c0ad-4de2-829a-0b544183461b,2014-05-14,-117.162,33.312
159,2c241790-d062-4b15-9a25-8e511c0febab,2014-05-14,-122.721,40.39
160,1b1cba8f-7893-4eea-82d9-dc78663fd911,2014-05-14,-117.1599,33.1137
161,cc18296d-573a-4737-8e4e-1221d75d1e7b,2014-05-14,-117.279,33.1109
162,b454456c-1fa9-4766-b179-6df36b4d844b,2014-05-25,-122.5983,39.1647
163,1a0bbf7e-7f9b-4359-9c91-85dec2e2869a,2014-06-04,-120.45087,37.76617
164,b5d32131-cf00-4e34-9e08-b74d68a3174f,2014-06-05,-120.452,37.787
165,ccc2ec2b-4941-4bbd-ae60-be6706d97f13,2014-06-11,-119.241493,36.742747
166,857e832f-17bd-4ad2-8789-99b003187049,2014-06-09,-119.525506,36.991825
167,45cf54ae-c166-4f81-816f-2e0ef959a56e,2014-06-12,38.453,121.999
168,50567f4a-c56d-4d73-9855-f5d81fa74025,2014-06-10,-120.197,37.7103
169,8ede9823-938e-4786-97b8-a0f42b852cb2,2014-06-13,-118.555527,35.70683
170,724209e0-12b0-4d49-b798-8ccacf95e668,2014-06-13,-122.345078,40.009827
171,2b382ade-87e2-4cff-92f7-67328139d7eb,2014-06-20,38.178241,120.679019
172,06ae83a9-125e-4cf5-826e-8b541b2308fd,2014-06-22,-120.66,38.058
173,2437bb57-1d09-4892-8c26-a60661dae1d9,2014-07-01,-122.454,38.664
174,da607cd1-32fc-44c0-bd7a-ba14ad0a14cc,2014-07-09,-120.703238,38.608336
175,3a1fab73-882a-478c-b289-504497db4d64,2014-07-11,-122.750788,40.4314
176,756d8f5b-bc05-4741-a5a3-3b20ca21906d,2014-07-04,-122.104,38.512
177,00089805-cdee-4607-8b67-1653bee463bc,2014-07-03,-120.904,41.489
178,8f48a8a9-facf-49e8-92dc-ea1147e53792,2014-07-01,-120.79,41.89
179,62c2a563-1768-4c94-ac71-694a553cfdf8,2014-07-01,-123.24,40.41
180,d2623c2c-ff3d-419e-a129-b3aa542c05c4,2014-07-03,-116.576454,33.078948
181,dc1a83b0-500c-440f-85d7-7090884f5487,2014-07-11,-121.5118,37.5359
182,0bc42201-27c2-4b3d-a329-ce44bc1261d9,2014-07-05,-121.3415,40.5719
183,1df51ee3-c15a-4266-bf3d-d52272189cff,2014-07-07,-121.0226,35.8218
184,61506ea2-3f16-4aa6-ba54-d7788c3a2b35,2014-07-07,-121.2687,39.1871
185,dcbc7afb-cdef-49a3-822e-20bbaa86a5d0,2014-07-09,-122.2215,40.6569
186,45abd556-f41f-4507-91a5-1cf2f751bb4c,2014-07-11,-118.15,35.642
187,9c21bb74-e919-403c-8a43-05f561669e4e,2014-07-14,-121.6129,39.4664
188,4d07ccc3-32be-4a1d-acac-18333884c97d,2014-07-25,-120.7819,38.5691
189,045a1a18-72e4-4579-b64c-f34b33a1031b,2014-07-30,-121.368,40.901
190,e3b7143d-6faa-4962-9fe5-c2d1559c5d20,2014-07-30,-121.2144,41.1336
191,3b2609f0-b3a2-493c-bf66-c5b5f64409f8,2014-07-30,-122.345,42.048
192,60ea04ec-5f5e-4a49-8fbc-fa50c17a1199,2014-07-31,-121.562,40.72
193,9d3fb01e-c29e-436a-82f8-c110a0b35179,2014-07-30,-122.805,41.141
194,59a31adf-4f31-4bf6-a6c6-fe62d2d2587f,2014-07-31,-122.127,41.682
195,952443ab-3af0-431d-9040-c73a45925401,2014-08-29,29.24,40.0
196,a2da7754-e907-48f2-a023-0a3053cf2903,2014-08-26,18.4,37.0
197,58e7e466-8807-404e-9ef6-5a6ae11a0084,2014-08-18,-119.6581,37.3433
198,91669a3c-d533-4eaa-a8d7-505d55f89e46,2014-08-12,-121.266,41.507
199,da500577-e558-4446-832f-0e537cc55204,2014-08-11,-123.374,41.796
200,64812487-ac4c-40da-b069-2884d7a04675,2014-08-16,-116.89516,32.59154
201,accb599e-35b8-4d5e-8d13-d0e4b0e4a1eb,2014-08-14,-117.771,34.235
202,d805c9b9-da39-4771-965f-b3cd4c37c84b,2014-08-17,-117.867,34.267
203,605ac5e1-9903-45ba-872d-3d9c437457d7,2014-08-18,-120.0805,39.3918
204,4b281a55-65b6-43e8-bab2-3689356d82e5,2014-08-18,-118.4747,35.7206
205,3b954901-aa80-4894-b330-c287d47b68be,2014-08-24,-122.946,40.7412
206,b22e378f-bfbc-40b8-aaa7-29ec6db13db1,2014-09-10,-122.171,40.7101
207,726710bb-32d4-46bf-9729-7f3396defcf0,2014-09-04,-120.3434,37.8316
208,d4523b72-45cf-4de2-8ccf-3905f1dc8dbd,2014-09-12,-123.753,41.134
209,7e564dd5-1d4e-4999-8aea-93691ad314ac,2014-09-11,-122.384054,38.695961
210,ba17d495-8ce6-4a0f-a3ba-487bd877969e,2014-10-07,40.34,37.0
211,3df6ecf7-f095-483d-b1c4-2dc969d61261,2014-09-13,-120.629714,38.805437
212,b3062936-6b2f-4177-b3f6-0fc288049339,2015-02-24,-121.851,41.485
213,568ea489-caa1-43c3-928a-9d0b836c0c54,2014-09-12,-117.601,33.748
214,a794ecf9-2e8d-4721-a272-a3e66d2e7621,2014-09-13,-120.999508,39.113682
215,614efdbb-937e-47a0-9ffd-919e5e0de436,2014-09-14,-119.604124,37.311915
216,ad164a35-8b27-4f96-b78e-952b08a333e8,2014-09-15,-122.37432,41.42384
217,f5552e75-f74c-4bc0-99b8-6c66ee8cde3d,2014-10-16,-117.70643,33.93869
218,7e60b4f7-8497-4155-9879-a3198b2ce696,2014-09-14,-120.028,38.59
219,0b2d503c-7bd5-45e7-b029-61306ae6e7c0,2014-09-25,-120.1140659,38.9195001
220,45a0a39f-b4b0-409c-9057-0942c567b7c3,2015-06-26,-116.9454387,32.6449163
221,84cb525c-7a90-4d31-8d55-d9729c05b286,2015-04-13,-120.70166666667,40.050833333333
222,8e3c0b14-01e5-4c41-8641-ff987ac10ad9,2015-04-18,-117.642759,33.884313
223,316804d6-471a-4c73-8b05-89b8abc8eeac,2015-05-11,-121.06963,37.08312
224,ccd896f2-f071-4d26-ba9b-f413de4d6b77,2015-06-10,-123.8292,41.1513
225,2aae391b-7b00-47d9-ba73-d71ad706bdad,2015-06-10,-123.168,40.924
226,17b99f78-78b8-4bd1-90fc-5d9c3cb61b95,2015-06-15,-120.19482,35.77937
227,e3272697-2587-45ac-b525-76b85fabaa90,2015-06-16,-122.3415,38.5287
228,e2077d05-1f06-4939-8857-9f630a4b722e,2015-06-16,-121.135426,38.260777
229,7934d7bb-15e1-4217-8fa1-552e4f3d8091,2015-06-17,-122.552,40.0133
230,fc2ea6bf-e925-49f9-8390-9997c01b612d,2015-06-17,-116.8534,32.9421
231,17616590-ce26-4c73-bf81-70d338d027ce,2015-06-17,-116.89277777778,34.160277777778
232,b5fa450f-9b84-4d90-9956-bda9dfe32f28,2015-06-18,-121.26471,39.2688
233,fa8ba2dd-c9f7-454a-870b-1b39c0d8b31a,2015-06-18,-119.523943,37.165767
234,0f537c6f-8a74-48f4-9fbf-ad00942ffba0,2015-06-21,-119.6958,37.072561
235,1ca8b1e7-5590-448b-86ba-6dfa4937baa6,2015-06-19,-121.033667,40.875667
236,e7b2df46-649e-4fd9-81c5-daadaa57bc8d,2015-06-24,-121.833751,37.974123
237,470d19d4-384d-497a-9770-cd2e2a3f3196,2015-06-19,-119.751944,38.598056
238,e61d1b0b-4f19-460a-a6ac-e83a6e0a05a9,2015-06-24,-118.535793,34.361007
239,ff28ce24-a13b-4903-85de-faec825de35b,2015-06-25,-117.243878,34.165974
240,7c98e8db-6a6a-4f66-bfe7-7d24e926c986,2015-06-27,-122.181878,38.519132
241,56dc8f9c-98e5-4aad-b3e9-bbee503b29e9,2015-06-28,-123.248214,39.7806004
242,8d5b00c1-0ec0-43bb-a03e-822d5fe2af52,2015-07-04,-122.3638,39.8448
243,58dda3b8-3643-4f73-bee0-0a4cae0cb079,2015-07-04,-123.303,39.0263
244,28b81794-bb66-466e-b9dc-337c47be5678,2015-07-06,-122.0789,38.4113
245,dff0f39c-bed4-4910-9c22-d9ccd4142809,2015-07-10,-122.1578,38.1029
246,64fa2a72-b964-421d-b88f-5ac2e37647d4,2015-07-07,-122.4397,40.5953
247,c8fb2c4c-2275-4ad1-aef3-859e332a1a47,2015-07-12,-117.0487863,34.0783472
248,598a3d54-ce60-466e-b44f-0e7c8f9e4ff5,2015-07-10,-121.0157,35.7183
249,48284911-67cd-4394-8aad-053d3b2cf5db,2015-07-12,-117.43942,33.986204
250,ca7da36b-1951-4d52-92b2-1a0b04aab586,2015-07-13,-117.7274,33.7626
251,8b35629f-50f4-4b32-b286-ce48cb1200e7,2015-07-13,-122.5029,41.8048
252,98b0706c-ac34-4d9a-9ceb-55996099daed,2015-07-16,-116.73472,33.21407
253,3d81d2e5-d6e5-4368-864b-a9e29e7e5022,2015-07-17,-117.478,34.339
254,0c9948a7-98ad-4b42-888e-a7c2a4f536fa,2015-07-17,-117.683,34.367
255,296fc88f-e646-4c89-9b46-3ac0f88ff910,2015-07-20,-121.5681,36.8727
256,9e2f6af4-ea45-4163-b6a1-e1fe9571fda3,2015-07-21,-118.824235,36.085212
257,098eb80f-1ecb-489d-baef-1440fa0e98d6,2015-07-21,-121.891226,41.999341
258,c2279826-dc2f-4eb5-9d3b-3d03eb0b139f,2015-07-22,-122.1145,38.4994
259,3135c367-1274-4cc4-9152-661f6fd7707e,2016-10-10,-122.43172,38.40958
260,ee7ec0f0-4f5d-4fe1-b2fa-bc15f91519b3,2015-07-22,-121.1548,38.9361
261,74635a69-f34f-4c6e-9e09-1a32d732bb42,2015-07-23,-120.404,38.776
262,0da79ccb-9701-4c27-8831-f10593fb8a90,2015-07-23,-121.172117,41.29226
263,12f68592-30e3-461c-b489-bc99ba52a38a,2015-07-23,-121.101623,40.856422
264,d7757da4-f9e1-451f-8316-26065888dfc2,2015-07-24,-116.868611,33.383889
265,a80b8ab7-eba5-4ef7-9992-0cf828138f1b,2015-07-24,-116.51684,32.682547
266,d6b4bed4-f3d6-488a-a2fb-54c7cbfbd8b3,2015-07-25,-120.882313,39.192088
267,8be9d271-ed9c-4bc9-9c22-4eff8956ab7b,2015-07-24,-123.784067,41.295667
268,8650f48d-5ea2-4dfc-96d2-f0d3f300b1e4,2015-07-25,-119.50014,37.279722
269,fe668595-0980-4f41-af0c-3f14c4d391c2,2015-08-13,-120.5577,38.052
270,57397ed5-93a3-4e60-9142-9a3e38164ee9,2015-07-28,-121.20324,37.24523
271,0a645cbe-2d5a-4e2b-80c9-cb9167641cca,2015-07-28,-123.774,40.1093
272,c316e4c3-4455-4a12-8ecc-af75339adf8f,2015-07-19,-118.54,36.24
273,7428460d-f47d-45c0-8a86-3fb653829860,2015-07-29,-121.38794,39.43963
274,23e85238-2966-452c-8f21-fa93a51e889b,2015-07-29,-122.4762475,38.8863538
275,259d9359-0cc2-4058-bfc2-f28ab2a540f4,2015-07-29,-122.199227,40.509552
276,efe937e3-8b63-4495-b578-e2582fb2166d,2015-07-29,-122.439939,40.415108
277,55a1ec97-90fb-48df-8414-203b91adcd76,2015-07-29,-120.15644,37.823
278,72c7a5c9-82c2-44c4-8bf2-241fb36e1ee7,2015-08-15,-120.61691,37.83618
279,652938d9-2f23-41d8-a49c-30b218594762,2015-07-30,-121.68113,37.81629
280,8232dfd5-eda3-4766-83ec-83365cf21d93,2015-07-30,-122.20109,40.49865
281,2a6270c5-859f-4ffa-91c2-ecbee5ebdd7b,2015-07-30,-118.9009,36.49845
282,9f031bfa-47bc-4fee-aca1-988462d6ab53,2015-07-30,-123.36316,39.43301
283,592f14da-405c-4e6d-a83b-8937322524ad,2015-08-10,-116.5387,33.5736
284,a063b897-28aa-43e5-b608-1b79f770050c,2015-07-30,-121.392,41.399
285,dfd02b2e-7e2d-4636-a178-0ebff2d170c8,2015-08-02,-121.93244,40.67868
286,f136ba8d-f6bb-4bad-9815-1d56f9dc8650,2015-08-01,-120.2903,34.9522
287,139766ba-33ac-442e-9a6b-b78d270c110a,2015-08-03,-121.18735,39.33303
288,6c5fcfc7-659a-44ee-b225-c4ae919882e7,2015-08-03,-122.40546,40.3929
289,293c6467-7b2e-43a3-94c1-41cec4339b67,2015-08-03,-120.105,40.938
290,3cc1aa4c-b87d-4b4d-99b1-83dc56291b33,2015-08-09,-117.2886249,33.4115972
291,ffbc1cb8-be33-4483-8442-85ab2587dce4,2015-08-08,-121.7786799,40.3506868
292,94a7ae52-fed9-4997-b972-1761aa4b89ca,2015-08-09,-122.4867319,38.8142503
293,fde8f46b-0225-4489-be2d-68453a524190,2015-08-16,-120.6269,35.3477
294,cbaa4a28-c732-4c11-9d44-7da6c3bd8e42,2015-08-18,-124.0720419,40.1058823
295,8fc920eb-ca45-4d77-9a92-1326eca602d6,2015-08-19,-121.3732,37.3845
296,909d6135-070c-4e3b-ba22-23877fb603c3,2015-08-24,-122.53428,38.831478
297,02d470c1-bf41-4ff9-9424-f680cef5bbbc,2015-08-22,-122.879272,38.925764
298,d0875efe-54fb-4cc2-b647-4f4d210df118,2015-08-23,-116.883,34.23
299,da522578-443a-4c52-a9bb-d72bbb84dcdb,2015-08-25,-122.96174,40.724898
300,0eed7005-6ace-4eb2-8919-eb131c246f84,2015-09-02,-122.0,55.23
301,3435fd06-f77e-42c3-8fa5-261cf0cb828c,2015-09-02,-121.0,26.42
302,bb500714-470e-4529-a15a-11d96e85cc68,2015-08-29,-121.194256,41.12362
303,40f44488-051f-4412-a577-c932f2ce751d,2015-09-08,-120.30188,38.04684
304,5046e2ed-e2c3-4932-8f89-64dcdf19022d,2015-09-08,41.46,40.0
305,75c14933-9916-4dfe-ac66-7d98706a5172,2015-09-09,-120.553075,40.400196
306,9a3df964-7794-411c-9043-967476fe77e6,2015-09-09,-120.553075,40.400196
307,13466833-32d1-418b-b145-f7ce1f7bf66e,2015-09-09,-120.70418,38.32974
308,f7067bff-efb4-4ca6-a627-6145836857ec,2015-09-11,-121.3363,39.5218
309,dbd39ec2-546c-4afc-9ff2-b1939eead03e,2015-09-11,-122.52541,40.47512
310,897d01d8-dd38-43e2-bcd6-fa62aac03318,2015-10-02,-121.8938,39.8707
311,8c788c0a-d1fc-46d7-a17c-23f786831f7d,2015-07-31,-118.905,36.874
312,7106ba43-100b-41f9-acbf-9fb9e9ab9ef7,2016-04-24,-121.08036,37.2171
313,c6f0705e-8bec-4a00-92a7-dc47245de7fa,2015-12-25,-119.34512,34.31953
314,3f31752f-4f51-4705-9fe4-50beec88a0e8,2015-11-07,-118.879444,34.15
315,8e71e23c-6161-480e-b8ca-f03147475e4d,2015-10-12,-121.32734,36.70854
316,fbd3c0a8-7191-473c-bb05-43616711b6c5,2015-10-29,-119.63216,34.4828
317,c27d03c6-361e-44b3-8335-a1fe06f88fd7,2015-09-22,-121.194,39.081
318,1f54817c-8832-4a47-8ede-ab8072f52677,2015-09-19,-121.589554,36.3699644
319,9569dcd6-c94f-4849-a90a-db58bfc77bee,2015-09-19,-121.7556029,36.5696373
320,2c77fa07-73e6-45fe-a527-5bd526bdef41,2016-04-19,-118.7892593,34.6888731
321,ffec404e-dea9-4175-8c50-8f2b0ca3efdd,2016-05-30,-120.528836,37.927613
322,55fa95e6-f09e-42c4-889b-a4b5b63dccf2,2016-05-22,-121.20059,36.38123
323,ace1f464-7a70-4dcc-b8c5-d64fb1021d0e,2016-05-23,-118.354,34.276
324,09ab0430-7679-494c-96d4-d7d938351cf4,2016-05-25,-119.654,36.88286
325,648cfdd4-f3f5-4faf-8ab1-a6f2cb5d9a6c,2016-06-07,-121.42238,37.17072
326,5080eb51-53e5-4338-95ec-618efe2bd7d1,2016-05-27,-121.78973,39.33035
327,6227f4ad-3e40-4f3b-b210-3e55483e1e84,2016-05-29,-121.595093,39.624017
328,1d76ca50-aa10-4f90-bd99-a80bcf2eacce,2016-05-10,-120.39993,35.61961
329,afaa2efe-d946-4ff9-93c2-459aad31b908,2016-05-12,-121.0381507,35.8378273
330,f1769b9d-c522-4a0d-92a7-f9c8321b9f1d,2016-05-15,-119.38248,36.78769
331,e0de216a-9544-43ad-9b9f-bc05247f0550,2016-05-17,-121.3090268,38.8390117
332,c88af25d-aff4-4b20-9c58-0b819c8ae99a,2016-05-31,-117.08829,33.41639
333,6afa1ccf-e1b6-492b-bcaa-9189cd3487aa,2016-06-01,-118.08591,35.84883
334,5f422963-a30c-4cda-9427-7a0e028b6039,2016-06-20,-121.6008,39.595
335,42fbaa73-e3c8-44ac-bf83-a576be6a804f,2016-06-27,-120.82266,35.70821
336,2225d427-97d7-4d71-a83a-814f38a1c947,2016-06-27,-120.8678,38.22017
337,b1b2a50c-c131-4be2-9398-8adee38c1c19,2016-06-21,-122.40142,39.93965
338,d570e949-a098-4af0-84a4-d70c4a0e89c9,2016-06-21,-121.37704,38.86804
339,f2b5faf1-9ff0-48b7-8151-25880262bec1,2016-06-03,-120.6955,38.64107
340,a757d4f9-2aa1-44c8-b986-ac00ca2fafdd,2016-06-03,-121.40304,36.80296
341,c5d590f0-97fe-4ac3-987d-ebceed6dbfc2,2016-06-03,-121.06452,38.3131
342,403e6185-c0e1-4b8f-a290-b50553a47b67,2016-06-04,-117.140883,33.476894
343,b8cf80c7-b617-4fe4-91b0-43b40d38c7f6,2016-06-04,-121.25029,36.01542
344,5c86c26b-e6c0-4e47-90b7-bc5da3885ebe,2016-06-04,-119.58206,35.01382
345,20e4887c-b772-460d-98be-d60f39171aeb,2016-06-11,-122.46777,40.61388
346,fef2ab8a-20d7-4dc3-b5c9-363aa1debef3,2016-06-17,-120.90265,38.26874
347,33099cdd-ccfc-454e-b5a3-770a69a30bd3,2016-06-19,-116.63028,32.60729
348,ae6a40fa-c0f3-460b-8e19-fbf4b5803bb8,2016-06-18,-121.3306,36.2833
349,10a8344d-e2c6-4585-8094-bbb30e48db8c,2016-06-11,-121.857,39.7947
350,bae93037-2a91-4189-b256-3325cd2b6979,2016-06-11,-120.251,35.77135
351,fb7d6492-444e-420c-9111-0f8999d3af04,2016-06-12,-121.04993,36.49914
352,103e1cb6-0a02-4ca8-8739-4cf77b5d1c98,2016-06-07,-123.557,41.623
353,ffb3293b-3349-49c5-a7cb-c488391e8a72,2016-06-15,-119.643,34.776
354,eb0fe9ad-f9f5-4bde-ad34-527ffd647669,2016-06-26,-122.15457,38.69971
355,6b542aff-fa1b-46fc-b3da-26c1afdbc446,2016-06-21,-121.6051,39.43351
356,91816ff6-d4ec-4f31-8d40-bf2538aca09b,2016-06-23,-118.45628,35.6115
357,61556003-7789-4b9e-8f16-5563624b4621,2016-06-23,-120.9293,36.1934
358,ec90eb29-e776-43da-a814-0c41463ae3c9,2016-06-25,-121.20155,37.07147
359,c27c5212-1891-4105-86ee-9f97016ef159,2016-06-26,-117.77395,33.57872
360,3822b8a2-1a89-40e8-b239-840cfcda7a1c,2016-06-25,-121.58677,37.74369
361,1bc85249-0d96-42d7-a23f-db99bdce17a4,2016-06-25,-119.14,37.97
362,489cea9f-b3cb-4615-b412-5ac5724c3976,2016-06-26,-122.50373,39.12366
363,b604ffa7-8cee-4724-bb82-f1f4553a192f,2016-06-28,-120.9375,38.96741
364,5689b708-61e8-4451-8ad6-68d9684704c6,2016-06-28,-121.003611,38.385
365,4cfb8712-1b45-4a2e-b0c9-6ed6ddde5657,2016-07-11,-119.39619,36.92244
366,79b446a4-d809-4aa2-9f30-091a05ed697d,2016-07-09,-118.57245,34.36763
367,2a04ab08-1412-4a3d-b6b2-7e5fc48f99e5,2016-07-09,-120.841536,5487.0
368,fe112320-013f-434e-b66c-101234292711,2016-07-08,118.9082,34.913
369,67c0a269-05bb-4b4f-af22-68a1c5ac3adf,2016-07-08,-122.72913,40.36873
370,69eaa890-889e-4be9-810d-3dcee8d55981,2016-06-30,-122.56939,40.0353
371,140def53-175c-4f5d-b8e3-de0643781ff7,2016-07-01,-118.72272,35.20993
372,8653f541-d3ca-44b4-9edd-5a4a57349f2f,2016-06-30,-119.144,34.701
373,f88a7291-9122-49fa-864d-b807fa360393,2016-07-01,-122.2071,40.07846
374,423df2bd-4464-44e0-8b8a-74f953613287,2016-07-01,-120.452041,36.0749
375,6f07d935-7d64-4be8-8e96-d34384686bf8,2016-07-01,-118.15589,36.58972
376,902a3085-e518-4090-a2e5-20d0482b4dc2,2016-07-02,-120.61153,38.02845
377,fbe85bec-6399-442f-8a3f-ca4a25bb2b3b,2016-07-10,-121.103642,38.517772
378,e55dd16e-1712-4b97-a2f3-add0877b98cd,2016-07-04,-120.62048,36.14161
379,8e920d15-72f4-4e76-a3b4-22a364d6cf19,2016-07-04,-119.65776,37.25601
380,174608a2-14fd-4278-9811-cb7e5e5a3883,2016-07-01,-118.63264,34.27619
381,7ebdcc3e-f402-4ab7-88d4-82d99d59b019,2016-07-11,-116.58542,33.11645
382,85832754-5848-4454-84fc-8b0a9abbff40,2016-07-12,-120.81394,38.08056
383,eb9d05b5-7578-44bf-9eb1-3ddba425ff20,2016-07-12,-120.67335,37.96311
384,b6b6ef56-0d7f-4c97-b072-74b712aa1e65,2016-07-15,-122.04726,38.8866
385,0dc19167-07b3-45e6-9bad-ad070934616a,2016-07-13,-118.21793,35.68313
386,69b7a19e-7be7-43c1-8779-c7110b22f552,2016-07-13,-119.39619,36.92244
387,73083049-8bc2-4444-911b-f3d0812fb70c,2016-07-15,-118.94811,35.60748
388,a32de567-3d32-434a-9128-7947deaec3bb,2016-07-15,-119.5792,37.0099
389,d96a2f4f-8e4d-4534-abe2-d90530e2bbc3,2016-07-18,-116.7945,32.9612
390,6a75dc36-9f37-4c3a-870d-345f94a8104c,2016-07-19,-122.7891,39.0863
391,be2805af-a801-4ca9-b9e7-14f3b896097e,2016-07-19,-122.59328,41.96191
392,bd2b7bdc-0f92-451a-a3a5-03569d27c952,2016-07-30,-119.50507,37.01591
393,2dae3029-2d17-445a-9fac-e95345b179e0,2016-07-21,-120.64241,37.98171
394,dc7637b2-fa97-47c7-bbce-c0fd1a015592,2016-07-22,-122.02564,38.33475
395,78eccd24-9fe2-4ccd-90fa-a1e0fdc19b41,2016-07-21,-117.35093,33.393
396,5d276af0-17d5-47d5-8f0e-86756d91b5c6,2016-07-21,-122.36924,41.71847
397,947aab39-3d8a-4841-8fc3-d129d8bbf6a3,2016-07-22,-120.81081,35.85093
398,977ac7ce-4204-4cd3-9f89-727142165261,2016-07-22,-121.89938,36.45994
399,d045584a-8838-4d64-91dc-3ebfbcd8e708,2016-08-31,-117.5221,33.6542
400,383c3df6-a1eb-40fd-b798-41481dff679a,2016-09-03,-117.4415,34.25858
401,c94fda40-ab7a-42d1-bfc9-ca5f39fb6e7d,2016-09-05,-121.571,39.6871
402,2a2e0af5-24d7-4903-bab4-3705f5d788fb,2016-09-10,-123.5044,39.7299
403,324a3c48-efcc-4385-ab87-baf0b5e29b5d,2016-09-07,-117.3189,34.3183
404,af8f8070-a3d6-4ca2-8e2b-6da1049a5bea,2016-09-07,-120.51887,39.39051
405,47ee7239-2bc9-4794-8582-982a92fdda9f,2016-09-10,-122.4096,40.68192
406,f273dffb-e1eb-48dc-b0f9-908857e78095,2016-07-22,-121.00299,38.79549
407,0b655a9d-94b3-4095-acfd-d40ac8347318,2016-07-22,-116.9571,33.00056
408,416155ea-f8ff-43cf-abf0-e888584bf5bc,2016-07-24,-122.1885,38.01264
409,7066c984-1420-4c59-b175-9536da4c5d14,2016-07-29,-119.4741,37.24006
410,f4026428-ad5a-42c7-b68e-959554a31343,2016-07-30,-120.69521,37.81434
411,4c88252e-34a5-4912-a590-2c4539866c62,2016-07-30,-121.79669,37.41896
412,4f623d67-d74b-4e8f-92f4-ed728970e20e,2016-08-10,-117.14547,33.22558
413,140161a1-ca06-448a-87f2-27e688b2d922,2016-08-03,-122.26736,40.19611
414,e5122d1e-2bfc-4fa6-8152-da309e02c004,2016-08-02,-121.7192,39.6708
415,057fd4e2-7400-4fc4-9b23-3daf67fc8610,2016-08-02,-122.06788,38.52513
416,f645bf93-57a3-4fdf-9544-d255f8311dc9,2016-08-04,-118.60344,35.24504
417,8505d2db-7c6f-445e-9bff-407e99cac614,2016-08-04,-119.7738,37.3228
418,38fe21ed-2019-4be9-abdf-bf46ac5f59e3,2016-08-05,-120.8657,38.2581
419,b82b0e22-4155-43dd-ac33-1da015b6d3d2,2016-08-12,-121.68577,37.06531
420,69c7b8cc-061e-4ca6-b5e8-83c6ae9d8a25,2016-08-07,-117.27338,34.28771
421,28b9dc5f-f9c0-41fb-81d6-8db562122f00,2016-08-09,-120.51057,36.09974
422,ef4185e8-9b3a-421f-9fae-a0b954b0b3c0,2016-08-09,-122.26015,38.68403
423,346c59b1-375e-4d42-876a-d97b769c939f,2016-08-08,-120.51057,36.09974
424,ea5193a1-69bc-4684-bfcd-235c17d36756,2016-08-16,-117.49342,34.30372
425,93995926-26b0-4158-9f93-fec263f40b47,2016-08-09,-122.47091,40.61213
426,861bfbd3-ce1c-46bd-a32b-2848b7399119,2016-08-12,-123.77832,40.9878
427,040d03d0-fbdd-438c-8174-f81e4a1bba57,2016-08-13,-120.98316,35.70595
428,a0950d5e-6f35-4023-bb60-6737146ba7bd,2016-08-13,-122.60664,38.89741
429,e247e423-6171-4184-9dca-b373de703885,2016-08-16,-118.5678,35.7506
430,bc2fd9c2-da5c-4cd7-bbec-9daf2143a196,2016-08-11,-124.05804,40.4572
431,2d2aa30d-5c3f-4f46-97eb-54b63bec7f3a,2016-09-11,-121.1309,38.558
432,5823867d-c458-4673-858f-0ded99b6121f,2016-08-18,-120.00606,38.57554
433,63643257-f082-4928-bf0e-77a0417a4613,2016-09-03,-119.34487,36.84479
434,e935ecb3-5eba-43f8-ae02-624b3d5bc03a,2016-09-01,-121.69784,37.11831
435,822c934f-11be-48a9-8e60-f3f6802ef24d,2016-08-18,-121.38775,36.16965
436,b44c3b1e-b243-455e-9ca9-9a1b5570e003,2016-08-30,-123.4267011,39.8748511
437,fa457abb-66d2-4f82-80fd-452e824e871f,2016-08-28,-118.5097,35.4976
438,85683fd7-b507-4ec7-8bbd-fb7033a42665,2016-08-27,-123.118,41.851
439,86166c24-3a85-42e3-a53a-ebb1d935fb8a,2016-08-20,-121.36665,37.62215
440,da72b0c2-835d-42a5-8fa8-4de5442610cc,2016-08-22,-123.82268,41.28486
441,1243f711-c29f-4bc3-a7e7-c705a6fc40f2,2016-09-11,-120.7845,40.3915
442,c55cc099-43f6-4a55-81b4-59ee03618511,2016-08-26,-121.71662,39.79547
443,db833182-22df-44cc-ba10-0901e74222bc,2016-08-28,-120.6381,38.1874
444,954fb899-decb-461b-a0dd-76442e3370d3,2016-08-22,-118.73906,36.1648
445,a2a6199c-704a-4826-a51b-23e6ee123349,2016-08-24,-122.611,41.7813
446,97772dc4-7fde-4412-982c-974b3316e22b,2016-09-11,-120.9066,41.4657
447,2656ad63-b3e1-467f-9982-0229fd31c0f5,2016-08-26,-118.7212,35.2013
448,1780f987-76f9-4a82-81bd-6cb914758eec,2016-08-30,-122.9148951,39.1408865
449,ed16bf52-f886-4384-b841-2e755234aa29,2016-09-12,-122.7933,41.6314
450,69e1a36d-21ab-4feb-b31c-dbfac4bf62d1,2016-09-16,-121.6998,39.8851
451,060ef833-2d3f-47d4-a1d4-146d1b9a5928,2016-09-13,-122.1295,40.30594
452,f66ae0d0-837d-4ea9-a7ed-6a78d9bde940,2016-09-13,-120.029626,37.75972
453,1f8b3267-c3bd-43f5-9733-2b30c97d45ee,2016-09-17,-121.05948,39.20427
454,821c040d-a17c-4934-990f-ca7d441a303a,2016-09-17,-118.95309,37.75985
455,92c20948-6ff6-4a2c-b13f-32c75e71b16c,2016-09-17,-120.3178,41.2649
456,f6afb8c4-32dc-4e6d-8d30-e6b7ccd4a62f,2016-09-17,-120.54421,34.63445
457,686e1300-65d3-4e07-8a88-e5952418649b,2016-09-22,-120.55297,34.75134
458,b4940174-75d0-4f5e-b505-4a66c17a9157,2016-09-22,-121.42647,39.4403
459,f669c502-b400-4ad9-ae95-bfd9c31f903c,2016-09-20,-121.78003,39.188321
460,0bf08653-1441-4e73-b24b-1296afb12b45,2016-09-23,-120.8416,38.5212
461,3a4871dc-2299-4934-8a31-b92780fe31a3,2016-09-26,-120.32484,37.79635
462,2e8eb057-1d9a-41a7-ab9f-9b85ce3374c4,2016-09-23,-119.5327,36.6543
463,8a4c92b3-c1aa-41e0-aaed-999d73f0a418,2016-09-25,-121.93923,40.0
464,8d9b87e4-6fdb-49e4-ba6d-be85ffd6b222,2016-09-25,-122.82895,38.80017
465,abd0a296-217d-4a6a-9da0-5eb05f56f863,2016-09-26,-121.32,39.92
466,2dfac408-d2ab-4ff9-94aa-91be9d07bb59,2016-09-26,-121.85318,37.10632
467,59084c8f-904c-42cb-9aa8-cae4a1f8c6ef,2016-10-11,-119.25959,36.94536
468,81ef7517-ab3c-4d1a-8ddd-b5d69404676f,2016-10-14,-120.10744,38.93449
469,6f600260-2bdb-4f53-9d1a-eab8afb3a11a,2016-11-13,-117.158475,33.254355
470,ca1227b3-1458-44c9-b32e-2994e309f940,2016-11-14,-118.335,34.31
471,2458cd6c-82d6-43ef-b509-706e3af69451,2016-10-20,-118.551,36.217
472,89c304db-e288-4582-90d4-884d57fd71f9,2016-10-29,-118.551,35.984
473,a97e2077-2013-459a-baa7-276781503e3c,2018-04-12,-119.94083,35.92436
474,afb8c00c-ef91-4544-90ce-54722be124af,2017-02-07,-121.55633,39.51158
475,95960fa6-58ba-4b4e-aeb2-ada97d699908,2017-04-03,-121.85645,40.48712
476,31b0e75c-b0e2-4796-b8a7-efc49e4c59a5,2017-04-03,-120.58342,41.16716
477,b12ae71e-c6c8-4eab-9aab-d17d1879a639,2017-04-13,-116.08003,33.56777
478,0cacf259-1ba3-4e8c-a938-feaab2655c4b,2017-04-20,-120.26561,36.07228
479,b8bdbd12-e3a2-49e0-8d65-7c18b8d584bf,2017-04-24,-121.34695,36.44141
480,17a7d561-bee7-454d-a0aa-ac450907f6fd,2017-04-28,-120.206592,36.530836
481,d804eebf-71de-46de-90c2-cdf0694d27e3,2017-04-29,-120.6585,36.5355
482,45699833-fa34-4eed-9520-8c8019426122,2017-04-30,-117.45646,34.30104
483,c254df3f-a241-4983-a880-e12944a9f7b2,2017-04-30,-117.30693,34.00566
484,7fc71135-ee3b-443c-a859-90672936e0c1,2017-04-30,-117.5048,33.7866
485,f5237d47-f15b-4f4b-8b1c-6f11235f954d,2017-05-01,-118.30601,35.71704
486,87d7fb46-00f9-4bae-ba35-a7ef8e58a70e,2017-05-02,-120.22647,35.78286
487,c7e3bcbf-1065-4e45-a4a3-bf0b5ac6aa23,2017-05-07,-120.3317,35.6879
488,eca1021e-dfea-4dec-8470-c0eb7e4d479b,2017-05-10,-120.2445,36.45491
489,5115a26e-e8e8-42cd-9aeb-f5c41efd770a,2017-05-12,-118.4683,35.60001
490,63a81990-8521-409d-9c22-92d1c33e0353,2017-05-12,-120.89261,36.96655
491,1423af4f-16d5-4f19-a01d-fc3ebc124201,2017-05-14,-120.92482,35.77082
492,48c4b519-eaf5-4ae8-9470-31e8770a70ac,2017-05-14,-116.99229,33.88466
493,9f416f37-a8ca-4127-a6b7-02626fd32e06,2017-05-14,-118.90004,35.05076
494,5b3329f4-1e37-4b5a-9ed6-6f8d74f495c3,2017-05-15,-119.87525,35.21177
495,0fc2a05e-689f-4c7c-b2b4-a987840b4f2c,2017-05-15,-118.84466,35.41283
496,75bb079a-1de8-4824-a933-e19f69948438,2017-05-16,-120.86682,36.1727
497,2d12b95c-3f4e-41bc-a771-8ae2cb80b99e,2017-05-17,-120.94328,36.2771
498,9a555129-982b-486f-a333-c96b3f9c4d2e,2017-05-17,-119.79315,36.90967
499,048c085b-3162-4906-beef-7aa2ba1b868d,2017-05-18,-120.76464,35.34541
500,65062933-27cf-48d7-8e4c-9a7ac78e65ff,2017-05-18,-120.37116,36.12089
501,3fce8146-ff21-4399-9a94-f37124b34331,2017-05-18,-119.91508,35.983
502,9348a031-c7b3-4165-890a-37a7eb7405db,2017-05-18,-117.44148,33.97155
503,b3fc6dff-f13a-41c4-b7f3-e9e960a941d5,2017-05-19,-120.5828,36.60736
504,fcb8579e-7469-4c9e-9eac-527264e6f26b,1969-12-31,-121.07761,37.21812
505,5bfc7c8f-0d7f-4b14-903b-00014014c14b,2017-05-19,-120.80411,35.85253
506,3d595f75-d59e-4453-b25c-48207b02f529,2017-05-19,-117.32348,33.3906
507,c4d0a25f-02f6-4877-a944-8f5d50bf2335,2017-05-20,-116.80527,32.65597
508,fbc11fc4-573b-465f-a9ac-a879ee2cdda2,2017-05-20,-120.474,35.556667
509,39967485-2cf1-4f0e-9cf1-ccfd25f6e2bf,2017-05-20,-118.85896,35.4605
510,fccf2545-cab8-452e-829c-8379054831f0,2017-05-23,-117.17773,33.94673
511,06b43461-94d0-4379-a1d6-fd26ba93ceea,2017-05-20,-119.8036,34.9465
512,9b9bf8b4-8378-46e5-a760-67e89e2279e2,2017-05-24,-116.29296,32.679
513,f5ef2d0f-66a7-4d75-a9e8-03c42524d723,2017-05-22,-120.99552,36.35578
514,54ddf2ef-28b0-4c34-bfe0-1d084f4f57e2,2017-05-21,-117.20507,33.96419
515,bd671dbd-dd3c-413e-b453-4002e382325d,2017-05-25,-117.39818,33.34988
516,45a205f4-bcd2-44bd-886b-26260c686ce7,2017-05-25,-116.99651,33.88287
517,6fa64139-e5d1-4134-b012-5c1b272ac89a,2017-05-28,-118.35296,34.87128
518,7272decf-0ae8-47aa-b46c-00fc4cd04816,2017-05-28,-119.58292,36.96642
519,2db503da-a7b2-47a6-92a6-697799eb63f1,2017-05-28,-116.07429,33.58577
520,42f21a81-e0a3-4b4d-b837-2e6e2efd75a4,2017-05-28,-120.83484,38.19906
521,21e9f99a-35a5-41cd-a44b-92363fbf5081,2017-05-28,-120.7109,36.61332
522,524b1e23-8921-4195-812d-7ec8ee5020b7,2017-05-29,-116.55326,34.04412
523,92d70dc0-19af-4c87-ab01-8c7051caab73,2017-05-31,-119.00334,35.89423
524,67d31514-620f-49d1-b4bd-a3a92efd48ca,2017-05-29,-121.376,39.23205
525,bf3148c5-75dd-4f79-8b3b-c5b483065b47,2017-06-01,-121.11113,38.33707
526,663d291c-7ba8-415d-9cab-58d41a886cfd,2017-06-01,-116.59719,33.94788
527,adf741f6-5416-41c5-af26-01240cc361cf,2017-06-02,-119.2877,35.188
528,7967c729-4693-47a1-b1bc-1d82825ca8db,2017-06-03,-120.53443,41.38247
529,b0ffe2e4-ae61-4ad9-b1cc-bf31ff254d8d,2017-06-03,-116.96079,33.82165
530,14e249f0-f21c-4d2f-bc5f-68d5d177e849,2017-06-03,-118.37539,34.29931
531,46c4f0c2-6760-4e42-ac2f-ec25c2486628,2017-06-04,-118.4642,35.60633
532,80f2c7d1-d28d-43d0-97a3-ff53cc991a8c,2017-06-04,-122.13088,40.38944
533,b02f2513-9359-45e2-9971-08f7b1f0dc0f,2017-06-04,-120.1064,40.03392
534,7ea6269d-6ba3-41e1-aff6-b4da1c6611d1,2017-06-04,-116.88097,33.87107
535,304c7c4c-140e-40f4-ac9f-36926c07e5fc,2017-06-05,-122.2102,37.86549
536,8bba8daf-8d47-43e7-8593-fdfa2dea5228,2017-06-05,-118.796513,35.564124
537,549222c5-1be6-4453-896a-caebd19b0bee,2017-06-06,-121.64897,39.52499
538,f8b61fab-bd14-4e92-960a-d512693ea8e5,2017-06-06,-122.4571,41.8721
539,6802ed2f-5a5a-4a38-a236-e5a688639b6f,2017-06-07,-118.87676,36.45809
540,f62bd692-7aae-4e46-8284-239150acced0,2017-06-07,-120.0193,37.12759
541,2ef06870-3602-4f1a-878d-962f7259ad46,2017-06-10,-118.47939,35.59804
542,b52a8c70-e431-4fce-abcd-98f892262b2f,2017-06-09,-114.578415,32.779139
543,b11adfe0-b74d-4321-b1bd-3fc0b8f0929b,2017-06-09,-118.84134,35.37351
544,b9142a59-e3dd-4797-b6ed-c5c847b16f67,2017-06-09,-120.52508,35.80375
545,d11a4f65-9523-40d8-989a-6603705e9638,2017-06-10,-119.8011,37.0825
546,a8e4aa40-5e2a-4fd8-a858-d673576cda73,2017-06-11,-120.405077,36.704679
547,7d9de7fd-f95d-4edb-bda6-804b734eedc8,2017-06-13,-122.2654,38.68347
548,f32d4562-5032-4645-ac8f-afb3fab4c704,2017-06-11,-120.983684,35.902149
549,a9d270c5-aacb-4dad-a34e-ab28a7192248,2017-06-11,-120.369347,36.616986
550,0956bfcb-8915-4163-b4ed-4f3a6ab32895,2017-06-11,-119.35901,36.8005
551,5d521085-d92f-4664-b17b-732783658daa,2017-06-11,-120.45268,37.85137
552,67ba6e61-b5ca-48f4-8e56-9cedeaeb65ea,2017-06-13,-116.972036,33.584036
553,3fc7de4e-3a0f-45e9-be1f-801f88770883,2017-06-13,-117.29509,33.23281
554,5f0c7697-7be3-49af-b98c-f5789e3ca6f9,2017-06-13,-118.74542,35.8556
555,338af3e2-098b-4d1b-8f98-6020b212b68f,2017-06-13,-116.85226,33.52584
556,1c51deff-5b43-4f54-8acc-a682f830815a,2017-06-14,-120.3187,35.6871
557,1dfae538-fd95-4454-865d-3d74e4b56665,2017-06-15,-120.0088,37.36914
558,380df891-161a-44c7-a244-d7dda9d5fd32,2017-06-15,-116.884446,33.950382
559,57b7776f-bae7-4b14-b94c-65806e002a88,2017-06-15,-117.11659,33.79925
560,a2d42b3a-32a4-4b57-a8c2-91e5d046bbb6,2017-06-16,-121.75417,39.69717
561,0089929d-0b52-46fe-8982-b096b7616f30,2017-06-16,33.939428,117.138741
562,7cae5704-9ba2-487c-a48b-bb440c95da6e,2017-06-16,-120.93371,35.90092
563,c982daaa-a785-4dfc-a366-1950974028af,2017-06-17,-118.60703,34.55607
564,ffb57bcc-80f7-4299-bfcf-c9be3b66d5ff,2017-06-18,-122.83208,40.32063
565,294c531a-3299-4038-baa8-c2a92d38d10a,2017-06-18,-116.9669,33.90965
566,54bad310-3a96-4019-b64d-61d00c559e6c,2017-06-18,-117.21314,33.98639
567,b3695ebc-e761-4577-8439-6330bed36594,2017-06-18,-119.95136,37.02081
568,1b01181e-fbcb-4dc4-86ec-cfddc864cc34,2017-06-18,-118.66733,35.53456
569,bfa879b5-b526-4114-9137-51d3ea3ad336,2017-06-18,-117.31924,33.71025
570,f173524a-ae01-47f5-942d-5e90c2b96469,2017-06-18,-122.36545,41.93006
571,949e577d-86c2-4def-b25a-c24aa014f4d9,2017-06-22,-122.23004,38.07481
572,b5dd68e2-ec95-47cd-a126-d5f6f0f2b49a,2017-06-19,-116.826,34.2976
573,5882937b-ffce-43af-9e0a-00dcddde214a,2017-06-19,-120.02325,39.71101
574,8740caa0-f86c-4103-b830-0435b9933a2b,2017-06-21,-120.68992,37.82934
575,d515cbcc-376e-4bc7-adea-189eff5a7735,2017-06-21,-121.76323,37.33454
576,981484d0-711c-4a7b-9adc-23c9b29f9fae,2017-06-22,-121.4143,39.364
577,1b1ba02e-9db3-4224-9d8d-06d5df529f16,2017-06-22,-121.5786,39.38416
578,0ed54526-1296-4863-ae40-613ee456899d,2017-06-23,-120.65185,36.27306
579,982c81ca-ebe5-4591-986d-1f3e2e4cc13c,2017-06-24,-122.27379,40.10282
580,e1fdc15a-5737-4c69-ab9a-7f43d6b4aab8,2017-06-23,-119.50606,36.51912
581,c940ef85-44ce-4684-bce3-7cbbf180cefb,2017-06-25,-118.49343,34.37443
582,49a9074c-c30b-4042-9ffd-1a10f9d9bf1d,2017-06-25,-116.77342,33.1683
583,ca0c9a5f-7a1a-4903-b790-6eb3e85e7e64,2017-06-26,-116.594422,33.530045
584,91d07ea9-cf5f-489c-aa4f-97fa6c0fb8a4,2017-06-26,-122.645079,40.703775
585,81b37451-57b5-4050-a54d-e9750f84a567,2017-06-26,-120.4992,35.4025
586,4f0ff7c1-7c96-4f68-87e8-be4466945c2b,2017-06-27,-120.92162,38.45822
587,243567d6-2692-4978-88f5-1bbfc7b818a6,2017-06-27,-122.65749,37.9775
588,7696644d-0908-4149-8d6e-aa50c1233d67,2017-06-27,-116.8516,32.7789
589,a3159a43-d38c-4655-9acf-371bc9a6213b,2017-06-27,-117.17813,34.14575
590,2c00a509-af87-418f-b888-edc8ec450f1f,2017-06-26,-124.19629,41.93323
591,5da65d7f-cc75-4c0c-b221-1a1e3000a120,2017-06-29,-121.71752,37.3344
592,c171dc75-9d35-4c58-b787-032067b16ae7,2017-06-28,-120.87492,35.947
593,a0ba8679-406a-491b-a20b-bba55d63bc5b,2017-06-28,-121.29581,41.85763
594,d36387df-af2a-4b20-a94f-589fdccf67cd,2017-06-28,-119.9646,37.3762
595,47e76098-389e-4747-9e89-7ebdc963a485,2017-06-28,-117.58252,33.43513
596,4ac3161f-79e7-494f-88e4-72a69ef1d96b,2017-06-30,-118.80123,35.38298
597,abe2311a-4ce6-4300-9716-4fb3fe538c75,2017-06-29,-121.08753,35.96275
598,d1ec9e43-04bd-4926-8362-5e04afe39c90,2017-06-29,-118.58624,34.03941
599,6f2f8dc0-b930-435e-a622-d3585dcac067,2017-06-29,-118.70294,34.10446
600,2b043a7e-234c-43f7-852c-21fcb9ddc200,2017-07-01,-122.0122,40.69554
601,c99fe9af-6d6b-435a-9084-2248905ad251,2017-07-02,-121.06656,39.08382
602,64ef64a3-c8b0-48f1-8fec-9cacf8dfcd34,2017-07-02,-117.096233,33.913089
603,97d63e17-e546-49ae-add6-e3b5fa71cb4c,2017-07-02,-121.6268,39.8629
604,3980fbbb-d17b-4deb-83a4-9af2290b5272,2017-07-02,-119.921,37.4591
605,e3e75be1-8dea-4022-975b-34a0f25b57c0,2017-07-02,-120.620791,36.269125
606,b51d7a8d-f768-453e-abb4-665b74998b21,2017-07-03,-117.25411,33.96896
607,d4f1fc5e-b877-41ee-b491-8e92ded4984f,2017-07-03,-116.99321,33.91806
608,2f97537a-1333-4dfc-b7a3-b7bf9400ffdd,2017-07-03,-117.16215,33.87739
609,9668cfe5-b636-4147-bce1-da8e8b3fb5c2,2017-07-04,-121.30983,36.85596
610,ed40ce35-7338-4f8b-a5ab-e94af6fa7e55,2017-07-04,-117.3125,34.304722
611,36d953e8-265f-4b05-831e-42eb2298b208,2017-07-04,-119.51592,36.81476
612,252345dd-886b-4bd2-90b9-161727a2fc2d,2017-07-04,-117.48405,33.99316
613,6ae3d56e-0258-49f5-9e71-5b5abe141479,2017-07-04,-121.54722,39.53944
614,f6970f10-0498-4f4c-8e0c-d4b7e4fbf888,2017-07-04,-118.98603,34.20599
615,1be87788-1bd9-4e97-b92a-63b41fe8abf1,2017-07-04,-122.73031,41.86609
616,60770d23-70db-46f1-a19a-a23eaa409125,2017-07-04,-117.48195,33.85323
617,0a664214-c090-4889-8439-06836f89d830,2017-07-05,-118.81979,36.10858
618,b383e4bd-6815-4624-936c-be57715ce50e,2017-07-05,-122.8428,41.3975
619,f75027cb-2526-4524-989f-71d0d56353ec,2017-07-08,-120.97111,38.7803
620,b3a6b47f-105b-4f66-b12a-76c563457a5d,2017-07-08,-120.4925,37.64898
621,89f34aa8-eaf3-4d19-8ef0-005102e82831,2017-07-05,-119.65621,36.95104
622,7d77d3d1-40b5-40ab-8a53-2550f2001094,2017-07-05,-120.67848,38.20176
623,a7509e35-3083-4306-bcce-ebf6d101b62a,2017-07-06,-122.0251,38.49521
624,ea019efb-52d2-4f08-8d04-20b680e2361b,2017-07-06,-119.08312,35.59904
625,5a43b164-04d0-46ea-992e-ea5aa283305f,2017-07-06,-120.3223,35.0179
626,b4eb0b95-1a93-46a5-91f4-5c2b4c7b943c,2017-07-06,-120.9643,40.6361
627,1652d79a-f4fc-4151-a0d1-1b7366730f47,2017-07-07,-118.89627,35.77896
628,c35027fa-3bc5-423f-a32e-e03b134a102e,2017-06-25,-123.474,41.841
629,eeef101a-3a50-4407-8e6d-cd80d0d07599,2017-07-07,-120.02027,37.09773
630,bc89aab5-5f30-46a2-9881-6dbae22893b6,2017-07-07,-117.314994,33.763304
631,8816f0da-0818-499a-9ff6-ba4fd56ca7c8,2017-07-07,-121.41222,39.45352
632,67c20627-e6cb-4900-9f40-01e8da154a53,2017-07-07,-117.06765,34.07612
633,effeee13-51d7-4cf2-a62f-93b47b34605a,2017-07-07,-120.62825,35.346
634,932a3f2f-6c0e-42a6-b357-f333774b4ea8,2017-07-07,-120.34802,37.65963
635,248bba19-4fdf-4285-a210-1334454ad80a,2017-07-08,-121.78677,37.87808
636,2ec4e814-477b-47e7-a36b-4da26f94e277,2017-07-15,-122.38619,40.48972
637,dfd1e0d9-42b5-436a-aa83-ffcbbb7a6145,2017-07-08,-119.9494,34.55096
638,f09f75ff-d9fe-4a25-89d0-75dc98d1fe30,2017-07-13,-121.30451,41.72163
639,51bf0e2a-7f1f-4fe1-aeaa-70510ad42d0e,2017-07-26,-123.501,41.59
640,743b2276-742e-4d25-be9b-60364ca880f6,2017-07-09,-120.47322,35.42433
641,2adaf964-e996-4e55-a616-ac42375ee156,2017-07-08,-122.25544,38.02929
642,5a52750e-30a0-4d26-a75b-58f79e1e24f4,2017-07-08,-121.303,39.06308
643,fd82cbd0-ec25-461c-aef1-4c0c92060348,2017-07-12,-121.06088,38.67474
644,a21faf4f-3628-4e24-ac64-8471d9d12560,2017-07-08,-120.57894,35.86949
645,de1788c0-2996-40cf-9f76-2920b210d6a9,2017-07-08,-122.42606,40.29118
646,6ee351a7-9382-48bc-a161-b417f7560ff9,2017-07-09,-120.20014,35.93273
647,79fd7b45-381a-4819-9dc7-f80a98010809,2017-07-10,-121.53865,39.37192
648,61cc4072-7db6-4fd2-bc9a-652728780c67,2017-07-10,-120.027222,39.439722
649,9a1a4247-479d-46ff-99cc-4251c5e333fa,2017-07-10,-121.68562,37.25014
650,1be14ce2-5e9c-4cc2-89bf-f36cb1d1ccbd,2017-07-12,-121.33785,39.50475
651,a26038b9-df04-4ade-b918-0c4fb9a8dbcf,2017-07-17,-120.13249,34.72379
652,1348f32a-510f-4ad3-971f-b75b9cf9f0c0,2017-07-14,-117.10567,34.09773
653,04b54dc3-10a2-4fdf-bfa6-60a1fe2b0f7d,2017-07-11,-116.85396,32.84796
654,f7b03fae-de58-4674-9f4f-d3e9d2762d84,2017-07-11,-120.14013,40.07045
655,580ce9d9-b8dc-4dc1-9f10-11bf48df9492,2017-07-11,-121.8179,37.39801
656,6f9581fa-7c8a-45d1-988d-0a299fc15d62,2017-07-12,-120.85322,38.18303
657,bfa2d3e8-2ede-423f-b7db-f8e6f44a3c82,2017-07-13,-117.07975,33.62613
658,826b4661-020b-425d-84ec-9426c39839e7,2017-07-12,-117.189,34.149
659,bf2e0a34-e600-4e21-9135-168e28c2893d,2017-07-12,-122.77846,38.08055
660,e6626b0a-428c-442f-9ec5-591effef172d,2017-07-13,-117.24091,33.77896
661,13dedbc3-8b85-4f64-b3db-89ed81ed4f1d,2017-07-16,-121.74826,36.66684
662,95cd2f17-1278-4cc9-90f4-000e4eba415a,2017-07-16,-123.28825,39.30125
663,9feb25c4-d3ae-4f78-9fc9-a1ad2b308e42,2017-07-16,-120.21321,37.61757
664,7f742021-ea49-4de5-89a2-f5b9d05d6bbb,2017-07-17,-123.10227,39.13207
665,f44aec62-5d1d-422f-9ff9-dbef80e4e27f,2017-07-17,-120.55579,35.95911
666,0726d9f7-2baa-4652-b1d6-cbab45783f64,2017-07-17,-122.20127,39.01224
667,2f9f1bf9-6188-46a2-b91f-f212cdd21528,2017-07-17,-120.62177,38.29113
668,f568b94d-f388-4231-8aac-ac2572ca872d,2017-07-17,-120.56933,41.45589
669,1ba1f29a-5281-4f53-857d-106ae5e7db84,2017-07-17,-122.62382,38.86056
670,80844950-65c8-44ec-b63a-7e51412fea0c,2017-07-17,-118.78928,36.18815
671,2f2a4afd-06f1-4b57-b3f2-db8e3d9ac05c,2017-08-24,-120.05404,36.05187
672,82689e99-9158-4403-b8c5-bababc3c81f6,2017-08-01,-123.57562,40.39799
673,27759042-9df3-4d57-951e-f5727bcf013f,2017-07-18,-119.44751,34.94373
674,3c61a039-cf71-40da-89e9-bcc5a62e2c1a,2017-07-18,-122.43608,40.47106
675,244961af-65d5-472b-972f-e02df96e9ccb,2017-07-18,-117.25075,33.75526
676,7a317400-8838-4fd4-8c2f-b8c12add5d6a,2017-07-18,-118.99944,36.64404
677,47c9e99d-ad11-497f-8238-cfd815423262,2017-07-19,-122.17657,39.75425
678,eff9d678-293f-43aa-96af-c5cf3203b31f,2017-07-30,-118.94252,36.0226
679,5948001c-9c7b-4722-9fa4-9f0323886bc0,2017-07-25,-123.508,41.702
680,1f8c73d1-2cb8-4e98-bd44-d6dccd601c7e,2017-07-30,-120.36005,37.90014
681,ce6fb2ba-9799-4b36-a64f-8bf02392d6ee,2017-07-28,-118.851943,34.792882
682,ee20b421-06cd-40d2-a22c-0f9e8ddeee71,2017-07-28,-117.18552,33.81976
683,1eef0c21-122b-4522-80d1-edf08c82c777,2017-07-18,-120.65764,37.81827
684,510c877d-b80b-423f-b7e0-4276ce646f4a,2017-07-19,-121.74121,39.76243
685,a95302d3-8574-4900-9d2a-daa33c55b70e,2017-07-29,-120.9761,39.9034
686,51e42770-97b4-4204-af57-8ab56992eb71,2017-07-29,-120.408135,37.905545
687,7dd19215-986b-4365-a40d-2267b4a05de0,2017-07-20,-120.5634,35.06472
688,d9f83833-30c4-448d-b2ca-c5a63791b83d,2017-07-21,-120.97586,39.36902
689,2fd950a8-fadb-467c-ab59-88e7ea007738,2017-07-26,-120.70013,38.559707
690,0d93e84b-8460-4d5d-946c-630ade76747d,2017-07-20,-119.06598,36.22265
691,8cf9e7dc-74b9-4b97-9a03-f523f3eff56f,2017-07-26,-121.104,38.5181
692,7b95ce91-9581-4fe6-887d-ab1bf6420205,2017-07-26,-121.84108,37.44485
693,be5275b7-1472-4423-a9c8-0f2491179150,2017-07-19,-123.506,41.478
694,84c8a735-9e8f-4310-84ab-39079ad1ea14,2017-07-22,-117.14466,34.20152
695,918e4e6c-7814-42ed-9cd5-aa11d29367da,2017-07-22,-116.66107,33.34659
696,a441e39a-1be1-4be5-8c07-b32bc6f07df0,2017-07-22,-117.199,34.139
697,855e28e2-753b-4c36-bf39-27ace518776d,2017-07-25,-120.73757,38.69775
698,907cd7cd-cc26-4529-a9f8-cee1e1560086,2017-07-24,-120.23656,35.7751
699,ebcee501-5709-4382-8eab-d8595ba6606d,2017-07-24,-121.3519,39.06522
700,e8ebb6f2-16f5-4342-bce1-d36ff9c9422c,2017-07-23,-121.55552,36.96607
701,1d8a8aaf-f294-46e1-8224-6ea3e8c39634,2017-07-23,-117.03031,34.41204
702,a3bd6249-555a-4ee1-99c0-69333d71bdfb,2017-07-28,-122.3209,40.1583
703,77ab4672-c61f-488f-a165-acb40eeac713,2017-07-27,-120.95498,39.16826
704,09f55a45-f261-492f-b496-8744d878ef57,2017-08-01,-120.31157,37.65986
705,00a13d84-415e-4106-aa31-2e664ed9eabf,2017-07-29,-122.17384,40.69259
706,e9862c12-da9f-4205-9993-91a3b1437de4,2017-07-29,-121.9741,41.9808
707,fd0a69a3-91d5-422b-bab4-dc6a4b0de134,2017-07-30,-121.039267,38.538332
708,0f4499f5-846c-4791-994e-81df04fe691a,2017-07-30,-118.654,35.543
709,75fb489f-1e3e-4929-a6fb-a288416b96e0,2017-07-31,-122.90217,38.70289
710,32a79e9b-8ce3-477e-b698-2eb16ef66aac,2017-07-31,-117.26969,34.19076
711,3dcf54bc-89f5-41b3-b797-5dcdf0e629e8,2017-07-31,-117.396404,33.689092
712,5367822f-b489-4da5-b90e-c5b2c8abf318,2017-08-02,-123.39253,40.79902
713,47dd7f12-4141-473e-b2c1-2e625df3b784,2017-08-02,-120.2913,35.4403
714,a1554868-0f98-41d4-9132-1f0bbf10b22c,2017-08-02,-120.28037,35.40357
715,42f93f6b-0ada-4267-8e6e-4674055ed9c8,2017-07-23,-120.304,41.338
716,dd6c5dfb-e5f5-4c1b-ab7f-aa9f3a4f60fc,2017-08-03,-123.76099,40.11794
717,093bdb67-4c14-402d-a034-3714b7125c49,2017-08-03,-117.03826,34.08492
718,9705ad0d-5bf1-4221-a7c3-3af6d99be3d0,2017-08-03,-117.85182,34.23925
719,e1582691-805c-4627-b20b-e5e8ba110f20,2017-08-03,-123.64281,40.27582
720,21714c67-dc5a-4d86-8794-79d85f87b71b,2017-08-08,-122.81135,38.94599
721,58d62aeb-29f5-45f5-93ac-a657b0708149,2017-08-04,-117.239099,34.009026
722,e4834d78-fd4a-44b4-8669-52cbdc41113d,2017-08-05,-118.47307,35.70639
723,d3213d2a-4b10-4eef-b8df-bdebc5cd948f,2017-08-06,-120.1397,39.75371
724,93fe220b-0458-4e26-827c-93883093681e,2017-08-06,-120.74968,41.11989
725,06664fe1-c56c-4a00-833c-f9f3f6d6d18f,2017-08-06,-120.066,39.888
726,ab009bd1-6784-4fda-a931-532520742a8b,2017-08-07,-116.8247,33.57139
727,e65c3e0b-08d9-43cf-b1ac-8e57d5f407fc,2017-08-07,-120.64584,35.86596
728,9eb07177-e62a-4f5a-adeb-e95508e31959,2017-08-07,-123.36882,40.17598
729,09e74687-85e7-488f-a5c8-8a11f75ab7d8,2017-08-10,-118.9267,34.92907
730,a8ab00de-6074-45a0-9e3d-f43b090e8346,2017-08-11,-121.68165,37.14653
731,a43d0b54-a91e-40ba-b121-2e0f067201b6,2017-08-10,-122.5415,39.87983
732,4b885d8c-8951-46c5-a3d1-520cfd0ac964,2017-08-11,-122.2483,38.49336
733,bae69034-3bf6-48c3-a642-d0242cf090f9,2017-08-13,-117.124538,33.797216
734,e6308517-0b7c-4efb-9369-b9aa3fe3ad14,2017-08-11,-120.77485,35.7908
735,f0dbf1f5-9f21-4d11-a432-d32f7f18c412,2017-08-13,-122.9401,41.99279
736,c57ff6c2-e5df-48c5-831c-1dbad73df5ef,2017-08-13,-117.30819,33.98212
737,8779fe43-665b-4643-a730-6344c44018c7,2017-08-13,-120.30046,37.62823
738,2995e2b3-f18d-44ec-952f-9f148b8354d9,2017-08-01,-119.618,37.644
739,b02ec4f1-ac5c-4b22-b7fa-5834af16d807,2017-08-14,-119.598,37.538
740,c3ad74dc-6842-463f-8808-05161a8ba570,2017-08-14,-116.88066,33.95036
741,1b49e4e3-7506-4bf4-b86f-fd3ca93fd85b,2017-08-17,-121.5935,40.92602
742,a1b6ff5e-0533-408c-b02a-3061f60fb263,2017-08-19,-117.00258,33.87679
743,f31a117a-572a-4956-9797-ad08e3933bb7,2017-08-20,-121.32957,39.1234
744,5555d1d7-0bb4-4c66-81b6-e1113987f217,2017-07-12,-123.95405,42.29896
745,3becdf3e-b110-41ab-86ce-645e041d296f,2017-08-20,-120.89746,39.9864
746,490ae25d-c3d8-4a90-9e75-0ad85e0f629f,2017-08-15,-123.474,41.841
747,345f6faa-9946-418e-8a60-d5cb9efb3af4,2017-08-02,-118.296,36.257
748,2f1b8cff-f7d6-4459-866b-7c84bd531dcc,2017-08-21,-116.42907,32.65003
749,687e2987-2306-477b-bbaf-0d5465eb1e7c,2017-08-07,-123.676,41.853
750,3e005fd9-11a4-4145-a71f-8a4cf9a1341a,2017-08-03,-120.321,41.466
751,89b5d4db-ce4e-43b9-8618-f89088d35ee1,2017-08-22,-121.90516,37.72543
752,83d87ff0-be6c-46fa-ab96-b9845d5d4edc,2017-08-23,-120.443545,36.099681
753,1f8d9fe1-e644-4f53-88ae-4418cc0b4451,2017-08-26,-116.46989,33.20988
754,bfc6b8e4-8021-44ca-8f92-58c724682ba1,2017-08-26,-120.48641,40.80968
755,becd0762-0e22-4c54-a1c5-3ecd3660dd70,2017-08-26,-122.70449,40.29831
756,90473f02-6572-4a9b-9451-1a18a4bee1ed,2017-08-26,-119.43376,36.93332
757,399dba2c-02c1-4756-a76d-1198d0e838ed,2017-08-27,-121.56425,37.56181
758,d83bfb8a-f1e6-4213-b514-89fc16d2eb72,2017-08-27,-122.71998,38.26294
759,78754c68-2800-4c5d-aff0-ab0b399ab5ce,2017-08-27,-117.3968,33.6444
760,386b7562-fe70-490b-a92c-a3c21eece0c2,2017-08-27,-119.28241,36.7279
761,18a2b3d6-d86e-4147-ab42-d45b8792e98a,2017-08-28,-123.63721,41.02705
762,f3c1f59e-b0d5-4c14-976f-ae6c583b2224,2017-08-28,-120.72274,38.34421
763,c8ebf0c1-e560-4e22-a946-129af8699dfb,2017-08-29,-118.74103,36.15356
764,f8cd3b44-ec6b-4338-9edc-ebd879a8aafc,2017-08-28,-122.27499,41.222
765,7c9253af-4c43-41bb-b1de-44af15e0d83e,2017-08-29,-121.30209,39.57701
766,9989e07d-5125-472d-9601-0d7158b13073,2017-08-29,-119.64622,37.44663
767,b77ff66d-d8ee-49c9-bd0f-92a4350a095a,2017-08-29,-120.22215,40.43962
768,62b8a6af-700a-4c93-85d5-a9b85a30faf5,2017-08-29,-121.90077,41.99483
769,71ea2924-bc37-44f4-b454-47eff22e426c,2017-08-29,-119.55425,38.655
770,5e01dba8-3d59-41a6-ba60-d78d874eba42,2017-08-30,-120.36659,41.4844
771,f571f91e-bc07-450c-8822-3ecc61a27863,2017-08-30,-121.12004,39.34292
772,182f71e9-0f85-4cb0-8711-ee14c0b6b8f8,2017-08-30,-120.31814,41.64469
773,4adae6c4-71c9-46d1-9743-e04f186b2c3e,2017-08-30,-120.32685,36.36113
774,62a6c794-97db-4b57-9033-958bcf2e5a99,2017-08-31,-123.64214,40.03697
775,220a986e-6d2c-4893-9473-232d1e1abf0c,2017-08-30,-123.10003,40.76025
776,7bc10ea0-55b4-40bd-8eca-36ec10106528,2017-08-31,34.015742,117.337331
777,1e9d7aca-8862-4dff-a8af-5f687afdfda0,2017-08-31,-118.62882,34.52055
778,10a447c8-708f-44a3-8679-251500c761d6,2017-09-01,-116.76997,32.6001
779,68328f20-5aed-404d-8c29-81b4b69e8439,2017-07-31,-119.782,38.329
780,99a7ed51-e64a-4aa9-b8ba-6a9ae4752db0,2017-09-10,-117.33364,33.73547
781,7f33fd28-9a93-438b-84ca-0e57e7c441f4,2017-09-03,-119.941,38.12
782,406e30d2-2ac0-4c0b-998c-761adde20177,2017-09-01,-122.02525,40.71923
783,340e471a-a37e-47dd-90da-6c9f35b7eb3b,2017-09-01,-118.406,35.76
784,c2bf9820-7e90-43c4-bd3d-1b26ef7ada51,2017-09-01,-118.2674,34.22957
785,297d6516-ce4f-407d-93f8-9669dc6fd392,2017-09-03,-119.48067,37.21616
786,a983c540-b47c-4250-a65d-c5d3d76c9b3b,2017-09-03,-120.52189,36.09486
787,cfa04438-152b-4f4b-a712-4343af8c7fcf,2017-09-02,-117.09984,33.97471
788,17cd878b-0d5d-49ff-b205-7e0203908f4c,2017-09-03,-120.50886,35.31886
789,180ea977-b5c2-483d-b9f4-c2f8b8b05ebe,2017-09-05,-122.49327,39.01748
790,ba20d998-185c-48ac-8006-15aadf4d3106,2017-09-03,-120.9204,40.13278
791,7b02d757-4f96-4616-99d5-04e4eaa34440,2017-09-03,-121.59899,36.99092
792,c7a0a280-17c9-409b-85f9-fdda301b6ede,2017-09-03,-119.83556,37.37397
793,49757269-445f-4525-8698-858d8e0a5398,2017-08-30,-119.93499,40.69573
794,92fc9725-ac49-4632-8bbf-e299483940b8,2017-09-23,-121.04445,35.76343
795,59fae761-fd49-4f06-a2e9-1495c00eb7e9,2017-08-28,-122.292,41.222
796,5ef75bbf-adba-424a-bef3-a5efed5b5e2c,2017-08-02,-123.375,40.804
797,38c666cb-6545-428f-985d-a2589dfb3700,2017-09-19,-120.504134,37.896778
798,d0b51e42-5558-47c9-8617-34f6f977ab79,2017-09-07,-116.61609,32.59252
799,e21384c7-8060-4336-9a71-a006330d9939,2017-09-07,-119.78256,37.73596
800,98bf51ea-bf23-40a3-b95e-4b795baced3e,2017-09-26,-120.56068,35.5956
801,ed4e06ba-6d17-459a-831a-9b15a9bd116e,2017-09-11,-120.87609,36.17297
802,47988f74-d4bd-4ddd-814e-22ebc2ca5ccf,2017-09-05,-120.75485,39.75312
803,e1a5b757-2bc1-440f-b3d1-06cd41171775,2017-09-11,-119.32109,37.10067
804,089f95f8-8834-4cc6-87c7-15cb1aeca7b8,2017-09-12,-122.85194,39.44543
805,01202971-a157-41f8-91cc-cf7c3b8f9473,2017-09-28,-121.56858,40.07613
806,d43c681d-b57e-47e6-a6ad-e3ed08de9ff7,2017-08-14,-123.218,42.039
807,81b26bc7-7d65-4591-9d27-4e698cab4f12,2017-09-11,-122.3001,37.41591
808,4a015862-8ac1-4c91-aa4c-c9831630b75a,2017-09-11,-121.81623,40.98352
809,59d6fc84-0d58-4e29-b910-1993dba51b3a,2017-09-12,-124.01168,41.98128
810,ea832344-b0c6-4443-b5f0-457c462d911c,2017-09-12,-121.60683,39.44257
811,ab08cb64-67c4-4e7d-8081-b5574131f755,2017-09-12,-123.03344,39.42604
812,7cc06465-bf2a-4df2-a68d-5f330e1cea42,2017-09-12,-123.03583,40.2275
813,f7a51800-b219-428c-aef0-ee5fa5de4d64,2017-09-17,-120.915,38.5758
814,32d7eab5-d948-4be0-af69-b233e311d2b9,2017-09-18,-120.015509,37.14624
815,efa1dc61-85e3-4fb6-b6f6-04c3845d9ca6,2017-09-19,-123.1362,39.02482
816,19ada70e-4932-449c-8483-d65685995487,2017-09-19,-121.49925,37.63358
817,a8567989-a0c5-4c31-9012-82f99d76129f,2017-09-19,-120.31598,36.24653
818,e7cb239e-7d9e-440d-ba5a-c6881406ce95,2017-09-20,-120.90462,36.94652
819,c64e288e-d258-45e0-8357-b7a7289c0b92,2017-09-20,-120.39387,35.12269
820,04b4caff-a62d-465b-b9a7-81986f91c0c3,2017-09-20,-120.15846,37.76888
821,cf38fe5e-29ca-498d-bc9c-d3f2fd8ff883,2017-09-25,-121.7127,39.8255
822,c9009967-c0c1-47d3-b2eb-47b2d7a5da0e,2017-09-23,-122.0041,38.4446
823,ab42234a-7930-4636-8af5-3fc11ca8b34d,2017-09-26,-121.40947,39.03168
824,c4f61042-d1ef-4d00-956d-785368ee34ca,2017-09-26,-122.169,37.77982
825,cb3599f6-751d-4072-8db1-6e366ac603c9,2017-09-26,-120.65279,35.3024
826,0176a674-c102-4854-92af-7d09aa3e1430,2017-09-25,-117.68598,33.8668
827,f2e55878-e387-412b-a067-dadc649bed43,2017-09-27,-118.48555,36.27138
828,f839c34f-de3b-4e79-9b4f-e3502557d32b,2017-09-29,-120.4393,34.67403
829,62a5257e-a841-4f7a-ae19-52aa89570bd9,2017-09-29,-118.46734,35.59302
830,58533f37-ed81-4ac4-89e9-b4088684d9e7,2017-09-29,-117.10301,33.74925
831,03d74bbd-627c-47af-a2e9-5351e6e16f6a,2017-10-02,-121.97233,38.43658
832,273d1f78-c432-46c0-8969-26c3f936cc65,2017-10-03,-119.87465,37.41231
833,bc12dbf6-db36-4dcf-86d6-84d3beb14cad,2017-10-03,-122.24731,40.20077
834,2049dbb6-1a87-4d9d-abde-092d35072934,2017-10-06,-122.576,39.15016
835,6ab80358-cb3c-4e2a-85da-0cd77003fc12,2017-10-08,-122.24199,40.70627
836,fc87e089-36dc-4314-8321-7d91e7eead21,2017-10-07,-123.24713,38.51937
837,e3ed6829-5211-436a-8e32-ec617c3ebc83,2017-10-08,-122.255,40.24789
838,e2c1718a-40e5-4139-a379-011c77f021bd,2017-10-08,-123.96844,40.88516
839,adf929a5-d508-4f69-8845-8fa1df8d4f95,2017-10-08,-121.52966,39.62496
840,676946dc-1b38-4a09-9bbe-9ce638cfed52,2017-10-09,-122.24367,38.39206
841,82c2aafa-ef04-49f0-a172-0dfa8a15582e,2017-10-08,-122.62879,38.60895
842,be79d28c-767d-4a0d-b168-e86a5842004f,2017-10-09,-122.5209,38.4041
843,36d55b1a-a2f4-4f40-b57c-48341bb2ace5,2017-10-08,-122.39052,38.31802
844,4ca0e06c-4e6e-4e00-a4a4-6813e3200bd5,2017-10-09,-121.40613,39.39455
845,608ed849-d1ec-4b0d-a477-d1b8e9c7e6dd,2017-10-08,-121.4021,39.32198
846,9a2b8ac1-41f4-4f98-a4e1-9b5ddee37251,2017-10-09,-121.08406,39.19325
847,c229ea5c-2ebd-4f80-892e-fc5da8a1eeea,2017-10-08,-123.16635,39.24873
848,f30518d1-83ef-440c-8058-d4189bfedab7,2017-10-09,-120.52953,38.40234
849,fe6e94d7-7b47-4992-9a52-787e1fad8171,2017-10-09,-122.47301,38.14242
850,f8ce12e2-e7c1-4922-b584-63e4421d0598,2017-10-09,-120.44448,35.28738
851,fb042e0f-1aab-4ac4-9d09-947c9b9f14b6,2017-10-26,-118.56578,35.21556
852,0f32c2db-7d28-4cf6-85b8-44b53899c8eb,2017-10-09,-122.64543,39.01387
853,29c37ab7-3af9-458f-b6d3-72023a8c1046,2017-10-08,-121.12792,39.24549
854,579d5d2a-0e51-4058-92c7-37abd7fe4aad,2017-10-09,-121.67261,39.74679
855,969c721c-5f27-41d4-9a94-ffa12e351204,2017-10-09,-117.70975,33.87041
856,561d4f1b-0827-48a9-8034-e783d2761945,2017-10-26,-117.34192,33.60247
857,09425074-8348-4fbc-b95d-4939750f9345,2017-10-26,-121.91425,40.02261
858,46d1ec10-be8e-474a-b98f-ba7cd3521ccd,2017-10-11,-119.2288,36.7528
859,0de36981-b31f-45c7-befd-1596f982e7db,2017-10-09,-122.90939,38.76549
860,b3627eac-9f2f-482a-81a6-681e60b5b24a,2017-10-16,-122.07012,37.18356
861,dcd7fb2e-3a4f-427e-9b13-1d2bcb0e8ac6,2017-10-17,-118.05545,34.22551
862,eb8b50ba-b6bc-4668-b3f1-dcdbfbe71b17,2017-10-14,-123.51619,40.46836
863,ec27a3bd-959b-48f3-872e-2c87047dbae2,2017-10-12,-118.76152,35.19008
864,d720af5d-af7c-4052-92b3-fced863cb675,2017-10-15,-116.50897,33.18716
865,11392e98-1571-4405-8f9c-d347caca28ce,2017-10-10,-121.13737,39.06414
866,0e9f14ae-01d5-4fbe-85a0-d0967233dc90,2017-10-10,-120.46234,38.77921
867,61e9a1f4-a263-47a0-93ee-64b52ebd92a9,2017-10-10,-117.02132,33.50488
868,c5783ba0-227e-4ff6-9d7d-61532ccd469b,2017-12-05,-117.40625,34.21829
869,eb87224a-f7da-4432-84ca-03a706ee3bac,2017-12-05,-117.33334,34.16564
870,33bf7f90-edd9-4bf7-a079-561d5dad25c9,2017-10-23,-117.00589,33.8826
871,50bd55cc-7c58-462d-a919-923b4bdcca15,2017-10-24,-117.4982,34.13534
872,733028fc-bf0a-4737-878b-78a29c9ee2ee,2017-10-15,-118.701,35.3091
873,92a8a466-061b-430a-87f9-3b5192947578,2017-10-13,-120.96514,35.78616
874,2725461a-6ad1-43fd-8b83-5e219df4d558,2017-10-13,-120.287,38.848
875,a7ecc679-7fbc-4370-9a55-8e17bf262a2e,2017-10-14,-122.57487,39.0199
876,3f481060-1106-4857-8ac3-374a68763922,2017-10-14,-122.58152,38.46123
877,15b21d31-eadf-47bb-a030-20c531b3077b,2017-10-09,-122.64001,38.36685
878,c58da6fd-a2e2-4706-9a2e-ee03884c714d,2017-10-15,-121.80377,36.5858
879,e8c7f247-bc31-4e5b-bf71-fe903366d9e5,2017-10-17,-121.85663,37.7393
880,081c7307-b328-4b64-869a-dce8718bab11,2017-10-17,-117.402445,33.402411
881,6418a3f5-8f76-4b47-9a46-64af91838857,2017-10-18,-120.84748,37.89532
882,1e11fa40-e850-45d2-b65e-05aadc9f02f1,2017-12-05,-118.58188,34.45283
883,a245b55b-3eb7-49dd-9a5e-909d53854055,2017-12-05,-118.35863,34.31283
884,d28bc34e-73a8-454d-9e55-dea7bdd40bee,2017-12-04,-119.09124,34.41521
885,c425ed8d-1aab-44c8-bc03-39675ad2b0d2,2017-12-04,-117.4764,33.96514
886,eadd73be-51ab-4078-91cc-04784be3f17f,2017-11-02,-122.28165,39.81517
887,23353f29-33d4-4a7b-b78e-66bc761a55c8,2017-11-13,-119.48284,38.46111
888,d12bbce8-5acb-43ef-a259-4fbaf90d32ff,2017-10-13,-117.46709,33.38613
889,60d9b4f4-7b48-4820-9adc-5be0b4353a5c,2017-11-14,-116.50151,33.90327
890,fc8f89b5-988a-4a23-b9e3-333cc690363e,2017-10-24,-119.30918,34.34949
891,494792db-3107-4323-b176-fde4c58cd647,2017-10-20,-120.00353,35.41112
892,c265dfe8-6217-4a0d-9ea9-37be3b38baef,2017-11-25,-121.00391,36.38109
893,773795d8-5801-4f7c-a2fe-3f8d0ae18f51,2017-10-21,-116.37345,32.64962
894,666b3951-76ce-4351-abc6-3e0518d44901,2017-11-29,-116.940661,34.035344
895,fc4fcd00-8eee-43e5-b77f-bbd0c1669744,2017-12-07,-117.163,33.3237
896,e1a8e4f1-ba7c-431a-a8c4-069fa3d3d36c,2017-12-07,-117.14979,33.59257
897,d3f8db86-9947-4a4e-9113-0d7e4806417f,2017-12-13,-116.91023,33.88994
898,2aad53ef-d6c3-43dc-92e6-b2f9881ff161,2017-12-06,-118.48178,34.09454
899,64779f92-8353-4187-ae56-2b83eb66d7ca,2017-12-16,-120.27077,34.71796
900,2fa6f5ce-1c5b-4147-9f1f-9beb01c499af,2017-12-14,-120.414875,34.605358
901,e32c7957-8f4f-4ec1-a0f6-98085a2a7e89,2017-12-21,-117.38417,33.9885
902,d20645f2-81b9-450f-abc1-433b81bd7fea,2017-12-28,-119.61865,38.869036
903,9d0be6f9-d61b-467d-be68-c8a48c0cf930,2018-02-07,-121.28185,35.96689
904,3d866877-330a-4a14-b5bd-48675955af64,2018-02-18,-118.50235,37.40208
905,f78b2acd-fff2-413a-93d6-8479e138120b,2018-05-14,-121.6039,37.73835
906,693a86e6-8985-4e70-8ba8-869786ff538b,2018-05-17,-117.05992,33.62924
907,8b34406c-93b7-4a40-a832-2fc525876e59,2018-04-15,-116.164058,33.711263
908,f87005f7-c31b-4135-989a-ee5611626b3c,2018-03-27,-119.76576,34.0232
909,958c8ac0-6111-4d29-b5ac-8ca0e7a2f484,2018-03-27,-121.77419,40.4635
910,9a49cf24-0e41-4817-b0d0-966e7b5c7e77,2018-04-09,-117.48144,33.86439
911,81cf4d22-336d-4035-b2c3-5b5a8cf2fcc2,2018-05-10,-116.58759,33.12213
912,e84f2881-743c-4e36-863d-ddb37c2540d3,2018-05-09,-122.48556,41.65935
913,fb8c9354-384c-45ab-b209-4a0f6d234516,2018-04-22,-117.16232,33.88744
914,508b3f52-3a8e-4572-99a9-73c28bbdfbef,2018-04-26,-120.18499,39.89075
915,1a08a7d9-47b2-42ba-94c1-a2e15415b887,2018-05-17,-120.18236,34.74245
916,f96cf1fb-78d6-4763-a754-23aac25a3b96,2018-05-09,-117.27467,33.40178
917,32708961-025a-4bf7-88c1-8cd91bbc3cce,2018-05-04,-117.502405,33.389425
918,92c441f3-4729-4ba5-890f-fb7693725275,2018-05-02,-120.77206,36.85156
919,57ef80d4-4674-4a3a-9fd6-3f1d792a1953,2018-05-04,-117.148204,33.504964
920,08a9481d-8742-4256-a419-2a59196e0a8d,2018-05-04,-117.003829,33.467999
921,a339b368-ec58-463e-9a26-9af37c938f49,2018-04-19,-118.08449,36.71537
922,d6753341-5c6f-4530-9c02-25974496ddc8,2018-04-24,-123.55012,40.70258
923,8e840df1-b34b-44fd-8ade-0350a0113a81,2018-04-28,-117.32281,33.67815
924,0d030a31-8531-4172-88f1-08ac34c3d805,2018-05-18,-118.9821,35.826333
925,e1ab6577-7ce9-4b19-bb29-68b5bdd699b6,2018-05-18,-122.21032,40.31759
926,454ed7a0-3e17-47a6-9ff1-7a629471df5c,2018-05-19,-122.513883,41.791859
927,d77a050b-9928-49bf-92de-1159edddd07c,2018-05-20,-121.01638,37.056944
928,03b0e3c2-7b65-4a7b-b061-d297ebd267f4,2018-05-21,-122.23059,38.16303
929,b9cd9a90-1983-4a0a-aad4-9c286382f158,2018-05-22,-117.03134,33.35505
930,f163aa10-1dd9-4fd0-9e5b-fda78ef5bcc6,2018-05-23,-119.75307,37.0979
931,31c47bb9-1913-463e-95e4-86e48fadfda6,2018-05-24,-120.12441,35.56922
932,737f9bb2-5a43-4730-94c1-4031bce6d626,2018-05-26,-119.42172,36.75581
933,7f775329-242f-4211-b564-92f90062c227,2018-05-27,-121.76828,37.21803
934,79dee087-3393-473f-aaa9-5d253cc5e1fa,2018-05-28,-116.10231,33.53924
935,09f22e57-6058-4a87-972a-ece08f4527d4,2018-05-28,-122.58666,39.65578
936,e596a67e-177f-4db9-a2d6-dda7da1678fb,2018-05-29,-121.10903,37.32744
937,4b641aa9-e8b4-492e-a181-f1bad47c4d6d,2018-05-29,-120.64028,35.71859
938,503cf916-4f56-4be7-8083-730122f686dc,2018-05-30,-121.57918,37.75375
939,4235f934-ed24-425d-821c-46363dcb16e8,2018-06-01,-122.01762,38.64953
940,3db90629-694f-43d7-b46a-6378f6bc1472,2018-06-01,-122.65582,39.46543
941,b48e83d3-eb05-47df-a198-185912d8190e,2018-06-01,-122.29388,40.201826
942,abe0e447-8977-406f-9e13-5514f4e954bc,2018-06-02,-121.86473,37.99113
943,105b65f3-7e99-4cd6-8b0a-f78004c041eb,2018-06-02,-117.72044,33.55132
944,c88bdcbd-2592-44d2-b44d-1c5a37593ffb,2018-06-02,-117.22215,33.45014
945,af8fe898-e4a6-4b9f-86a5-e6fc3226832b,2018-06-02,-120.55324,36.10499
946,2d27a570-a8b0-4332-a40a-3afb8f2a575c,2018-06-03,-122.3307,39.80827
947,a0b7fa30-74d0-419f-927b-de29b0d00018,2018-06-03,-117.31468,33.47413
948,368fb83d-2660-4d9f-b6ad-0a2ef5de1e52,2018-06-03,-117.28189,33.742
949,39ace715-e375-4083-a05c-7fb7448e17b9,2018-06-03,-121.36446,36.83036
950,0fd4a4af-b243-4e88-b983-648d0c127f47,2018-06-03,-120.91793,35.75737
951,a9d772ae-90d9-4f8e-9fe7-342b4266dd52,2018-06-03,-122.33769,41.58233
952,8efb9edc-dbe7-4824-9027-22993569f794,2018-06-03,-117.06782,32.78031
953,60041942-db7c-4c3d-8a94-151addbd9d20,2018-06-03,-116.92404,32.75072
954,5340807b-1be1-4894-b446-c81c46456641,2018-06-04,-118.31138,34.5486
955,c48eaae5-afb4-472c-be65-7dfbb3c82f4d,2018-06-04,-122.98442,41.64805
956,df2538f9-20c9-4d40-9a64-9d6334b6f7d6,2018-06-04,-120.99322,36.40755
957,5228fabc-64f6-4ccf-aedc-dc1e781277a6,2018-06-04,-120.901167,36.378333
958,9662b158-b17f-4386-867a-3afa5ea28929,2018-06-04,-119.623981,37.10181
959,9f926d66-2cfa-4e3d-b4a3-4ea3b4b23698,2018-06-04,-121.03253,36.64832
960,6eed6c93-14f3-450a-80c8-65c5450a8cbd,2018-06-05,-122.44408,38.245151
961,a43a2839-d85f-4152-ac07-4a29c31723cf,2018-06-05,-117.22974,33.40769
962,9ededdf0-b250-49ec-999d-eb988dab08a9,2018-06-06,-116.46674,32.63046
963,7278467f-ca4a-47f1-b876-a6722b546f30,2018-06-11,-121.09199,38.24033
964,cdd46073-0336-4003-8a06-161947985987,2018-06-07,-120.24315,37.33924
965,22fc8e84-ae8e-4a10-a9f3-828464616253,2018-06-09,-122.3571,39.94355
966,1d926fc4-0f23-47dd-a750-5e7fac4ad416,2018-06-09,-122.58218,39.64978
967,5adaf6fa-0c4a-43e4-bd32-baa089a7f0b2,2018-06-09,-122.5275,37.97638
968,d6d4d085-1c3b-4ee5-bd2a-dd3779797e97,2018-06-09,-122.5275,37.97638
969,63e41793-2c9c-4dda-98e0-62b5069514a7,2018-06-09,-121.11936,35.9352
970,b3ab43c4-6f73-4ccc-a3ca-f2c54959f8b1,2018-06-12,-120.862579,36.37532
971,d886d8aa-00b7-41d7-b48f-665f5c6cf01e,2018-06-13,-120.670311,35.663607
972,96781eb8-6146-4b96-a5cb-7457defea461,2018-06-11,-117.746625,33.787838
973,e1c9dae5-a2d8-4c97-8e6d-65937ade5e79,2018-06-12,-117.654299,33.925862
974,7307857b-b127-4b3a-bf11-ee19d07e0736,2018-06-12,-118.427886,34.110516
975,994876ff-2369-4a13-9642-d2dfbd372ac9,2018-06-13,-122.135924,40.394073
976,764b9aac-411e-442d-a045-1bd02ec773c2,2018-06-14,-116.821724,33.524412
977,59b452f4-04fe-4251-8cf9-70dfc53ada0c,2018-06-14,-121.617698,39.602703
978,f3d3e61e-4ab4-4155-a882-4e27de976659,2018-06-14,-120.624135,35.58354
979,b307b3b5-529a-4dd0-ad30-e678180a6174,2018-06-14,-120.36403,40.3768
980,3de50f18-061e-40f4-8ee4-8a3d3ef25fb1,2018-06-15,-120.34207,37.39339
981,06ccdd6b-fd15-4cba-a9ed-6cb7c70327d9,2018-06-15,-119.91223,37.14663
982,42bd7e44-5bfa-4e25-961d-941a18bc00d0,2018-06-15,-119.84299,37.47677
983,9b6b1707-4342-4b38-b4a2-1056c202a32a,2018-06-16,-121.521111,39.549167
984,af251be5-4fa6-4ced-954c-a0e0aa34a517,2018-06-16,-122.476381,38.886518
985,0ffbb118-8070-4220-95a7-cdef27b0a7ae,2018-06-16,-121.998967,38.015323
986,43d24c96-7841-423f-9e14-bc9a7ff49416,2018-06-17,-120.892404,38.265645
987,bd149eaf-5a3e-4eac-9973-243e78862b35,2018-06-17,-119.416746,38.834395
988,1f49d4b1-f08f-4fce-8b55-48ff0e521a2f,2018-06-17,-121.806775,37.627119
989,fc911680-49a8-454b-be0f-d78cd957bd29,2018-06-17,-121.176354,37.05876
990,8f98a50c-fac6-4dcd-844f-76c49891f0f6,2018-06-18,-120.199162,37.707234
991,2bee561f-fd8f-44ad-9c25-ccdc671029bc,2018-06-19,-121.908976,37.779209
992,b2adde70-a40e-4b81-9f5f-8f6b96042af2,2018-06-19,-120.57833,35.77017
993,d963ff00-9c98-4bc6-a3b3-4856d8192e87,2018-06-20,-120.75593,35.73629
994,d752892a-9bdf-4b91-83f0-2d3f94c3f370,2018-06-21,-120.39295,35.05747
995,9fe34773-10d3-419a-a6f5-4ddb2d43a145,2018-06-23,-122.17457,40.52909
996,299d84d9-ff65-4669-bcd7-cb5abb191c75,2018-06-23,-121.77867,40.35068
997,75ad696c-b094-4919-89e3-f879361f5151,2018-06-23,-122.19792,40.12791
998,72999057-198b-4cd2-a316-2e854ef9a7f8,2018-06-23,-122.27574,40.18395
999,25574325-cf1d-4191-bc3d-c50ed0a15f9c,2018-06-23,-122.59848,39.0674
1000,c8c8905e-4ff4-4563-8ad8-3838a8d0a3bb,2018-06-23,-118.75495,34.53765
1001,b4377461-c17b-41b1-8dc2-9722f8ead519,2018-07-04,-122.512012,39.2976
1002,d7365a2a-a113-4693-92d3-152f52b0d743,2018-06-29,-118.72905,35.1234
1003,b900fe52-8900-4578-9745-58036920a1ab,2018-06-24,-122.42308,40.50318
1004,28d55249-7c63-4213-a7b4-c0796dbb18ca,2018-06-24,-120.30187,37.80785
1005,f2d02439-f682-47e7-b6e9-6e51ca068c86,2018-06-24,-120.68902,37.95766
1006,bda69d0e-716e-439e-9a18-49f44d449086,2018-06-24,-121.09354,37.08529
1007,eabc7fc2-d02b-480a-9472-7c7677e812cb,2018-07-05,-123.38493,39.038859
1008,4efc7855-ecbf-4507-8435-399e23a91fef,2018-06-29,-120.945482,38.052055
1009,465ed1e1-89be-4556-b616-834b65746005,2018-06-29,-121.954098,39.6139
1010,70ff3ebc-0d1f-43eb-ab56-1ff13fe9c9e3,2018-06-28,-122.9144,40.60402
1011,8811a5f8-b99a-454a-9af5-6753579c8d45,2018-06-26,-120.86256,35.95515
1012,b17eb5bf-c44a-4e13-99d0-bbdf5e8f8f67,2018-06-11,-119.118,37.571
1013,595f6f52-a55b-40e7-8aa6-b409ff9a7a5b,2018-06-27,-119.304499,36.696879
1014,a3ba8fc0-37f7-4c1a-9386-627d3369a03e,2018-06-26,-121.78208,39.59872
1015,91b94b02-cd05-471a-a4e7-5168d56c46ba,2018-06-26,-120.71488,35.33916
1016,218619b5-ad0c-4238-8e31-ab6d98932a73,2018-06-27,-120.45053,40.316137
1017,5aa13874-fb24-44f0-969a-d12dbc7edca8,2018-06-27,-122.99272,41.83359
1018,cbf84797-7cc2-40a4-8157-d74c89792e9e,2018-07-04,-121.637759,39.491737
1019,c8060137-4a83-479b-9f36-429a698aac06,2018-06-29,-121.17693,38.595865
1020,53770321-4d20-4db9-bfad-754f9eeabc2b,2018-06-29,-121.9921,37.94714
1021,a4d4923c-cf9e-43a9-b62e-dc9c04f0ec24,2018-06-29,-121.67144,37.66074
1022,d4618db6-e417-4590-8c1f-9b5ace341bb3,2018-06-30,-117.15381,34.17711
1023,97ff14e8-6d08-4214-ad3b-847fa3a0e84a,2018-06-30,-122.18183,38.80583
1024,28599f05-c64d-49a5-be59-23879eecb980,2018-07-04,-116.732032,33.56349
1025,15d8c9e7-7029-4027-85d8-95f308f83790,2018-07-14,-122.44008,40.00293
1026,f5d14543-5d98-41ca-99f5-09c1197161b2,2018-07-10,-119.50461,37.22791
1027,6103c099-a3eb-481e-8a76-1296f5fdb25d,2018-07-01,-123.051,41.085
1028,2a1c14d1-2a88-4564-bd09-585e09ffc9a7,2018-07-06,-116.7311,32.833674
1029,f7bacdf4-ba33-436a-ad94-549395286fc2,2018-07-02,-122.12351,37.86339
1030,59c697e4-5083-4f45-b03a-ef580f6618dd,2018-07-06,-116.764733,32.619855
1031,29a5f777-bea5-411e-9139-fe0d094616b0,2018-07-04,-121.059979,38.539806
1032,d7e7eaca-5716-48b3-bd34-37acea282634,2018-07-05,-122.534655,41.893332
1033,be804253-e994-4f40-9e07-5c215533231c,2018-07-06,-120.95408,38.42623
1034,b90be7b6-e9ec-4a18-a910-957f700c6ed6,2018-07-06,-116.958806,34.095568
1035,656c37d9-6876-47ba-bf8e-ec6c351c3595,2018-07-13,-120.11461,41.29363
1036,76725105-a814-4e8d-bd5b-d0f2f1879dae,2018-07-06,-119.831389,34.463889
1037,8d5856ff-4cd4-4b88-afb0-c6df08f548a8,2018-07-06,-121.53586,37.06367
1038,3c17be70-66f8-4df2-97be-873fe924d99c,2018-07-12,-121.76859,39.77124
1039,8ff78ab4-378d-4e1b-9ba0-b90d8be07a06,2018-07-13,-117.35606,34.171786
1040,29d15973-a999-409e-adf4-486854df44ed,2018-07-13,-119.88581,37.6549
1041,22171870-baaf-480f-902a-45ec9282df35,2018-07-08,-118.87881,34.86022
1042,c2dc8734-e165-4fa1-9a1a-f393516bd5a5,2018-07-10,-121.51772,39.66492
1043,01018620-8f10-4de0-a7e6-78cc9a77cc9a,2018-07-10,-121.79189,37.22545
1044,a125058d-abfe-4593-bd53-503ceea3f4f0,2018-07-10,-121.702547,37.163594
1045,20495cc8-cb22-4fd1-9bc3-0b9c654d12a0,2018-07-14,-120.61108,41.50105
1046,68957772-711e-4874-99f2-2b9267dbe725,2018-07-11,-121.0454,36.65351
1047,09395db0-1c76-43c3-a3db-d18081b31a35,2018-07-08,-118.21881,36.6734
1048,9636bdf4-8754-4745-80c8-90a5fcd90ec2,2018-07-08,-122.23449,40.62693
1049,7e24911d-5dc9-4449-ba08-f718c094ac9e,2018-07-08,-121.85311,37.79718
1050,d0e1cdc0-9dea-467a-8ae8-040e0f94178d,2018-07-08,-121.60646,37.75646
1051,a9386b8b-8d40-44ea-ab84-1593ced5f9fb,2018-07-09,-119.82242,39.05391
1052,1a4aeaa6-7f90-420f-ad6b-6942658a7fee,2018-07-06,-117.40967,34.22526
1053,dc55524d-c29f-4990-8f73-2974348c7fc7,2018-07-09,-119.80414,37.19817
1054,78eabcbb-32b9-4438-ab84-8eb65c044db7,2018-07-09,-122.59789,39.06715
1055,3b576efa-90b7-4b87-983d-b38630e10576,2018-07-09,-121.93908,40.33682
1056,a0b16523-d6f9-4a21-809d-4f2bdbc2bea7,2018-07-12,-120.82355,36.59036
1057,b89ae0bb-4b8b-47f6-b7c6-5e689a265288,2018-07-14,-120.02137,39.99309
1058,052acbfd-0552-47ac-8be7-6f79b4aecf0e,2018-07-15,-122.47293,41.70877
1059,8d7302b1-605f-404d-9641-a890720e8657,2018-07-15,-121.21597,40.95234
1060,8c94a8f0-1d63-4ea7-88af-52fee196a9a6,2018-07-15,-123.85404,41.34453
1061,f141dba0-ae4b-4972-b926-81d1595d0917,2018-07-15,-121.05722,41.08583
1062,62b14189-aea8-4dcb-8702-a1dfc11abda7,2018-07-15,-121.27049,40.94666
1063,02ebd2cc-c4da-4508-92f6-30446d041ae9,2018-07-15,-122.11375,40.27754
1064,d3ead5e1-12bb-4d27-8c1d-c723c0747265,2018-08-16,-123.688056,41.07944
1065,0194a44a-0c12-4e47-a053-f3b9b2382858,2018-07-17,-120.97339,35.70086
1066,1dad019f-12c1-47a0-a20c-2408d942f1c4,2018-07-17,-116.8663,32.557566
1067,14207c18-f9a3-4a69-9f3a-d778d2f6960f,2018-07-17,-122.37985,41.632373
1068,756cceab-80e1-47af-8c85-9e650352b48e,2018-07-18,-120.31805556,34.54305556
1069,e51ff5f0-09d5-42f3-8bed-c1c6eb85d245,2018-07-18,-121.99388889,38.59694444
1070,d56aeb11-09a3-4854-b422-9a1e41f18a51,2018-07-19,-121.43131,39.57202
1071,e4c8aa24-e396-46d1-ae6e-bc9c7889967a,2018-07-19,-119.97546,37.28365
1072,05fb81ea-7e85-4d0d-9587-64c907a45561,2018-07-20,-116.78928,33.04898
1073,022bee6b-1559-4792-a2d2-014d3adfecad,2018-07-19,-117.607577,33.836101
1074,9626db35-9c2a-4431-8c91-00e0bba794fa,2018-07-20,-122.649626,40.741186
1075,389e3075-51b9-45a8-ab9a-a75b03225c8d,2018-07-20,-120.22298,34.62412
1076,d7745759-07bd-40a7-a66c-003b174851b2,2018-07-21,-122.86854,38.91152
1077,5b5274df-2cb7-402e-b002-778cce00ac1d,2018-07-21,-120.95157,35.68539
1078,a710f41c-aa03-41e1-813f-a98812aea01b,2018-07-21,-120.71907,35.64917
1079,0dd9bca6-35b9-4a75-8f3b-a5e57e1b90e7,2018-07-22,-121.88807,37.449425
1080,fb7f7795-ede7-40cc-acf6-3ee6e761d0a9,2018-07-21,-123.258319,39.279833
1081,f6693336-817b-4424-8aea-1c966fae5e23,2018-07-19,-118.70443,36.42638
1082,240b1f55-0f4e-448d-a4ce-3ecfec7a6c9d,2018-07-23,-122.62357,40.65428
1083,6e0b516c-9da1-4ff7-a0ce-3251b2cbabb9,2018-07-23,-118.60441,34.38039
1084,e18c9556-706f-4bb7-b908-e7b44293923d,2018-07-23,-116.154398,33.56921
1085,9b9b6d81-9590-48a0-a750-fc7da05bfecc,2018-09-02,-122.97222,38.981389
1086,2fdf2c14-77b4-458c-96fc-bd883dec3ad3,2018-07-24,-121.90215,40.824
1087,a18ed51c-1083-4f48-ab1b-6ae0c5454073,2018-07-24,-120.82497,40.34822
1088,655b2bde-09c6-43b8-9cdb-43096bcf1155,2018-07-25,-121.600023,37.07793
1089,df681456-a50e-4400-a95a-77533a0978ba,2018-07-25,-121.85847,37.89612
1090,708b3dde-3f1a-4813-8501-8a52bf3b1d9c,2018-07-25,-121.40604,36.796
1091,f306893c-d6b5-4d68-a2a3-4a306822e041,2018-07-25,-121.55604,37.71173
1092,9d63cbd8-7dbf-4b2d-918d-036e3a282d2d,2018-08-01,-123.0496,38.8802
1093,2b56b06d-46d6-43f2-b474-2598dd163e82,2018-07-27,-116.91845,33.07892
1094,1f942827-c242-49a1-bccd-f2375be91ad9,2018-07-26,-116.500058,33.571763
1095,190306eb-357b-40d2-9871-92cdd8784332,2018-08-05,-120.46078,38.08424
1096,deb9364c-ab73-4661-b287-2ffc1797296e,2018-08-04,-120.0545,37.69965
1097,6bc7ef6f-2d81-4bdc-ab41-9db6af9d4abb,2018-08-04,-121.79733,37.533026
1098,676aa48b-d962-4026-a354-db047f14233f,2018-08-03,-118.83556,35.37444
1099,90b0daf7-5d84-42d9-bb35-bb78d4faf950,2018-07-27,-123.103367,39.243283
1100,e775e724-0a1b-4156-a477-623031c09b0e,2018-07-27,-118.82989,36.21634
1101,af30fe23-6cfd-4fd6-b2d9-91648eeae814,2018-07-27,-123.11971,39.04786
1102,53a9be88-6d10-483e-8dc7-59cb84326ab8,2018-07-27,-118.817934,35.387408
1103,684ded31-5a60-4c05-bbdb-2fb913ca0041,2018-07-27,-120.868091,40.633536
1104,9bc283c4-6011-4488-b8ec-a85db51dc137,2018-07-15,-123.54642,41.95113
1105,c62fc5e2-2340-49b7-b3d8-b883a266827f,2018-08-01,-119.929,38.349
1106,574b0b35-4c66-44ac-8797-3eadf09e495d,2018-07-31,-118.970443,37.735461
1107,45845135-0abc-4964-9038-db1e26fa9b22,2018-07-28,-117.43521,33.85852
1108,e3406861-3e7f-4a4b-b16d-6004f3edc5e6,2018-07-28,-117.24044,33.41476
1109,ea58640a-7837-4d93-a145-96e48b7df8ee,2018-07-31,-121.792885,39.186144
1110,2410754e-b988-4f4f-b7ee-21f954c2bbf2,2018-07-28,-122.18353,38.51943
1111,fa745e18-be7a-42e0-b3c7-30333ddcf3aa,2018-07-31,-123.08489,39.82877
1112,46f35b6b-9c64-41e3-a7e2-f76dc6719145,2018-07-29,-121.6002,40.95673
1113,6832f18a-6515-4436-bf3b-553bf6302de4,2018-09-16,-120.64398,35.30151
1114,775494c3-ae61-40aa-82b0-667a3ddcbdcc,2018-08-06,-116.77154,33.05737
1115,d8de1c4a-9b2c-46ad-aab4-3b2012571e4a,2018-08-01,-120.874167,38.645
1116,6e4ecf7a-2864-4fc6-85cb-9b2a0ac324df,2018-08-01,-121.03918,38.82128
1117,4f3f4f66-871c-4d50-bd3f-f641210552c9,2018-08-01,-121.451307,38.82426
1118,c7152819-8f07-489c-a219-b58bed82733e,2018-08-06,-120.343056,35.847778
1119,5b9e5ea7-1f63-46dd-aabd-8cf407c6f4ba,2018-08-06,-117.52055,33.69888
1120,dd114f40-6fcb-487b-931e-7a9107371daa,2018-08-06,-117.460278,33.759722
1121,a1e73f5c-68e2-4109-b741-046eb7349265,2018-08-06,-120.872244,38.061298
1122,b9f703f7-18bb-4845-a480-ce7d63b5f57a,2018-08-07,-121.27,39.996944
1123,0ba9a90d-6615-4fa8-9a10-3efb660437ca,2018-08-06,-119.98329,35.97896
1124,49232e73-c3ba-4dc3-b673-b973a918fa7c,1969-12-31,-122.76751,38.07135
1125,471980a3-9ffb-4b1f-8e51-eabb9736b51b,2018-08-16,-118.80138889,35.56888889
1126,cb647b06-1772-4d65-8087-0b841fcfb502,2018-08-09,-122.219,40.896
1127,f81830b2-ece2-4f59-87c7-fd43193bd996,2018-08-22,-117.066643,33.946896
1128,8dddf572-84de-4b20-b740-f5c7847cec3b,2018-08-09,-116.902985,33.076239
1129,ce93c72c-eb9c-4176-a2b6-7750a4a6bb20,2018-08-09,-121.52225,40.99344
1130,1bdf7030-adc6-442f-ab31-d182e53b4a73,2018-08-09,-122.26389,38.27229
1131,f012f0ea-4102-47dc-9c6d-609ebac85142,2018-08-17,-122.14097,37.99618
1132,db2344ac-f195-4f94-8999-e8c8ebb4a7a2,2018-09-08,-122.44468,38.69601
1133,2ce8de99-7e66-4de8-9426-48a4fc8500ac,2018-08-10,-122.043747,38.431278
1134,b03ec37e-8596-4e7e-8826-729957a794f8,2018-08-17,-118.51651,35.17156
1135,b2695350-87ea-49f4-a579-ce0c4cf7f926,2018-08-12,-121.07039,39.10494
1136,791a3a00-2c51-4679-b4b7-27cc77ec699d,2018-08-13,-117.0242529,33.0971179
1137,3bb731cc-eb21-421f-b5f5-4949346dc316,2018-08-11,-120.82226,36.00912
1138,b83feee5-a799-4481-bd25-1d4cc3befd7d,2018-08-15,-118.7393,35.79012
1139,58e6dde2-eeae-4a9e-be1e-bfd654d4405b,2018-08-15,-121.04386,41.38544
1140,a2fbfcae-d658-41f4-88c6-98239d08ff29,2018-08-26,-122.02805,37.69926
1141,5eab06a3-5deb-4934-98a7-7c42eb86cbf9,2018-08-18,-118.6525,35.51777778
1142,5dbbbc9f-deec-4c33-a172-19614492d860,2018-08-19,-122.89055556,40.36888889
1143,8dd81979-48ba-48db-bb24-e4f1bf85d262,2018-08-19,-120.09222222,35.11416667
1144,23f8d2d9-0e9e-4f07-b830-8c02cf74b5d0,2018-08-19,-117.171731,33.627006
1145,eeb859ef-dc44-48e2-a2d7-dce44bc47d01,2018-08-23,-120.002619,37.197039
1146,2bdeaf01-fe98-4f63-b2e8-4857815bc87c,2018-08-25,-117.20534,33.97902
1147,f6555118-f01e-4524-a14d-e01303a482db,2018-08-27,-119.431667,37.179167
1148,ef9c8f82-8607-4c53-9bdd-5196e6a1071c,2018-08-26,-122.57496,39.02017
1149,e69be637-e9e9-4964-96ed-4d6a1a1c159d,2018-08-27,-117.085354,33.640051
1150,9bffc947-2f15-4486-98df-9a632b2038a7,2018-09-09,-117.846111,34.2325
1151,c203606a-d2eb-4ba2-97cc-2ee7403432b1,2018-08-30,-122.3625,38.8275
1152,c9001401-a2b0-4cae-9e03-e60509342a53,2018-09-01,-119.61416,34.576944
1153,e9d48e43-940e-4151-9ffb-20881d03c151,2018-09-02,-120.72362,41.52123
1154,0683b4a7-6a8c-4339-abc1-dfbe64dcb5a1,2018-08-31,-117.244366,34.15475
1155,ba818380-4001-46a2-ac04-d5f322cdf3b9,2018-09-05,-122.43,40.9425
1156,1a3ccacd-e743-4a0b-97ab-4d99a133654e,2018-09-03,-122.85276,38.91842
1157,d8235a76-7b43-4e23-8f60-dc308c250fab,2018-09-03,-120.658333,39.268611
1158,94e0a869-04f6-4265-9c1f-c53fbdde98ad,2018-09-04,-120.92611,38.94388
1159,20b57ee7-b0b7-47db-8a12-e5fcdb114459,2018-09-04,-122.400556,40.678889
1160,849ad1a0-472b-4cc6-a513-030491fa1ffb,2018-09-08,-120.61746,37.83388
1161,3506eaf5-e815-4a7f-9c52-816fe5eee7d5,2018-09-04,-123.52019,40.616251
1162,a81f5149-5ac2-48de-a189-609e46f5fad8,2018-09-04,-119.45186,38.347395
1163,7fc0b9c8-dec7-430d-9790-1bbebae404eb,2018-09-13,-121.1563,36.35502
1164,65689d5f-910c-4e00-9bf3-e5626cd1361c,2018-09-10,-122.727,38.02447
1165,f694c74c-adad-459c-b357-4cd2f10f16df,2018-09-12,-118.92485,34.91482
1166,d5885e9d-1310-4f84-a658-d972d17ecad9,2018-09-14,-116.93188,33.80406
1167,9ea41d38-ee7c-4394-9ea8-cbf33e788f13,2018-09-20,-120.65672,38.7448
1168,4fa2e1e0-a920-4991-beb6-3c080b6c1500,2018-09-22,-118.60858,34.48229
1169,6b6dff76-8fab-4852-a71c-e735f87bd6fa,2018-09-22,-119.68912,37.38789
1170,b9d64431-d96d-413f-84df-ef3b381d3002,2018-09-22,-120.93005,40.33642
1171,d0ae0a7f-dd7b-4cb1-8f4a-2a784a17d6d4,2018-09-28,-121.43025,40.34256
1172,b181e69a-5864-44c1-b5b4-f4c5832a4539,2018-09-28,-122.17173,40.5939
1173,04100255-b014-4a69-92c2-5388c7f9b9d6,2018-09-23,-121.75815,37.33563
1174,9856efb8-4d41-4276-9d4e-a5b29d912996,2018-09-24,-121.62168,39.84151
1175,9c03d484-e442-4eaa-8a7b-99d6c769750a,2018-09-29,-120.258,-120.258
1176,2c41731e-1e13-494c-b7f7-928b89bb7d32,2018-09-26,-117.42431,34.24138
1177,9d69b6cb-1dee-43df-83ca-b2b5485006d7,2018-10-02,-121.24898,35.97677
1178,8c4b830f-be4f-4469-9448-f0e98ea1d189,2018-10-02,-119.3127769,36.938674
1179,8f633ae7-b5f0-455f-a60e-13d9566e5844,2018-10-07,-122.18,40.22027778
1180,f19a49b4-9d0f-4c61-83ea-9b4a741b0bef,2018-10-07,-121.68694444,37.1769444
1181,28725d54-51bc-41f9-99ed-aca0396be12a,2018-10-10,-122.43933,41.94046
1182,e9c8c0aa-4d21-4f09-9858-890ea163d580,2018-10-12,-121.94658,38.45673
1183,8a79c31d-0df0-4448-a855-b04cfc384825,2018-10-13,-120.69955,36.18401
1184,a8f54d41-fc8c-476c-9122-f1357aa166a0,2018-10-14,-122.51597,40.49618
1185,83c539f5-64c1-4156-86e5-ac6cf4c947d5,2018-10-14,-122.38366,40.60866
1186,b8dc21be-0807-4434-9536-45a4a660ed83,2018-10-15,-121.54103,39.93427
1187,a728d915-1c00-43b6-bd5b-228be34a38fe,2018-10-19,-120.48861,35.17693
1188,87760805-5b1a-486e-91c4-590557929182,2018-10-24,-119.10433,36.47766
1189,7ee82e4f-f5e8-4278-b4e7-e82c390b395e,2018-10-30,-121.51707,39.36529
1190,7d1f523d-6940-4b64-bc5a-7ecb5a63538a,2018-11-03,-122.046,37.0125
1191,10d67079-faa9-4034-a4d7-8346b450e7de,2018-11-08,-123.28774,39.62194
1192,75dafe80-f18a-4a4a-9a37-4b564c5f6014,2018-11-08,-121.4347,39.8134
1193,8030a870-0453-48e0-b243-86dbae075434,2018-11-05,-122.308479,40.346652
1194,79968306-21a9-465e-acbe-4ea715c70ab5,2018-11-08,-120.19336,40.83116
1195,b8fe54be-15a8-4088-b0bb-16992df93a7e,2018-11-08,-121.9424,38.21396
1196,bc95da49-28a0-4e56-88d9-72e7455063c0,2018-11-08,-118.93444,34.22685
1197,92d7aeea-7abf-47a4-bf76-a4fe0fac65c6,2018-11-08,-118.70128,34.235
1198,6004d3e5-66f8-487a-80a4-689d3852378c,2019-01-01,-123.67555556,40.61805556
1199,e6b8af54-15fb-42bb-8be9-f323c9d5cc78,2018-11-29,-121.77385,39.71217
1200,e83e7346-5b83-4e3a-845c-867fd84d17f0,2018-11-15,-121.7944,37.81111
1201,116fabb6-7440-4d6d-aa89-668989c028db,2018-11-12,-124.001849,40.888785
1202,d18da394-5ed4-4004-8dea-600e15d398e4,2018-11-13,-117.43184,34.18075
1203,03f49769-b928-44a5-be82-236d3d341eba,2018-11-14,-121.94182,37.61158
1204,c003df4f-d19c-4e21-a90f-81d3f14aaf99,2018-11-15,-119.09916667,34.30166667
1205,c3b66e33-ef00-4874-a29b-b36640c16122,2018-11-12,-118.64381589,34.26734825
1206,b6fb27e6-073c-4092-b8a8-51e96be987a4,2018-11-16,-122.12036,37.12857
1207,31cbc968-6d9d-412b-8bc3-6846ca398fe2,2019-06-25,-121.32399,39.24678
1208,85bdd89a-4ce5-4539-a274-23fa2b030e7d,2019-04-28,-120.09715,35.81778
1209,34abbc65-5bbe-474b-85c8-16d07bb5b503,2019-04-30,-121.957,39.83958
1210,d3beabf6-63e9-4cad-a17c-58bb36abd7ac,2019-04-30,-118.92545,35.65189
1211,398bb669-190d-4dbf-9af0-6ccb27817c13,2019-05-01,-121.905,39.85484
1212,ee290ec6-3815-4c44-a96a-edb331fcc925,2019-05-03,-119.19454,35.03855
1213,6f329208-5aa0-45fc-a4ec-db9caf865ca7,2019-05-07,-119.62762,35.72057
1214,0888bb9d-0d9b-4a49-bf3d-a55a7c40a707,2019-05-10,-120.76088,39.11536
1215,a81e03a3-de18-48e4-93bf-f8da83a17927,2019-05-13,-116.8663,32.557566
1216,e98603d2-f44e-4a9e-b83d-5e9f94766b53,2019-05-18,-116.172534,33.650237
1217,aed86291-4631-4d79-ba5f-6b2c8ca399c9,2019-05-20,-122.30737,39.98097
1218,9d7c5ad0-6682-430a-b4d1-d39cfea73a29,2019-05-20,-117.18194,33.81678
1219,e2d77e59-b831-4267-a50b-89ede499a885,2019-05-29,-119.96498,35.30759
1220,72cb3684-c194-4180-bdfe-22775f86a594,2019-05-29,-119.3046,36.66909
1221,e354cde8-d0e6-4150-9f6b-1c12045e77d0,2019-05-30,-114.57265,33.69078
1222,329ac0b8-a2c1-4a72-bd09-dd86c477162b,2019-05-30,-121.22093,37.45899
1223,b4616173-5807-4c04-a416-5374139f3fcc,2019-05-29,-116.1466,33.57039
1224,812a492e-35cb-4bb0-9e5a-1ec181d8b97e,2019-06-01,-119.10974,36.28001
1225,11e0324e-e8ff-4591-b592-9e704ade60d6,2019-06-02,-118.99229,36.18479
1226,db2a5b4c-260b-4888-aeb3-663b8bf41106,2019-06-03,-118.85712,36.23012
1227,e1f34f39-beea-4a6d-9ba6-64b6b55ff567,2019-06-03,-118.80582,36.14246
1228,107dd529-31b8-4b5f-ab09-4aa79c770d4b,2019-06-05,-119.913717,35.343761
1229,2e71d51a-49f1-4e86-82e2-054637efd1a5,2019-06-06,-121.9763,38.02503
1230,b433dceb-f5b4-4b46-8eb3-2aae9fc2d45a,2019-06-07,-122.12214,38.21416
1231,24997ef5-a558-4ea6-8a96-b3cdff79fe2b,2019-06-07,-121.39259,38.75263
1232,8edf51ea-1e4f-4e73-8e04-e168417ed39b,2019-06-07,-121.09375,37.25988
1233,3fd43a39-4e82-4b7e-a642-be86b5c73522,2019-06-08,-121.56363,39.15641
1234,1760d7f8-57a2-4a04-b7e5-0861cc0ee963,2019-06-08,-122.23922,38.88978
1235,78c1dacb-653a-42fe-b025-ab80ec4996bd,2019-06-08,-122.47282,38.63047
1236,23cee99c-662f-4409-80d0-b9eb3a6287b3,2019-06-08,-121.85906,39.28926
1237,88a285bc-0dc7-4c51-a35a-5026850b0a6d,2019-06-12,-120.41128,35.66318
1238,6f509c42-9d2b-45df-b705-02dcb9147dde,2019-06-09,-121.70768,37.21638
1239,0cd5a369-2f91-4786-9df1-98ece3e9e78c,2019-06-10,-121.84082,37.44422
1240,20ccd7ec-de69-4967-9877-db5e143fe99a,2019-06-12,-120.88241,35.97059
1241,b671965d-2369-4107-98fe-432eab6ffdc0,2019-06-10,-118.94106,35.89593
1242,e1e4dad4-7ea6-48ec-b34d-3128cf55cc43,2019-06-10,-120.11738,35.57376
1243,77671ac0-0868-4cc9-a699-26f0131cd493,2019-06-10,-116.97772,33.30267
1244,921a69d2-ddde-4fd8-a874-f5ba15a4edd2,2019-06-15,-121.73659,39.76242
1245,45cad03f-97e7-4301-92e2-e63a0040913a,2019-06-14,-122.35962,41.64895
1246,fe63d965-9069-4a96-b9da-99d5fefdaa19,2019-06-16,-122.40157,41.94622
1247,779c4b9a-19bf-487f-ba65-6589aea27420,2019-06-20,-117.29665,33.39684
1248,48d3b3c4-fcf5-47d9-920f-3b3c1b0f6fb1,2019-06-17,-121.85906,39.28926
1249,8c666963-1f9d-43c6-bc3a-cab623d81f27,2019-06-21,-117.103765,33.919507
1250,bc5d73ab-3100-4117-9978-a99b8e3daf5c,2019-06-21,-121.57382,37.75427
1251,50328016-5e03-4e90-bff0-95d36942728f,2019-06-22,-122.48277,39.97083
1252,937f9f26-8d23-4ee7-a0f3-61313dcc63f3,2019-06-24,-121.32399,39.24678
1253,4edb5c7c-08d6-4ae0-b8b3-7bb471e26d8e,2019-06-25,-121.28312,37.46577
1254,35ba5eb8-520f-4660-af60-9e0e00e7b42b,2019-06-25,-120.94771,36.28426
1255,2f3e47bb-8595-4c9f-bfa6-6fd76e465c12,2019-06-26,-122.66779,40.41404
1256,7a0029c7-64c8-442d-8c7a-080a553e2b8e,2019-06-26,-121.534827,37.494136
1257,ac723863-413e-43f8-b4b6-2311e81e36ae,2019-06-26,-121.39419,38.73817
1258,c6e38284-336a-4435-a3a1-b2b91ee84a91,2019-06-27,-117.15738,33.80493
1259,b38c0563-b321-431b-9174-6336c5a0d449,2019-06-28,-121.00055556,39.40972222
1260,c51a2db5-6d0b-4b4a-8692-a6d73714829f,2019-06-29,-116.91416667,32.62305556
1261,24d9c2ae-8b11-4536-9b9c-5f4e0d476af0,2019-06-29,-116.980528,33.911
1262,cc06431a-5153-4f66-8ada-07af53c175c3,2019-06-29,-120.242411,37.312877
1263,42e2b6f0-2d63-4fbf-bbb4-4fc2eda4805d,2019-06-29,-121.23431,39.32889
1264,be4489fb-f51f-4109-8132-c7a28e0d9995,2019-07-02,-121.694968,37.18904
1265,89db8bb4-6e3b-4de7-b7d9-287c1a9032c0,2019-07-03,-121.538382,37.63206
1266,65e8fbe1-5300-4c90-9f48-0e7bfe55b1bc,2019-07-05,-121.3697,37.469
1267,bc3e7037-5022-4e6a-8a1f-925c7e9aafc8,2019-07-05,-122.16201,37.99837
1268,65330473-c21f-446b-a6f4-7bd76bf0ebdc,2019-07-05,-122.767256,40.41741
1269,0f965f2f-3977-4ba5-bf7c-29feef27ee82,2019-07-05,-120.392768,40.679318
1270,2d3b577c-7b58-4ee3-9e21-cbec5abd8ce4,2019-07-06,-121.35014,39.06066
1271,6be8378d-9a89-40a3-bc66-4fc0ab22ebc2,2019-07-08,-120.296551,37.524378
1272,1fd11e53-a132-4b89-bc8f-f7061f685ad3,2019-07-08,-120.2691666,35.6311111
1273,f32eaf92-82dc-4c31-8a05-76c21845f078,2019-07-09,-120.8092,35.95191
1274,6564081d-5ce7-4330-8ad7-2d1d976d778a,2019-07-11,-116.953889,33.69055556
1275,8c46fde6-7a1c-482b-97cc-afff1bc5d27c,2019-07-12,-116.7525,32.566389
1276,6311a921-f8e9-45c1-b10d-fee8be8dae29,2019-07-12,-116.07896,33.56938
1277,3fc9ae75-8844-43a5-8330-6956cdb6e3a7,2019-07-12,-121.586846,37.093243
1278,ab6d9c8e-5fbb-4a0d-a206-30e83ab51877,2019-07-12,-122.435492,40.463936
1279,777caabb-3850-4db2-ba02-2d95fda38db6,2019-07-13,-117.1228851,33.8128372
1280,3086ac2b-bbb3-4321-81e3-3cfdb9e571e9,2019-07-13,-119.769881,39.631945
1281,0ab090de-1ec9-41db-b6cf-c7acd370626a,2019-07-14,-120.158273,40.072739
1282,c1574fd4-92ca-400f-84cb-b10f18ebb4bd,2019-07-14,-118.96,34.366111
1283,a03c52ec-7366-43c5-965e-52e2b73df452,2019-07-15,-120.84372,37.944751
1284,42dab7c3-458f-4838-b70f-d5bb3d0f0b80,2019-07-15,-121.76444444,37.32555556
1285,f2629bc3-1c8c-4a97-95fa-7d08566dc246,2019-07-15,-119.934167,37.016944
1286,72384606-035c-4d00-8887-84a9da7d0e57,2019-07-16,-116.7884,33.514658
1287,12528e0f-03e0-4598-8df0-e3017fa7382a,2019-07-16,-121.468074,37.962557
1288,d5ebf295-49d5-4a6a-ae13-47a921355e19,2019-07-17,-120.306,41.909
1289,06fa2750-afea-4f88-b1c4-48b9bc21f4eb,2019-07-17,-116.839743,32.794768
1290,900997e0-f30a-48bf-9358-971ca2afa1d6,2019-07-18,-121.371276,37.420988
1291,17596a7a-31fc-4270-8aaf-efe1df3ba848,2019-07-18,-120.78068,38.115224
1292,f8a2fd4a-286e-4688-8a5c-fa2ad98751ab,2019-07-21,-120.027731,37.241427
1293,49dbe286-1cfe-4e03-a872-13185aae767a,2019-07-21,-118.9183333,34.9008333
1294,26676376-4e61-4d68-a28f-5fd8b4501acd,2019-07-22,-122.143942,38.481258
1295,9e6b72f0-5f8a-41fe-a60d-40d7bc2f5637,2019-07-22,-117.10318,34.42386
1296,7955a367-99da-4047-9f69-cc60ad3208e6,2019-07-23,-121.579738,39.423833
1297,f0577ec6-5504-4460-83ce-d9bd91624e0a,2019-07-24,-122.118889,38.158333
1298,a8c2bf1e-bb0f-4eec-a435-36d7723dfda6,2019-07-24,-121.807258,37.433192
1299,63b69be6-bd39-4bb4-aee1-7b59dbf7c360,2019-07-24,-120.435278,35.004722
1300,4ba68199-b45d-49da-91e8-bee9921b621b,2019-07-27,-122.656569,41.834366
1301,ee681e0b-54a3-48ad-900c-8037eeb88159,2019-07-27,-122.845,41.838
1302,5edb4ec4-615c-45fb-a236-9a4225eedaff,2019-07-27,-123.846013,39.831762
1303,d79e71f2-d827-465d-95a8-d80b6e54456e,2019-07-28,-117.769766,33.997528
1304,2939928b-0308-4d76-b232-246f064ddd11,2019-07-28,-121.260305,41.79591
1305,5a633180-7b70-4fb6-b859-b5826775b5fc,2019-07-28,-116.796032,32.767649
1306,bc2edb86-fb4b-4dba-a9e0-5339f27d9bce,2019-07-28,-119.94974,34.665699
1307,540b19a4-b84c-4d9c-9cb3-746b53a094b7,2019-07-29,-120.984167,35.908333
1308,233708cc-ed2d-4b85-ba8c-60cf71c912c8,2019-07-30,-121.466944,36.008889
1309,6ac64fee-1420-420c-bff1-1d4908b059be,2019-07-30,-120.75664,38.757636
1310,1f0d1a35-bf41-45d8-b3b8-26cca8d2d83e,2019-07-31,-118.41204,35.60989
1311,ca65fae0-e6d7-4600-890c-62da03753131,2019-08-01,-117.026667,32.575556
1312,12e44df4-d425-4f09-96b9-25256ffbdcb2,2019-08-02,-121.123611,38.3525
1313,a0d95805-48db-467e-8dd5-db761eb5ae74,2019-08-02,-121.114095,38.622058
1314,2f735b66-c275-4557-a8ad-0ff60e0552f3,2019-08-02,-120.23976,41.43783
1315,1f576988-2ad0-4a7b-afed-f650caafc579,2019-08-03,-121.872941,37.908362
1316,ed5e111d-e34a-42c0-9ce7-818270037c2c,2019-08-03,-118.752395,34.677864
1317,4433d477-a962-4ad9-a306-71f0f79fff65,2019-08-03,-116.4449,34.202883
1318,0f3326bd-4a0f-4351-b978-38eb29f4d490,2019-08-04,-122.25409,40.55924
1319,fbe088d0-2a17-4d04-aac7-0e32ac8a1ef7,2019-08-05,-118.623651,35.287373
1320,0089d3c4-c554-46e1-8eb9-af95e4dfae0c,2019-08-05,-117.333728,33.740219
1321,e338f506-b9fa-44c0-ae64-324ed0e590d4,2019-08-07,-121.678172,37.968494
1322,5f7b19a6-5f22-49ac-bf0e-ecef96385d37,2019-08-07,-120.336977,40.886677
1323,9a9bc21f-36f5-4092-b98e-c0d584d198db,2019-08-07,-121.320838,40.900458
1324,280f9652-7843-4275-9016-b95296fbf571,2019-08-08,-122.7751,38.99174
1325,3e020c0d-e35b-4e01-96b7-a3c8e40fd281,2019-08-08,-120.420058,37.949747
1326,94cdd032-ea04-4713-b54a-dc3476635684,2019-08-08,-120.275298,40.943799
1327,4affde91-31a9-4588-bf14-7201fc5c548b,2019-08-09,-121.841879,37.708743
1328,e3d66b1b-3b3b-40a3-96ec-574c1a27cbe9,2019-08-09,-122.175,42.033
1329,f044a406-06ab-457d-8a93-c52bb1930604,2019-08-10,-121.423281,39.171091
1330,073d3328-3d8c-459a-8ac8-5dc6095511ec,2019-08-12,-117.004667,33.909792
1331,618ca03c-28fd-4d66-abf3-d065d72d8cb4,2019-08-12,-122.54364,40.46968
1332,c8f94c30-d0ee-450a-8501-30678aa37c0f,2019-08-12,-123.195306,39.005262
1333,eb975e90-a689-40fc-8f44-b13c774de0e8,2019-08-13,-118.254,34.91
1334,ce97fe6d-a635-45f1-bc18-cdd1698673c2,2019-08-13,-121.969167,38.455
1335,22c3cb30-55b1-4fcd-9606-6a0dcedce4ef,2019-08-14,-120.890556,38.703889
1336,f2a78d1c-66be-40f8-a2d8-5756eb265162,2019-08-14,-122.309167,39.088333
1337,0deca389-4481-4d91-8765-40caba3ea31c,2019-08-15,-121.761974,37.219717
1338,2443f637-15d7-4cf9-a405-133cf1748300,2019-08-15,-122.159393,40.484329
1339,852f3058-ccaa-4877-8e8e-f5b8a9649936,2019-08-15,-120.208019,37.532028
1340,e094035d-ac9c-4ea9-a23b-bb55321a64d6,2019-08-15,-116.760465,32.57394
1341,2760040b-e17b-430f-b581-a81694b450ac,2019-08-15,-120.826165,38.652475
1342,74b94fe9-3524-40ce-ac18-ee637bf66f15,2019-08-16,-116.658735,32.573437
1343,547b7d19-9b75-4c11-8b88-56adb6460a3c,2019-08-16,-120.177018,37.536069
1344,d35fa87b-0f19-4dd8-8739-4bdbc92d1361,2019-08-21,-121.55867,37.71734
1345,1bf3e829-5fb3-43d2-9179-6c337709df19,2019-08-22,-122.241944,40.715556
1346,46896a04-8502-403c-b362-e4adc9e7ad4d,2019-08-22,-116.857817,33.4506
1347,97c4d72f-c1e9-425e-9dcf-44150047af92,2019-08-24,-120.544,40.562
1348,2ce810c9-88f1-4efe-9254-8cbd339d2397,2019-08-24,-120.029722,39.892222
1349,cb87a6f4-a560-41a5-81c0-1064d0c368b6,2019-08-25,-117.487578,33.77777348
1350,19343958-2921-41d2-a3f8-501badcd0bee,2019-08-25,-121.45597,37.034183
1351,808c34bb-4e64-4eb5-9c3e-2a1e58195074,2019-08-25,-116.873955,32.557546
1352,faf6064e-fc50-4289-8486-1235f20289d7,2019-08-27,-116.914799,33.463991
1353,4ee8f023-1c92-4266-bb79-d41fdb3a5826,2019-08-28,-120.581,40.593
1354,40ce99a7-fbca-4b41-b3bf-e2f863fdcc7e,2019-08-31,-121.657011,37.718636
1355,8faaa845-634f-4f94-b25e-f5ae78703da6,2019-08-31,-119.030621,36.40193
1356,954bfbe7-424c-49e0-9611-23e9f7a475a2,2019-09-01,-120.992914,35.906482
1357,1b6cdbc8-4ab9-49e9-b6ed-e38d55e263cc,2019-09-01,-119.3547,34.71011
1358,de9cacb4-0be2-47d1-8cf2-7a25aabacfae,2019-09-02,-121.596667,37.545167
1359,ebdceb89-fa30-486a-94f8-3eff8eedbd67,2019-09-02,-120.8405,36.600167
1360,a5331bf6-d695-4309-a846-96808e41d757,2019-09-02,-117.343833,34.353667
1361,89008310-149d-480f-946f-4ce5a2a71c3f,2019-09-03,-120.946657,38.898915
1362,23f65de3-bf4d-4edf-a5eb-b21299195b0f,2019-09-03,-122.07743,37.178353
1363,3a48b649-8714-433d-9952-ff2bf9e8c90a,2019-09-04,-120.680556,40.061389
1364,f68808fb-a705-4083-a136-1a45c61c7f74,2019-09-04,-117.273157,33.528469
1365,da7fa4d6-cbf3-4cf9-babf-1cc79aa2f536,2019-09-04,-122.642572,38.910498
1366,d8c705d2-2820-43d2-bee4-8335354bcab0,2019-09-04,-121.39478,36.732866
1367,14ad161c-bfc6-41ae-af84-a464084a4142,2019-09-05,-122.64,40.12
1368,3d4c2809-cd37-4f07-b86e-68dcd52c7434,2019-09-05,-120.945044,38.017138
1369,791059a2-b50f-4ab0-924a-bfdac001e4b9,2019-09-05,-123.222196,40.062304
1370,38d46a2f-d1f6-4ed8-a502-e57e393844ea,2019-09-05,-122.789,40.109
1371,226da8c8-26c0-49d7-b5ef-952cd969f918,2019-09-06,-118.872,37.826
1372,81977367-45ad-4962-92f3-ae30f22ef723,2019-09-06,-121.056,41.748
1373,c3b236b9-3a1d-481d-b1eb-b0aa77c5b462,2019-09-06,-118.228,36.284
1374,737ef617-abaa-44a1-9bbc-f46240468b8f,2019-09-06,-118.185,36.151
1375,e7ea56c5-4290-4406-b0a5-c9d1718e9700,2019-09-06,-118.345,37.034
1376,2de3ab6b-60c5-4400-9bff-74c79ed7d553,2019-09-06,-121.412333,39.470333
1377,393edada-d2bf-4a33-94f2-2d2123357015,2019-09-06,-120.606,44.734
1378,5c74d3fc-eaeb-4a75-9a07-5f8af961237b,2019-09-07,-122.662258,41.862237
1379,69b0cca6-c0c6-4a96-8f61-07ebb0ff9dc7,2019-09-07,-123.2129356,41.4929742
1380,b24dc89c-632d-46a1-8984-2ce037e37834,2019-09-07,-122.634108,41.150392
1381,25e65946-2e28-453b-bcb4-617b623be750,2019-09-07,-122.833831,38.955024
1382,63a43984-64ce-40aa-bbc3-98330a46353f,2019-09-07,-121.412619,39.45296
1383,efba4d61-2027-4b05-8506-04d9858154ca,2019-09-07,-122.740333,41.512917
1384,a14c1f49-8e49-4709-a21b-6c06471a1002,2019-09-07,-117.3063,33.9369
1385,4cebaf5a-70a7-4262-864b-fb3fe3b1d84d,2019-09-09,-120.187368,34.630919
1386,5a4639e4-0d1d-4cee-8215-0aa1d53a5160,2019-09-10,-116.631106,33.496633
1387,8f6c8f60-1daf-4c04-8507-dcc81656b8c5,2019-09-11,-121.110146,37.32585
1388,b277af3b-3785-44c1-bdfb-c5a5ba766d2b,2019-09-12,-117.270144,33.854597
1389,a8b79d35-dab7-4513-ac65-25fd99541662,2019-09-13,-120.401028,37.492002
1390,c9327432-b3d3-4ea1-b810-d339dc9e25c3,2019-09-14,-117.043723,33.4853
1391,8b4a5b95-3f51-4038-a7ea-b5ed3c73c2e5,2019-09-15,-123.000833,41.749667
1392,980c4c7d-dcc9-45b3-b5c1-181c1cd445e9,2019-09-15,-116.801111,33.635
1393,ebc468e3-c2ec-43ff-95e9-c319a7ec3d40,2019-09-20,-121.432636,38.751648
1394,3934f762-ba99-471a-b1d9-dc064276c383,2019-09-21,-121.842751,37.467744
1395,840010ca-aef0-4f91-b771-3bf196317d03,2019-09-21,-120.455883,35.214364
1396,7b283f4f-c613-4840-aa90-1f6e9fa1573a,2019-09-21,-117.170588,33.900994
1397,9fc12331-47f4-4d79-bffe-914f13658993,2019-09-22,-120.827386,38.20177
1398,e7910549-a5ca-4712-bd04-349c49c1ba15,2019-09-23,-120.625556,37.838333
1399,f24e0e23-63ee-4038-a04d-41fe70cac747,2019-09-24,-122.039167,40.612556
1400,94cd8534-defa-4a82-b1be-42a2704c13d2,2019-09-24,-116.806941,32.787656
1401,755df0b3-ad02-406b-af5d-738b67d8c755,2019-09-25,-120.67131,38.332083
1402,abdb011f-15d8-475b-b08e-4df583700411,2019-09-25,-116.88,32.87833333
1403,178b2af3-340c-409d-80e6-21ac119969f0,2019-09-26,-122.25611111,38.07944444
1404,b8e5a940-0fb5-4c63-93ab-a855cfdc4e0c,2019-09-28,-121.693472,39.622137
1405,48f89096-4641-42cc-8ec4-9cba635e79a1,2019-09-29,-120.965105,38.538467
1406,1e85b2a3-0d55-4c3a-9fbb-5208d615cccd,2019-09-30,-117.033598,33.703546
1407,05b9432b-a5cf-4a8f-bf0e-9b95a04bbdde,2019-09-30,-120.634179,36.154184
1408,e2a0252b-2da9-4967-ba33-7abe3ced1efa,2019-10-01,-120.1755,35.189783
1409,2e4017ba-5c18-4de6-8098-54b2a6caf5bd,2019-10-03,-121.336465,37.429506
1410,082bd2d3-457b-496b-a469-0d2550aac7ef,2019-10-04,-123.4375,41.70611111
1411,1dd6f339-956d-4ec5-bac5-713ba3cd53d4,2019-10-04,-123.458782,39.613783
1412,e7aeb204-15af-4a2a-8f2a-bfd2c8dbe411,2019-10-06,-119.96606,37.604638
1413,74c3d01f-8809-40bc-a0e2-b1cc24bf1a7d,2019-10-06,-122.211671,38.165873
1414,25e80e7d-5790-4192-9cf0-a190f36158f0,2019-10-07,-121.219163,37.066483
1415,a4bd4cbb-53de-47c8-972f-cca4c36aaf74,2019-10-07,-122.070055,40.314187
1416,a87ab8be-3da9-4cb0-a72c-5125acc001ef,2019-10-08,-121.853,37.606
1417,207f72f7-1453-40dc-919e-3551f7041b22,2019-10-09,-120.73102,35.79069
1418,18fe1e24-799d-4aa9-a7ec-fa8e331ae3e9,2019-10-09,-122.1604,39.847708
1419,d6114db7-8a39-4b86-92a5-5c3dea1f348f,2019-10-09,-122.160416,39.847708
1420,19578ef2-6101-45b0-a82e-db3004c3a8a5,2019-10-10,-122.103867,37.828267
1421,6e93b252-99a3-4214-9921-238373b17535,2019-10-10,-117.499619,33.827979
1422,8739a46c-9d9b-464c-87d0-31738601d96f,2019-10-10,-117.207068,33.975405
1423,7ff84b11-c3fb-4f5c-8a00-07243d4a4e33,2019-10-10,-117.059167,33.9925
1424,f20ba27e-4c6c-4ca9-a356-ef88c4f788bb,2019-10-10,-122.19911,40.4988
1425,d37acb3f-94c8-47ef-b3da-6eb0d7353aa7,2019-10-10,-116.897333,33.8615
1426,fd21c9dc-a89f-4a29-990b-33b95ae2adc9,2019-10-10,-118.950833,34.156389
1427,c52717d6-0297-4c5b-a0f1-f17abcd7ac27,2019-10-10,-118.48161,34.32988
1428,fd1bc30a-4377-45f6-ba2b-b4e1c7e65ee7,2019-10-11,-120.312856,35.709176
1429,451c3012-2831-44c1-8fc7-146fd02d2ce0,2019-10-11,-120.145,38.724
1430,02e6023e-d306-4a67-a09c-b9224b98661e,2019-10-11,-119.20187,34.23955
1431,72c6a0db-a014-4cd9-9788-926707ef839c,2019-10-13,-120.304341,40.387772
1432,8bf75401-999f-42bd-8c0a-8db508591545,2019-10-14,-116.05898,33.45148
1433,0baff961-3ce3-45ec-80f1-a72957f2f3f4,2019-10-15,-122.245186,38.045866
1434,2a516d14-36ce-43b0-b34c-7483759a9c84,2019-10-15,-117.097441,32.762706
1435,baa2a51c-40bc-420c-9f88-db4783872d65,2019-10-17,-120.190833,34.484722
1436,df7805d1-682e-4a3d-b917-1bbab5e078ef,2019-10-17,-122.604425,38.88913
1437,ff8701f0-a12a-4b40-baa9-b58c4e2e31f3,2019-10-18,-120.460189,36.319291
1438,6ad5dc4a-bd52-4cb4-9664-2ab606289d21,2019-10-21,-117.21545,34.033117
1439,24eb323e-b97f-4087-886b-7efae8937bae,2019-10-21,-118.554091,34.055768
1440,7264a106-e0f4-41de-8fd0-3f9110431e28,2019-10-22,-117.403719,33.351145
1441,809d101c-8aa3-4a53-bf20-f38ae7ec7941,2019-10-23,-122.780053,38.792458
1442,956f8cd5-f4fb-43d7-8a34-1bb5db551995,2019-10-24,-117.274276,34.183624
1443,16b1921b-f753-4a36-85bc-d903555f0af4,2019-10-24,-122.636471,37.896231
1444,6890469e-78d7-4dac-b162-6c23498fabcc,2019-10-24,-121.800538,39.551423
1445,020310d3-7834-4f57-a125-eff0eb3f54e5,2019-10-24,-118.368056,34.472778
1446,ab8109fd-e8eb-4690-9f5c-3a8c9c47ff48,2019-10-24,-122.361112,37.166674
1447,87404846-bc30-41b8-82fe-31c9aedb9ef7,2019-10-24,-121.68598,37.62782
1448,a6701bb9-7086-4dbc-ac5f-8c98eeb0279a,2019-10-25,-116.742508,33.055124
1449,7ff229e4-be94-4319-8916-19eb43753843,2019-10-25,-117.027333,33.259861
1450,828b2492-fc44-4fc0-97fa-f0b439e6fa0d,2019-10-27,-122.25421,40.00171
1451,d299dec7-b09f-47f7-80c9-859ddd1ecef3,2019-10-27,-121.64118,37.99136
1452,64104ca2-a187-4b11-bb43-e22253bbcb52,2019-10-27,-122.2241,38.03545
1453,c9f9ded3-170f-4b04-a50e-2c03153c663f,2019-10-27,-122.22463,38.07205
1454,9cc1af36-29f2-4af5-afa7-23b9ce17630e,2019-10-27,-123.12887,39.22431
1455,b36ed23e-a3de-4aff-bdbc-d6ebf8d8f077,2019-10-27,-122.11092,37.97911
1456,e693477a-37d2-4aba-9e73-a63421a2b3a6,2019-10-28,-118.478717,34.098191
1457,00e6d6d5-f168-45fa-817a-f7758a5170b7,2019-10-30,-118.803389,34.282179
1458,8f23653c-1a4c-4609-bfb3-72b1665eab69,2019-10-31,-117.4625,34.01778
1459,e59fa47f-0f47-49a9-a2c5-092cfaf68ed5,2019-10-31,-117.414111,33.985972
1460,e471b23c-f00c-44bc-afc1-6ab02b0af4c3,2019-10-31,-116.834583,32.564583
1461,dfc32e06-b88e-4d30-ae3d-22bc18792f5e,2019-10-31,-117.285,34.183
1462,31852a71-e639-496f-9e7d-0968d1c218b3,2019-10-31,-118.997115,34.302212
1463,305f30f5-622d-4c55-8813-45ffbc15aed0,2019-11-01,-117.461363,33.849906
1464,69d98a94-4980-4dc0-b388-61c37c635f32,2019-11-03,-122.637837,40.036379
1465,600d608d-6279-435d-bc9b-99aacaa5e80f,2019-11-05,-122.496548,39.100408
1466,77d64e4c-a50f-4f4d-a750-e6a6f0ddadc9,2019-11-25,-121.325842,38.838992
1467,9c26f915-1b33-422d-b30a-9eb4da6fd729,2019-11-25,-121.729691,38.734634
1468,7555692b-f672-4660-8f15-d0dab068a193,2019-11-25,-119.785,34.5025
1469,94f20083-2412-4058-bc16-afa6b45c3935,2020-02-15,-123.6378411,40.511092
1470,c9bb59f7-be32-4296-8c11-3f1233116827,2020-02-17,-120.3291855,39.6923001
1471,f6e7a62d-4796-452d-8e41-66ed1aef6d63,2020-02-23,-122.84722222,40.33583333
1472,edd2012d-0574-46a1-97d5-9ca42e7c5912,2020-02-23,-120.49392,40.62155
1473,ad9ab6b9-53ed-417c-a490-6b594974f110,2020-02-25,-122.94111111,39.75638899
1474,405d5f3f-66c9-4b69-8660-82780fa582b5,2020-03-02,-122.384532,39.774968
1475,e1298aaa-1337-412e-ba09-7b29e87dad8b,2020-03-03,-117.51793,33.96957
1476,7411452c-1613-4e4f-afe6-865db0c476c4,2020-03-03,-121.12381,39.45493
1477,083f1638-4369-410f-9b57-d53cfaa938f7,2020-03-06,-117.40906,33.65263
1478,a87d4713-817a-47ac-9fa5-427c474cf9a5,2020-04-04,-115.5865,32.93432
1479,3eff88c0-89ee-4abe-8f6d-f74b90c42f30,2020-04-23,-122.43905,40.09554
1480,4b1b0f5b-a4f9-4965-ad6a-029c9d89c68c,2020-04-25,-122.97693,40.63442
1481,18b88d88-2c76-41cb-9b07-5c9dda8f56d9,2020-04-27,-121.595225,37.82066
1482,2dac9fb4-1c2a-405a-93be-92ed7788a1d2,2020-05-03,-120.106407,36.075003
1483,d0dbf515-0e04-42d9-a46b-8ea21d18374a,2020-05-07,-120.29379,34.47438
1484,9a8425a9-f3ba-4afe-82d2-d9a9776959aa,2020-05-08,-121.47273,39.42208
1485,3788f0dd-0d61-4458-95a2-ebda03b815b2,2020-05-18,-117.024114,33.861054
1486,0fa5653a-c3c8-4aad-84ce-8d1dd74f211b,2020-05-21,-119.982359,37.11715
1487,adbbc326-9f9a-434d-b18b-67a44f3906e5,2020-05-22,-122.403634,38.697834
1488,53d70cde-ef0f-49c1-80a9-dc306a8cc043,2020-05-27,-120.70524,35.34237
1489,57f40970-22b5-4d75-a8f2-2482a18f5bca,2020-05-28,-117.34934,33.83167
1490,0e1e69d4-cb59-4228-8c55-f18e6b5ad71c,2020-05-30,-86.8616,35.9994
1491,7a979a96-aeab-4afd-b55f-532882f36a6b,2020-05-31,-119.74577,34.01389
1492,8ad07f5d-c8eb-43c3-94d5-547ee9c0e5cd,2020-06-01,-119.93221,37.11806
1493,a47ae21e-d488-4978-ade9-aeed0db63fa6,2020-06-01,-121.390862,38.824371
1494,0b723ec6-680d-464b-ba30-b444506ceb44,2020-06-01,-123.48018,39.1296
1495,0eca3343-e9f9-4d09-9fc3-95ab90b153ae,2020-06-02,-120.288882,40.809323
1496,94b147a7-68ac-4e60-ba42-81fce8facd30,2020-06-02,-116.524014,33.782532
1497,2672d8d0-6523-40da-ae4e-6ae6d48e810a,2020-06-03,-122.042199,38.232281
1498,0416a81f-0a17-4835-b05e-fe59a6e7379a,2020-06-04,-121.726223,37.329163
1499,a5085c95-252d-4d1c-9e8a-6657a74b7ed5,2020-06-04,-122.097933,40.837885
1500,3837f75a-208d-41d0-8d89-5719a11912ef,2020-06-04,-121.851895,37.229703
1501,57a6f6b7-eba1-4ed7-ba7b-6b078b06731d,2020-06-05,-121.340239,38.98487
1502,db5ad2e7-dc3d-41f2-91b4-4019857ee51e,2020-06-05,-122.549816,38.224849
1503,5698ae57-d61f-421b-8b75-623e9aa6debb,2020-06-05,-122.156313,38.196893
1504,e3e89516-4647-44bf-bd24-3293303f0776,2020-06-06,-122.536406,38.216134
1505,74b04a44-7cc1-4c8e-bd9e-9f3efa631df4,2020-06-06,-122.038208,38.470809
1506,b5527f83-ebbe-4b09-a701-4b4fe6d37b45,2020-06-06,-122.002811,37.994368
1507,9247b89a-38f0-4e14-ac4a-59386cf867b4,2020-06-07,-121.0781,36.2644
1508,876b63ff-62a2-4584-8aa2-d99f027c0e9f,2020-06-07,-120.215454,37.61955
1509,5a6e0c14-2906-4547-8024-e7b33071104b,2020-06-08,-121.16483,37.463636
1510,8a4b6636-55b6-4999-9de4-7b0cb22390a2,2020-06-08,-117.37581,33.638067
1511,6b50bab1-7dcf-43c8-b4d1-afada595dd32,2020-06-08,-120.81509,35.94979
1512,125e30fa-37fb-46ea-86ab-13058518aab6,2020-06-08,-117.46036,33.82925
1513,fdd59b55-6aa2-442f-b788-e1291bb49cb1,2020-06-08,-116.89655,33.78275
1514,d77e9eeb-a4ed-41b8-adff-9dd99aac5971,2020-06-09,-120.988571,38.827755
1515,dc1f8080-9c95-40e3-859b-71f6a080f05b,2020-06-09,-123.21318,38.89695
1516,21f49b4c-a5cd-4f17-90fd-b9f464b823c1,2020-06-09,-117.47166,33.37579
1517,c3c10b8f-a073-4ca6-bb7f-fdc57cf82b4c,2020-06-10,-119.17808,34.29475
1518,3e6e0977-3563-442d-8bf3-d87c97b49880,2020-06-10,-120.00521,35.35146
1519,4561c1c7-f447-4450-9ea8-f9717ee19f8d,2020-06-10,-118.77347,34.46182
1520,36e3b13b-c2d3-44f5-ba9f-23c1e9f73878,2020-06-11,-116.7862,32.73044
1521,203115aa-8ef9-436c-9d18-32613f9fa286,2020-06-11,-116.690712,32.580882
1522,e86309b6-2223-4448-a7a2-bb83d4bc8352,2020-06-11,-121.378879,38.733421
1523,86e91f38-4e2e-406f-ad97-5a3b47a9ce76,2020-06-12,-121.201927,38.520981
1524,50adb8e9-d672-49fa-95d0-657879169302,2020-06-12,-119.36572,36.82276
1525,44bf7479-689e-4203-9f38-8b05917db66b,2020-06-13,-120.08522,37.40827
1526,90d7bf99-5b46-4a48-a07c-7468829e50b3,2020-06-13,-117.461925,33.776033
1527,2aa93d4d-809e-42ed-8025-7449711f667d,2020-06-13,-80.49163,39.14783
1528,b19c7e40-eac0-4c33-9414-590752f5c100,2020-06-14,-120.28867,34.63309
1529,4382036a-3c19-479e-9a78-325007c1de3b,2020-06-15,-120.69959,35.17977
1530,2190e4db-2b64-4d98-a5f9-00cc6221eec8,2020-06-16,-120.92925,36.3011
1531,2250dea8-20a0-4e5e-b86e-bfe7821892c2,2020-06-16,-120.56823,35.40953
1532,55a8e286-c088-45dc-8010-5c604dba3b69,2020-06-16,-120.72958,38.07741
1533,fc3411f0-f9e0-4d0c-86a3-71afbac23f4a,2020-06-17,-121.60037,39.52408
1534,7fc52805-21d4-4a56-b711-859d8c39e704,2020-06-17,-121.20828,38.23432
1535,5a06793f-5f95-411b-9cce-b340ddd72061,2020-06-17,-122.205628,40.000132
1536,0cb8b199-ab94-42a5-a441-db7f272b170c,2020-06-17,-121.42113,35.9497
1537,c276a99a-8208-4402-b538-1e50aae50d63,2020-06-17,-118.6894,35.27678
1538,2a79a833-693d-4dff-a199-c93b5a3ebe39,2020-06-18,-121.33956,38.89178
1539,0fc1bc5b-7ac5-4a2c-8048-9ed74623b838,2020-06-18,-118.845123,36.37085
1540,036cc8f1-ab4e-488c-8c46-86ebbb176d3e,2020-06-18,-121.45372,39.37577
1541,0413caad-a48e-447b-8ed8-1c8933360f21,2020-06-19,-118.8613,35.89133
1542,a1959cb6-24e4-45e6-bcca-b792abe932ce,2020-06-20,-121.53976,39.36894
1543,d7f02c71-a8b5-440a-b4a8-b8e011e214e3,2020-06-20,-120.54161,41.5017
1544,641c7a44-b74a-4dce-bd7d-44078847003b,2020-06-21,-120.20316,38.08264
1545,c50ced87-e83c-406c-b349-49cad87e680f,2020-06-21,-121.08753,35.90835
1546,d0e31652-2b1e-4316-a1e0-c18ecb4ddbd7,2020-06-21,-121.57407,36.69845
1547,e7d05a34-0fdc-4db2-b713-0e10119d105d,2020-06-22,-119.19677,36.5537
1548,cf392ebe-9c69-4a28-b52b-3772c06b493c,2020-06-22,-120.87858,35.9789
1549,58e5665a-7aff-4f14-8ebe-490e73d3d37a,2020-06-22,-120.68326,35.62906
1550,c5071feb-80ec-4fbb-9d2f-eee1f1cea68a,2020-06-23,-119.33439,36.97511
1551,7d7f682a-0266-4758-93e6-795488af0687,2020-06-23,-120.28147,40.43203
1552,54364494-e201-476a-8dc7-fbf2e0f94f60,2020-06-24,-120.04635,40.44793
1553,5b8b9b63-9cc6-4d55-9502-87009d75732c,2020-06-24,-115.96594,33.27665
1554,64b9cf19-314a-4986-ae35-cf89f1f8bc2a,2020-06-25,-121.18355,37.46265
1555,d10cd103-f627-497d-a338-6430438ed7fb,2020-06-25,-119.88048,35.30742
1556,5b2b1489-ad5b-4104-b267-fdd61c0c48e9,2020-06-26,-119.00289,38.22554
1557,b13b3fea-fd2f-4c14-925b-63737df97f2e,2020-06-26,-116.750925,33.565093
1558,4db7101a-8097-4211-ab16-544f136dd35c,2020-06-27,-119.81098,39.32596
1559,a9397846-b830-4a42-a7e6-d2be9684a989,2020-06-28,-121.21912,37.06641
1560,a6c54f7f-20f5-4c3b-a27b-745d7274def6,2020-06-28,-120.96759,35.69993
1561,58a3d354-a532-440e-bfa8-aca414cf4cd0,2020-06-29,-121.2199939,41.0336731
1562,fd24cc01-1057-4572-a83b-1775d49f42f7,2020-06-30,-121.4319,39.3784
1563,49378c25-ecdb-406d-829b-755f2b248fcd,2020-06-30,-123.437051,40.791509
1564,14042a79-1fd0-4e82-b17d-1b201306de22,2020-07-01,-118.702732,35.310132
1565,ba60e1c4-d812-4b33-9a2e-b240a1b29408,2020-07-01,-118.324601,34.542742
1566,f969420f-82a1-4edd-b7d3-28672e9d74b3,2020-07-02,-119.9252132,36.9678542
1567,ac5dad8d-89f2-4f3f-b710-34661754ebb6,2020-07-03,-120.053275,35.393889
1568,b564196f-6499-4e1e-b896-7b6211d97f90,2020-07-03,-117.124353,34.182436
1569,43289809-2636-4d90-8ed2-0012575d9e1d,2020-07-04,-121.876277,37.536015
1570,90f61641-f44c-4180-bb82-9238b1effeb7,2020-07-05,-120.00485,35.351065
1571,7f3042f1-3e76-4c3e-82c9-a0761c1c8b90,2020-07-04,-121.567505,37.166733
1572,a7138f52-b933-4054-ae63-5f8e1e950be3,2020-07-05,-121.086625,37.091637
1573,cd2e7a3b-7b00-4da4-8612-a19a22c88fca,2020-07-05,-119.116536,36.750186
1574,304a6ef7-53f6-4d2d-8d11-be431a7d75e8,2020-07-05,-121.501532,37.034839
1575,2102ace4-f67b-4060-8795-f3cea12917e3,2020-07-05,-118.328877,34.467915
1576,fc988bbb-4f93-478d-8a6c-b1be51d436c7,2020-07-06,-122.25471,38.02996
1577,ce7dddd1-7a79-4aa4-b6bc-f4181aa2ac05,2020-07-06,-121.53524,37.71984
1578,deaaf3fb-e0b2-4430-97cc-10d6d626df27,2020-07-06,-122.12447,38.21614
1579,f398ee10-0c99-4096-be61-7c1611035ce1,2020-07-07,-120.941267,38.58488
1580,a378ae17-9133-433f-8b63-23a1a7c6a4c6,2020-07-07,-122.65813,39.35498
1581,b4413d75-dc78-4810-9db3-c644a1afc5f3,2020-07-09,-116.7464168,33.551838
1582,49be3366-f2b6-4ff5-8541-a25ad9bdc607,2020-07-11,-121.79349,37.37731
1583,1d6a3faf-2e35-4c7e-9efd-54339ad56ed6,2020-07-11,-119.50307,37.1487
1584,2865a54c-f7c1-4595-b4b9-1c8082df22ce,2020-07-13,-117.108421,33.623968
1585,dd705c7f-d18b-49a5-be60-c828d5c047fb,2020-07-13,-121.37994,39.43227
1586,777f38a7-7d43-4641-998f-8524c692980c,2020-07-13,-116.83552,33.48429
1587,ef5e4d08-bf3f-4df1-90b7-92e4e2a2fc91,2020-07-13,-120.52193,36.09493
1588,03459423-a538-4952-ba0c-c020face9151,2020-07-15,-121.04401,36.653
1589,79575aba-0ca4-446e-a28e-39bafbad368e,2020-07-15,-119.95807,37.42319
1590,d268fd6c-a177-47b2-b13c-2ac26a02289e,2020-07-15,-121.33589,39.10112
1591,a417d993-c3bf-4c5b-a01a-7d56a209a12d,2020-07-16,-121.59374,37.64044
1592,4035078f-8136-447e-8daf-3a63462a73d9,2020-07-17,-116.97557,34.39464
1593,9520d0cb-1a4f-4dc0-bd38-967f5ee353f0,2020-07-18,-122.69296,41.79319
1594,fc0b7761-54a3-4275-a550-313d2b604f5e,2020-07-18,-120.86375,40.420886
1595,c4d60e70-ee95-41f1-9e6e-4df4bdae3748,2020-07-19,-122.792645,40.462621
1596,9d4f56ae-b319-49b0-9a77-10088a2defda,2020-07-20,-120.923293,41.11037
1597,1c0e692a-8afc-41e9-8ac7-d27b977f0cdd,2020-07-20,-123.6986222,41.1849445
1598,64390cd6-42d4-4e9e-8dd9-1077f5191243,2020-07-20,-121.604579,39.506597
1599,cac8f4bf-d269-4f13-b59c-07670b34f81f,2020-07-20,-121.620238,37.977309
1600,f66fb4e4-cd4c-4410-9c00-43fed5882fb4,2020-07-20,-117.192142,34.135626
1601,8146a328-05df-4b38-b11e-1c6fcedb1df7,2020-07-20,-119.932391,37.118075
1602,1505ac89-a71c-4c77-9ae4-fb3eb34dbc66,2020-07-21,-118.711135,37.518879
1603,c002a55a-95ef-4286-b358-daa8fd3ad086,2020-07-24,-121.477,41.699
1604,22bb346a-660e-46cb-8c54-dbcda18fc4d6,2020-07-24,-117.033124,33.93327
1605,0364a8dd-0971-4f24-a020-6f4e97ccbace,2020-07-24,-122.359663,39.013591
1606,4d799b0d-240a-40fa-9ca7-f64aa1cd4002,2020-07-25,-117.429598,34.028116
1607,1cffff17-9678-4f17-837a-e4e11ae77c1b,2020-07-26,-121.044895,38.420382
1608,9810b7b8-b865-4413-a60c-5f47e8945eda,2020-07-27,-121.101634,37.083806
1609,69aa5821-3027-464a-9c61-daa8b75e090f,2020-07-27,-120.025872,39.922415
1610,dfc476d5-b274-4bfb-bf55-4af5ef611f5e,2020-07-27,-118.72004,34.75844
1611,4751b58f-771f-4d9c-b742-4aad10ef45eb,2020-07-27,-124.19954,40.78804
1612,66f80cfd-55ff-4f8b-b971-708bef8c6d87,2020-07-28,-116.77048,32.62212
1613,b7cf91b3-e441-46c7-8214-a2ce84a21a3d,2020-07-28,-120.00521,35.35146
1614,71cf5cd0-78c3-482c-b0d3-148bb24c4853,2020-07-29,-117.45479,34.25143
1615,3481e6e5-c6e8-4891-9e65-fdc3147ae579,2020-07-29,-121.17197,38.40329
1616,aa193e22-7d46-42fa-8638-8ee1e1cbaa2c,2020-07-30,-117.034461,33.934137
1617,2806bdb9-c1d2-4ace-b602-734e24282852,2020-07-30,-117.889503,34.17363
1618,04013e6f-d207-4043-8d3d-00aa5d332d85,2020-07-30,-118.7933,35.14357
1619,8b9ae457-96ea-4041-912c-6b33e8498d98,2020-07-31,-116.9617,33.99139
1620,5b3fa4b0-d0e0-46d3-9ee8-0b4a9ff7c225,2020-07-31,-120.17183,41.52261
1621,eeb8174a-f5a7-4fb1-b611-45e85c858326,2020-08-01,-121.6415,40.34659
1622,00f6ca27-183c-4c2d-99f4-0362ddb522ae,2020-08-01,-118.59699,34.51853
1623,5f88019a-39cf-43ff-921f-d5442e47f98d,2020-08-01,-120.47346,35.43128
1624,dddf569c-7540-4822-8bf4-bd15d5c4473e,2020-08-02,-121.103299,38.686478
1625,f05306b4-6281-4140-9d63-ea077c080ce9,2020-08-02,-116.641846,33.924086
1626,91f3f77d-6b4a-47fb-bc79-a0250cded29a,2020-08-02,-120.44811,40.36764
1627,7482a8eb-a31c-4556-b8d5-e6f86c4f3904,2020-08-02,-122.48525,39.31313
1628,8d4fb3c6-8522-491b-a388-afad50660bfb,2020-08-02,-118.21608,34.04447
1629,8b1c928f-99e8-4778-a988-445e154a00e3,2020-08-02,-121.38178,39.11307
1630,e2d97d53-bcff-4f0d-8b94-0ccfeb100f15,2020-08-03,-118.49731,34.3428
1631,e2334135-81c5-44a5-b20d-c3a9b1301531,2020-08-03,-118.53361,35.43044
1632,88172824-3f0b-4b05-a97a-bd2eb7576642,2020-08-03,-119.5795,34.93442
1633,2b313120-5794-40d5-aa39-c7e621856d14,2020-08-04,-119.2439,36.90933
1634,7ece0a57-ab39-4d98-83bd-2a09f32b5242,2020-08-04,-120.40457,35.61521
1635,a79536eb-5ceb-4219-9b96-fa0632c4a289,2020-08-06,-118.92967,34.93929
1636,338b5a8b-d5d6-4845-8a36-f92663339c2a,2020-08-06,-118.46115,-118.46115
1637,c4e48556-0c23-45e6-aebe-d1bcda4e52c5,2020-08-10,-123.262437,39.82454
1638,56e82924-7e7b-4cd0-9221-7f299718b493,2020-08-10,-121.318472,38.81111
1639,3d5e2cbc-f2f3-4cd3-b6cc-0b2483940f8d,2020-08-11,-120.549595,40.590714
1640,14e1721e-3907-4b2f-b9f9-3842a7d7106e,2020-08-12,-119.444977,34.962524
1641,49ef4e59-6a57-4219-a29b-d75f1297e356,2020-08-12,-118.452,34.679
1642,d6ac2ead-0f03-4c79-bda7-a7a2f11050b6,2020-08-12,-119.987565,35.308259
1643,5258de73-6c10-44ac-99e0-88602a8a83f5,2020-08-13,-121.172572,38.474502
1644,5671f6fd-7689-48e6-b792-03e3cfe95ff2,2020-08-13,-117.910498,34.160265
1645,26e7a17a-2494-4e88-8029-e6bedc06c234,2020-08-13,-120.889438,39.716713
1646,0707e044-ba48-42eb-9263-6e2aff583b33,2020-08-14,-121.633994,39.647686
1647,ab24840f-90e8-460c-bc88-d25091d7b61f,2020-08-14,-120.143473,39.702438
1648,36aa4641-bb29-4b34-baad-e96406b4f702,2020-08-15,-120.856731,35.472114
1649,3a48ec04-0297-4561-bb64-e6461acde361,2020-08-15,-120.427342,36.09876
1650,f6f24a2c-2072-4736-bca7-9a615af3156d,2020-08-16,-120.801074,35.519723
1651,119469ac-fe6b-4934-ac17-36a73cefe958,2020-08-16,-122.427358,39.52452
1652,ff4d7735-a5d6-452f-8775-3b208eb046b2,2020-08-16,-121.62161,36.60239
1653,b8f267be-9911-44ee-8a73-7a0537fbd6fa,2020-08-16,-122.673,39.776
1654,a7b2fc4a-18ce-4a89-b192-24c1389c014c,2020-08-17,-121.100352,39.29241
1655,dae6355c-6a97-4031-a0cb-b34448bc41dc,2020-08-17,-119.010655,37.919382
1656,625e0c82-b8a2-4acc-8ff5-19787ca65b69,2020-08-17,-122.5012461,39.555943
1657,f5d17ece-121c-4426-8235-d898b6aa1fa6,2020-08-17,-118.758965,34.438759
1658,1b0a862b-8fd9-4aa9-8ac7-f6ca6b3cbd39,2020-08-17,-120.876546,38.840068
1659,d19ac7c7-c899-4600-82c9-fe24dc29f3c9,2020-08-16,-122.22275,37.17162
1660,22c6ea3c-304c-4b3b-bfba-7c9dfc63d9da,2020-08-16,-121.30435,37.439437
1661,3fa74cb0-3c6d-49b1-bb20-3d7fba0c0249,2020-08-18,-119.869,38.183
1662,06f4e066-b0d2-4af9-91a3-518aef4d0197,2020-08-18,-121.68181,36.4463
1663,c387f9ae-a783-4dab-b9b7-12866c8a6a34,2020-08-18,-123.013667,39.276
1664,ef9d3424-5838-466e-bb92-ac5dc23be5c5,2020-08-18,-120.763258,38.027921
1665,1eadad68-344e-4728-8390-b0d31b96333d,2020-08-18,-123.2111007,39.8174372
1666,9645c55f-2b11-40ab-9ae7-df424d685a2d,2020-08-17,-122.14864,38.48193
1667,f6aba342-3b28-460b-a88a-96ccbdcb3c14,2020-08-17,-122.4393,40.09571
1668,7486c76a-019a-496f-9d5c-f4b962906fe4,2020-08-19,-120.85258,38.03106
1669,c57a1d32-216b-443e-bb67-87be3232bf8b,2020-08-20,-120.312565,37.813779
1670,d09da426-ed85-4909-892b-2505c4813d93,2020-08-20,-117.328234,33.454896
1671,a453303f-cb87-430a-9a3c-d9b2f0b7ceb2,2020-08-21,-121.68465,37.18725
1672,6edfd658-def5-451c-86bd-83cb2280e34f,2020-08-22,-120.757,40.274
1673,354f212b-e177-45dd-920c-9f427afdb740,2020-08-23,-120.281389,41.028611
1674,60c2ba16-9296-4fb9-aba2-1331c25129c6,2020-08-18,-122.836701,38.018089
1675,354cbed0-3717-411f-b95b-c26137b4a2a4,2020-08-25,-120.1243296,35.4335197
1676,a89673de-1c0d-43cc-9a96-bd83f632bf65,2020-08-26,-120.536,40.773
1677,3826c0d8-e78d-4608-889c-b7c4f6c37a25,2020-08-26,-121.10411,38.8825
1678,1a62a4b4-ad1a-4e12-b8ed-a3a50e3d1722,2020-08-28,-118.36411,34.65979
1679,5937fad1-a332-4d92-ba83-c8022173b5ba,2020-08-30,-119.88673,37.08053
1680,8856e738-79bf-4a21-8926-f1abbbac3a6f,2020-09-01,-123.12461,40.82126
1681,4336b2f9-35c5-430a-8b5a-4fbaf1798cec,2020-09-01,-119.568,38.568
1682,44276cce-9fe4-472d-aac6-4d08e9d01365,2020-09-01,-122.637037,39.012743
1683,7e359448-0344-4407-a289-e4fb7823ac3c,2020-09-04,-119.261175,37.19147
1684,5367d20e-b24c-40ef-acd1-93c05e4b73b9,2020-09-05,-116.98669,34.08056
1685,9277ab02-734d-4b01-ac35-c27ba62c2af3,2020-09-05,-116.692705,32.765615
1686,6fd76607-08af-4c44-9e40-edde0bc9d6cf,2020-09-07,-123.3965,39.4935
1687,1e437685-8470-4dd5-bf6c-54e75143d36a,2020-09-08,-120.394,38.99
1688,7442faa1-3681-4b85-8ed7-229e34ee3011,2020-09-09,-121.32361,39.3637
1689,a7f3e6f3-3e15-4350-a0f7-2a5392e0708d,2020-09-08,-121.18018,37.46377
1690,2cdf609e-de06-4e0b-a2bc-527ffde51064,2020-09-09,-122.84057,41.68229
1691,8ffb7148-7668-452a-8fbc-3a2b49b753ea,2020-09-11,-123.021635,41.575549
1692,aab65b54-103c-4101-a70b-5983533d49e9,2020-09-12,-119.027309,37.135474
1693,4f2c2a0b-d187-4e11-8841-3a014cadd739,2020-09-16,-122.847359,41.211022
1694,55684e7d-4312-408d-8538-51e2006581b0,2020-09-16,-120.491594,34.773809
1695,0e83ff21-5cb8-4f2f-b059-58a77d39b502,2020-09-17,-116.68386,33.88831
1696,d6b00a56-682d-4908-bf07-45eef54c9198,2020-09-27,-122.49745,38.56295
1697,f0a3f022-0d5a-4d47-93c7-2a73cb081740,2020-09-27,-122.56656,40.53927
1698,26f0d1c5-8df4-4201-810f-0b136677e4c6,2020-09-28,-118.4,34.563
1699,eef565af-d64a-4c72-a4a2-6a9d13e6211c,2020-09-29,-117.374419,33.764357
1700,fdae8b5d-95f3-4eaa-bd71-35cd402a94f9,2020-09-30,-121.003602,38.49375
1701,745a276b-488e-40e6-b62d-065111a98139,2020-10-03,-121.039236,38.464074
1702,8b25feb1-9eb7-433d-8abf-d6ab554c9fe3,2020-10-04,-121.006635,38.424016
1703,b341b09d-2024-4b2a-a439-f39409abb432,2020-10-07,-121.450982,39.181047
1704,65b0ce28-b5e6-4dfc-b569-96716e556c90,2020-10-11,-122.104314,37.821737
1705,4a85b108-3756-4b00-9767-56591a517c8d,2020-10-13,-120.64541,37.98337
1706,45c76674-7d01-4fff-bb00-a08013019a86,2020-10-15,-117.138078,34.014728
1707,cbd8fd0c-8d0f-4df3-aea3-1355a685bb96,2020-10-18,-120.964726,38.659387
1708,64ea3d93-de8b-41fc-b5eb-af37e8ac1f95,2020-10-22,-121.54475,39.51694
1709,673a098f-d4f2-43c6-96c7-7712dafd20ec,2020-10-23,-123.88658,40.55823
1710,67cd9b6f-a40b-4f0d-8efc-2dbe4fd9d990,2020-10-23,-122.37828,38.56184
1711,f6e28549-a711-429d-a4ed-9df6530a9a2a,2020-10-25,-122.39033,40.38869
1712,18a15a5f-ddde-48e9-92bc-1d40813a7794,2020-10-25,-122.18102,40.47646
1713,fb6cb221-c303-4573-bd63-0c8b1468d4a2,2020-10-25,-122.342,40.41486
1714,a2b27cff-5d89-423a-853e-3a78e63f79ef,2020-10-26,-117.65719,33.73614
1715,57d6e532-295c-4166-a6f3-1cc64acbf5de,2020-10-26,-120.488892,39.009454
1716,21b0622c-8b4d-439b-8175-d4ba20507d02,2020-10-26,-117.675067,33.877257
1717,4be72b8c-5aeb-426d-9af5-2acebca88fb0,2020-11-01,-117.51476,34.03343
1718,e9482561-8193-48a9-a152-2ff8d993ce06,2020-11-06,-117.778561,34.146195
1719,c5b45f76-3b72-4f3d-b651-7c7bb0f156b7,2020-11-17,-120.87054,41.4435
1720,2b6aedb5-87fe-447c-a772-bec58abb8820,2020-12-01,-117.62109,33.893351
1721,14c21ef6-b5b7-44a3-858b-666b57b750f3,2020-12-03,-117.051463,33.773754
1722,a2665121-7dd7-4a4c-8c6e-0731ed9e1888,2020-12-02,-117.674967,33.743842
1723,1b77c463-9e20-4b8f-8dc5-ab69c539a1de,2020-12-02,-116.9075,32.75277778
1724,ad807579-4f4f-4a5a-a17a-7ca299aca978,2020-12-03,-120.374514,41.591948
1725,e8721404-3d22-4b27-b152-8a7f4a97a8e5,2020-12-07,-119.078,34.33622
1726,0dad0a68-239b-41b5-bfe0-033e6a216fac,2020-12-13,-117.03459,33.93244
1727,7ffc89b4-ebfd-44f3-bb9c-74151e99670f,2020-12-26,-117.31544,34.52927
1728,2347b6fb-8468-46bb-9917-d5cea3f1efdd,2021-01-14,-118.83967,34.20955
1729,68c11904-f38b-4aa0-ab90-b3c805c4e8cd,2021-01-19,-119.51982,37.25086
1730,929a21bc-65a0-49b4-bc90-bfa5457987e4,2021-01-19,-122.10509,37.08931
1731,2657090b-ec47-4fbe-bc4e-400cd50a8d55,2021-01-18,-122.28823,37.18259
1732,9b2b5a16-52cf-4f2e-bc8a-a3af75b28522,2021-01-18,-122.1756,37.17749
1733,75711186-5792-4c41-9309-48dbac8e667d,2021-01-19,-119.185309,34.99432
1734,b38fdc2c-3108-4273-8a67-8d69bdbfb6bb,2021-01-19,-116.10723,33.52871
1735,79aca6f4-ee40-44e8-9dff-069c36c36fc1,2021-01-19,-118.5553174,34.3585229
1736,7be84564-edf7-4724-99ba-5c1ee7f86e30,2021-01-19,-122.13372,37.18381
1737,1ebddf4e-0190-4363-a858-ac789206b5fd,2021-01-19,-121.83627,36.98767
1738,21a360ea-3a4e-4267-986e-3bb1416ca05b,2021-03-14,-117.5910734433329,35.5819816117628
1739,762d7abb-ec4e-4e50-9137-617c8445b0d1,2021-03-27,-121.627082,41.927772
1740,0c3c5916-b391-4916-ad16-059c094da426,2021-03-28,-120.131236,37.813464
1741,da35c08b-9f0a-42b2-9e1f-b6e9a545d3fb,2021-04-01,-122.0536419,40.6758842
1742,1f31ac02-436e-4555-b7d1-32b636c11c17,2021-04-04,-118.70009500551254,34.30277328465364
1743,02ba1be4-fecc-49a6-927d-8da38d215851,2021-04-12,-116.582369,32.958961
1744,6a7cee19-fc90-4f87-a306-48ccd9cee200,2021-04-18,-123.35838,38.99914
1745,81d9dc1d-9cff-4a22-a6c6-2a4f94cf30ed,2021-04-19,-121.5896697,38.9743823
1746,3093980c-b80f-4b7b-a040-d4fc868142ca,2021-04-23,-1191414610.0,34.9471195
1747,92aa05b8-83d8-45ec-b079-86d7698086a5,2021-04-24,-121.143154,37.0953436
1748,4f4775e4-cd91-4f78-a1de-9c15213ebed2,2021-04-28,-118.616276,34.449686
1749,5f8ebcac-e1f0-4659-9f38-f3e862a3a440,2021-04-29,-122.51771555326388,38.88437128468346
1750,4567cb5b-ef86-4630-81ef-f442fc07dc3e,2021-04-29,-120.856628,38.223179
1751,63892d1b-fd0d-4120-be74-242857e211ee,2021-05-01,-121.034998,38.773294
1752,89467f5f-2562-47dc-99b6-cb8ec90c3a12,2021-05-02,-116.443391,32.987532
1753,fb63695d-fd59-47dd-9247-e5a7099b5fce,2021-05-04,-116.767011,33.532246
1754,c3f573fc-ece2-4b19-a67e-069bf3fc0c16,2021-05-05,-117.044072,33.86972
1755,25d0bdd9-c422-459a-bc12-d9cae4843518,2021-05-08,-121.91936,39.85479
1756,baef627e-c3ba-4c3c-8a55-a168839aa2c8,2021-05-08,-120.85258,38.03106
1757,0b59568a-ab13-4acf-965a-18e9b18ae223,2021-05-08,-121.45965,38.28328
1758,ee1dc476-97d4-4da9-a2ba-d3e9f5116309,2021-05-12,-121.361339,39.2510745
1759,3bd5d90f-8131-48a0-a02f-1677e5394ce1,2021-05-12,-117.663815,34.454231
1760,5afc3e64-eb8a-4aad-9bb5-1f9a20f84bb0,2021-05-14,-120.419624,37.560209
1761,0c1abd92-b131-40f4-bcf7-f6d1871af6a1,2021-05-14,-120.094517,40.971612
1762,8c1bfb66-4002-498a-ae39-62b584718519,2021-05-14,-118.558938,34.079046
1763,1882364c-9710-47ab-9871-349a76a60173,2021-05-18,-117.1116,33.8948
1764,e8b4ee36-20b5-4d20-93a4-831ef2e5c659,2021-05-19,-115.917099,33.50994
1765,aefbc94c-63b5-4767-aa12-a8bc8ed80d87,2021-05-19,-121.01365,38.56101
1766,a5bcf6ba-3e09-49f8-b4c4-1b134aa5c83f,2021-05-20,-118.5044868,34.7591895
1767,8e8900a0-814f-425a-8b37-bd5098222959,2021-05-21,-123.66003,41.23106
1768,53d124c0-3cc9-436a-8c35-87a9019a3d24,2021-05-21,-123.23205,39.384319
1769,9116b7e9-66c8-417b-a1f6-b9b078e240d6,2021-05-24,-117.471517,33.965596
1770,4f6bdd52-abdc-4c93-a48b-7d7adae05cfc,2021-05-27,-120.00392,37.45646
1771,cfdab623-d2b2-4d61-a227-be32ebb3fac4,2021-05-27,-120.8391587117288,37.89346196853137
1772,6cdd3c1b-2ef3-4a77-aef2-82ff170cd227,2021-05-30,-120.854096,35.932852
1773,81777c5a-cf1d-4161-a261-97c55a8393c0,2021-05-31,-119.3484121800294,36.86201725309289
1774,033ee676-f2f0-4ea8-bbc9-b0bb02de3462,2021-05-31,-119.5166045,37.1619216
1775,c8ae5d37-89ac-4d57-904e-720ef7012edc,2021-06-01,-117.089849,33.631955
1776,760bd55e-7296-44c7-a8ea-917e1751d811,2021-06-02,-116.90145,33.895007
1777,1a1a9275-f16f-4a06-abe6-3ba18e5e9b33,2021-06-06,-119.86047836209606,37.24484944019164
1778,63d1e4af-4112-4d67-8db0-4dec23b3674f,2021-06-08,-121.333346,39.084872
1779,1eea5329-95c3-4a41-974f-7b3693441b1e,2021-06-09,-117.41835464122236,34.383247203440405
1780,b6391e06-889a-4d69-ba3e-8491af004029,2021-06-09,-117.34832277422022,33.315711565249096
1781,09996c3f-3186-4c5d-8006-ced791b3ff40,2021-06-09,-122.238889,38.899722
1782,ddcef5cf-9417-4c41-b64b-910e096522fc,2021-06-13,-116.4518615,33.5812044
1783,0e78a6e0-9315-4b29-8a1c-894d4b06a64e,2021-06-13,-120.9608439,38.3046414
1784,92fd111b-2d3a-48c8-bc43-d505eaceb423,2021-06-13,-121.3587065,39.1956433
1785,8d9ee304-6918-4f74-b7f1-ec8441020bf9,2021-06-14,-121.76309,37.24042
1786,08a000bd-2c35-4409-abe9-961da323bbe2,2021-06-15,-116.94956,33.67127
1787,2b42f885-f296-4659-98e0-c33585215fa9,2021-06-15,-122.49164,40.61468
1788,e86265b9-2ac9-471e-bff4-deb2f46b7b7d,2021-06-15,-122.16025,40.10806
1789,26ec9c89-912e-4c23-a6c9-04b5dcb31970,2021-06-16,-121.01273,38.79988
1790,83e251e4-196f-4db5-b5ba-bed8e300380c,2021-06-17,-122.916,39.16338
1791,6672b6ad-981e-43e8-b4ad-a75285ab9f90,2021-06-17,-121.76629,39.77144
1792,2947b64d-5835-411b-a603-afcbaf8d53d8,2021-06-18,-118.20355,36.59717
1793,587e51fd-ad97-4894-b53e-300a78e4dc80,2021-06-18,-119.10788,36.47887
1794,8e8e1a5e-0855-4751-8ad1-70730007657c,2021-06-18,-118.85799,36.03223
1795,ecdd77c3-2919-44d8-9ee9-c176271b04d0,2021-06-18,-118.76857,36.03887
1796,961a9b24-0bad-4c53-9809-14fe98d515c4,2021-06-18,-121.558858,36.151231
1797,f5d44748-ed74-4660-ab1a-b94f483ab5df,2021-06-18,-118.86258,34.83498
1798,8992a229-a245-431d-9a61-11f8d545d93b,2021-06-19,-116.233056,32.903917
1799,cfcf1a2b-e358-4dc0-ab39-93ebe94fc843,2021-06-19,-116.707967,33.551747
1800,68b1630c-10e7-4d99-9c61-baa592f1dd83,2021-06-19,-118.1420738,36.6000177
1801,37385589-19f2-43fd-96fb-6a5cd28c607c,2021-06-20,-122.12107,40.53297
1802,c9ccf962-449a-4fe8-a1ec-42672f023868,2021-06-20,-116.1147496,33.499081
1803,32ea3306-088d-4779-9009-2763c7f8a38c,2021-06-20,-116.9543,33.09183
1804,1702e4de-4414-4604-a70d-e0f54df154bd,2021-06-21,-121.39247,38.728881
1805,4c9c4b27-d45d-453d-82f9-39da5ccfe176,2021-06-22,-120.729446,41.583949
1806,348304a5-5d65-46bb-a9f6-4e8ce6ca985b,2021-06-23,-120.987172,36.63228
1807,691ca75a-6419-40ab-87d7-bbe92796307c,2021-06-23,-122.481055,40.475558
1808,9bacadf6-c7e2-43c9-b8e6-41be7a79579b,2021-06-23,-117.095858,33.337282
1809,e9761340-1808-42f6-b773-fb7047a2a638,2021-06-24,-120.497502,41.562302
1810,909624c0-d36c-4b9a-8f34-a9e02961b883,2021-06-25,-121.584194,37.118582
1811,b3136d0f-6ef3-46ea-9342-6d6b0d82d274,2021-06-26,-120.876096,38.659971
1812,9d7c19c4-f146-4b3e-a4c3-5ea9c3247208,2021-06-24,-122.329,41.459
1813,eddffab0-51af-490d-b60e-640300fe6085,2021-06-26,-118.793912,35.442533
1814,62f7b39d-1213-47c2-8118-88eb98908af7,2021-06-27,-118.891,34.919
1815,9128e6fe-a114-479a-a43c-64ea56411eb5,2021-06-27,-121.406,40.039
1816,4376d68e-4093-4d4c-aa6f-e0df6d50e9fb,2021-06-27,-119.735,36.932
1817,d6b89198-5fd8-498f-8429-3d2994f496f9,2021-06-28,-117.280416,34.20849
1818,2aaf4aba-1155-4f25-a5a6-fd6ee8d66f8c,2021-06-28,-117.050236,33.740058
1819,0794cd0a-12e3-4576-8692-45603ad6b246,2021-06-28,-122.054254,41.665191
1820,3a83c4bc-28cc-4792-849b-fedb5629e4bc,2021-06-28,-122.054254,41.665191
1821,9692e02d-4a87-48b7-b261-f83f4a951642,2021-06-28,-122.374848,41.917209
1822,ac0c072d-d926-49f2-8a3d-c18ea5d32010,2021-06-30,-119.25484409482164,37.02865766813302
1823,b07cd929-6dde-4ad9-b845-a2fdc5ba3f97,2021-06-30,-122.348956,40.860525
1824,187580ca-f6fc-4cbb-bf50-a0e5daa43626,2021-06-30,-120.24,40.74
1825,700200c7-a450-44f4-a447-244feb07925c,2021-07-02,-120.3415,39.83203
1826,dd8d424d-e416-48a4-87e0-ddc26d4fdcb3,2021-07-03,-116.677511,33.119448
1827,421fd9f2-1fbb-4bec-bf19-3318fa4830dc,2021-07-03,-119.017899,36.10007
1828,882f419d-ff9e-4533-b8da-a428ffcfec6e,2021-07-04,-120.3415,39.83203
1829,a7d2c14e-66e8-4ac6-9538-ad9612dce2d5,2021-07-04,-118.87933,34.808751
1830,be285500-c0c4-4f7e-83ae-1f9a991578b1,2021-07-04,-119.393795,36.802809
1831,5eaaed19-b38a-49f1-84f8-78d9f8c76656,2021-07-05,-120.638464,41.80728
1832,8c512c44-7ddb-44b4-bf03-bab00c0c0c98,2021-07-07,-123.224377,39.253647
1833,82af1b59-858c-43c4-9f4f-842605e6c0c1,2021-07-09,-121.05758,37.06047
1834,3a4d4c77-ff87-458d-b906-e203fc098aa5,2021-07-09,-121.77593,41.28523
1835,f4c4de41-d8d4-4c66-9d9f-4f1ba285bf59,2021-07-10,-116.6253,32.82731
1836,215529d8-6c0a-4dfa-8d6f-342a5666e1f2,2021-07-11,-121.667665,37.865193
1837,4fde57bd-089f-4c24-b224-b60306e1648d,2021-07-11,-118.81448,34.85178
1838,2acb95c8-7a0b-4bfc-9174-6da944037bf2,2021-07-11,-119.869785,37.350823
1839,a191b2bc-5dee-4511-b34b-ca06ef62b5ab,2021-07-11,-121.82403,41.25272
1840,4b66f232-6ab8-4e00-9f8b-957296920ed9,2021-07-12,-118.8745,37.8024
1841,00016d5d-1647-49e4-a02a-abf46b8480ae,2021-07-13,-121.389439,39.871306
1842,925dcb5b-1885-407d-b441-10765a31ce97,2021-07-14,-122.64768,40.1703
1843,f62a9df9-8661-46de-88de-0b76128e0673,2021-07-14,-122.7418335,38.0975072
1844,511f1793-96a5-4866-a993-1d271e03b076,2021-06-25,-119.7512546,38.4504695
1845,354a2576-907f-43a2-b152-46355e2bf94a,2021-07-15,-116.634023,32.578481
1846,3a281cd5-4d2b-47a7-89b7-1194e921805a,2021-07-04,-119.8591887,38.6280042
1847,396abb9e-a291-4183-b0f6-798a5438868c,2021-07-17,-122.55195,39.999396
1848,35d04cb5-0455-4d36-b857-d7952670aef0,2021-07-18,-120.45187,40.86955
1849,3989e25c-3790-44d5-bf6d-50ca3fd04d95,2021-07-20,-117.070814,33.889516
1850,fc8bd27a-c3c8-405d-b13a-d9a1396206e3,2021-07-20,-118.46461,35.41153
1851,8f768137-0c58-45e5-a8dd-1df9ecc7870f,2021-07-20,-121.24684,39.383922
1852,c8991faa-8d15-4d4c-b3a1-92f58f784420,2021-07-23,-123.505,39.976
1853,caf0f448-cdb3-4dc2-a247-35f6f4b41cb3,2021-07-26,-118.722167,36.199833
1854,200d07c4-0457-4421-875b-4140d482a03e,2021-07-28,-121.224797,36.476664
1855,ef12ac40-d6fb-4871-97ec-c06d0ce51efd,2021-07-29,-120.8468224,40.183504
1856,d0174b70-8652-4242-bf7f-b00e98a48319,2021-07-30,-123.034,40.35
1857,47070a62-2ef3-44a9-8b98-a20e0e574f97,2021-07-30,-120.867498,38.054116
1858,161f6906-6799-45ae-b6ca-c1d470050d81,2021-07-31,-118.8217926,34.7479248
1859,f9322f4b-03e1-4558-a920-f7318909de93,2021-07-31,-120.560856,35.65927
1860,dc3380c7-ff32-4062-a4e8-be99b655f2c6,2021-08-01,-121.9154934,41.5289901
1861,61f3264e-f89f-42cc-820d-0e0a5ee29cdd,2021-08-01,-122.482826,40.466364
1862,1d1bb813-5955-438a-a2cd-0e2d46074f1a,2021-07-30,-123.337,40.752
1863,9284625d-a9bd-447b-b215-a40fe4a52697,2021-07-30,-123.057,41.389
1864,bd71d34c-3ce0-419d-a2fe-2ef46a750e06,2021-08-03,-117.65989,34.23604
1865,1704f47a-b2bc-43fc-8c49-e62ffaf6021e,2021-08-04,-122.506112,40.604986
1866,178aba5f-4c67-4830-891d-b8fec84706da,2021-08-04,-121.01468,39.08805
1867,2ea37798-e198-4f1c-92c6-81c42beff3de,2021-08-06,-121.53946,41.68499
1868,0249ff45-1a71-4a4f-88a7-6c1fc7a9aa20,2021-08-07,-121.89008,41.034362
1869,a26becf4-249f-451e-b8a3-e55032e6df61,2021-08-11,-121.30845,39.403918
1870,262f815e-e1b4-42d8-8889-6bb4638703e4,2021-08-13,-122.727542,38.250596
1871,e8842a17-4f53-4803-9350-838ec34e66e9,2021-08-13,-122.581257,38.826123
1872,3657f103-fe9f-4bfc-a09e-9aa291301266,2021-08-14,-123.637032,39.834099
1873,a21c4d1f-87ed-4db1-85ea-eae41c90a0ac,2021-08-14,-120.537833,38.586
1874,2eae3252-74cd-4e96-b25a-20ed828395e2,2021-08-16,-118.555,36.268
1875,8e3e3fe1-669f-4cf8-80ee-c8df14929a22,2021-08-18,-122.601395,38.928133
1876,87b59fb2-01f9-4469-8578-87c55b090eac,2021-08-18,-123.404,41.564
1877,11804a96-faa3-4671-b420-6591e4e95f49,2021-08-18,-118.501515,35.674926
1878,46498648-eff1-492f-b88f-1826ecd224a6,2021-08-24,-116.659688,33.474823
1879,f19d2b70-1d83-4abc-a173-7b00584e1c49,2021-08-25,-122.514391,40.616416
1880,7b6a10b8-58fb-4906-ad11-dc88fe5b7872,2021-08-25,-120.454797,38.038795
1881,4cfd11fa-b33f-4de6-8d17-bbaa27b2c9cb,2021-08-25,-117.440263,34.186147
1882,8cfa988a-cf5d-418c-8d4d-e0be072e397c,2021-08-25,-116.877776,33.918089
1883,69c42b3f-a4ec-47d2-a856-e4f8bc71c6cc,2021-08-25,-121.040771,39.216752
1884,726eeb97-b91c-4555-a180-be16e599466f,2021-08-26,-120.402221,37.962933
1885,9f0d7a3b-ae47-42a5-b360-ea2f4141cad4,2021-08-28,-117.4546,34.25145
1886,64a7c61a-5634-410a-a1c4-aeb97b2283e0,2021-08-28,-117.39309,33.484721
1887,cd7d799d-cc81-4ffb-9d55-4e2b18b92d34,2021-08-29,-117.466,34.34
1888,d7b908db-7184-4f9e-923f-f811688cf4eb,2021-08-29,-123.6744,40.8652
1889,af05ba27-9105-4776-83a8-8ea786117476,2021-08-30,-123.52733,41.03877
1890,254e4d5c-a750-41e0-bea3-9eb4597b0a13,2021-09-01,-122.6131992,38.0591827
1891,5ddee2f6-f32b-4664-a416-5cf4996290a5,2021-09-05,-120.731748,38.529123
1892,ff71cd3b-2261-4248-92fa-f24733cfdcfe,2021-09-05,-121.036613,38.921239
1893,257ee7b8-fe14-45ac-ba58-4fae7003f6de,2021-09-05,-117.111157,33.380079
1894,6a36efca-0cb1-465f-be4d-06b3e3b528c1,2021-09-06,-120.09009,34.6776
1895,d3668f70-4e85-4962-8e8a-a0b8f1465500,2021-09-11,-118.688821,34.569383
1896,b7a4e6df-7cef-4920-a585-031324b404f4,2021-09-12,-123.202039,39.232362
1897,cb9d8266-3c5e-4c42-97a8-fdf0fa69a6b1,2021-09-09,-118.625,36.058
1898,48dcd1c3-e791-49d8-9435-1b358027b318,2021-09-10,-118.811,36.567
1899,3d2add8f-fc17-42d2-8cdc-884d40c0912c,2021-09-17,-118.760816,34.665169
1900,f4be7c50-4b42-4534-90c7-82c52e4fa3cb,2021-09-19,-119.792528,36.89365
1901,e208c4a4-1477-4bfd-9fcd-c2d10271e617,2021-09-22,-117.333215,34.164501
1902,460ab87e-07e7-4931-8390-bd3fe60677b2,2021-09-22,-122.416983,38.269863
1903,1052ac46-526c-4ca1-a75c-7e91920ee6cb,2021-09-22,-122.320243,40.729811
1904,ffb98e82-9a8a-44fe-9d91-45ce3db74ef5,2021-10-05,-123.02375,40.649917
1905,66eaca2a-9aa7-41cf-a850-88f963cbf723,2021-10-11,-122.436754,40.287225
1906,23a7e559-d8b9-4333-bddc-ccf7cb2e7b3e,2021-10-11,-119.960099,35.983649
1907,8622a38c-551f-4ef0-9b25-0d0280ace921,2021-10-11,-122.241128,38.170366
1908,de52a8d2-2c0e-4481-8d6c-9e4b7c2b9428,2021-10-11,-120.136,34.553
1909,16f4a871-6b4e-493c-ada9-cff37913e521,2021-10-14,-122.277441,39.986836
1910,55df2f9c-3232-4643-970b-0286a1039507,2021-10-15,-120.358206,41.862388
1911,5f34e7bc-b627-4baf-9e6e-ded2eec3c77a,2021-10-15,-121.752106,37.013464
1912,8e7dcc1b-718b-4388-9e20-bef4b9b94385,2021-10-24,-121.52692,37.62879
1913,24117f47-d8e6-4f62-8077-d5bb6742eb9c,2021-11-21,-117.487947,33.952633
1914,f3558310-247c-4913-a08b-68d568abdf4b,2022-01-21,-121.880533,36.396461
1915,83db2882-a7c1-4e62-86f8-c9470e8a0c87,2022-02-10,-117.805666,33.558085
1916,0261dfa0-f1c5-401b-abf3-91184cd2ac2c,2022-02-16,-118.371813,37.369355
1917,e4391d31-46b5-49ad-b4d5-4a934b73d08b,2022-03-02,-117.5181037,33.6769121
1918,ee27ed9e-44fb-4133-a2c9-f16a90fbeb46,2022-03-01,-123.015106,38.46234
1919,719127a0-5d9b-42e6-985f-ce3e6a718c0e,2022-03-04,-122.4073,40.67671
1920,d9f40570-e594-457b-bf33-9bb2eec13d50,2022-03-12,-120.2770391,34.4687419
1921,264c5249-6933-4d8f-a270-25462d14a407,2022-03-12,-121.9015432,41.9525087
1922,09f9ff54-30ba-48d7-a8f3-9dd6a627fafd,2022-03-12,-122.3685584,41.4455854
1923,55b09ba6-f06c-41fa-b940-2438100bb452,2022-03-25,-121.692093,41.234712
1924,fa9ec8b0-aa66-4e58-a84a-ca5cbc101692,2022-03-26,-116.099728,33.525345
1925,14a709fe-bd83-4ee2-8901-975aa4c44608,2022-04-09,-120.4849,40.18494
1926,4a03c163-2598-4adf-aec1-5c3dac41fa23,2022-04-27,-122.690559,40.44412
1927,f904489b-0488-4764-9a98-bd3b818d1756,2022-04-30,-115.916687,33.510716
1928,05a22a51-f594-41d7-8cfa-ff8811b145c5,2022-05-06,-117.462367,34.018021
1929,09a71f96-1215-4fc6-8b9a-da44930af8c4,2022-05-11,-119.443013,36.974622
1930,b81c84b9-bde4-49c8-aded-914d170ba9ae,2022-05-11,-117.744398,33.509464
1931,93c25ae3-115d-465b-8994-c15b1b81b466,2022-05-15,-116.900635,33.886637
1932,c20ca686-9666-4f4e-861e-bb6085d0e889,2022-05-16,-118.98167,36.051411
1933,56efbe7f-664a-42f7-b9b0-5c290d8ce3cf,2022-05-19,-118.873889,34.935583
1934,b211e55a-9b50-4e22-b014-55a6e4b27001,2022-05-20,-121.998735,38.015611
1935,5947bdd0-c00a-49a3-bea2-c0208cbd7e6f,2022-05-20,-122.049621,38.824462
1936,6dc17c08-d206-4ca5-a53c-cf26d2d7cfd3,2022-05-20,-123.6641833,38.8733747
1937,c87b3af5-8bb8-4e20-8b8b-0e035635f8ea,2022-05-21,-122.051923,38.467322
1938,3564711f-73f7-4aae-b550-e2c51f81b780,2022-05-24,-122.275649,40.150329
1939,b0f0e47b-416f-498c-8239-fd3ddd7d6abc,2022-05-24,-122.229859,39.761232
1940,98953233-d2bd-4704-a6dc-122d14e388f6,2022-05-24,-122.0246463,39.2333948
1941,b22cb518-4c4e-439b-a8e8-5597fe45789e,2022-05-24,-120.3564497,35.0155237
1942,61c7f0a0-3f9e-4665-92b0-3f135987907a,2022-05-26,-116.447636,34.090619
1943,e0d1fd77-071f-4892-9738-49baba9658f3,2022-05-26,-114.484173,34.010838
1944,51a14af6-7c52-4666-8805-da3f0d07923d,2022-05-31,-122.270417,38.370078
1945,ab7f7bfd-8c3d-4199-8caa-bfc192dc29a4,2022-06-03,-118.721683,35.199501
1946,4c22250d-5076-4a2a-aaf8-58565c49f314,2022-06-04,-116.23339,33.59823
1947,34303301-ad09-441b-a2e5-91d206a66218,2022-06-06,-120.56019,35.72373
1948,968e2f0c-5255-4a21-b166-c9a06a645825,2022-06-06,-117.34635,34.31267
1949,d63827d6-1fa3-4a9d-8a21-a5d2549adc5a,2022-06-09,-121.696808,37.895892
1950,9e92e949-1e1c-47b7-9a46-71664466a15c,2022-06-09,-121.431372,39.385829
1951,58ba3463-14d8-4ac7-86c3-aaeb920de442,2022-06-10,-121.776,40.05
1952,f7f9f401-e8b5-423f-b0da-13011200b213,2022-06-11,-118.9253809,34.9324042
1953,cc000d68-f79b-447c-b67f-976d820ec702,2022-06-11,-121.392285,39.319804
1954,d0c68cde-731a-4409-a810-32c7d326ce54,2022-06-12,-117.61508,34.355593
1955,3eb84741-bc4e-4beb-aeb3-6f485fca145c,2022-06-12,-116.5882585,32.8134303
1956,954eef2a-0cff-404d-a2b4-d0acbcf8d3de,2022-06-13,-116.737119,32.614832
1957,2c095f28-ae55-4a23-9378-2a74989e889f,2022-06-13,-122.45621,40.00919
1958,f8587978-ae8b-409d-8540-0c4aaa952d54,2022-06-21,-116.750667,32.567333
1959,eb1d79f9-a00a-4fc8-b979-5fb00e24da0b,2022-06-21,-122.27742,37.459222
1960,49ce10fd-94f9-48ee-890f-3b63b1aa84ea,2022-06-22,-118.889446,34.936618
1961,78bea37e-7334-4f49-a8dd-1c9a593b47d1,2022-06-22,-121.68694,39.37879
1962,5fa0ad1e-4624-4257-bb31-3eb5af1e6116,2022-06-23,-122.191103,38.046255
1963,974e000a-7b64-4542-aba7-e0c33117870a,2022-06-23,-121.903018,37.642217
1964,769b01fc-2018-420a-92b2-5e2ccb296894,2022-06-23,-121.556086,37.365652
1965,3f3fd217-c2b6-444c-bf90-a2168bf9b40e,2022-06-23,-121.97785,38.42619
1966,13541b69-799a-4a8b-ade9-0bdefc254f73,2022-06-23,-121.97785,38.42619
1967,88867d1f-eb64-4966-b86d-115c913cae39,2022-06-24,-121.908735,37.97689
1968,06deb062-3940-44f0-a984-f9cb80ed1e4b,2022-06-25,-117.462524,33.968307
1969,78fccf47-afdf-4e7a-bcd3-10c574b5dad2,2022-06-26,-122.359698,41.317476
1970,2ea11a5a-70bd-4cea-bddc-466de28b4a8d,2022-06-27,-122.796221,38.323263
1971,5316b89a-f041-498b-8ff9-af00c89c2979,2022-06-27,-122.574563,38.163521
1972,b3b6407b-cafa-4f42-bc9e-6e0e286717c4,2022-06-28,-122.55002,39.713372
1973,5d545430-bff5-4c5e-befa-d3139e19da30,2022-06-28,-120.437395,35.136141
1974,de8403a1-4f40-499e-a83e-de3261c57b37,2022-06-28,-121.192271,39.319145
1975,77ceaa27-dedd-4703-9db1-5d80e9322f53,2022-06-29,-115.71861,32.79106
1976,d87c11f9-0995-4802-91c5-f99f7e97d75f,2022-06-30,-121.650851,39.524038
1977,90b3f3dc-c374-4376-876e-6aad196a05f3,2022-06-30,-121.366789,39.480813
1978,b57e64d6-701c-475e-a048-b81d21bef97d,2022-07-01,-119.576797,37.013878
1979,8877e37e-7656-47ef-9881-dfd9653f36a4,2022-07-04,-120.819059,35.8640822
1980,9e30ecfb-a068-4935-a67b-bf52337f1dfd,2022-07-04,-120.665415,38.334802
1981,157977a9-25b9-4550-883e-13847244b92f,2022-07-04,-121.430071,39.42972
1982,67d518ac-2edf-4809-bb0e-748ebe27f9a7,2022-07-05,-123.2055576,39.8166571
1983,39d88789-80ba-4a50-b96a-bddefd6593a3,2022-07-08,-121.372749,39.300253
1984,776de6ba-3e3c-4388-b257-44e8c9231a95,2022-07-07,-119.614,37.499
1985,6835535e-9016-4297-a743-c657e76e39d3,2022-07-09,-121.344587,39.020051
1986,7a9b1646-9b86-4721-b99d-9cfe02ba1fec,2022-07-12,-116.8460273,32.7947379
1987,d52a1e49-8d6b-4982-b931-29032439e870,2022-07-13,-122.1347757,38.0936839
1988,0539f658-3625-4601-a3d3-9f0e887c2415,2022-07-14,-122.3182313,40.4411992
1989,aa364bd9-d718-4583-97f3-18d0fcd0ce4a,2022-07-14,-121.1183895,38.5570067
1990,632bea0c-612e-42fa-8b27-b3514c734da2,2022-07-16,-122.433855,40.010233
1991,a1c796a1-d98d-4420-acb5-f30924c7966d,2022-07-17,-121.340201,38.9848309
1992,6a5cd16b-55a8-4104-aa28-0e0490b4aca9,2022-07-17,-116.6077664,32.6077664
1993,398d0989-c034-4da7-854c-79e392d081b2,2022-07-17,-123.598273,39.90557
1994,5e02c4ff-003c-42a9-a3c5-6e104ecabb02,2022-07-18,-120.02107,37.481701
1995,7fbd8cd4-bd0d-432e-910d-a8c353667946,2022-07-18,-121.27693,39.314076
1996,50a7f34c-aa67-4227-bc71-238e85a3ff85,2022-07-19,-123.33756,39.058043
1997,f83fad03-336e-4edb-afc6-c77b5f924506,2022-07-19,-121.656106,37.719206
1998,2786397c-0bd0-46f8-bdf8-3f749d061593,2022-07-21,-120.4422218,37.935092
1999,367d210d-571c-4066-a078-44f3e162d8f4,2022-07-21,-121.604728,36.8927679
2000,fec1972c-dcdf-4a1c-a6ae-5c26a0b82815,2022-07-22,-119.9234728,37.5509366
2001,d3415864-268a-4304-ac6a-02714a23f2cb,2022-07-26,-120.63742,38.75794
2002,487f18a9-7af4-4702-ba36-78aaef812e80,2022-07-27,-116.7626279,33.0819687
2003,c7cb91c5-4423-4965-8f6d-ad9c711a376d,2022-07-27,-121.304167,39.323167
2004,deef1971-c9d4-4070-ae37-1a3ad350e977,2022-07-29,-122.894782,41.833813
2005,1445f422-faa3-4a74-84db-bb3e6b3526b2,2022-07-29,-117.3463886,34.312437
2006,5a71b67d-308f-4767-9f10-7cab21332ae4,2022-07-30,-118.4125811,35.5745007
2007,4d357743-0767-467c-9d27-585e4466bcce,2022-07-30,-123.0213226,41.5734543
2008,974cf91d-0e78-4aa7-b7d3-99e4834fcbc2,2022-07-31,-119.1902259,36.6760553
2009,64cc517f-a935-4abb-b35a-b40516174f3b,2022-07-30,-123.1193265,41.6430162
2010,f4b5f0c0-4b3f-4715-93c8-eae87b2cab17,2022-07-31,-122.988315,41.640867
2011,3d3dc0a6-0c44-4786-a543-896e3c0e1b59,2022-08-02,-118.853671,36.378236
2012,bb08947c-f887-4538-bb5e-1d5750b54249,2022-08-03,-120.50806,37.84349
2013,e17479af-0314-4162-9c57-bbbf602b6f64,2022-08-04,-122.7825581,41.9708541
2014,79d90782-1a7e-45a9-981c-7363ee233fc6,2022-08-05,-123.5862017,40.9269568
2015,38a305cf-5af0-44c3-8d71-6120de29e82a,2022-07-29,-123.278,41.868
2016,136a1828-ec7f-487f-9aa1-7f378e51322a,2022-08-08,-121.211449,41.060445
2017,4f42b108-2832-4a5e-a78a-3cfacd32c017,2022-08-10,-120.008429,41.649229
2018,0f52278a-7102-48c5-a904-c9153187a3a2,2022-08-10,-118.732882,34.765322
2019,b2407838-9dd2-45b8-a956-899bf6891b98,2022-08-14,-118.6292243,35.2882644
2020,ad465a00-5520-4188-9f91-3c5568adb40e,2022-08-15,-120.9526,39.04941
2021,606930f2-4368-4e78-bb43-4ba33db70f11,2022-08-15,-118.71829,36.17768
2022,9416f961-c5f3-40ec-805f-87bb8b09c5f6,2022-08-15,-121.97822,37.70049
2023,4716f4ca-2a6d-4e0f-a853-78803613cf03,2022-08-16,-121.23129,36.003814
2024,baa65866-c909-42c4-a414-63c31d1bb3cb,2022-08-17,-118.60811,34.48202
2025,8d4e0591-dd62-4c04-82f3-10eb76556cde,2022-08-20,-121.1329,39.2805
2026,1e84bb2e-0fd6-4002-bcd2-3cb2f622be6a,2022-08-20,-122.6556,38.9494
2027,0363b353-f624-4d3f-9c0a-20a81a51e154,2022-04-13,-116.5185,32.8647
2028,092ae456-6322-4f6d-b9f1-ed2c55a1fbc6,2022-08-25,-117.8004523,34.2338842
2029,4612ddda-90b6-4733-a0a5-6bdeb622614b,2022-08-27,-121.1103,39.0543
2030,68202561-738b-4e30-a004-7ed156939fe8,2022-08-29,-123.9277,41.4672
2031,2632aae9-5451-4021-b9ec-3c68909133a7,2022-08-29,-123.9477,41.4626
2032,599c4952-beda-4ec6-a636-47c92444a443,2022-08-29,-117.8608,34.2026
2033,40b5cdc9-57db-40da-b52d-6f4c53375bc1,2022-08-31,-118.6479,34.5255
2034,68dceec6-55b8-4c87-bfa8-f80e4d7118f4,2022-08-31,-116.707395,32.612181
2035,1a839916-324c-4106-b32e-753ff8a0b048,2022-09-01,-122.3975,40.5336
2036,80ceeedb-4349-44c9-b061-2f9855d6efd6,2022-09-01,-123.3159,39.3669
2037,f0e786a2-78d4-411a-b55a-b756c4189ffa,2022-09-01,-120.4013,37.968
2038,47bfc3f3-04f7-49ab-a901-77770b85a7cc,2022-09-02,-122.3852,41.4303
2039,bb24457a-d2ad-4efc-b816-e5df69ce8e71,2022-09-02,-120.7489517,38.0182816
2040,0f74249b-6f78-4266-b3f0-c61b5626d6af,2022-09-02,-122.627469,41.459009
2041,a30a1a3f-e586-4351-a177-109e2108bf9c,2022-09-04,-117.246996,33.432924
2042,555f187c-f8af-4a8c-87b1-2a849cf34b7f,2022-09-05,-116.811345,33.064629
2043,7a58bd4b-886d-40ee-b895-03e6473be505,2022-09-05,-116.893227,33.717062
2044,d90dcd39-baef-4d4c-8774-16a02ca557df,2022-09-06,-120.816083,39.1252
2045,d78ddcad-57ab-4cc4-8910-6f55da123bc1,2022-09-05,-116.882,34.177
2046,90ff8cb6-8361-4442-8646-b8846bf2f7ea,2022-09-06,-121.012313,35.580125
2047,00b88ee4-06ed-4f40-81ac-3e23fcb1bc64,2022-09-06,-119.485927,37.080478
2048,a305c68d-db56-4c9f-ab9c-5089c25f3fba,2022-09-06,-120.7447,39.00591
2049,2497d2b3-31a4-4dc5-a628-2a059036e6c2,2022-09-07,-119.50881,37.21945
2050,899421c1-661c-44c1-a988-a0fe5043e6bd,2022-09-07,-121.839853,41.8739166
2051,6a1d129f-e302-41b0-90ce-a0fafd6e2503,2022-09-07,-120.29122,41.87117
2052,1b00894c-ef9d-49ea-8e3a-249179ce7ef4,2022-08-04,-119.471,37.661
2053,f8668270-1b0d-4d9c-b4dd-a80d144a4ef6,2022-08-08,-119.552,37.954
2054,4eab4eb2-77d3-48df-bf15-40b61f15cccd,2022-09-08,-122.692408,41.793769
2055,0f669596-90b2-4625-ba6b-f2bd1ab59f3b,2022-09-09,-121.81822,40.44109
2056,e97ebb75-7d6d-4925-a27b-2bb9daec9fbf,2022-09-13,-120.8266,39.1902
2057,4b8ffb4c-e539-4cfa-82a0-2aa148b43ee9,2022-09-17,-121.2122,39.9929
2058,cad849b4-be9c-4a47-889d-a1c1bcf2c085,2022-09-21,-118.752908,36.007323
2059,70bfeb43-3af8-4aa8-847c-07f0869d6f6d,2022-09-23,-117.1529,34.1776
2060,a5373b17-81bc-4a24-a844-148cb5de6b10,2022-09-27,-122.3414,41.4987
2061,a139a767-908f-4275-9314-f3fb47bd9155,2022-10-08,-119.167059,34.560597
2062,866407b4-2434-4d13-8a43-fa61f2d6a38d,2022-10-23,-118.50091,37.38939
2063,8cd5adf0-00de-4f9c-9d5d-2637f7c0972e,2023-04-26,-117.565833,34.293103
2064,a56115f1-5eca-4dc1-b576-cbeb67ed4b5b,2023-05-15,-116.092746,33.569342
2065,372264df-a6df-41b0-91b1-6b1ed6547a11,2023-05-20,-116.0614,33.4626
2066,c2deabb9-7935-4a0a-8fba-4d4005e4bf1c,2023-05-21,-122.47542,40.417676
2067,e44f5b6b-c6e6-461a-a9ab-d442e08de3ea,2023-05-22,-117.033714,33.823424
2068,8b46c737-a036-4e58-9d8c-4de0b9879e68,2023-05-30,-119.6801,36.9466
2069,9f20e88a-c95e-494f-bc38-7708bac1b7a6,2023-05-30,-121.3475,39.2349
2070,4511ebf3-f3d7-4c2d-9299-ec8ff974582e,2023-06-01,-119.2971,36.678
2071,cc8b9e35-5e0f-48e0-81da-15fab9bfaee2,2023-06-03,-120.8991,36.7536
2072,a788f3ff-73ff-49e0-b65c-95bbb851df2e,2023-06-03,-118.8582,36.0322
2073,bbfed8a2-9c91-4e38-92cd-374d6fdee02a,2023-06-04,-121.3319,36.4647
2074,5907b233-4523-4bdf-aef2-e02c1f8c4d68,2023-06-09,-119.304258,36.70984
2075,17f58280-2631-440e-9bca-cbdea1e5e373,2023-06-10,-120.1499,37.4404
2076,c6d831a8-19e0-40a0-807c-26e542c8f43b,2023-06-10,-116.0533,33.896
2077,48cc8ca5-b512-4dc9-bea2-a7bce86009a0,2022-08-03,-118.650278,36.319167
2078,7634b4c2-6a78-4aed-9e5b-d11c26faf384,2023-06-14,-122.7145,39.023
2079,7b626e88-ef6d-4669-b7b7-d36e0ecaaf14,2023-06-15,-122.5955,40.2869
2080,f37b0f27-4097-482c-a948-71c62940911e,2023-06-15,-121.3686,39.3256
2081,6b4212c5-b9c5-4813-9b45-50620406071e,2023-06-16,-122.4379,38.6994
2082,8fd8a93e-1959-4382-9861-979a77194624,2023-06-16,-119.2043,36.9351
2083,c57a1ed5-5b24-41ed-aca4-703339726e05,2023-06-18,-119.0828,36.3002
2084,5bdb8a5f-58a5-4fb3-b1d3-5487a7acdc05,2023-06-18,-120.188,36.5737
2085,4898fc42-90a5-4d10-8c7d-f21150e6f0c9,2023-06-20,-116.34461,32.734788
2086,03aa73f8-24a4-49f7-a634-a705d1632a21,2023-06-20,-117.201092,33.656034
2087,bc067439-ea43-4ce0-b4ec-66d20bae7804,2023-06-21,-117.138268,33.984167
2088,d9778b37-9886-453d-a5ea-0772b1b33073,2023-06-21,-120.3728742,37.8558452
2089,cdc613c3-c746-4f0d-b295-f15fc7e67277,2023-06-23,-121.3801,39.258
2090,fa24f204-d45e-479f-8437-4ce009874df9,2023-06-25,-121.7676,37.9143
2091,417b7148-f644-4919-880f-8d529e1f8b95,2023-06-27,-119.0137,36.8675
2092,1c823bea-8d80-4560-9888-91fe81366451,2023-06-27,-117.330286,33.787329
2093,c56682cd-d6d6-47fe-bcaa-e0f77339f604,2023-06-27,-117.0957,34.0568
2094,7ee1424d-3aab-465e-9094-280e5cd5b83e,2023-06-30,-118.4252,34.9516
2095,5d6d342e-3696-4de4-a730-a89de03df378,2023-07-02,-120.798285,38.114444
2096,c65b1fd8-47f9-4c0f-9512-a444137f9371,2023-07-03,-119.46781,37.193819
2097,f20ef989-476d-4e60-8b32-b61d9f211e1a,2023-07-03,-118.193056,34.516944
2098,67943cd3-69db-40b5-ad6f-64eff64cbb1e,2023-07-04,-117.186767,34.38695
2099,8c3a32c0-30c7-4837-94ef-cc27f9783df4,2023-07-04,-117.153554,33.838928
2100,7452e778-443b-4a4d-8cfd-8972832332f2,2023-07-05,-116.078906,33.583941
2101,1c29b20c-8287-49e7-88da-a057174c5b25,2023-07-05,-117.278984,33.837311
2102,155dba26-11cd-4f55-8cc5-09c93ce7155e,2023-07-06,-117.0575,33.479
2103,ef08a1c3-8626-4881-b25c-64b7a913d174,2023-07-07,-118.9033,34.8866
2104,efb46e4a-b101-41ab-9085-9121ccaf5232,2023-07-08,-117.5072,34.0204
2105,1d1c4ff0-544e-425a-b558-f5e3ca586bea,2023-07-09,-116.5836,32.6003
2106,5fedc370-e53e-4751-b259-1f52dc429ab3,2023-07-09,-120.8169,35.8
2107,93936963-a4c7-406a-9d8e-8ee11aa68e40,2023-07-11,-117.2616,33.8302
2108,13c0aa67-6f1a-4471-8f05-0d8810bd55e4,2023-07-11,-120.98731,38.43948
2109,d2ced711-9481-45ca-9d1b-943352d05fac,2023-07-11,-117.348,33.7505
2110,a62c68f5-5a19-4dec-87f5-215a97726276,2023-07-11,-117.124,33.9364
2111,9d067cfd-3688-464f-916f-95cb7793169b,2023-07-11,-121.0089,38.2387
2112,d8c6de46-8d1b-4e04-b3fe-c9212ce92fd3,2023-07-12,-117.300098,33.505725
2113,bbd4db04-faef-41c7-9422-ee1393ca1b1f,2023-07-13,-117.068009,33.821929
2114,e8f155bc-20c6-4344-b5dc-69ce1d0b8613,2023-07-14,-116.946498,33.907342
2115,472e88dd-7121-4fb6-825c-91af4d5ed373,2023-07-14,-117.070916,33.889467
2116,e013877e-7837-435f-8bb1-692b68a37f8e,2023-07-15,-117.358124,33.817004
2117,b57f434d-f307-4055-b47b-e49337374dd9,2023-07-16,-122.466,39.2694
2118,471a442e-3c6c-49d3-a1da-c6539336f975,2023-07-18,-122.5259,39.6685
2119,33f3bc95-bab6-445a-95d0-58b7cd247431,2023-07-18,-120.5689,36.1132
2120,eb2196cc-8ecb-49f6-ae21-a832da54a663,2023-07-14,-117.2169,33.9835
2121,8e5b1375-7f14-4731-aa73-86e5db2e7f70,2023-07-19,-120.801732,36.490487
2122,4882ca86-e46f-429b-bc3c-194654bfb01f,2023-07-19,-117.4261,34.0182
2123,3501b740-d8be-4b0b-a0c8-cf6c923ee810,2023-07-24,-122.3232056,40.7316228
2124,9e60d69f-373a-45db-b23f-cebb88b82aaf,2023-07-25,-119.1521739,36.6932792
2125,44518f29-7ba2-45c1-b6f6-13e3556ee941,2023-07-25,-118.507954,34.356691
2126,287f3a55-d3a6-4273-ad3c-c66910a12cb9,2023-07-25,-118.326389,34.438333
2127,6401556e-3e19-467b-8c26-af4a20864672,2023-07-26,-121.399989,39.446994
2128,9140903a-8dd4-45f9-aac7-70921d3f1948,2023-07-27,-116.7247,33.4769
2129,6444fb86-d180-4a36-98fe-e2959a14965d,2023-07-27,-116.9081,33.9372
2130,3e418d3a-f64b-48cf-9a0a-f6f893ddf75c,2023-07-28,-118.2148,35.6967
2131,09e1c7bf-e40b-4843-b245-917cb162130b,2023-07-29,-121.6065,37.7356
2132,6550e4e3-ef7f-4ebd-87ca-4a4244fdffd2,2023-07-30,-120.334625,35.458459
2133,44335201-1bda-408e-8bed-ec84b650c770,2023-08-01,-115.317389,35.191889
2134,1df129dd-265c-450d-a605-b46d82ca0436,2023-08-01,-119.988888,36.7611111
2135,5b23e547-15ae-4b24-a9dd-6d8a8298c0cd,2023-08-01,-120.181725,35.403564
2136,55585f3b-648c-476d-bccb-e2939fd1a670,2023-08-01,-117.11938,33.7995
2137,e9755bce-f853-4b18-82b7-cdf0921d62a5,2023-08-01,-120.8839,36.9648
2138,29d92f74-bbef-483e-9cf5-4f45aa82a8ba,2023-08-01,-118.875657,35.490591
2139,e595da7d-9cd4-48a3-9b11-5363cfd066e1,2023-08-02,-116.76111,33.91436
2140,08b36383-406f-49a5-bf71-0c629c3c0010,2023-08-02,-116.84334,33.602019
2141,b76fe4cb-c4c1-423a-a62c-49a9686033c3,2023-08-03,-121.464716,37.368648
2142,3178236b-9195-40af-93c6-34e7d13f405a,2023-08-02,-118.997325,34.847129
2143,8ae10edc-77d0-4df3-a398-846bea7acac0,2023-08-04,-122.624538,40.735974
2144,c19ca405-6810-4097-b078-13fa9a7a6119,2023-08-04,-118.2951023,35.0990626
2145,128eaf5b-0947-44d0-9df9-fd7975d0fe9d,2023-08-05,-117.8875,35.78611
2146,ac1b69c8-652d-428a-90eb-008eff0029d7,2023-08-06,-119.835808,35.614674
2147,9f0e025e-d6d3-482c-81e4-d3e0f50c9e41,2023-08-06,-116.3017,32.68535
2148,bdbc6903-5fea-4b29-9ddf-874bfd7174c8,2023-08-09,-116.855731,32.994676
2149,0a2ff66b-76bc-4671-9afe-a2023060b6d9,2023-08-09,-117.150639,33.871189
2150,4769737e-f0b5-48c0-9b39-90db40414a7d,2023-08-09,-121.68793,39.377918
2151,954a9ca6-3863-4a6f-b22f-fc6bb6fcef6c,2023-08-10,-119.0113,36.5323
2152,21d01f9d-fc51-4a0a-88ca-06f934ea2cae,2023-08-10,-120.9783812,36.4392121
2153,f739b56d-fda4-4689-9ced-2fd015afe169,2023-08-11,-120.0175,35.0832
2154,2b5b710e-acec-4818-9d26-22062a75d793,2023-08-14,-118.6027987,35.1387962
2155,db55b282-4079-4a2a-beb8-e85f42b0491b,2023-08-15,-120.0574,35.4854
2156,c9ed4253-40dd-4388-8988-d832d313a728,2023-08-15,-121.5041,41.2477
2157,47a47e9a-ab8a-4f4c-91fb-3504843cdf45,2023-08-16,-122.94871,40.93686
2158,b552934b-98f7-48dd-bbd5-33e1caf89817,2023-08-16,-122.855,40.036944
2159,d9e259d7-24d5-4e15-b9df-0c23fac25f9c,2023-08-15,-123.868447,41.958269
2160,057328b4-b239-4e07-ba59-441522e6a47e,2023-08-16,-120.788152,39.339386
2161,ffa56129-0d5e-4ec5-bfae-3440757d9deb,2023-08-16,-121.67208,37.18725
2162,1c3481f5-3d33-40a2-8f24-5edbebc17d6c,2023-08-17,-122.3287,39.6194
2163,243c4ae4-f7eb-44f4-b5e8-ff8c4baaccd5,2023-08-17,-116.6415,32.6347
2164,2b9ad272-c3c1-4de1-870d-d35b1e383912,2023-08-16,-123.045093,41.777554
2165,5608557c-4576-40ac-8f63-a8f428d62117,2023-08-15,-123.662677,40.623606
2166,e3297f9e-f753-49b6-9cdf-78700edde34f,2023-08-19,-119.73328,34.9190169
2167,ad8025a3-0060-49db-a048-bce567ee0a57,2023-08-20,-123.611167,41.017222
2168,4adc26cb-281f-44ef-b6e2-f3509f1c03be,2023-09-06,-122.601667,38.903333
2169,6d65a6f6-b12a-4ed9-94b9-7f90246c8615,2023-09-10,-120.7942,38.18291
2170,81a42060-b157-40e7-bbb0-a9371a2435c3,2023-09-12,-122.1796,38.3702
2171,6c0acbd1-309a-4555-9161-3b757f38d2cc,2023-09-16,-118.616,35.2674
2172,f9914d6e-0e0d-49ea-a754-5b380ce3cdf0,2023-09-26,-117.279764,33.753608
2173,c5c1319d-b98a-4b1e-ac51-65d2f1c2de6f,2023-10-06,-120.9739,35.5421
2174,a64fd824-e68a-43a8-bbeb-b153e0c752d6,2023-10-06,-120.1959,34.5423
2175,28eb14f9-bffb-482a-bcec-fab0c149e6cb,2023-10-06,-121.07148,36.0295
2176,8cb88028-9b7f-49a9-be2d-6d81c7e06193,2023-10-07,-121.981732,38.265241
2177,f145f362-b7fb-45e3-b98d-6583488db4f7,2023-10-12,-120.1924,35.2087
2178,8b16db9f-44f5-4559-b53f-8f01a916c91c,2023-10-14,-119.3594,37.2147
2179,c577f6b5-b79e-4e61-b0da-f14fd1bc6dcd,2023-10-17,-116.857302,33.592915
2180,e90b6420-76a9-424b-8e26-67422eadc6a0,2023-10-29,-116.9196,32.598
2181,de8dad71-4393-449f-874b-8a6ce378f5b6,2023-10-30,-116.82307,33.438207
2182,87f3453c-ba4e-40dd-930d-c666ce049af1,2023-10-30,-120.644,35.2808
2183,1c646b82-e568-4051-a642-059744a09eab,2023-11-09,-120.32318,34.55742
2184,0ad26a5e-a80c-4d00-a76a-a59c1b098e71,2023-11-12,-119.58333,35.15773
2185,f5489c15-8095-4a6a-a3c1-76f78cb9cb18,2023-11-14,-116.99867,33.85008
2186,7deacf45-3e46-48fd-b0ba-fdd89f65d574,2023-11-14,-117.003584,33.839416
2187,b7cb31c5-bc13-4655-ada4-80d16a36437c,2023-11-19,-116.246207,33.809953
2188,db81cfd7-c6f7-4fb6-9127-8d30939fcde2,2023-11-20,-117.46406,33.8438665
2189,6ebb5e9c-a73e-4685-8e58-2aa653e922f4,2023-11-23,-116.891493,32.723389
2190,d372cad1-7e39-4973-87fc-3e400acc081e,2023-12-05,-116.7986,32.5666
2191,a17adb99-eed2-4669-91b2-aecc302fdab9,2023-12-09,-116.7635,33.9007
2192,55e9dd9a-0f62-4f5c-b3e3-3d63c0bfedec,2023-12-09,-118.9938,34.327
2193,93dec295-6159-4227-8b85-4ae3a7abe6bb,2023-12-15,-118.8696,35.5593
2194,91e89644-a6fc-4216-a9bb-b7f52e8d3093,2023-12-21,-116.7718,32.6036
2195,da0f58a2-b61c-4514-8439-c4ca4792718a,2024-02-20,-115.82784,33.5103795
2196,c32fd360-9830-4ad1-9595-0b3a67257eba,2024-02-27,-121.084104,35.81148
2197,22229c97-8035-4ba8-b1a2-1965107977ed,2024-04-03,-118.026767,36.316401
2198,f7e0845c-7209-4a79-8368-7c8862383221,2024-04-12,-121.83332,38.05686
2199,0563714f-e479-41f8-a2b0-59cfacdeffe1,2024-04-12,-119.39529,35.153062
2200,df1a7e0d-7fc9-49af-be53-4e2d5b818411,2024-04-21,-121.070752,39.494086
2201,3ea940e2-abab-41a3-b073-6aa3ce6f8f72,2024-04-21,-120.097738,35.817759
2202,ce64ef4a-565d-46db-b94c-b0436644cf7f,2024-04-26,-120.360998,36.730979
2203,deffd3c6-f488-48d9-8ec0-43cf23d26e44,2024-04-30,-120.99063,37.020145
2204,9aeb7f9d-3672-400d-ba4e-2b490220f78d,2024-05-02,-119.33179,35.04847
2205,b24e4e25-08ed-410b-87bc-4222a507158b,2024-05-04,-118.23,34.9117
2206,4aad6061-4f7d-4a62-b441-255a9c53b43e,2024-05-04,-116.55819,33.858369
2207,af6e0e0e-af49-4dbf-98c9-c36b1028eed7,2024-05-02,-121.201005,38.902253
2208,d9d67720-8b28-47d1-a05d-3033c70b73a3,2024-05-07,-116.807061,33.9208
2209,48e43173-82a0-4573-b842-06bec1d05ee5,2024-05-07,-116.774124,33.903392
2210,c4439647-cf64-4a5f-bec1-3a228d5249f2,2024-05-10,-118.9429,35.7193
2211,7f75a7b7-f2dc-4817-b321-bb570f6b4991,2024-05-11,-120.340061,36.362559
2212,6605381c-d5d9-4dde-866b-ac56c51dccb1,2024-05-11,-120.192362,36.137571
2213,89242de3-daa9-449d-a350-36832b8579d7,2024-05-11,-116.711161,32.571374
2214,c137330e-e0b9-4d93-b22b-835a1fb547e7,2024-05-11,-117.601135,35.388107
2215,3ee4788b-f658-415c-879a-a11f00d10d77,2024-05-12,-117.339379,34.602884
2216,dcf00ad9-98e6-44c8-b5f3-9693133814c5,2024-05-13,-116.8004,32.7754088
2217,0e7ec8f8-87e5-4a70-9369-08b96059d3eb,2024-05-14,-116.8539685,33.471139
2218,94509745-c6c6-412e-8767-2b511381fe84,2024-05-14,-120.652034,37.244144
2219,190200af-43ff-4874-8cd0-ea681b1582ae,2024-05-15,-118.7503007,35.4759526
2220,9c4b2458-d757-41c0-86cb-9cec1e9b4f83,2024-05-15,-121.449913,39.693268
2221,75070ec5-7169-459d-a57e-cb39f1768062,2024-05-15,-120.801731,36.490486
2222,37e3db45-6b25-4f7b-a92b-84f10d197437,2024-05-17,-120.33456,36.2748148
2223,842042fa-04d9-49b2-af6e-92143b21ebb1,2024-05-17,-120.811491,35.829559
2224,49095c12-ea76-4ac6-8034-ff1da7b6c03f,2024-05-18,-116.583317,33.984278
2225,b7ca9cee-f5e3-4d5c-afd0-19ade7b24ba9,2024-05-20,-118.99692,34.96545
2226,d52efcc5-01bb-4f2e-b838-7599a1f17c14,2024-05-20,-122.129559,40.014819
2227,2578f6da-a787-4269-818d-c1616b35de18,2024-05-21,-122.476758,39.598771
2228,9967523f-061a-477c-9142-9660e9920a6b,2024-05-21,-120.31,41.2449
2229,9fdbe919-5581-44a9-aaf6-307037193995,2024-05-22,-117.170895,33.02113
2230,198dd536-7be9-44ca-b300-763e8927737c,2024-05-23,-121.908346,39.539678
2231,72e46bd8-232b-45c0-a715-46fec070b9e1,2024-05-25,-120.8471351,36.5097274
2232,f4fa469d-e2bd-41e7-bc84-86372acdcd44,2024-05-25,-117.340976,33.812223
2233,dd8e4500-bd34-4dea-acde-fd1b4ff00ca3,2024-05-25,-116.901498,33.895775
2234,159367fb-6bee-4914-8815-84f629994473,2024-05-25,-118.2554355,34.8492868
2235,3dce248e-b14c-4816-aab1-3ceefc59b26a,2024-05-25,-120.771299,36.850279
2236,e9e95a19-489b-4a24-b0d8-2744f72dc605,2024-05-25,-119.7858,36.67799
2237,3f03a89c-3bdd-4ef8-a89f-c68161ee84e4,2024-05-26,-116.76972,32.57583
2238,4ee5e062-f374-4790-819f-21a9c6aca2d9,2024-05-26,-120.944834,38.017376
2239,661cf1f8-a032-4812-96cc-ce45f8a0db31,2024-05-26,-119.689804,37.01741
2240,85074131-29f7-435f-8f43-8c9cf067bbd2,2024-05-27,-118.05215,34.50941
2241,caaf80b4-1467-48b5-8517-5b55e75f5389,2024-05-28,-120.393699,36.43706
2242,a8dbeeba-fe5a-4cc2-b1f5-c0f62d9c13a7,2024-05-28,-119.5572279,34.8936966
2243,a4f1290c-c300-4ddf-a9c0-dcee4938e4eb,2024-05-28,-119.158199,36.68768
2244,367bb551-c370-4dac-9ce5-7ee4999878a5,2024-05-28,-116.600203,33.925778
2245,f1d428ec-c2be-4b9a-bd76-86bfd6193cdc,2024-05-28,-120.389098,36.501499
2246,dd4afe59-3fa5-4505-b519-ae21aaf822a0,2024-05-28,-119.558308,35.180776
2247,82b3117e-68c8-4994-99e2-c863fe19f38e,2024-05-28,-116.917099,33.896179
2248,9090538e-dcd6-451a-9641-fd08a8606707,2024-05-28,-121.392475,38.728881
2249,a2d5f248-e4a3-4b3a-8327-83f2ba9b5be4,2024-05-29,-120.314598,36.734329
2250,83e1720b-4a7e-4402-891c-13a834b15d6e,2024-05-28,-119.520906,36.617148
2251,8b16b848-b0c4-4a65-87d7-7222b774a7fe,2024-05-29,-120.634375,37.828925
2252,7f2a842e-30da-4f04-9c47-7abf1847355c,2024-05-29,-119.915199,35.85008
2253,b5746d62-f66c-4bc2-a8a9-4b91bce936b2,2024-05-30,-122.398582,40.089713
2254,35ef0b0b-5682-47f1-a9c7-b2258f072fc3,2023-08-16,-123.5797,40.636317
2255,24ea1259-3db7-44bb-9d52-ec12666d7c14,2024-05-30,-116.718429,33.56557
2256,e7d90ab8-6031-4178-826e-69bbba7e8866,2024-05-30,-116.44756,32.99611
2257,20df953f-6209-4537-943d-be4061a6cdef,2024-05-30,-119.962104,37.081421
2258,28552125-1000-40d7-b0bd-f1433fe82de4,2024-05-30,-119.601701,36.842961
2259,0262b8b8-a4cd-4dcf-a1e4-ad13c7569a0a,2024-05-30,-120.25511,36.87565
2260,74f2dc61-32ff-4e11-86e5-d19112203bc0,2024-05-28,-116.792378,34.879647
2261,2cedf02a-5a4b-4a3f-b8e6-bb5f9157c546,2024-05-28,-116.815632,34.88011
2262,6db79b13-4fbf-4f00-ae3c-f7da5e388a7a,2024-05-28,-116.663042,34.812972
2263,de3e7a5d-9f8d-4c72-b60a-d40b94ac83c2,2024-05-30,-118.25483,34.72107
2264,82165e58-8aeb-41a6-9416-8e08ccc11efe,2024-05-31,-119.7939,37.01047
2265,8f5c5e63-78a9-42d1-a3d9-57ddb6c6a0af,2024-05-31,-117.505873,33.975351
2266,29be5ab1-03bc-46ca-b01b-5de2f4916c29,2024-05-31,-118.4733,35.601284
2267,46d80e55-328e-4dd7-9563-41c794e34337,2024-05-31,-119.698014,34.9592
2268,aeaaa127-7246-4a93-b7af-1a705002ada2,2024-05-31,-120.425878,37.565014
2269,aa660305-cefc-41ce-8d06-f77dec63a8e3,2024-05-31,-118.82214,35.442336
2270,78c444a4-62f6-4a10-a6c5-82060428386c,2024-06-01,-119.238103,36.573169
2271,6a5bdbfa-a78f-45dc-a3b2-e417abfd9f50,2024-06-01,-121.50259,37.633908
2272,6d453d50-3d81-4ec5-a2b5-9b207a809fe3,2024-06-01,-116.806666,32.577083
2273,8272c94a-4757-4ee4-9395-69cf62f0d857,2024-06-01,-120.044449,36.974519
2274,a952074a-0d98-4b47-a18e-f3265d778236,2024-06-02,-116.927045,33.790804
2275,c1f2703e-94b1-4008-8f24-848ce731cf73,2024-05-30,-118.254,34.91
2276,ef29e2fa-0e3b-4d2b-8a4d-710b4ba0c4b9,2024-06-03,-118.401334,35.619008
2277,6fd967b4-ccbd-46c2-a039-e9d5ab8bf0b2,2024-06-03,-121.568029,37.714616
2278,f9fafd72-6c1a-4a06-864f-dcd4ff15b5b7,2024-06-03,-117.118935,34.68341
2279,d88897da-5b31-475a-981f-6d8367809aef,2024-06-04,-120.524741,37.842308
2280,b56fbb47-fef4-4027-b4dc-fb908dd86088,2024-06-04,-120.657895,36.916374
2281,9c71fa25-b34c-44b2-82a9-ba8748df5822,2024-06-04,-119.48669,35.113531
2282,8dc8f472-8478-4acd-abcd-53cff119034a,2024-06-05,-117.403656,34.013717
2283,3f7e4057-f059-4878-9da0-7ee294cd77ce,2024-06-05,-120.094361,35.37367
2284,ea843ab2-4115-4cab-9ef7-3a2cb3af9a15,2024-06-05,-122.494472,38.55954
2285,fd38093a-e9db-4603-99f0-e760d7c92e97,2024-06-06,-120.729222,36.777907
2286,db080174-df55-40f9-b969-6f7c5109ece9,2024-06-06,-119.94084,35.85594
2287,687f0b9f-3685-46d1-953b-38540b363b8c,2024-06-06,-116.980503,33.910994
2288,5fbf1bfd-1767-4459-a8f7-eee8e83463e8,2024-06-06,-118.30848,34.82333
2289,e7293335-36b8-4f37-b809-7fc5e0d7b7da,2024-06-06,-118.46771,35.692183
2290,2154a6a5-efaf-4c1f-a022-f9c9566a1a37,2024-06-06,-119.69294,35.735279
2291,198d519a-12b0-455d-bae4-42f078683a31,2024-06-07,-120.764998,36.786999
2292,9ed61dc6-ca25-4cba-a9b5-f39c07a617b8,2024-06-07,-121.765839,37.904572
2293,8f3b0140-1a30-4433-a147-e8574581db2c,2024-06-07,-119.514348,36.991558
2294,fa87ab64-243c-4b62-90b7-312c020e656c,2024-06-07,-117.052745,33.487833
2295,591daf80-c234-485c-8d0e-38c9c6049980,2024-06-07,-120.834941,36.928296
2296,6b829633-220c-4833-b6a7-f3bd61c5d97d,2024-06-07,-117.451094,34.520882
2297,f0c2d5f8-c9d2-41c6-81b0-9bef9d78b798,2024-06-07,-122.520453,41.474683
2298,66cf145e-229a-4100-b7be-7d6514e3d897,2024-06-08,-121.702293,37.72154
2299,4cd301ff-b6a5-4615-b67d-d458beeefd6e,2024-06-08,-119.031458,35.64995
2300,075f245f-4c62-4ff6-b1da-5ed9273da348,2024-06-08,-117.08492,32.84445
2301,bcf1cd5e-d4c8-49bb-9635-230e0b1057b5,2024-06-08,-120.772339,35.774138
2302,ed47f029-1282-4d6b-b00a-1abdc40418e5,2024-06-09,-118.386667,35.346667
2303,32d9aad1-a755-4e28-8697-c593e45472b8,2024-06-09,-121.91945,38.00994
2304,0059b627-3b2c-4f13-865d-246af0e62ee9,2024-06-09,-117.785551,34.51346
2305,ce63986b-174f-46e1-9e29-38e7c848783f,2024-06-10,-122.232365,40.111484
2306,add17318-bcac-4a2a-b413-1e225d62812e,2024-06-10,-121.309465,39.133016
2307,24c4eb8f-5ee7-4fa9-ad87-b3c69d6580cd,2024-06-10,-120.79181,38.1179241
2308,410327d5-b412-4a81-99f5-bd10c9e9c832,2024-06-10,-122.444022,41.900664
2309,d4696bb6-7e95-48ee-8573-477aa199a1c2,2024-06-11,-121.660326,37.719182
2310,06a7fc2d-2bf7-4595-8449-04bb3bcc3d5e,2024-06-11,-122.172379,40.354308
2311,ff39bc4c-ad87-412a-b9bd-542cf13e9fb5,2024-06-11,-117.16739,34.72209
2312,2ee0c53b-1f9a-461e-918d-b8a6dedc1bf3,2024-06-11,-116.75466,33.91768
2313,bb8c7694-46c8-4eb0-8fa0-0c9d4b45664f,2024-06-11,-120.102025,36.074598
2314,7860b848-c83b-4f45-9359-91836fc1d8c8,2024-06-11,-118.09927,34.65729
2315,408d5919-b681-4480-8fcb-634bd50494fe,2024-06-11,-117.188996,34.89273
2316,c0a1383e-6793-4916-a4a9-9c338ca92638,2024-06-11,-119.071667,35.506667
2317,4009f1e2-b3ff-407e-9aa1-a211930e6bff,2024-06-12,-119.953932,35.293114
2318,deb14d04-54d8-498d-8f44-7e318d1a194f,2024-06-12,-121.17954,38.59179
2319,1e0cde32-bc40-4d78-a9cd-052f304f1103,2024-06-12,-117.686469,34.498542
2320,578b4cc5-a0b3-4d99-b06e-69ffc53a6220,2024-06-13,-121.033739,38.177683
2321,cf71f1c1-3a96-4bc9-bb51-fe036b5c17c5,2024-06-13,-120.028888,39.879737
2322,e493c4b8-5848-4f01-ac3a-d577c393eb12,2024-06-14,-119.53449,35.50256
2323,03232795-7d5f-4998-b04b-98628cdb40db,2024-06-15,-121.73844,37.28197
2324,c93f7495-a345-4416-80b1-fb91996fa7dd,2024-06-15,-118.8521,34.79208
2325,2e93fb95-8e13-4724-b358-ca3824e4a6ca,2024-06-15,-121.518592,39.369439
2326,99234b51-ab68-4aac-978c-af52b5a2f575,2024-06-15,-120.986676,36.400976
2327,e25bfa39-b7c2-418a-9dd1-af0fa6677fab,2024-06-15,-121.355159,39.548761
2328,b82bba9f-0d5e-44a4-9547-190c7b147ebc,2024-06-15,-119.673538,37.207647
2329,520a9130-6e98-4f88-b654-0e77e33edb04,2024-06-15,-118.29017,34.73279
2330,d110b1b2-327e-43e9-9c26-d49a1fbcbf15,2024-06-15,-117.28811,34.30769
2331,2aad2b91-45f7-42b9-8299-1cdf3aacf1c2,2024-06-16,-121.28408,38.52658
2332,38faf6b6-365c-45f8-9e45-a6d121a4178b,2024-06-16,-117.06443,33.943389
2333,8cc1df77-db00-4f1e-a167-66941973a5b9,2024-06-16,-123.012253,38.705475
2334,b1c20387-c024-40d6-bb7d-ed46655c4222,2024-06-16,-116.099983,32.655183
2335,e4775796-95cc-45ef-b47a-f07c84169590,2024-06-16,-117.335667,34.369667
2336,df73d9d0-1193-462a-836b-baca046bd399,2024-06-16,-120.635371,37.097775
2337,b20598f6-8122-4d4f-bb49-1d9657b48916,2024-06-16,-118.27108,34.67529
2338,cba02f77-7fd1-4870-b4b4-e25a1d30cfe8,2024-06-16,-122.23967,40.72052
2339,b1345511-654e-48c2-a117-7c5c3322567e,2024-06-16,-116.583039,33.984079
2340,2a44c40f-2777-488e-8830-bdb0c668b0b8,2024-06-17,-116.569117,33.847642
2341,4cc240db-5c8a-4833-a4c6-8757772a858f,2024-06-17,-120.383187,36.996139
2342,a172c94e-6352-456e-b2fd-424844667ec2,2024-06-17,-120.056215,37.010829
2343,311ac02a-61aa-4a29-980a-998ce071f438,2024-06-17,-122.46934,39.31646
2344,9f426988-5213-4e2c-931f-52517cb4d3e1,2024-06-17,-118.946399,35.942249
2345,84856109-00eb-410f-b86e-908b8788fbfb,2024-06-17,-121.855352,36.311477
2346,4c10216b-5a51-4a3d-ae55-700d44bd2bee,2024-06-17,-121.24438,38.54166
2347,ea7c5069-2636-470b-bfba-5aa621fb8a98,2024-06-17,-120.684174,38.031684
2348,a53fc171-b27f-4475-8968-4789becbf807,2024-06-17,-120.968478,37.15858
2349,120b981a-e8e9-45a9-aeee-f1f0d1aa2aaf,2024-06-18,-120.50804,37.843349
2350,cd7aebca-2b90-4953-a108-2a0cab35a196,2024-06-19,-119.462711,35.32752
2351,2d437393-53dd-43c7-93db-5822d65372b8,2024-06-19,-122.984408,39.118221
2352,cd369e40-e1c3-48be-8ef4-4561980bd9b1,2024-06-19,-118.878444,35.382
2353,5892dc0c-3c9e-481e-8be1-580a1f9c8bdc,2024-06-19,-120.653749,36.960029
2354,965204c6-995d-41ef-9df8-6e1ffa3f1538,2024-06-19,-118.828001,36.016118
2355,ccba94f4-0300-45e6-9f9c-247ad68ef603,2024-06-20,-122.234173,38.220139
2356,d379549a-4026-49d4-81f7-12eee7c3134c,2024-06-20,-121.303342,39.458459
2357,f7853da2-4ea7-4d3d-8dcd-a032f1e68275,2024-06-20,-121.392475,38.728881
2358,61fcca17-72ce-4d55-ab63-b476f513d46b,2024-06-21,-121.057483,37.060845
2359,c393bae6-7c2f-49e0-8d83-e1bb77d887d7,2024-06-21,-119.791537,37.313117
2360,bc72883a-cba7-40df-9188-54c801003b3b,2024-06-21,-119.96709,35.60366
2361,dc7cec75-1f29-498e-9139-01644df3b418,2024-06-21,-120.835545,35.87405
2362,3c562f83-c547-4567-a729-9cf73cdf83c4,2024-06-22,-119.91267,37.154953
2363,0aa93bff-3d1e-43af-9958-fa526cd40c31,2024-06-22,-116.894511,32.58748
2364,912ab9e0-9c07-47c9-8c02-c140d91722ee,2024-06-22,-119.419517,36.91237
2365,ad646835-4be4-466a-967e-7c6382f04bf6,2024-06-22,-114.61131,34.85092
2366,ba97837b-0723-465c-8782-4b5168dcbe94,2024-06-22,-119.090599,36.274399
2367,7dcfb7b4-7b93-4338-8969-ba1041ab9986,2024-06-23,-116.927015,33.653953
2368,112e618e-f612-405b-8908-5df603790f77,2024-06-24,-118.137537,34.974609
2369,1d36aec9-c1bd-4049-a40b-096c6b7dc0b7,2024-06-24,-117.55522,33.89433
2370,ef627541-e8c5-410d-80b4-d6216e4bbbcb,2024-06-24,-119.35579,36.68179
2371,972ad75a-fadc-4018-945d-6f5e8b10db6b,2024-06-24,-120.00789,37.42087
2372,f2432688-2a7d-4030-b3be-94991c782cf5,2024-06-24,-120.656478,37.814796
2373,ce429295-7bae-4567-b520-77c78773ece3,2024-06-24,-121.3909,38.82437
2374,bda3e0c7-b52b-43ca-9459-54fc1a490bc5,2024-06-24,-120.956888,38.029246
2375,31a75af9-c850-423f-9a3e-2d8be2bb5f07,2024-06-24,-121.482631,39.418598
2376,dbcdf92c-2be1-4f61-afa7-e0eae6cec5c3,2024-06-24,-120.171776,37.557104
2377,f4e5e8d4-2398-42c4-ac64-42750dca4e7f,2024-06-25,-119.956633,35.61181
2378,26f3518d-8978-4220-b98b-42d51c89ef02,2024-06-25,-123.019703,38.845861
2379,220ed40b-e932-487d-a206-fa99fb194849,2024-06-24,-119.345863,36.78113
2380,5da0884b-54c9-453c-9e71-54faa8ec0993,2024-06-25,-119.3226,36.631882
2381,15fecb82-73d1-4cde-b30b-ce5e14cb8cab,2024-06-25,-118.93111,35.48989
2382,3ad0f5ed-bb4e-4289-bce3-72a1a843ecb9,2024-06-25,-120.596351,37.732422
2383,99c744c7-b28d-48d4-a5ce-55fc82f942d4,2024-06-26,-121.596245,37.744764
2384,9226f0ee-ae1d-4ca7-8a21-9390b6215c85,2024-06-26,-119.110336,36.868064
2385,9013c77d-b3dc-48c2-8169-5be382acd2e5,2024-06-26,-118.325308,34.72313
2386,fd62ec6c-4c45-4f1e-a6ca-243c424490cd,2024-06-26,-121.239191,41.884414
2387,57c216a3-72ab-4647-970a-163b1267b33a,2024-06-26,-121.777999,37.933129
2388,367eee05-f2fb-41ba-ac19-4a4f2a7784e2,2024-06-27,-121.457333,37.672148
2389,aeec4240-3b0f-44b8-b8be-21da8e9b5acb,2024-06-27,-122.544406,40.477613
2390,68755884-e4c5-4564-830e-94df1e45f9bf,2024-06-27,-121.533535,39.5281902
2391,26de0e6c-5714-427c-a66b-d82d425f3842,2024-06-26,-118.49,38.000167
2392,18a08d2e-68bf-46af-84eb-40cdb3e20e87,2024-06-28,-121.994709,40.402809
2393,b12d1a65-9cf4-4706-af93-bed155dedb27,2024-06-28,-120.80076,38.197384
2394,4d1eb95c-6e27-4af4-9133-d053b8310cbd,2024-06-24,-119.985167,38.163167
2395,c65eb4f5-33c6-4472-90e9-d286270fad66,2024-06-28,-121.36663,37.422757
2396,0df347a3-2aa0-463d-bb06-2ecc2f5275c6,2024-06-28,-120.202099,35.782724
2397,b626b2e7-7816-4152-9515-c8db804022ff,2024-06-28,-119.50857,37.06783
2398,d6fdb527-4cdb-47c0-8c60-58bb42dd31e1,2024-06-28,-121.08223,36.21923
2399,e9b91c35-173f-4e81-a03a-cd63fac47e5e,2024-06-29,-117.061943,33.94343
2400,537d9c10-45f0-4cef-b936-580e9f08775c,2024-06-29,-121.5458,37.520283
2401,86c8ff02-a1bd-4de9-80d6-a6cfefa224eb,2024-06-29,-120.930485,38.895723
2402,f64533e4-f034-4660-a6fa-31a36d5616e0,2024-06-29,-117.74823,35.486517
2403,1a69fba3-9511-4978-b8ec-3392d6a64973,2024-06-30,-118.64093,34.45733
2404,ca49af04-92e9-4e98-809a-8607939a4c2d,2024-06-30,-117.43441,34.04119
2405,3b60ebfe-2fd6-4f0d-9a88-22d1e0c0941a,2024-06-30,-119.95363,35.279739
2406,ca854fbb-92a1-4142-8155-4efd9c0f3906,2024-06-30,-121.335653,37.438803
2407,60babd50-9806-43f4-abed-d2718bd70f7f,2024-07-01,-116.47191,32.717444
2408,99f2e9d4-f771-40d4-8eb2-d56ab49ef211,2024-07-01,-117.977028,35.434012
2409,b0bd7da9-58b2-405b-ab35-bfd931bf4a78,2024-07-01,-116.231794,32.660837
2410,4a98e8c8-7580-4a5f-b15d-4f7190db358e,2024-07-01,-117.834801,34.432003
2411,5bc3c8c8-d881-4455-8a7d-93811e70b0d9,2024-07-01,-120.52602,40.408993
2412,a0512940-e935-452a-b4a1-bf8e6fbee93a,2024-07-02,-122.585297,38.63744
2413,dd88859f-53c8-41f4-b697-5e7623f8eeae,2024-07-02,-121.5467,39.53793
2414,2bce08e5-efea-409f-a8c6-bc8f9254432e,2024-07-02,-122.760479,40.386141
2415,40dd06ef-4937-4646-8950-849397eba75f,2024-07-02,-121.91466,38.242509
2416,4190d31c-2571-40cc-9f84-bbc320ff9b62,2024-07-02,-116.616755,32.582559
2417,ef4e05b7-9ca7-42a0-afbc-2c98accaf08c,2024-07-02,-121.22114,36.65921
2418,b5803b5d-30ac-4638-8be4-b29eb4386d6d,2024-07-02,-120.774929,38.63826
2419,f56284c7-82cf-4384-a344-61e133842dcc,2024-07-02,-117.899544,35.608374
2420,073a621b-0e81-4a52-9332-1b32a9400d21,2024-07-02,-117.264072,33.79682
2421,475bb3e7-2ff7-45dc-8a88-ad819f7c6d7e,2024-07-02,-118.750959,35.470889
2422,6aa086da-4175-4eec-88a4-563e410f55a0,2024-07-03,-118.742209,34.294625
2423,5a0d9121-cb79-420a-bc1b-e0a897674944,2024-07-03,-119.9569496,35.612809
2424,2e65fe33-1053-4be1-8025-ea4116b7b60b,2024-07-03,-118.816667,35.633333
2425,798bb0b3-8d70-4d9c-a0b6-094c9013a4da,2024-07-03,-123.057551,41.465297
2426,3400d0b8-e3e2-40a1-928b-47e56e243937,2024-07-03,-118.3970832,35.10995
2427,697597c5-38dd-4db4-8f1a-e9d53c56b2e5,2024-07-03,-122.607362,38.91033
2428,4d60a968-e916-483c-89b8-ae7991b191a2,2024-07-03,-121.392532,38.736113
2429,da951cd4-b460-4d36-a4c7-f914f12ac31f,2024-07-03,-122.415486,40.439362
2430,4130ec76-340c-450d-996e-c4e2c71a2365,2024-07-03,-120.757128,36.786172
2431,cfed11d4-8e8e-4d81-b373-f96c756ee12f,2024-07-03,-121.507399,39.43511
2432,2a21f77a-0db4-4cd9-b1a6-3af4ead89e8d,2024-07-03,-121.161253,38.493205
2433,4a8ced50-3e3d-412e-87cf-37ee5045ddeb,2024-07-03,-118.1935,34.573279
2434,263df749-7279-4200-9c93-b36eb00526c7,2024-07-04,-121.23728,37.46973
2435,22d0590d-60a8-488c-9ca9-605e686473a5,2024-07-04,-117.23049,33.72325
2436,b60b3089-a801-462b-a3de-3ded5f8c72ea,2024-07-04,-122.30328,40.2003
2437,289f036a-eb92-4ae2-9d1a-0356a259dfda,2024-07-04,-119.2071,35.25322
2438,12b846f3-b12a-477c-acb0-14a93a94412e,2024-07-04,-121.074404,38.483838
2439,a96e7558-807f-481e-a8c5-ddadc9829be7,2024-07-04,-119.9771,37.50959
2440,bb10e33a-6f40-44f4-875b-1f87694e87a7,2024-07-04,-117.191529,33.928252
2441,86cbe59b-509f-4d16-bd7b-ac29e1145084,2024-07-04,-117.5124,34.50711
2442,94cb3aa5-ae82-4b57-8b25-b59309da9f23,2024-07-04,-121.35037,39.54992
2443,3dddbc43-507f-4b3f-ace9-14342e2ea5af,2024-07-04,-120.206748,37.09824
2444,e829b726-f797-435e-85d5-fd2b4fa5b2cd,2024-07-04,-120.032252,36.974414
2445,c850a914-f9f2-4e3f-9605-45c3c871ac93,2024-07-05,-120.460411,37.396908
2446,81fa266f-2ad8-4826-a316-faf872deae23,2024-07-05,-122.04948,40.494374
2447,2a35910f-6546-4f86-9314-846774ae7776,2024-07-05,-117.113903,33.757944
2448,bd450df3-28c4-497b-aa53-6bb4cf72c9ca,2024-07-05,-120.05765,35.82553
2449,bc6db02b-254b-4857-9bd9-2ec52580960e,2024-07-05,-120.044833,34.785
2450,a34d2d90-9bc3-4d2c-bf8f-66b01d3792c3,2024-07-05,-118.506107,34.4792756
2451,1fee6b10-8868-412b-973d-9af87fd96c06,2024-07-05,-118.853661,34.173631
2452,2b097232-3f87-4cf3-85de-169a64cddc14,2024-07-05,-122.539089,40.200879
2453,5c70cc79-8ef5-4306-97fa-74093ab5bd89,2024-07-06,-122.907373,38.742834
2454,e99e51fc-7eb4-40eb-82a0-22bc6989543f,2024-07-06,-120.7549,38.7231
2455,b7ae358d-2766-4f99-a677-f231fae07dd8,2024-07-06,-117.131163,34.5444065
2456,7701bdad-0622-432c-a822-1d6bf6de8c2d,2024-07-06,-117.03341,34.45196
2457,4377f847-6f0f-470b-8319-4cafd43eb902,2024-07-06,-117.3048,33.964275
2458,47d84716-507a-4630-af90-8ecdf542bc9d,2024-07-06,-120.325444,37.7133123
2459,59096d89-7195-4b37-b4cc-6d02ab922848,2024-07-06,-118.90918,34.19518
2460,c709ed98-7c0b-4b1f-880b-ca435696b8fa,2024-07-06,-114.276308,34.169517
2461,3a6eccd0-40fa-4d68-97fa-e38f93f0458c,2024-07-07,-117.606101,34.292101
2462,ac4229e1-c4aa-498e-b407-4c19021a5cee,2024-07-07,-117.293584,33.788907
2463,f2edef16-123c-47df-8cfb-5822aaa4e6eb,2024-07-07,-120.503588,41.256864
2464,fb03fcdb-e84c-4edd-8457-126b805119f2,2024-07-07,-120.4168,39.2393
2465,f500704e-ed06-4a63-8ac4-55dc34c688d2,2024-07-07,-120.998125,37.081199
2466,14837591-2b5d-43c0-bfa9-48d9ed8da226,2024-07-08,-121.696665,37.66504
2467,f030fe29-09cc-4912-91ce-4c47048f6fb4,2024-07-08,-119.242623,36.640352
2468,d08b8b6b-585b-40c2-9b40-99ec5adf5513,2024-07-08,-123.38746,39.970543
2469,1d2f4147-5768-4f7a-b777-42f72c9d75b4,2024-07-08,-122.392257,41.884429
2470,50cb3627-a575-44c7-b740-498a14c33a1f,2024-07-08,-120.645939,35.591462
2471,6436e8b1-ccaf-427b-87f1-25334be1ab1a,2024-07-08,-118.651434,35.273067
2472,704f4c46-c67f-4cd6-ad76-1bb893764f0e,2024-07-09,-118.801528,36.026333
2473,8887929d-bf06-47d5-aa8b-c592cbe60134,2024-07-09,-121.736403,37.201128
2474,16fd6b9b-95dd-4fac-a4bb-43af69c55401,2024-07-09,-118.023431,34.7192091
2475,24a84ad7-76f0-4880-94d6-15afe21ba92c,2024-07-09,-120.8765,36.6067
2476,45612673-c1eb-4b45-823c-58ac4cd9bf04,2024-07-10,-118.3211,34.60698
2477,095a04be-5c4f-46bc-a26d-afee87fe3013,2024-07-10,-118.3404,34.43725
2478,fdb9b539-dbfe-4112-98b3-ce893d831e9e,2024-07-10,-123.7729,40.11416
2479,c9814313-be52-4d48-a846-266c8b156c38,2024-07-09,-118.783698,34.400099
2480,7c1116af-a5e8-4a35-95b6-6f46dddb7f7b,2024-07-10,-120.03505,39.803617
2481,e7249ade-ad19-4caa-a763-a2181e9658f8,2024-07-11,-121.49395,39.40436
2482,56f348d1-578a-4495-afa9-045eb8d3181b,2024-07-11,-116.165773,32.636552
2483,2987a61b-04b5-46f7-9d10-a44a98f2c906,2024-07-12,-116.87638,33.95319
2484,1b0ccbca-742f-4831-a196-476252eaf7c1,2024-07-12,-120.433304,35.9001968
2485,adb3cd9f-c3bb-45c6-8ee7-7de9728408fb,2024-07-12,-121.332377,38.8364594
2486,6ba3ef43-a6ad-486d-8df8-ec24dfdcbfff,2024-07-12,-117.02173,33.485557
2487,60b87395-037e-4e90-be9d-00f555a2bf2b,2024-07-12,-120.595644,37.112938
2488,b1e1dde9-05f4-46c8-b539-dccd6d54dbe5,2024-07-12,-119.242617,35.2928626
2489,5d90917c-38cf-4ea9-86d6-e3a1d2728b0a,2024-07-13,-119.695667,35.199333
2490,597e7925-6013-4b71-a67a-ddaeec31b92a,2024-07-13,-119.531779,35.009077
2491,277af290-74fa-4b77-9f74-58b232a4f098,2024-07-13,-118.533425,34.963024
2492,bddf75c9-e5b6-4b7c-af80-a9f1dd57963b,2024-07-13,-118.311422,35.986772
2493,5c4423ff-da1b-4b58-a72b-1fbeb4522da9,2024-07-13,-118.253976,34.67478
2494,6092d73f-828a-4218-b723-0449fb456861,2024-07-13,-118.746636,35.10343
2495,61215509-76e2-409a-b3df-71cb588e3387,2024-07-13,-118.429923,35.9273945
2496,5f6960bc-d915-41c0-8cf0-0a3b7f0af755,2024-07-13,-121.179979,40.9067636
2497,0c244aa0-4712-4a7c-93d6-42607825a950,2024-07-13,-121.160755,40.90368
2498,8ff00a3e-f9a6-4c09-8aa0-5549f351312f,2024-07-13,-118.057587,36.576457
2499,085e88f6-33b7-4aef-adea-cda9dc7ef7f4,2024-07-14,-123.15297,39.041985
2500,e336a3ee-7318-4439-bb9d-b23f325782e8,2024-07-14,-120.278024,35.856649
2501,52f6d338-b396-418c-bff2-17c8ba9412fb,2024-07-14,-118.40739,35.56702
2502,8a0cf23b-e02c-476b-83e4-11bafd022142,2024-07-14,-122.353169,41.765149
2503,cb115973-a1bd-4023-8445-3566116629e7,2024-07-14,-123.362,40.3464
2504,60b0ba42-478d-4089-8a27-43b33accb9ed,2024-07-14,-119.669093,35.636093
2505,170e3b34-380c-4293-9b3e-d1bdd1763e6f,2024-07-14,-119.76107,35.6453
2506,89fb8816-bcd5-48ef-8ecb-7d762731225e,2024-07-15,-122.516407,41.787938
2507,d226687e-93d2-48ad-a17a-acbee0ac4efc,2024-07-15,-119.779871,35.784624
2508,92340f74-78cc-4fe6-960b-eac31e21340c,2024-07-15,-121.369,41.7975
2509,c9806a95-09ca-4b22-97ae-a9f822608e6d,2024-07-15,-122.684661,38.979194
2510,915d22c2-22e8-4720-a486-196e23f31150,2024-07-15,-123.63975,40.7721611
2511,f27ffd72-b167-4212-a4f9-a8f8099469e0,2024-07-16,-118.257558,34.92221
2512,aeab6c71-3acc-4c35-b6e4-4c171a33af62,2024-07-16,-122.90457,42.0083
2513,d3a9b57f-dc1c-4640-ab42-727b3960b241,2024-07-14,-118.663333,36.759833
2514,2fedc823-b47c-4edb-8993-600bf99e2122,2024-07-17,-116.803223,32.773489
2515,b952f0cd-8fc8-4877-bf93-a45d80474372,2024-07-18,-119.0507,35.96289
2516,dcfb3ac9-baa3-486e-885f-d15bf6e27afc,2024-07-18,-120.267799,36.29538
2517,888e269f-348c-47ce-8ed6-d95267d1dd9b,2024-07-18,-120.211458,36.29802
2518,f6ef4321-1db2-479e-a658-09174fb579cd,2024-07-19,-120.876583,36.606754
2519,fd9d5a58-d9d5-4904-90d0-0d85f3d6231e,2024-07-19,-121.0869519,38.2391935
2520,d24167a5-911d-433a-a1ba-cef5dca6aeb0,2024-07-19,-118.063529,34.5938959
2521,73ee0e93-b35e-43a0-9475-8a45aacbae1c,2024-07-19,-117.139626,34.083439
2522,d3a2cf16-c3b9-499d-a6c7-4b8875998bb9,2024-07-19,-117.76113,34.239686
2523,edcab1ce-ee89-4005-b636-4ec33a32bd3f,2024-07-19,-118.30239,34.23514
2524,903c80ce-5474-4a5a-95f9-e5862b2856f1,2024-07-19,-121.156605,38.8807773
2525,e02d609f-2db6-42a9-b929-368c1ffe018c,2024-07-19,-119.6859,37.3137
2526,01c86c23-8d70-4c4e-9775-1ca094dfbbc7,2024-07-20,-122.457217,39.0329124
2527,dec6ffd5-3d2f-4357-9711-dab662722c58,2024-07-20,-117.461546,33.847742
2528,008caaaa-8cea-4fb6-97a7-4cb95d750f0d,2024-07-20,-123.344954,39.635533
2529,59ae65d6-def2-4848-8cad-5ebec969cc16,2024-07-20,-120.852597,38.031044
2530,ba712fe1-2523-473e-80ff-9bfbfdfa39dd,2024-07-20,-120.777302,36.1933173
2531,56cc02b3-4dfb-4509-b3d2-c5bdb7481abd,2024-07-21,-117.502905,33.824352
2532,130dd62c-2276-4356-9524-562236bfaff8,2024-07-21,-117.3727011,33.9278521
2533,ff69211f-e39d-4974-8396-c50a46821bb5,2024-07-21,-121.24303,37.47012
2534,88190b2c-eb3e-4293-9a01-a18df2517dae,2024-07-21,-119.782853,34.9842984
2535,04939a1e-e735-4c6f-8148-4ca8a58e263c,2024-07-22,-117.32122,33.999524
2536,683af4f3-37ca-4c1d-81f3-5348ffbfee2c,2024-07-22,-120.154889,35.960403
2537,8ef9f3d7-125c-42a3-8654-f11eacb30b9d,2024-07-22,-120.535158,39.726014
2538,e3b62ab2-1900-45e2-a3c9-bbe45d96379a,2024-07-22,-120.519727,41.80078
2539,55bd9617-c8cc-4062-b75b-8ed05328605d,2024-07-22,-117.112942,33.757839
2540,5002319c-73be-49c6-bd3e-ee8a2275b437,2024-07-23,-120.656662,38.2856696
2541,1fb7abf0-6d39-4453-8507-4ba02c7489b3,2024-07-23,-116.568589,32.59738
2542,07237a37-5e0e-44f9-9255-7442bd596f77,2024-07-23,-119.65963,37.152487
2543,4f825f9d-08d2-4ad6-87fd-d5152ad6b4ce,2024-07-23,-121.199629,36.3404047
2544,f7ed042a-a219-44ef-b856-a6ec000fc194,2024-07-23,-120.541611,37.430142
2545,852ed4e7-2505-41dc-9070-a71a0dce290a,2024-07-23,-119.074167,38.300167
2546,46a2ab3e-8d76-4f30-8453-248c47b99624,2024-07-23,-122.369802,41.673939
2547,6c0ae648-b287-4a3f-9c12-2c5f26494e86,2024-07-23,-120.802733,36.362544
2548,d524998a-1423-4088-a562-b5b511b6457b,2024-07-23,-120.074549,37.081853
2549,e35176e8-fbe8-451a-ba16-3bdddb7b83e0,2024-07-24,-116.741601,33.409448
2550,da3ce6fb-d828-4f22-bff2-ca124a86db5b,2024-07-24,-120.046081,37.51019
2551,b15dcd50-3ff0-4910-b004-2f6842ebc8fa,2024-07-24,-122.283667,40.356228
2552,d9a0045f-b30c-490b-b181-5be460544947,2024-07-24,-121.76168,39.7789
2553,55424dca-0bf0-48c6-a7d3-e892b8e7fafe,2024-07-24,-121.304529,41.742143
2554,763e1a5b-4887-40e0-8289-1b5deb8feb10,2024-07-23,-120.0485,40.914833
2555,a40b4b2d-54ea-4aa7-8fa0-528c91bc8424,2024-07-24,-122.768983,38.590922
2556,c1545163-959e-4258-848c-3ffde697345a,2024-07-24,-121.680996,39.638817
2557,20850293-7c71-4c60-8a88-678e79a05c7c,2024-07-25,-118.934596,35.99271
2558,c6511dca-4499-4bd1-9699-d7ae0ab5a588,2024-07-25,-122.87667,39.140133
2559,1542dc82-a61e-40fe-b01b-33dc2dc26773,2024-07-25,-117.26745,34.042687
2560,0b9dcedc-4ba1-41d3-bd28-e3f794253336,2024-07-25,-117.383235,33.656742
2561,2e22d229-d659-4405-ba5b-6218fa1d8e57,2024-07-25,-121.69605,37.724532
2562,dd43c38f-a57b-496f-a935-d4b2c2cee574,2024-07-26,-118.245656,34.50523
2563,87afc01a-76e9-4e5a-84d0-1b4aa0ee6808,2024-07-26,-121.4764,37.7146
2564,531acd37-ef6b-4b48-a8fa-27d325ceeb0c,2024-07-26,-121.99056,38.02175
2565,27b6f459-94a5-4f7e-953e-65ad6e5475eb,2024-07-26,-121.830534,37.515462
2566,058435b8-9372-466c-8073-fb8d34ba5ce0,2024-07-26,-119.601794,36.573716
2567,7f2f64d4-8a53-44a3-b2fd-043ce5857574,2024-07-27,-120.802822,38.222987
2568,3f6feca8-33d6-4a2f-ac4f-163cd64c2821,2024-07-27,-123.590238,39.418982
2569,c76f540e-925a-48a7-8451-ff02c3705b49,2024-07-27,-117.204108,33.856642
2570,85f2400b-f8c9-461b-9a89-8e90dccd5196,2024-07-27,-117.257982,33.826534
2571,c3da896d-42a4-4fb1-abcb-cf17c701f03c,2024-07-28,-117.393766,33.731572
2572,a7788f97-1255-400c-95de-3f73d38eff78,2024-07-28,-116.699961,32.576716
2573,07012184-4968-49bf-af0b-5781e699efb6,2024-07-25,-118.61484,36.98268
2574,c985d631-a65d-42f6-b4a3-5af4d804a21a,2024-07-28,-124.362017,40.368506
2575,a899bdb4-c0c2-45d9-8310-39de98c4892a,2024-07-29,-116.7805,33.4773
2576,67dfa6fa-3981-43a8-bed6-038556f64840,2024-07-29,-122.404759,40.002008
2577,ac21a214-0984-4fb9-98ed-0b812bd43bee,2024-07-29,-116.782856,33.910649
2578,17e1886c-3b88-4b34-8e60-95fb5cd349de,2024-07-30,-116.6961,32.5736
2579,2174967f-fd0d-4114-b887-f9d87de74dcb,2024-07-29,-119.394,37.1336
2580,9962f124-7701-443e-97b3-d6f64f5e673d,2024-07-30,-120.31848,37.689773
2581,6a7b4fc4-4246-4629-a001-f0a5e3bac50d,2024-07-17,-120.341894,41.842269
2582,5036da8f-717a-4a81-88b2-8d719d2c19e3,2024-07-30,-120.561774,35.7205881
2583,cdbc2cd1-1679-4161-9235-df8e7137efa1,2024-07-24,-118.6836,35.515
2584,a917a41a-20d6-4163-b82d-2568bcc94e8b,2024-07-30,-117.172494,34.413261
2585,4809d048-58f1-4e0e-af5e-59eaa93dc61c,2024-07-16,-118.738174,36.850037
2586,e5bfa9bc-cd0f-4475-8a2d-f48c1373a94d,2024-07-31,-121.213195,37.068124
2587,382cdef0-e558-48b1-bccb-4997878962ff,2024-08-02,-117.166941,33.582198
2588,d34989e6-3964-42c4-a25a-05d0530bb505,2024-08-03,-120.507495,37.353634
2589,59e1a0fb-d5df-4c79-b35e-ff9bb3823b16,2024-08-03,-118.475521,34.172602
2590,67cb1820-f2c6-4b7e-a172-c23a87e84f3a,2024-08-04,-117.318087,33.671261
2591,c0cdfdc9-d5e1-44b2-b95b-a8a6d8f1686b,2024-08-04,-117.970987,35.633966
2592,04f84ac3-d09e-4cd3-a78f-1c3a8e44c0c3,2024-08-05,-122.176593,40.393586
2593,d4df6b62-f791-4b72-a376-ff33d5c33901,2024-08-05,-123.807764,40.08453
2594,ad2d133d-2af3-413d-9b4e-a916320b451e,2024-08-04,-119.704567,37.862367
2595,b213ec11-15c6-495e-9e4e-01555ab35215,2024-08-05,-117.3043742,34.1516679
2596,f4d1a569-fee6-466a-8973-ed1a3cb91966,2024-08-07,-120.833961,38.217239
2597,8a183a23-b0ac-4edc-9892-821b96b40597,2024-08-07,-121.020844,38.7027118
2598,95290f3c-9c14-4249-9665-a14c14f29aab,2024-08-07,-121.35725,39.46018
2599,4d9c178d-e086-42f4-b6b1-a931b5b2b2a9,2024-08-04,-119.615283,37.9043
2600,aad4f00a-f28f-414d-83d4-9e40976fea36,2024-08-08,-120.291882,36.954837
2601,f4b94fa8-a58e-4e0a-a566-71d35e3f8b6f,2024-08-08,-120.21464,37.978113
2602,b09307d2-1a45-473c-9734-9af5171a3e6d,2024-08-09,-123.5113,41.2522
2603,9d3c785a-73a3-4654-b0e9-b467a2b4252e,2024-08-09,-122.0501,38.3073
2604,32411b4b-22e3-442b-b783-dcacff114841,2024-08-09,-118.364146,35.0307313
2605,ae054933-c432-48fc-8842-23614a7a3139,2024-08-10,-117.282555,33.822694
2606,575b3dff-3c7e-4915-ac34-d7174ba7f555,2024-08-10,-120.427903,38.324942
2607,cc78abb3-6b9f-4285-93c4-0466946916d2,2024-08-10,-122.449341,40.581893
2608,d9b21406-7000-42b7-bed6-7bd26a8d64a7,2024-08-10,-118.419612,35.33324
2609,6cd5af98-a8ec-4d4b-aa64-ec6248c58096,2024-08-10,-117.292525,33.640118
2610,3e0f22ff-2ceb-4277-b4cc-cb5803cccea5,2024-08-11,-121.054386,38.427179
2611,ef1fb5c1-e8f5-4445-a2bd-1979a652c897,2024-08-12,-118.3419912,35.0200352
2612,1b90265d-3400-4b35-a684-378a3acbdba4,2024-08-12,-121.23737,37.471329
2613,379a65b6-ab70-44c9-bf5c-9e175516dddd,2024-08-12,-122.509941,39.07015
2614,4e768968-bce1-45ea-b5f1-a28d75679300,2024-08-12,-116.927749,32.717599
2615,198ef9d9-1f09-44fe-bced-8640414f3f5e,2024-08-13,-122.562044,38.043415
2616,8fd639fa-cdc5-4a0c-8b8a-7ee7887d30ad,2023-09-09,-119.991667,38.06095
2617,5f07097a-1deb-44b9-bf44-4a7b78c54749,2024-08-13,-117.368598,33.3073021
2618,b50cc0ce-29f2-4300-9014-747d94b7a5e4,2024-08-13,-117.8406047,34.284624
2619,5366f40a-04c4-4dda-859a-17cba19fade4,2024-08-03,-118.768,36.38857
2620,5e835ec5-e5aa-4fb7-bf45-0d437e73fcdf,2024-08-13,-120.32559,37.181034
2621,32a55d22-1435-4014-a3c9-9cdaaaadac9f,2024-08-14,-121.604861,37.809344
2622,8acc2c5c-d96a-4197-8b87-354bb9a6915f,2024-08-14,-116.650391,33.922735
2623,6710ee55-96da-4c8d-9e8f-db171fbf0bf1,2024-08-15,-120.313718,37.630738
2624,a9a1a8e3-50af-4478-9190-48e0923623c3,2024-08-15,-120.238125,37.349442
2625,4440cc32-aa1c-4cc4-ab03-69f38c10775a,2024-08-16,-117.463332,34.475777
2626,4ebbd415-254c-4963-85cd-3d7a82833785,2024-08-16,-118.8709169,35.4189737
2627,e78d33bf-bcc3-4312-8e67-75e226e7ad39,2024-08-17,-120.901571,35.578845
2628,28fb4b10-eb02-4c62-ae6e-cd0a94816fb9,2024-08-17,-121.561366,39.468991
2629,a79b5e83-a63d-4200-be50-3ebcada9298a,2024-08-18,-119.792619,36.909429
2630,e14709f8-b57c-4cb4-ab3d-1c8db55c1800,2024-08-19,-121.585729,37.740555
2631,4f0d65a1-d601-4eb6-bd6e-3da7b6b272e9,2024-08-19,-121.038125,35.8378
2632,0cc5c422-569b-45ed-b166-cfd3cfa5f074,2024-08-19,-121.740217,37.665174
2633,9adc01e7-b88e-4c83-9be7-90e1c87a4ea8,2024-08-19,-121.6971111,37.7055278
2634,28e8a708-7f0c-48ed-a784-eba4e3b6d124,2024-08-19,-121.8572856,38.193824
2635,63bee7bc-19c6-43d5-b004-563ffefa95dd,2024-08-19,-121.7338333,37.333444
2636,7de63eaa-38b5-4afa-a845-429ff6a1b18a,2024-08-20,-120.644048,35.275553
2637,91e1c5d1-1ff2-485c-9f5e-cf9925208700,2024-08-20,-120.582252,35.704967
2638,a23de8e2-c318-48bb-8056-b0256fc21cf7,2024-08-20,-120.195855,34.5337178
2639,bc27ec48-5efe-4806-929e-abd03c053e57,2024-08-20,-117.08414,33.71271
2640,740b2301-9651-4a38-baa1-1a1a0d64448f,2024-08-21,-122.171501,38.252807
2641,2738e71c-0c75-42ae-b308-41237e5cd310,2024-08-21,-120.959582,37.372385
2642,5daa1233-03e4-4b8f-938c-ccfd3971bde5,2024-08-21,-118.288398,34.29046
2643,578eabb5-afe7-4558-814d-040343bf69e2,2024-08-21,-120.828003,38.190649
2644,17437fdc-6fd9-4132-95bb-7503ef251af6,2024-08-22,-117.49379,33.9689911
2645,6ce41fb6-2d1a-41d1-abdb-678ada7d66b1,2024-08-22,-116.869456,33.9009
2646,e4cb8cca-8bc1-4b99-b442-2478d9ccc1f9,2024-08-22,-121.251908,38.3809
2647,b7c8c806-ca83-4f94-b343-6af19a3dac15,2024-08-23,-121.312694,39.037213
2648,dd8d3cf2-5fe1-4da7-9d5c-6a332b65f528,2024-08-23,-119.053499,35.805079
2649,3072d494-4c71-4f31-af3e-6b20ab08421a,2024-08-23,-120.064,34.506
2650,03ea04f4-53d6-47a1-a553-ab52eba0ef5a,2024-08-23,-118.7548048,34.6592518
2651,cf3253e2-4f76-4773-b3fb-8165b83a3d41,2024-08-23,-116.846198,33.928939
2652,b1dd28a1-5757-4b62-83e2-71ec6e3a36ff,2024-08-23,-116.92502,32.675679
2653,245e918e-6df6-4096-be50-d9921df0e306,2024-08-24,-120.360998,36.730979
2654,157f43e4-79ff-4a63-a4bb-199894edc0f4,2024-08-24,-117.340037,34.318425
2655,97a83444-c9d0-4fed-bf10-cf8650ce0efa,2024-08-24,-117.204094,34.701134
2656,40dc98d3-a160-439b-ba3b-e969e0a201ef,2024-08-25,-117.403313,33.583553
2657,c52a7849-5237-4015-9f24-c69764f78c07,2024-08-03,-119.416517,37.756167
2658,e8b9c282-b3a6-48a3-ab48-e97a92615a25,2024-08-25,-121.033398,37.115241
2659,783fc0e6-ffd3-41a9-8ce5-843f092a007e,2024-08-25,-116.9496357,33.7580149
2660,a46ba8f8-21b5-4496-9f62-7544d63fe50f,2024-08-26,-121.297565,38.496413
2661,32eb6c42-4a6f-4ce9-9b47-1ad496dddd45,2024-08-26,-121.279094,38.524067
2662,d9d0b205-3d25-47eb-bdc1-40f5b6636e04,2024-08-27,-117.077204,34.452109
2663,78dac760-bdce-43dc-aa02-b1ca33472a30,2024-08-27,-118.958785,35.5497
2664,5a5fd941-d2c6-470c-9403-fa632a127c0d,2024-08-27,-117.559695,34.4045559
2665,9617f448-9db9-4f9a-9192-688f939658cc,2024-08-28,-117.0764,33.2902
2666,a176fc51-c857-48c5-bba6-35fcc907de72,2024-08-28,-122.520366,38.233952
2667,a3884db9-94ac-414f-883c-c71bcbf7c2e9,2024-08-28,-120.499717,38.361834
2668,b59f9cb4-566c-491f-99c1-262bf5f75999,2024-08-29,-118.426716,35.694044
2669,18203802-22ca-41cb-8a32-366c82948168,2024-08-29,-122.743925,38.264246
2670,03ab8b8e-1942-4f12-8401-e5af993ed822,2024-08-29,-121.71679,37.777334
2671,a8c7cd92-82ca-4482-bdfe-ec87a1f5b5c2,2024-08-31,-122.560451,39.993914
2672,66410b74-8cbe-402a-9092-4aa366831702,2024-08-31,-117.112489,33.758036
2673,9fe2d2a0-b5e4-49fb-8dde-7c623be9b040,2024-08-31,-117.856102,34.25914
2674,ec0d1ada-cec3-4876-a613-6c4b9b3cae89,2024-08-31,-120.533933,35.655361
2675,f54c82c5-4429-4709-8ab9-ddf874e851c2,2024-08-31,-121.632921,37.838349
2676,88b1e67d-6869-4259-b9b7-7eaaf817e2a8,2024-09-01,-122.156703,38.207676
2677,fed9e05e-5772-41f1-a4f0-9318519d2691,2024-09-01,-116.9476,33.8126
2678,68ebf089-c0a0-4d90-a0d6-366a6d4d78be,2024-09-01,-121.129602,36.015369
2679,5b4a7dbe-b514-4994-ad30-92dbffb34d52,2024-09-02,-120.21859,39.596704
2680,f2bce455-9fa7-4957-a9dd-17f05d8186f0,2024-09-02,-121.69988,39.73984
2681,0d339412-fd42-4037-94ba-6d1ce25ac3e9,2024-09-02,-117.953154,34.122607
2682,d83e6e6e-75c6-4deb-b026-50e59a5818a3,2024-09-02,-120.310758,37.083449
2683,030f3dea-4803-45b0-8bca-bc9ad347439d,2024-09-03,-120.623763,35.313339
2684,97520779-99f5-4001-85ce-4c5f5f48cd61,2024-09-03,-120.58848,36.12175
2685,b12acb92-61f8-43ef-8285-f243476588f2,2024-09-03,-118.248827,34.876586
2686,8417ba5b-e0ba-41f5-b811-71a9cb477a6f,2024-09-04,-116.651385,33.472372
2687,266dcba8-5dd3-467d-988f-a49f8166694b,2024-09-04,-117.297767,33.773143
2688,8848b58e-de98-46b8-bf67-914b2bbf2587,2024-09-05,-120.750881,37.055082
2689,576ee459-903e-4b71-a658-214034e031db,2024-09-05,-120.24039,36.13751
2690,cac520bf-e359-4f3c-a8ee-85510a476c67,2024-09-05,-117.154705,34.121119
2691,a8738494-879c-4588-a7c5-13a9419b2c9a,2024-09-06,-123.186117,39.351831
2692,74364d0b-b018-41f3-b821-ac5be7306645,2024-09-06,-116.738699,33.758174
2693,45291c5b-03f9-417f-b120-480be9b60315,2024-09-06,-117.40342,33.44756
2694,accf266c-8516-45cf-9570-8cf180c86ae1,2024-09-07,-116.357286,32.700797
2695,317db5a2-a6f0-43b8-b1b1-1e90a60124d7,2024-09-07,-117.3623,33.4088
2696,6f67d619-6533-4889-a740-c0d018ae9cda,2024-09-07,-123.6761,41.1088
2697,f36370f9-c5e3-4a22-840b-aebc4652737e,2024-09-07,-120.30277,36.639321
2698,0d74ddd7-8a31-4014-8f25-d1e1eebca140,2024-09-08,-122.61065,38.92934
2699,81e678d0-6b80-4a16-b8a6-1ec5a4fe0ba0,2024-09-08,-117.7625,34.2396
2700,fff641dd-ef49-4e70-b423-e93ff0735437,2024-08-06,-120.6975,38.82889
2701,0de2ba3a-b8de-447b-bd19-eced55f97497,2024-09-08,-117.135771,33.353446
2702,482388dc-66e4-408d-bc60-01ce780ed0d8,2024-09-09,-120.814317,38.361232
2703,44d60d5a-522f-4c9f-ba55-ae09e9d2c973,2024-09-09,-117.566221,33.6676762
2704,5d2a9d0a-2883-4ad1-8dfc-35d9e9b5402e,2024-09-09,-116.91162,33.917991
2705,aa8bcbc8-31af-4d8a-b0d8-9351974cf51f,2024-09-09,-118.62193,35.2659
2706,b84f3e58-3a60-4424-8ea9-3aa7a3d27c58,2024-09-10,-118.53335,34.77011
2707,05edf868-2c42-4981-a7df-9f66f98800c3,2024-09-10,-116.30113,33.803944
2708,a4abc467-5ae9-417d-b3e2-3d3469e698f1,2024-09-10,-121.6060708,37.7952949
2709,70f3bd6a-1888-4eb7-8a88-db21c81ba049,2024-09-11,-121.997014,38.0115396
2710,02289a33-8abe-468b-93bf-55ef3ec7122f,2024-09-11,-118.045033,34.50295
2711,65e96e18-3c2e-4211-a0f9-798f59264ef7,2024-09-11,-119.536893,35.863675
2712,f5edaa5c-7880-4608-a1e7-12a6571a3e3c,2024-09-12,-121.42105,39.48058
2713,47f8f0a7-6f42-4979-8030-0b0b6c60a9f4,2024-09-14,-120.840433,38.545436
2714,43d81aa4-9deb-4235-bfdd-332cb4d60f16,2024-09-15,-122.485218,38.145843
2715,61e2fd92-51f6-403e-8448-cc94014c5cc1,2024-09-15,-119.189459,36.682583
2716,0eabd5ea-c1e1-421a-a70a-12285cdaf62e,2024-09-16,-120.35679,34.59556
2717,77efe2f0-3028-4644-bb42-b2fa555fb32f,2024-09-17,-122.307297,39.93192
2718,d915cd6a-951f-473b-89e3-d75c5f47abd6,2024-09-19,-120.259824,36.15407
2719,ab5d40ea-130e-400d-9329-be910ce20dd6,2024-09-23,-122.656105,38.187148
2720,2877ac5e-5f3c-45f5-bfdb-d39777b57f85,2024-09-26,-122.284309,40.201159
2721,824367fb-ae02-4b05-a8cc-9b85fd03995c,2024-09-27,-121.054386,38.427179
2722,2d3d58b3-520a-4751-8208-9e6266567369,2024-09-27,-121.147092,36.493781
2723,fbc44da8-44a9-47ac-8051-d7aa398df2e5,2024-09-27,-116.099893,33.540008
2724,7f988847-1efa-42e3-95b8-b9d736bdddbb,2024-09-27,-118.84398,35.374332
2725,9a4f6a74-807d-4be5-bb55-c072f7600b83,2024-09-28,-118.1176558,34.5352699
2726,041dd61f-f516-421e-a295-8bdafe8fb5eb,2024-09-29,-120.274,34.50334
2727,e0d686b7-5bb7-41e3-af4e-e14123429236,2024-09-30,-120.005229,35.351479
2728,f32ee943-4fe5-4e0a-a1fe-ac02ea7501c6,2024-09-30,-120.49265,38.4546979
2729,a32d77be-a62d-444a-9872-68f997469297,2024-10-02,-118.616267,34.497433
2730,f0d922b5-7a19-4fa6-b22e-356840bd12d5,2024-10-02,-119.939391,38.250731
2731,9b8db758-3c0f-4e03-9bb0-de3c96a3154d,2024-10-02,-123.654313,40.471128
2732,713872e7-d6bb-411f-a490-6a2fe8078c82,2024-10-03,-118.7641,34.46437
2733,76ad692e-263c-4d74-95f7-01fc4308a49c,2024-10-03,-120.08283,35.854009
2734,2f239059-a2df-4589-bf92-de59e79b5754,2024-10-04,-122.718183,39.026764
2735,cae6e64a-d5a1-4a13-9682-b49009f8aa63,2024-10-04,-118.190532,34.957874
2736,253e08bd-21fb-4fab-8a2c-7aab9f700290,2024-10-04,-119.5922,36.69212
2737,ddf4e347-29bf-45c2-8e53-2120f3ceed5d,2024-10-04,-119.645931,36.692574
2738,0ec4424a-581e-40e4-b2b2-1a92503b45a5,2024-10-05,-120.834831,39.227018
2739,6fb9c69a-49be-4edc-8a5f-96d49df32cb1,2024-10-03,-122.153187,39.218344
2740,ccc0846d-97a2-4031-bf61-b02df50ca6b3,2024-10-06,-120.144717,40.887485
2741,93d607c9-fc8d-4e3c-b19b-3feb61bb224e,2024-10-06,-121.652642,41.281183
2742,1b69ebdd-1add-4f85-a9f9-47275bc5118e,2024-10-06,-121.3681,39.3574
2743,100b8102-e9f6-411f-9440-26b92b8ebe94,2024-10-06,-123.820482,40.176118
2744,f75ae145-52cc-4e4e-ae7e-37007a29eca1,2024-10-07,-116.424495,32.723782
2745,684041c4-6817-400c-96f5-22fedfdaf059,2024-10-08,-120.94668,41.19492
2746,958b27e4-3413-461d-b2f8-0a866707c9f0,2024-10-08,-121.563092,36.378918
2747,7930514e-cc59-4b33-b931-790e3c9d60bb,2024-10-09,-116.683446,33.555137
2748,930c1a59-da0b-4b83-a3ae-af875cb8fd55,2024-10-09,-122.10167,40.923444
2749,e9d7f3de-d031-42d9-8a43-50fa01a145b8,2024-10-11,-117.441832,33.733233
2750,41337847-3e75-4091-96cb-a992c9563a13,2024-10-13,-117.076404666916,33.8185182621934
2751,c687c452-39bc-4e47-bcc1-aa809fc2ef79,2024-10-13,-117.0375417,33.9239548
2752,d5b0f558-7125-43f1-a400-bb5c8eb7fbe1,2024-10-15,-120.133664,35.318949
2753,db413a52-db59-4a89-9509-cfdc7082822c,2024-10-17,-120.435273,35.375211
2754,a95ecf21-9dac-45c9-bb16-67b7796a3c6f,2024-10-17,-120.430379,34.98749
2755,df887f12-c34a-4487-aeb2-ab0f3788237c,2024-10-18,-121.8584227,38.3151744
2756,a3d4d931-1eee-40ab-a990-4e907f4321db,2024-10-18,-122.1569455,37.7741494
2757,316917c5-f720-43df-8cd6-efe8d3a68fbc,2024-10-18,-117.401904,33.979878
2758,ab92e028-2483-4b95-93e6-76ff79061676,2024-10-19,-120.182476,36.03643
2759,6115c00f-5f33-43e2-9c4b-9f964af393e2,2024-10-19,-120.758104,35.342748
2760,886f0cf7-2fb7-4625-8fd0-5ee36ff32a3c,2024-10-19,-121.965973,39.4643049
2761,cb4f3767-abd3-4c41-a36c-97e10a79a2b0,2024-10-19,-118.1033,35.45554
2762,b3daa0d0-d783-4551-8a29-c76e0f29a643,2024-10-19,-117.479583,34.017513
2763,6417486d-65c9-46ef-9c66-09a224aae0d4,2024-10-21,-121.48061,39.293028
2764,6a1188d5-5785-4ae8-b303-cc53d3f18104,2024-10-24,-120.300799,36.281579
2765,a36e624c-126e-4ca7-9444-d5d0edaace57,2024-10-24,-116.87992,33.443458
2766,0fbfd3a0-c425-4a0e-a7ae-831220e20166,2024-10-24,-120.259123,34.62078
2767,eea01808-482f-4684-974f-a2b4e9608cf4,2024-10-26,-120.164271,36.048799
2768,0e052869-ee1a-4358-8f0f-179baea54b3b,2024-10-26,-117.467864,34.35491
2769,cbff3a6b-6540-405f-a6ea-8e554042a20f,2024-10-28,-118.858046,36.229517
2770,3b90a126-3830-4950-8136-ef8684706a31,2024-10-30,-121.972909,40.24402
2771,cea84acc-7922-4e0e-b8ad-1df4819eb573,2024-10-31,-117.01352,32.69011
2772,bb43ada8-6aba-4e9d-a1c9-b901804b5622,2024-10-31,-117.09495,32.77126
2773,f5de79a3-7bf4-461b-a6d6-b16219a3027f,2024-11-03,-122.132235,39.925884
2774,fdb3f801-7382-42c9-8377-57beef2432f2,2024-11-04,-116.90239,33.886528
2775,f78e6fd0-c260-486c-98b4-620938406a45,2024-11-06,-118.9689,34.3189
2776,698b289b-437c-4961-b187-c1f03a8edbe6,2024-11-06,-118.704833,34.033917
2777,dbf89663-4a51-4869-aabd-9b3b49661af5,2024-11-05,-123.420067,40.342148
2778,57d63840-b05a-414b-ba25-27d8403302d5,2024-11-06,-122.426405,40.432155
2779,98ef38c2-a266-4900-9430-bc73c8c36e83,2024-11-06,-119.011663,36.393723
2780,98160dda-7fdf-4765-995e-d8fb35460979,2024-10-30,-118.139117,36.496333
2781,18551530-3992-4731-9133-186480d092b2,2024-11-07,-118.749654,34.615371
2782,4c5759f6-e259-43d7-91db-0d21828ffb07,2024-11-07,-120.501728,34.691118
2783,df5eebdf-6814-41e1-ac31-0b4baebfd5fa,2024-11-08,-117.18097,33.33393
2784,23f4bb39-1e52-4d25-8f39-8ac42edcdc8d,2024-11-08,-116.64017,33.286514
2785,ce14cca7-d5c4-4882-9008-d9b5493406fa,2024-11-11,-118.007,37.0211
2786,c5c7b82d-ff26-4aaf-ae25-692c281396c0,2024-11-12,-119.966199,35.96313
2787,042df069-7226-4d37-877b-3371902356a8,2024-11-13,-120.446162,40.361854
2788,01c51255-f075-4460-9639-6105599ed000,2024-11-14,-120.781992,36.862905
2789,45775a15-671d-4ea1-868b-25ef4f487a28,2024-11-16,-120.485099,36.531149
2790,42e08471-48c0-426e-961f-07542259f9c0,2024-11-17,-120.654725,35.956529
2791,c0397710-317a-4c96-82e7-f1e409e94d96,2024-11-20,-120.730521,38.205892
2792,d3452156-04ed-47d1-ae1a-3bb6c5478310,2024-11-20,-116.93722,32.72754
2793,e504cc42-2a53-48fc-bcad-a8ae6199bd34,2024-11-20,-114.513662,33.963907
2794,93b20c9d-a07e-4127-a8c9-3c342d2544f2,2024-11-21,-120.944749,38.00025
2795,ee8b1361-f3a8-4d56-a043-d54bbd3e3d4e,2024-11-21,-120.986172,38.379304
2796,f20ead25-443a-4527-8f1e-d8947f8b4e24,2024-11-21,-121.141238,36.203824
2797,18caa406-cd3d-4080-88c6-74ba37a456cf,2024-11-22,-119.926528,37.051003
2798,5d5a2374-c01e-4d87-9cf5-71dd9cce0c9a,2024-11-23,-116.9079487,32.5891998
2799,3d2b78af-b20b-4aaa-8f93-9ac3097cd705,2024-11-28,-117.481178,34.034077
2800,6f1c6068-575e-4301-aa6f-d4b66d8c3da6,2024-12-02,-120.419992,36.443544
2801,9b0b642a-8cf1-4e7c-b2c0-d7ab394cd789,2024-12-05,-125.0,40.37
2802,54e9ee49-0c28-4477-8c29-b46738b07b78,2024-12-09,-118.69642,34.06343
2803,79847059-1dc0-4c33-8dec-750d312742a7,2024-12-10,-117.3543,34.6492
2804,d64ada14-14ac-4ef6-a77b-495b6b17136f,2024-12-14,-119.61551,35.27248
2805,6d5fa9cd-13a8-4f93-8a28-de9895dc9a30,2024-12-17,-117.440844,34.002023
2806,c991981e-892b-449a-b467-b5f742a4e9b1,2024-12-21,-119.477,34.9868
2807,e2f7d285-7b47-40c0-802e-b7de9e51da56,2025-01-01,-120.246601,34.883723
2808,4eef0191-65aa-46a0-8227-d1553896a5b0,2025-01-01,-116.82817,32.59853
2809,abfed7a3-794a-4294-9852-43176dcbc18a,2025-01-07,-118.54453,34.07022
2810,dbfa574e-1b10-4467-b5e5-7d1c06ebc8dc,2025-01-07,-118.069155,34.203483
2811,ed36cf94-75d8-43f6-913a-d15646907311,2025-01-07,-118.478134,34.32533
2812,c3e0b57e-f5b9-41e0-b9ec-eb524797c874,2025-01-08,-116.164126,33.706565
2813,c2159108-ab33-4b74-8ef1-3706df7aecda,2025-01-08,-118.47438,34.17973
2814,8ea1537d-2560-4d08-bfe0-060cf5275e54,2025-01-08,-119.2567768,34.244456
2815,83adc92b-bd6c-458a-a2b1-43b3ee2c27b3,2025-01-08,-118.2433,34.4408
2816,3b0d8af8-f3c9-4629-8735-641d9f6af3e7,2025-01-08,-118.3536,34.1105
2817,98dad47e-805e-4300-8220-c908df687b4b,2025-01-09,-118.66991,34.185198
2818,a93eab36-e8a3-4a4e-be4d-2372e3ba4957,2025-01-10,-118.5111,34.3087
2819,11055429-59f4-49dc-b759-a0c0d1225efc,2025-01-13,-119.20224,34.23661
2820,8a3dcaf5-4724-4176-83d4-08f96c79ffb6,2025-01-14,-117.3887,33.989
2821,6c143c7e-d33c-4d0b-b434-d33a13705328,2025-01-15,-117.32064,34.154384
2822,db6f387b-2654-44a6-815e-20491c5a37a2,2025-01-21,-117.152114,33.30932
2823,74af6e1b-0ca9-4094-869d-ecae0a778cfb,2025-01-21,-117.162897,33.363226
2824,6bb588ff-4f53-492f-9e3a-1ff5900f6345,2025-01-21,-117.1698,32.7702
2825,8dcc0ed8-641f-4b85-b853-9ed4473f5e51,2025-01-21,-117.174205,33.299921
2826,b8b66c83-2a4d-495e-b51c-6dc071ddaa5a,2025-01-21,-117.47055,33.96682
2827,7eee0dc7-7020-4a86-9be7-82b084f105d9,2025-01-22,-117.0887,33.001
2828,bf194e6a-78cb-46bc-849b-567bceaabbb6,2025-01-22,-118.56687,34.553008
2829,0434262e-c6ca-4232-a2b4-ad0f5589b036,2025-01-23,-118.47541,34.0968
2830,d45df9b2-8dc5-4d88-864b-f3a842c8a2fc,2025-01-23,-119.059,34.1655
2831,a9719e0a-db5d-48d4-895c-5b096ae1802d,2025-01-23,-116.8437,32.5947
2832,22ec23e5-b380-4ee4-942f-26c12a4576d7,2025-01-23,-117.237,32.8622
2833,a79b51d3-9ae7-4ec3-a8ca-9f733b89df9a,2025-01-23,-116.964339,33.708601
2834,460e65e4-366e-46d1-8729-7d1756fca41a,2025-01-29,-119.982524,35.303682
2835,6d86f896-f2e9-4189-b816-239b65f58d26,2025-02-09,-121.117684,35.945458
2836,d49b7509-2632-4153-8252-ec4de0e385ff,2025-02-13,-118.1584203,34.2038707
2837,06a7c71b-03ff-4c7b-aff8-1d8bcf3c9def,2025-02-26,-116.475667,32.922111
2838,c59146ec-ab73-416a-b66f-e4b568f5208a,2025-02-28,-116.688664,33.250188
2839,55e18040-1f91-4e09-9c4a-d46c149c917f,2025-03-08,-117.351944,34.643056
2840,14822539-1d7f-48be-b38f-b19bcb0d742f,2025-03-12,-120.574436,34.738888
2841,d8b9c4f8-d96c-43d3-bf53-a97420332b75,2025-03-12,-114.510789,33.732521
2842,e9a1b964-9bff-443e-aa89-f8f933c66bd6,2025-03-24,-116.100296,33.525303
2843,014151c4-c77d-4fe5-9ffc-d90909ed8f4b,2025-03-30,-118.352523,37.399684
2844,8f9c92f4-ea71-44cd-aeac-a88c3c358213,2025-04-01,-120.387063,36.72005
2845,d4fd55a5-d2bc-4b99-bc11-7284ece809a9,2025-04-02,-116.07895,33.554725
2846,59f47699-1014-4dc6-9349-7c1372e64221,2025-04-07,-118.90064,35.38229
2847,56ea5974-d922-41cf-9cf6-ef7372a32b44,2025-04-08,-117.1823536,34.7001802
2848,0001934f-901f-40aa-93f2-017d7debbcef,2025-04-13,-124.185699,41.869329
2849,7a358a73-e272-4675-9046-9cc2c9fca091,2025-04-15,-119.43823,35.120005
2850,6a2b37ec-72e0-4e4f-8836-7176f05a9f62,2025-04-17,-115.2930033,32.9021295
2851,b6bba77b-4892-4f29-832b-04a58a1ba9b1,2025-04-18,-120.908311,36.991952
2852,f6e3470c-a717-4e52-9c88-2be8d359631f,2025-04-18,-124.220177,41.804082
2853,00e82f13-a668-4fac-96e5-87db742562f4,2025-04-20,-120.876101,36.656093
2854,d01f8246-e27f-421e-b342-58d949af2209,2025-04-23,-120.513485,37.185799
2855,805b0f33-c6d9-4aa4-b3c1-e067b490bed6,2025-04-23,-121.19237,39.516462
2856,f2a9ea76-12dd-4bda-847e-44c747f70e08,2025-04-24,-116.142626,33.638422
2857,bdc85ac3-5b32-41f9-9731-2ed55ae7fb8f,2025-04-25,-120.014805,35.813704
2858,e6656c72-2905-43bb-b838-74c36adcd257,2025-04-28,-121.3501,41.92216
2859,3edb01e6-4e6b-4560-8309-857931f2d0d4,2025-05-01,-116.470729,33.098585
2860,eb2e3d29-afa3-4e95-8393-7a2580e337ad,2025-05-02,-119.9868107,37.2304128
2861,c48978b9-c4c7-4101-b9c1-1fb310574e55,2025-05-04,-121.398847,38.350603
2862,5227a3b1-2574-449d-a60d-2c3f3a791c19,2025-05-04,-122.4158944,40.2367915
2863,29ba0d62-b0a1-456b-b45a-3a903e11533d,2025-05-05,-122.004577,38.492882
2864,5798325d-b91c-42eb-a9bd-159d52cbd8db,2025-05-06,-121.273365,39.067758
2865,a7823000-b882-4363-8cae-d92340e14a8b,2025-05-06,-118.954931,35.817188
2866,3a26f52a-e198-480a-98bb-6a6f1caf3fc5,2025-05-08,-120.3885,36.6034
2867,6f61252e-c7f6-4c2b-b445-ffb1a666515d,2025-05-09,-119.30285,36.704866
2868,059fbe95-ec41-4a58-9b48-475061f42517,2025-05-09,-121.183569,37.462643
2869,e6937d67-d13e-4941-8079-559703c0660d,2025-05-09,-121.688719,39.55236
2870,34d330e6-6eab-4527-b350-3616b17fcff0,2025-05-10,-118.9149505,36.4213337
2871,f9dd207d-0f51-449a-882d-7aa6aa1eaf7c,2025-05-10,-120.1997983,35.4018646
2872,01fa37af-7ca8-4d5a-bdfc-60888a4b444f,2025-05-10,-121.407882,38.846183
2873,27d27175-c7e1-4a5d-8e98-b4b29201da28,2025-05-12,-120.040599,35.351787
2874,15127f35-1f17-42c2-8137-56ece7061ba0,2025-05-12,-117.702445,33.954739
2875,d3ba42d8-d13d-4040-9edc-5c1f44522f44,2025-05-13,-120.44704,37.498636
2876,805b2240-1e96-4920-8bea-b4ae44005640,2025-05-13,-121.53522,37.719785
2877,a7e25ed4-93bb-423c-89cf-64b48afbd1e0,2025-05-13,-120.445783,37.493638
2878,55621216-5ec5-430d-aff6-0f93b203fbfb,2025-05-14,-120.0170157,37.0815942
2879,48f09db4-0701-48f1-88b5-12bcea02289e,2025-05-14,-120.928401,37.944835
2880,f7e153f3-91da-4cc3-a33b-dd7783c36a02,2025-05-14,-117.345037,33.757845
2881,0ae5bd29-1d0f-4a1e-b1cc-400386f7d1b8,2025-05-15,-120.593673,34.886238
2882,68839891-cd6f-4a9a-9d7e-aef108232cf4,2025-05-15,-117.149827,33.610162
2883,7704bb91-db3a-4a24-b125-1b0e689fca4e,2025-05-15,-121.040983,38.148511
2884,1d662ad8-9166-4cf7-a7ff-cc2e6f8d35f1,2025-05-15,-120.198126,37.244386
2885,d70f377b-58e9-419a-bf5b-00117e270fac,2025-05-16,-120.460299,36.652363
2886,d868ae36-7e0e-4d19-a189-ad934b180a95,2025-05-16,-116.9455267,33.0859909
2887,b85fdc63-f8c9-4746-8091-f0e459a2e6cc,2025-05-17,-120.333898,37.187714
2888,c6b55ce4-48c8-4027-978b-b880b4dfd5b5,2025-05-17,-120.9680028,37.0462978
2889,1191b16b-f398-4545-9827-674ed99b1f05,2025-05-17,-120.835667,36.543667
2890,6e547ca0-c187-4a01-9ec8-4104fdd45566,2025-05-17,-119.320298,36.630347
2891,35d0844e-0ceb-420f-b267-ab22d3afb4df,2025-05-17,-119.313661,36.639031
2892,a6ce84c1-8ced-46b6-a5a1-501b7890dff6,2025-05-17,-119.317698,36.631825
2893,70033b2a-f28f-4545-b1a4-fd29950a3c9d,2025-05-18,-120.4395747,37.6693899
2894,481e4ea4-bbed-4ac9-8d4d-a09787de9d08,2025-05-18,-121.349272,38.824583
2895,9666b843-8126-4a70-a753-93711f782529,2025-05-18,-119.14466,36.661361
2896,d11d8cdb-f0c4-487b-8a1d-bf9e0a64b355,2025-05-18,-120.624598,36.63874
2897,b0eaba5c-1bf5-4123-aa6e-26c212bd596e,2025-05-18,-118.7094208,35.479027
2898,be3d405d-c19a-4c9e-9f17-5284a710d9d8,2025-05-18,-121.69861,37.874694
2899,e291bb03-c0ad-411c-b616-4327c9032095,2025-05-18,-122.5868,40.1624
2900,ab3eab9f-862e-47f1-803a-243507ea128c,2025-05-19,-118.2225,35.3158
2901,7660065b-dc72-49fa-a5d4-c25f29f5f12d,2025-05-19,-122.32687,41.33512
2902,e3bc74fc-b0a6-4580-9a6e-4988f3e15376,2025-05-20,-120.818154,37.03473
2903,741b7993-0acd-4942-8bd2-7e6984bc48f6,2025-05-20,-120.25151,37.344921
2904,5ab32f4d-a6a0-4e9f-9689-f55b7a2c03cf,2025-05-20,-116.8260846,33.466549
2905,45da254c-b880-463d-b7c0-8b3daa08d8a0,2025-05-20,-120.859456,35.952527
2906,5d4edc6a-7049-47c8-b977-11faf06889a1,2025-05-20,-120.451639,37.27341
2907,a92539ed-ed8f-4143-9f1a-2fb40672d144,2025-05-20,-117.465727,34.590737
2908,1582c12d-e5c7-4901-b173-9b41b056445e,2025-05-21,-117.461546,33.847742
2909,6dcb6454-eea6-4f54-99c9-a8048d57f06d,2025-05-22,-120.560704,35.564837
2910,3862596b-1d06-4879-98a5-764e88524db6,2025-05-22,-120.670161,37.244432
2911,9ba4bf27-e4d6-4055-8d65-9f2162ae9287,2025-05-22,-121.561663,37.71488
2912,c8d4f29a-e833-49e9-a905-f02af3a6205e,2025-05-22,-119.156506,38.009312
2913,9962bc8d-5341-4f8e-a271-78d1d9a64c12,2025-05-22,-119.322692,36.624674
2914,117f74f1-b674-4ad1-90ac-de4958715559,2025-05-23,-121.331078,39.118918
2915,8d927633-20e5-4938-871e-8903dec1045f,2025-05-23,-121.8947894,37.2106583
2916,0f25abe3-087f-43cc-8523-7f8830f359d7,2025-05-24,-122.295,41.573333
2917,1594de54-e7b8-48ea-8869-ece45db609e9,2025-05-24,-121.345501,36.77321
2918,d882a22e-f9b8-43c9-a378-bfe462e34f4c,2025-05-24,-119.676186,36.944525
2919,810ed9c5-010c-4149-ad21-4afaa724d944,2025-05-24,-117.102917,34.413935
2920,ca0402e9-9abd-4463-8187-074d9fcab146,2025-05-25,-120.657656,36.622453
2921,abe10547-4150-4df1-b847-87af8feddf72,2025-05-26,-120.492179,37.648407
2922,f5d6e65b-19e4-4ca3-83fb-f7c3f8bfafe7,2025-05-26,-119.43763,36.611351
2923,f9ef205c-d2ea-4edb-9705-9840cb30cdb1,2025-05-26,-122.016511,38.34346
2924,3bad40df-622b-4172-8bd5-79f5b95816bf,2025-05-26,-119.296,36.60254
2925,6b89b685-6a60-49dd-81ea-f33ec5dfa215,2025-05-26,-119.99113,37.08447
2926,27998576-98a2-4a2d-bc1a-afdf09066ecb,2025-05-27,-119.08242,35.46115
2927,b95a33a4-0367-4ea4-95bd-08be90b94fa5,2025-05-28,-120.373279,36.749107
2928,78a75770-7abe-41cb-be5b-98b04750d43f,2025-05-28,-122.3472513,41.5892356
2929,f24fc520-d285-4223-ace6-e46b93bd26d0,2025-05-28,-119.322764,36.613311
2930,5ae072be-edb9-4553-afd2-ef8d0108a63d,2025-05-29,-120.460411,37.396908
2931,588fcef3-7626-44c3-ab26-83f2ef19111c,2025-05-29,-118.9121,34.8229
2932,06178d7d-8293-470d-86d4-98ffa4d97586,2025-05-30,-121.45917,39.444691
2933,6292b9d7-ea32-4342-b869-c04244c71224,2025-05-30,-119.883749,37.100283
2934,a1a24bab-e19d-49d5-a3f2-46281022f261,2025-05-30,-116.3269976,34.0618164
2935,dcafbf03-7e3d-452e-ba19-51f201392e69,2025-05-30,-118.46498,34.7561047
2936,1f30d922-c369-4462-b736-d7148c82c029,2025-05-30,-117.0608758,33.3803841
2937,bce3d832-a999-4314-8f5d-dec78b6b8a2a,2025-05-31,-116.972054,33.799855
2938,66725740-7447-4122-97a8-185c6a949f9f,2025-05-31,-120.526195,40.4095336
2939,e8ea496f-b48e-4c0e-aa43-d7fee5dcd8f2,2025-05-31,-121.088612,37.125121
2940,b3bc4084-0e2f-4f6f-8075-7bde64d7dc8c,2025-05-31,-119.336243,34.709092
2941,c1e1567d-4ce5-427a-9070-7be99a793ce3,2025-05-31,-119.3495,36.63234
2942,bf459045-cd6d-46ca-b6b5-7c3383132dad,2025-06-02,-120.178698,36.60343
2943,be139824-1afe-4cb0-92fd-83eca05e577b,2025-06-02,-122.566666,41.923333
2944,04517066-44b3-4ba0-aab6-be990571c73e,2025-06-02,-119.238331,36.7665646
2945,6f67ec22-c9db-4f85-af9f-1d65c8102b7c,2025-06-02,-122.0643336,38.276076
2946,05855e72-f24b-494c-b816-1c4c54193111,2025-06-03,-119.3741071,36.7485076
2947,8cce41e0-a556-4472-b351-9d835122e9dc,2025-06-04,-122.274206,40.542584
2948,fb704e26-37b6-4832-a15a-b7630d6438b6,2025-06-04,-118.920401,34.8892431
2949,4bf75173-5605-4990-8525-233af5de2f70,2025-06-05,-120.1656,35.386609
2950,e46c8db3-3b39-463e-90f6-3a805431af3e,2025-06-05,-121.145689,37.39594
2951,ebae5593-bef6-47e4-b2a2-5762997ad972,2025-06-05,-121.757033,36.520325
2952,95855b3f-ff88-45cd-8de6-86fa973ac967,2025-06-05,-120.157902,35.708223
2953,1d4b5639-9ac4-42de-8f20-9884ed8f6657,2025-06-05,-121.274403,36.800358
2954,d8c67864-71fe-44f7-b36c-0e18df46af61,2025-06-06,-120.384115,36.766702
2955,4c572138-64a7-4bba-ae74-4b5ed8e78df8,2025-06-08,-122.9447813,40.6399341
2956,89f1e05a-5652-451a-8c41-4d65df907617,2025-06-09,-121.2897146,39.8913619
2957,3f92262b-599b-4753-a002-f514ab1e36ab,2025-06-09,-121.554371,37.353834
2958,a826b1bf-cb1f-4f11-9d1c-e8c6a70b9419,2025-06-09,-119.327,37.34
2959,b0fbc28d-1c08-45a6-9fb9-85489e5db871,2025-06-10,-116.740299,33.540872
2960,bd1877e5-4421-4e52-b4cc-4b863f708c87,2025-06-10,-120.457979,37.228714
2961,5fbb7563-7dc7-4a36-849b-400b8488a9dd,2025-06-10,-117.1232,34.3745
2962,a2c5a778-4896-4812-ba19-1e966a2aa253,2025-06-10,-118.309,34.2
2963,65bba8de-90eb-4af0-853c-7920557d4303,2025-06-10,-120.889,38.454
2964,b8f95fe9-87af-4f12-a351-4fd38ad0bae6,2025-06-10,-122.345743,41.716795
2965,fa5f5923-ea10-4b02-93d4-b0ed55684942,2025-06-08,-121.287,39.8933
2966,66bbfc0a-d8a9-4bb3-b4af-e0b891083c48,2025-06-10,-119.30306,35.116076
2967,7ccaece9-72e8-4e4a-9cd6-176dfae15511,2025-06-11,-119.089751,36.301073
2968,a503c875-cf30-411a-925b-d120439d5ffd,2025-06-11,-120.876101,36.656093
2969,9259639b-d550-4ec6-9c54-89ed5d79ef8e,2025-06-11,-120.245333,41.812667
2970,9a83f189-c39b-49f9-a853-879593dc77bc,2025-06-11,-121.219118,37.066401
2971,2695f2b1-10c4-4934-bdb2-60f90e8e9b9d,2025-06-09,-123.409997,40.436496
2972,46f15a2b-23e5-4935-8fb8-918a5ab275a5,2025-06-11,-122.488411,39.302133
2973,aa2daeb0-ecc2-419d-b413-915a32ad8d62,2025-06-11,-122.211579,39.943968
2974,f71c1c56-b75f-4afa-bb35-8d65ed87bc9b,2025-06-11,-120.442537,36.858259
2975,631c3c90-dfad-4cac-8859-06950210132d,2025-06-12,-117.212509,33.080796
2976,6028f6f3-75b9-414c-a66b-a4cfec15ed54,2025-06-12,-120.4557421,36.0931954
2977,473966df-9c8c-4030-8d6a-3f99304e088f,2025-06-12,-120.963426,36.351124
2978,3ddaa74b-f795-4e8d-8e53-d837f98be748,2025-06-12,-119.403,34.9578
2979,080119cb-3fea-4f59-91bd-1cb0a3f98fe3,2025-06-13,-121.479804,39.27736
2980,900dfb7b-90a8-42c3-b98d-88e84bd07b9e,2025-06-13,-120.926961,35.78442
2981,1f34192f-55aa-4fde-a116-d65b56609fdc,2025-06-13,-122.4495,40.479167
2982,0b1307ff-5e5a-4a3d-b27a-9e94e0558cde,2025-06-13,-119.0082,35.6025
2983,5f946e5b-abfa-4ded-bf89-4c8375cb1395,2025-06-13,-122.0102,38.4513
2984,763c63d2-2f39-4e7f-8f24-5a2808c08389,2025-06-14,-120.211198,36.2548
2985,052d91b6-4122-4d11-a0e9-9a8bdd6b20f8,2025-06-14,-120.155841,35.543275
2986,ae42afac-b38f-4d58-968d-d876d5e29ced,2025-06-15,-121.3711948,38.9750021
2987,9ebacc83-5d1a-4ef4-b62d-65792274abb6,2025-06-15,-122.655185,41.829538
2988,ed4aad14-a112-44f6-8238-cf573ad1da49,2025-06-15,-119.521241,37.029083
2989,d658643f-eaa9-45a5-9e45-67b9d9b3e01e,2025-06-15,-116.865296,33.817645
2990,23e3e015-7049-4e65-bbc9-740f3f0c8763,2025-06-16,-121.917569,37.579302
2991,62259ad8-31b4-4198-aed3-09f8294688b8,2025-06-16,-121.288116,36.285576
2992,6655119d-7259-4e18-bc85-85f95e590d2a,2025-06-16,-117.222897,33.304144
2993,ed541421-5044-45d6-b1ea-d00b6a84a863,2025-06-16,-120.428245,38.002498
2994,683d0fec-5b0c-4c62-a8d1-2863f2177f27,2025-06-16,-119.068341,34.338157
2995,867acd06-a71c-4c21-b062-a8e4ddc71afc,2025-06-16,-120.03479,36.982098
2996,48c29c55-5fe3-4551-84f3-26498eba7bc3,2025-06-16,-118.788721,34.390543
2997,938c350c-e4c7-43aa-b74a-a60878fac303,2025-06-16,-120.034098,36.98112
2998,be152584-dd03-495a-9f91-e0bf8ececbff,2025-06-17,-118.803799,36.024449
2999,04a5ac6f-f585-4327-8632-c9a152fb4f1f,2025-06-17,-116.8435559,32.8921885
3000,9ffc1d50-1031-4227-a4b5-4d000ae8f8ae,2025-06-17,-120.88977,38.65789
3001,e3fe0bfb-f128-4374-94d3-6c5ea20c2610,2025-06-17,-121.8445081,37.4097645
3002,a247e76b-059a-46f2-9f81-72296062ee01,2025-06-18,-117.26152,33.827937
3003,18af619f-4885-40d4-8cff-7001f2b6130a,2025-06-18,-120.32096,37.644013
3004,6d56edaa-f51d-4fe7-a478-db1e6e7f0795,2025-06-18,-121.850359,37.981065
3005,9bfdc8b5-0d7a-4d02-a19b-ceef70afacc3,2025-06-19,-121.41631,36.527575
3006,14cd1228-9114-43be-810e-867fc540bec4,2025-06-19,-122.314137,40.405179
3007,186bed99-513f-46f0-9b12-8eae54434060,2025-06-19,-120.102299,36.07288
3008,3c0ac68e-5cec-4c96-a322-18bc6e43992c,2025-06-19,-116.8865217,32.828836
3009,5a3e58ea-ae58-40aa-842f-1742cb72ab50,2025-06-18,-119.325847,36.617484
3010,c6873239-c5f6-4b51-834a-44f0d3644c07,2025-06-19,-120.267799,36.29538
3011,990f3704-6b5e-4069-a709-a7fd401ae3fe,2025-06-20,-119.147595,36.723722
3012,c606c9b4-5e5d-4d54-8ae0-00ad4239a277,2025-06-20,-120.464241,37.759084
3013,0d2c4259-7d63-4c13-99e8-881d2d64c9bc,2025-06-20,-120.496248,35.351553
3014,f4e57b28-c96e-45bb-bf29-d4844d9abc7d,2025-06-20,-122.81401,40.712794
3015,a5bbfa60-7ac3-4bb2-95fc-3122598ea125,2025-06-20,-122.439466,41.883057
3016,8fa12e35-097e-4de9-931c-2a2c111dcdaa,2025-06-20,-122.393131,40.486435
3017,72824b38-fae5-4939-a262-8626d43fb202,2025-06-20,-120.378832,37.227475
3018,8a3c1044-8b32-40f7-8036-c87890c6d0b3,2025-06-20,-121.628921,39.619667
3019,a347e4a0-e25d-4fd8-aec2-eeb90773fe53,2025-06-21,-119.167075,36.470737
3020,89a8a29c-d0d3-4091-b8ca-72ad757148f7,2025-06-22,-121.6171198,37.7378488
3021,38ad3e62-0bfb-44c9-b160-86e8fd9c3b0d,2025-06-22,-120.360998,36.730979
3022,799f9d83-3649-4b48-afce-a64ff2fa476e,2025-06-22,-120.26613,37.783207
3023,2aa79a44-8202-4483-bee9-4e8315f8e76e,2025-06-23,-120.42736,40.396723
3024,72dd20ec-d741-40bf-b459-43a9ed28bc3d,2025-06-23,-120.760519,37.302318
3025,76c3740b-7a9f-48b5-b689-97a3595a96ad,2025-06-23,-122.24052,38.022773
3026,13a5b063-02bb-4f53-b110-928f98d2fa27,2025-06-21,-120.452933,37.515906
3027,110b2fac-26a2-41b3-8ce1-6333e009cbb0,2025-06-24,-119.01354,35.511497
3028,dfbec069-f13b-4c6b-a906-18279d69fe85,2025-06-24,-120.370491,36.486982
3029,cc05df19-4f9a-419f-8c84-748a34a86303,2025-06-24,-117.193056,32.80368
3030,daf2547e-0b0a-4876-b073-58c2a9655725,2025-06-24,-122.365602,41.627217
3031,a691fef4-eefe-4f79-bff8-64fa7e0fe8c5,2025-06-25,-120.3988,36.0498
3032,89e8f675-02f3-4f55-897f-6ecc52be596b,2025-06-25,-117.47683,34.023047
3033,1d1fe063-d67c-41f3-837b-99d7da818aa2,2025-06-25,-118.966856,37.720963
3034,a7ecc916-19c1-4b1a-b018-a0a656526752,2025-06-26,-118.6586194,34.4255821
3035,ba050422-aa00-4d3b-8025-4169b9d9f84a,2025-06-26,-119.698787,37.08604
3036,208363bf-46b4-45e8-b40c-5913b5404df8,2025-06-26,-119.327231,36.617488
3037,58a0c153-985b-4481-961c-92af3023bb6b,2025-06-26,-118.944829,36.400201
3038,f7b79536-9a39-4b11-b880-004d0b554cd5,2025-06-27,-119.516953,36.611927
3039,d4c0aebc-cfdf-4b78-abce-dd7fbd3e7042,2025-06-27,-122.3668324,41.5625133
3040,f0f3d279-102e-42f2-a8ab-824dd1240549,2025-06-28,-120.720399,35.489202
3041,5b3d8229-b45b-4625-8905-c35a3c471bca,2025-06-28,-117.192261,34.005867
3042,9163f470-265d-422f-92fb-5d8ea9ca1acf,2025-06-28,-117.349169,34.28816
3043,4ba011be-8053-463f-97a0-225ae21d7ad9,2025-06-28,-120.769914,35.765157
3044,492a3401-c34b-4778-82a1-924934025dd1,2025-06-29,-121.151358,39.382915
3045,c75674f5-5290-49b0-aafc-8d5c24add457,2025-06-29,-122.40611,40.54094
3046,b7cfefea-e9ff-441d-b58b-4d4e113dbb72,2025-06-29,-117.483115,33.955583
3047,818f89d4-5daa-471a-992b-626f26b21cec,2025-06-29,-116.89942,33.88649
3048,997830f3-c5df-46be-9f26-fa6d802bb6ad,2025-06-29,-120.700946,37.157274
3049,83cf174a-71c4-4590-acf9-3ba7a78d91ae,2025-06-29,-116.85995,33.55768
3050,f2ea3802-fc3e-4475-b248-7b8a5db23e20,2025-06-29,-117.374501,34.22809
3051,08531865-4d19-4fe5-9eb2-11fbb173063d,2025-06-30,-117.325778,33.801555
3052,c5a3cf01-9174-47e7-b646-03834502dd4d,2025-06-30,-119.761885,37.041595
3053,60365bac-8607-4078-815b-bf227729da15,2025-06-30,-120.185357,40.142467
3054,21999b62-a462-4885-a870-4409459e4e16,2025-06-30,-122.02472,38.336187
3055,1693e271-6411-4c4e-a83f-af66f94ca823,2025-06-30,-120.970323,38.308538
3056,9292651d-1137-42aa-8d50-982437246e91,2025-06-30,-122.4204,41.920673
3057,67a0c1a1-175f-4ca1-85f4-9ba3245f6880,2025-07-01,-118.894072,36.523445
3058,94ed6ea4-43db-40e4-bf0b-cad6fa718372,2025-07-01,-122.045526,38.430903
3059,575264c0-167c-4a74-b2e6-f23756f19d0a,2025-07-01,-122.017383,38.673273
3060,01e7e83e-1a4c-4f14-bd39-9ef36136a91f,2025-07-02,-119.982548,35.099242
3061,96558c49-db9a-4e14-8329-6f5a487287ea,2025-07-02,-122.55849,40.87206
3062,4e07582c-e388-47e6-8408-cdc7142e7091,2025-07-01,-122.094146,40.834939
3063,cf48f92e-8154-4f92-a003-0df210ed8d4a,2025-07-02,-120.085599,36.210429
3064,dcbcd806-0402-4989-bc61-a3391604f956,2025-07-03,-120.501308,37.471435
3065,e93e606b-bcb0-4df3-8ae2-20e80bb43d87,2025-07-02,-123.132571,40.794628
3066,bbecde18-3f28-4a67-bd74-7353fdc804ae,2025-07-03,-121.267354,39.064532
3067,f74ea816-839f-4d70-8b15-8977b8ea428e,2025-07-03,-122.104671,37.714766
3068,90d8c1b4-9d68-460e-ac08-50d32436ccf9,2025-07-03,-119.383467,36.811475
3069,6cb52bf3-56c1-45c7-b79b-6141519f75c5,2025-07-01,-123.2135,41.7585
3070,639d1196-4ded-42d0-a787-06d84bd8082f,2025-07-03,-123.13222,41.52404
3071,69d2b787-9eed-431c-87d3-e584ca37e464,2025-07-04,-121.271644,36.801216
3072,5cec84ed-8b30-46ef-9ac9-f031ae689997,2025-07-04,-117.103765,33.919507
3073,567159bf-77c4-44de-9d1a-c807d08fe78d,2025-07-04,-121.4836105,39.4464985
3074,6f534590-a9fd-46e2-b408-e58a3d7261de,2025-07-04,-121.390959,36.809334
3075,7a8fc21c-498c-4704-8575-79eda2d34cf5,2025-07-04,-121.4139814,39.3742124
3076,6d5a6244-9219-4c4f-b525-f0d248630af8,2025-07-04,-119.808899,36.70169
3077,41af5239-6953-44a1-b5f5-e51a296b0c43,2025-07-04,-120.226007,37.136643
3078,2c50aa25-713b-415c-b041-a866ab86c521,2025-07-04,-117.006785,33.787296
3079,77de68c2-06ae-486e-9624-5cb82edfe1b4,2025-07-05,-122.881426,39.139455
3080,e57e0893-279b-4e41-a896-7b164bc0f3e7,2025-07-05,-117.287235,33.908497
3081,89dd1be6-dc1a-4b44-8430-434c3e80fd4d,2025-07-05,-116.918051,33.543824
3082,12a260cb-2f14-4527-ae9c-f8d5ffe19934,2025-07-05,-120.152833,37.565899
3083,78eb688f-34df-421a-a407-5bf1ec002095,2025-07-05,-120.622981,35.532939
3084,c883666b-ccbc-45ca-b800-bdd60443e6f2,2025-07-05,-116.923214,33.786094
3085,29275d9b-f736-4c1c-90c2-e13248e300a4,2025-07-05,-117.186627,33.929799
3086,d8027cd6-0b3f-480c-a090-ce2e5360d903,2025-07-05,-120.833366,37.288251
3087,79f430c5-2150-453d-931d-71bf0e777565,2025-07-05,-119.520899,36.611938
3088,3989ef92-24f5-460f-a90d-aa3f17035628,2025-07-05,-121.778644,37.773964
3089,6b40be2c-f184-4b2b-a784-a140a3cd31de,2025-07-06,-122.613599,39.165061
3090,090cbdd1-ed88-4f1b-97a6-235cc420271a,2025-07-06,-118.706452,36.161296
3091,3502e42e-91be-4d4f-a164-a0b139383059,2025-07-06,-123.60102,40.172678
3092,f5c8200f-94df-4fb9-bb8b-c6079bf67cea,2025-07-07,-119.411635,36.794181
3093,f7341ae4-55b4-4fb9-bb59-353f8c7951e5,2025-07-07,-118.832595,36.224616
3094,d3fb8961-81d2-497a-ace3-e89d369ffddb,2025-07-07,-117.36247,33.7198782
3095,cfa8c26e-46ab-4186-9238-cce50f9d0ce6,2025-07-07,-122.2985996,39.928283
3096,534d3171-a0e9-4875-af3d-cb7638dfd0fa,2025-07-07,-121.79616,38.1303671
3097,35411052-3bc4-4ba7-a867-eec3fd57136e,2025-07-07,-116.880684,33.950365
3098,acf7159e-eb73-4cbd-ba94-20871e0edb11,2025-07-07,-117.462368,34.017805
3099,536afa9c-eee6-419e-911d-a839680da5f6,2025-07-08,-118.611317,34.449864
3100,94eb10cc-563b-41a7-917e-8ae3d1b8aaa6,2025-07-08,-121.659503,37.655501
3101,b7168e23-a985-4e7e-b870-22006a55a069,2025-07-09,-119.731216,37.244233
3102,5e349d97-2863-4b52-a2ed-0f4560d8b1cf,2025-07-09,-116.914968,32.733209
3103,543374ff-d1c3-4c76-9ca4-3086a9598ad7,2025-07-09,-119.435896,36.654779
3104,c1c21095-0f44-4ddb-8b34-6b9c06507f3b,2025-07-08,-123.4177777,41.3255556
3105,3630f3bb-9d85-46d2-9a24-bbfd8286055f,2025-07-10,-117.01089,33.50064
3106,406739ea-78f6-4255-9697-d6fc2e73ba59,2025-07-10,-121.322879,38.873631
3107,08cb4a51-41b2-4be7-bf9b-6dc1fab5169f,2025-07-10,-117.191827,33.95918
3108,c594e5d5-06d5-4f9a-bd37-f2280f9af8f1,2025-07-10,-116.7478188,32.7145184
3109,d6757966-5b8c-425d-8673-9c0d3f6c569c,2025-07-10,-121.898942,37.982895
3110,fb38fa74-9a89-4e09-a208-aaa84ad5656d,2025-07-11,-121.09374,38.493586
3111,bd5030d1-9bee-402b-81c2-0509dc67356d,2025-07-12,-121.247136,38.882558
3112,22cea9ae-fd92-4502-8ae6-f3470dfbc8f0,2025-07-12,-120.193833,36.226722
3113,5672f0d9-db24-48c3-817c-e7b99cf25711,2025-07-12,-121.933483,38.2986878
3114,f7583812-6b99-4429-9ee1-cb016865ba44,2025-07-12,-119.315821,36.864545
3115,686318b6-46bf-41f4-b9ce-c935c4e875fc,2025-07-13,-122.707,39.574
3116,dd9ec694-07b3-45ee-a17f-a1729ef2460d,2025-07-13,-120.369387,36.748969
3117,357031c1-f5cb-40af-a634-754e427f7fb0,2025-07-13,-119.2280383,36.9646836
3118,ad2c68a3-7e84-4da9-aa45-32831db93a91,2025-07-13,-120.265957,37.098778
3119,0dfbed5a-c4ff-4d44-a777-ede21cc385ac,2025-07-14,-120.19432,41.79792
3120,0ac52778-b57a-40d3-a456-a2695c8d1114,2025-07-14,-120.315699,36.654009
3121,b4d57fe0-8b23-4c00-9b32-140f485698ec,2025-07-15,-119.450866,36.745812
3122,cb94c161-a4a5-4734-ac55-80bad3ccfc8b,2025-07-15,-116.634361,33.636667
3123,10b40268-289c-4fcc-a7ce-0e2d584b745f,2025-07-15,-118.3068082,35.7349929
3124,0fe66384-ed74-40d2-8cef-f78ee5e7fbd8,2025-07-15,-119.786,36.66331
3125,a8e68f07-1d49-4baf-b6be-9807c5459bc9,2025-07-16,-122.541885,40.388446
3126,adb9e4c0-569d-485d-bced-0cee394bc3c3,2025-07-16,-116.78672,33.51744
3127,c3bac26e-e528-48de-ba61-d275d4382bab,2025-07-16,-119.03899,35.91106
3128,b595bc7e-fc8a-43da-afea-b84e20909a97,2025-07-16,-122.578667,40.3125
3129,a5827766-cb05-47eb-b8e4-659ac49fd43e,2025-07-16,-120.111242,40.092913
3130,e34f6f9c-fd60-486f-96c1-c30aaaf52ffc,2025-07-17,-120.932333,41.12607
3131,68594725-8904-4e2d-83aa-ab833f666deb,2025-07-18,-117.076401,33.729228
3132,d652bbb1-ce43-459a-8dba-605eb426de13,2025-07-18,-118.8175,35.8649
3133,a587f706-5428-44f7-aa94-ead7be01edac,2025-07-19,-119.932289,37.118
3134,784ab1c3-c83e-44a8-b49a-5f720b71c8a7,2025-07-19,-117.114678,33.342918
3135,0f725e7d-48e5-4fdd-9671-c62a5e0ab18f,2025-07-19,-121.004153,38.55184
3136,36182a86-5cd4-4788-a511-addfcb488902,2025-07-19,-120.356289,37.916947
3137,ffbf3cae-7cb8-4bed-98ed-fc8a8e512b5e,2025-07-20,-120.012292,37.514275
3138,5cc37f7a-3247-44ab-ae0e-76ad1a632125,2025-07-20,-121.470538,39.422347
3139,38ea1329-35d9-4c54-8da5-d9f0e92c6348,2025-07-21,-120.788745,37.211668
3140,9b226bc1-de53-4e6b-abd2-a743d7f1c121,2025-07-20,-117.296674,34.548782
3141,84026364-cfae-4482-b14b-b749a71d5ddb,2025-07-22,-119.196666,36.518055
3142,a59d32cc-2d6d-4440-a666-13e425d335aa,2025-07-22,-120.744427,37.789557
3143,ee3f98a9-3e34-4ac0-a032-78afd6c1b0b1,2025-07-23,-117.64923,33.922339
3144,ee23cc11-ce64-4edf-83ac-930943e2ed52,2025-07-23,-116.695847,33.563156
3145,310efa03-a8be-465b-b30f-102a76b15080,2025-07-24,-116.430132,32.667663
3146,8a82fc3c-9e5b-4498-b59f-6e11eacdd7ce,2025-07-24,-120.924262,41.459967
3147,34e4304f-08ba-4f21-a702-4194334667d8,2025-07-24,-120.926046,38.943781
3148,110f3c65-1507-4c6f-aeee-e9170a835f1f,2025-07-25,-116.172565,33.656632
3149,b664fdcf-0407-4dfd-8aaa-422e53915089,2025-07-24,-121.323879,41.684141
3150,35a51e16-3605-4756-970f-828aeebb8090,2025-07-25,-121.280552,40.9814
3151,6d0de3a4-b1e2-4869-a2ae-f624a4e0d3f5,2025-07-25,-117.641517,33.882719
3152,e68315fd-ee43-4666-baaf-5d02e7c741c2,2025-07-26,-120.214807,37.773371
3153,c7565eb5-c12d-4401-ae8f-aeb3cc41b605,2025-07-25,-120.43839,41.392519
3154,bb8a6dc1-0875-4144-b56b-07d3796155b3,2025-07-25,-118.48813,35.6182
3155,1fa0e0a7-9161-422c-9742-f705a0c92828,2025-07-26,-118.000889,35.300512
3156,f65d7124-a461-4c82-b892-d55105860d13,2025-07-27,-123.267618,39.831628
3157,2f318308-6d04-4f05-8834-9f7cdce2383a,2025-07-27,-114.583454,34.828072
3158,bdead44e-0ddf-4a1a-ad05-440493024012,2024-07-14,-119.367525,35.3858693
3159,6339e262-6ccf-4d19-8436-44e508d43ba6,2024-07-15,-119.624655,35.5879546
3160,4172fad3-c130-4607-a91c-f18612dfb07b,2025-07-29,-120.202377,37.07642
3161,8adc6368-26e7-4a91-9299-6289d17328ea,2025-07-30,-120.274202,36.995304
3162,77bd9c52-9888-406b-8e75-f416723bbf98,2025-07-31,-120.957447,41.48008
3163,c71e52ee-6c58-44ea-9a55-6751ff5ba081,2025-07-31,-120.53608,34.80493
3164,7f9b2183-819f-4487-926b-aa36b4a31c1b,2025-07-31,-120.656672,40.445172
3165,c7c33e08-b93d-4de0-8394-6ef53d2ce621,2025-08-01,-122.086035,40.028565
3166,33d6cf9b-2d77-4039-baac-19b90988f804,2025-08-01,-120.747715,41.319441
3167,fb7c1cc7-8104-4776-b89e-fd27cb9b7be9,2025-08-01,-120.097902,35.111258
3168,556f1827-6c95-49b8-a708-74027a55cfdf,2025-08-01,-117.0978951,33.0088892
3169,ea201a75-e79c-4ff4-91fb-3ccc9142f1aa,2025-08-02,-120.508946,35.527328
3170,86ecd8ea-4e67-400a-970f-c0d7033232ca,2025-08-02,-117.653566,34.429401
3171,21cd718c-9ec8-4f5b-a65b-bcf3d1c03450,2025-08-02,-121.1305479,41.7203467
3172,f8074843-7b89-41ff-b0bb-8d9fb609a236,2025-08-02,-117.1513823,34.0005417
3173,c64713dc-7279-43b0-b075-9570a4211973,2025-08-03,-122.6525158,38.9775809
3174,249fb1ec-a4f7-4140-86cf-251ef00f4eeb,2025-08-03,-122.023919,37.7023074
3175,e66a9f93-dd3c-41bf-8a95-ec2671bd116f,2025-08-03,-120.966641,37.053702
3176,0ccc3062-fdb2-43e1-95e3-08a91f262264,2025-08-04,-116.906906,34.320286
3177,32bba53a-d4c6-4672-b63a-49448c53fa68,2025-08-04,-116.53338,33.56604
3178,05a1d89c-3180-4833-b7c2-93801a7bff87,2025-08-04,-117.002097,33.213005
3179,b73f17b3-812a-48d1-8392-f96c65f4ad8a,2025-08-04,-120.657099,36.778239
3180,5dbdfbfb-070b-4de1-8c40-c68341ae8605,2025-08-04,-120.103532,35.222269
3181,4cba24e3-da08-4c70-9bd1-9ba7a4de5db8,2025-08-04,-121.028053,38.409043
3182,4876140b-cfd2-4790-b779-619cb3b72fd8,2025-08-04,-121.299167,38.839
3183,632408e7-21ae-4c17-93b0-98150158978b,2025-08-04,-120.337696,36.733265
3184,8690b495-e0ed-42db-93b8-9a1b521a4152,2025-08-05,-117.134907,33.602245
3185,4d5d4b02-54e9-4c85-88d9-defe7c93e56d,2025-08-05,-122.135164,38.054161
3186,ed9b3543-756f-4a0a-9e21-d49b318a8874,2025-08-05,-121.864915,37.576408
3187,39a92f5a-8c43-465a-afa7-17cae1e7e271,2025-08-05,-119.757059,37.08471
3188,6b9366ba-bd79-4e04-b486-23fed65a6a2f,2025-08-02,-120.038987,37.770605
3189,a1012121-c7fc-4a33-9dec-1033603bf1f5,2025-08-06,-123.51271,39.73421
3190,da5d92f0-bdba-46d6-bd78-857153ff630c,2025-08-06,-122.52078,40.409513
3191,f9818c6f-7638-4425-96ef-1ba8703c127f,2025-08-06,-121.074404,38.483838
3192,a8d01a9f-0a2f-44ee-b011-517c9b4df43e,2025-08-07,-118.73503,34.441462
3193,9682483b-a5ec-4aa9-9078-25b5ec45bbfb,2025-08-07,-121.72738,38.69111
3194,77f07fa7-3b2e-46f0-a5db-a96fd1ea226b,2025-08-07,-120.989102,36.635134
3195,89621310-6279-4225-8a78-d7bc1436f88b,2025-08-07,-117.453354,34.015644
3196,f6fd378d-cb6e-429a-b871-7f9bcc82025a,2025-08-08,-117.50691,34.033455
3197,c59e12dd-db75-450d-b3bd-af542dc2372c,2025-08-07,-121.120371,41.955097
3198,6cd99766-91c5-4519-95dd-602482cd1caf,2025-08-08,-122.2707332,38.6989922
3199,f967b9d0-6970-4f20-bccc-3c8df66cd38e,2025-08-08,-116.281929,32.687885
3200,64f3cd30-8327-4384-bb56-63ac835a0b7f,2025-08-08,-120.516289,38.430401
3201,92dad1c8-af50-47f9-93d9-dc7fca758455,2025-08-08,-122.680639,38.994765
3202,c8df0d76-a014-495f-be50-250593d901ef,2025-08-09,-117.477459,34.325756
3203,04483315-ddce-4a70-a56f-8733f9d0fcd3,2025-08-09,-122.805092,39.100802
3204,ae18777a-ca05-418d-965c-b34355a324d1,2025-08-09,-118.722809,35.468395
3205,22e01b30-09bf-4e3f-9855-6b830e81543f,2025-08-10,-121.295635,39.386003
3206,825b12a9-3cd8-43fc-8456-918381122381,2025-08-10,-121.170005,40.91808
3207,bc6cfae1-6556-46a7-ab4a-4a7598c07d8b,2025-08-11,-121.33,41.8124
3208,8624e244-bdfb-4faf-b0bd-c7daf549633f,2025-08-11,-120.126968,37.573647
3209,3efab425-a77d-48e1-a7d2-31d2de991864,2025-08-12,-121.286667,41.714
3210,a1bff10a-0a85-425a-8175-a33a98b1070c,2025-08-12,-119.724423,36.974318
3211,c26bbba5-e5c9-4d07-85ea-830845edb464,2025-08-13,-122.234924,38.560009
3212,a28bd151-9463-4ea3-8a4f-d6e720f01c60,2025-08-13,-119.97478,37.257358
3213,31e4db70-aaf9-4864-ab09-d2e90201764e,2025-08-14,-118.79656,34.720071
3214,33ce048a-b003-4336-a9ee-fa2d9511d760,2025-08-14,-118.2272114,34.5314258
3215,48a7d32f-2ecc-4030-acf5-e4a2a1ef8ce3,2025-08-14,-122.4019,41.932642
3216,b10d856e-7741-4295-88eb-cd1c834ff295,2025-08-15,-122.131599,38.097839
3217,a93d0a70-3bc0-4871-8174-9244ef286600,2025-08-17,-119.56892,37.214319
3218,fa144dab-4ddd-45f8-83b6-1a90f50d67b3,2025-08-18,-120.66952,35.453419
3219,d94d8f86-a05c-4a9f-a309-cd5f7823a656,2025-08-19,-120.140056,36.865734
3220,c70ae143-c751-48fe-a10a-f1c0347c3bd6,2025-08-20,-120.636971,38.535896
3221,ad8a290a-744d-498e-b4e9-b94f78b5e146,2025-08-21,-121.644112,37.084305
3222,5b4fef80-5eca-4bc6-acae-02aa42a7a18b,2025-08-21,-122.5519541,38.6001023
3223,314d2f97-54dd-422b-9864-16135e58a0e3,2025-08-21,-121.100506,38.489675
3224,65296e0e-94a3-405e-bd6a-a28ace795d80,2025-08-21,-117.5346389,33.4530278
3225,48ce54e5-c038-4496-9574-eebcfec97748,2025-08-22,-121.908142,37.732098
3226,c098ae85-db2e-41da-83ca-037d827c5166,2025-08-22,-118.585846,35.569296
3227,6b986ba9-e86a-4c6d-8de5-8c44228793f8,2025-08-23,-116.997928,33.498964
3228,d93b91e1-a909-4c1d-ae42-3249ef874b43,2025-08-23,-121.514636,39.265104
3229,3e30d9df-db01-4acb-934c-af5cd0fe2879,2025-08-23,-119.044543,34.995365
3230,be4c1c64-9b6c-4d40-bbfc-f4b8b24804a5,2025-08-23,-119.620204,37.067374
3231,6155c47b-b61c-48d6-bb2c-6a69a6431761,2025-08-23,-122.40685,40.38862
3232,9d372a20-0746-4842-bd0f-bff3c34d4bf3,2025-08-23,-120.029309,37.097674
3233,fbffffd7-48c4-4770-a7ef-2155b6d054ed,2025-08-24,-118.909333,36.536667
3234,ce840fb1-e2d2-4b9a-bc9c-fbe67dbddb7f,2025-08-24,-120.477333,40.435833
3235,ff0b75c2-1968-4021-b7cb-070b7bd73769,2025-08-24,-119.027914,36.86508
3236,c0d28e66-6e9d-4b11-b35c-6b6faced0038,2025-08-24,-122.527007,38.89991
3237,0c1912a0-f243-4219-94b9-0c3b96c6de9e,2025-08-24,-119.343755,36.964445
3238,b228fa71-e2c7-4b82-aa46-cefd7f2149fb,2025-08-24,-119.34644,36.950182
3239,99c6e291-683f-4922-88b8-deb713154b5e,2025-08-25,-120.24025,40.678028
3240,08c79b64-8b60-4645-9010-ffaea3674ed8,2025-08-25,-118.232528,36.99955
3241,e2e8daf9-9b18-457b-b741-f6f57c5f3ebf,2025-08-25,-122.0,41.0
3242,de9b8a01-9e10-4ca7-97ad-67043afe44b4,2025-08-25,-120.133591,36.647094
3243,08f5737e-f8fb-4b58-972f-6cd8aeed2419,2025-08-25,-120.488153,37.891253
3244,914e88e1-6397-481c-913f-c99cbd6db94e,2025-08-25,-123.539009,41.54121
3245,23e74ed4-dda9-4762-bbcf-3e7a339758c0,2025-08-25,-121.227729,40.97749
3246,be9dfed2-0edc-416b-9c69-b13e13f664a9,2025-08-25,-122.298489,40.00074
3247,3f461214-6919-46f3-b160-fd0dc32d0689,2025-08-26,-121.650849,39.523797
3248,aa24ecdd-5b7c-4ef2-8423-dc88687c5965,2025-08-26,-118.147758,35.464035
3249,270ab2cc-1c68-4ffc-a7b2-5990bebe1de6,2025-08-26,-121.057196,41.088854
3250,eb382b3b-d965-4bae-a906-c1bde34d4ec5,2025-08-26,-121.590689,41.217878
3251,48a9cb94-d7ee-482e-a4fe-274f5b20d1ac,2025-08-26,-121.330697,40.737144
3252,a09db6c1-addb-4985-b09f-79c9dee4dcea,2025-08-26,-122.181166,40.472116
3253,b693a737-9d35-4881-bd17-d6d548c86ad1,2025-08-27,-122.188718,40.43326
3254,24e81360-1adc-4698-a555-8889e495116a,2025-08-27,-122.639809,40.782379
3255,76b3ce59-5628-4cb0-9ac5-0ed5664745b5,2025-08-27,-121.22717,41.86292
3256,3ce1e1a6-8b18-47a4-a0c2-504b8e0d23a7,2025-08-26,-123.18499,41.78715
3257,4782d694-390c-4f8a-8e9f-d34cb123216b,2025-08-28,-120.437696,34.990911
3258,f77059ce-71e5-429e-867c-3cb616e94659,2025-08-28,-123.23382,41.31546
3259,c1318018-7d6a-44ba-9e01-568fa18267aa,2025-08-29,-122.876633,38.919426
3260,504dec0c-b35c-47f9-9ef1-df84c5412c70,2025-09-01,-123.2668,41.41726
3261,afeee627-e908-40e0-918d-885d3259b147,2025-08-29,-121.585802,37.740292
3262,c3f60dde-0a15-4a38-b176-26182671e5c4,2025-08-29,-122.972167,39.043833
3263,69a4e5f7-b848-41b6-a707-a0f6c5f56dde,2025-08-29,-120.004618,39.941076
3264,14e4411e-04ff-401d-97b8-7bbd6217244f,2025-08-26,-123.173767,41.211359
3265,814f890b-75ab-443d-9cdf-badffd41e9f9,2025-08-30,-121.561084,36.805649
3266,f8959720-f626-4d96-8e3d-6a58560e934e,2025-08-30,-122.265569,37.443956
3267,052109ae-c63f-42e5-96db-e0caec9d0796,2025-08-31,-121.226906,36.448208
3268,238f0a06-c6ef-46b9-9917-f0034f83d142,2025-08-31,-120.809789,36.931478
3269,9e256520-38d3-4c92-84f5-d09ca04fcd94,2025-09-01,-120.115829,41.317155
3270,d6fc3032-2416-4bae-b758-76c722c657ad,2025-09-01,-121.8143349,40.4017003
3271,717fbc19-c59b-4e59-ab00-bfd9d28006ef,2025-08-26,-119.824371,38.028263
3272,129fd6b8-e9df-483c-9d7b-c21969377634,2025-09-01,-121.032,38.72489
3273,12bda901-0709-4358-b92f-95949e776973,2025-09-01,-122.020693,37.689612
3274,9999500b-3028-440f-b23e-e3455b10755f,2025-09-01,-122.31726,40.40398
3275,377b11f3-53f5-40f6-8cd0-d3ca6a20da5d,2025-09-01,-122.397152,41.159093
3276,6fdf7f24-d7b7-42f9-a81e-4f746d24607d,2025-09-01,-119.106092,34.545175
3277,178b7844-a934-45b4-8f9a-e83dda369eaf,2025-09-01,-119.472565,37.044697
3278,ba0bb42a-b850-4305-9f87-ad1807020261,2025-09-02,-120.074557,37.119648
3279,d769e11f-e3dc-479d-853f-f339470d7ca3,2025-09-02,-121.21753,38.862604
3280,958027b6-fb08-4446-a276-0696bb0bf778,2025-09-02,-121.007605,38.484002
3281,80a0e51a-71e4-4327-a248-eb2e3438740d,2025-09-02,-121.113812,38.621374
3282,3e9cca98-ed61-4b7a-bf78-a39caa8b0535,2025-09-02,-120.197971,37.250521
3283,5da4a983-58e7-49ad-b5fd-0be908b61d1d,2025-09-01,-120.36348,36.011656
3284,dab25b3c-d36c-4778-a9e8-edf2f5ef7407,2025-08-25,-122.8508333,40.9044444
3285,62a80530-b52c-4fe2-9d3a-d5057db88a6d,2025-09-02,-120.986172,38.379304
3286,6bcfdaca-6440-42fa-aa12-d0f2d7f74385,2025-09-02,-121.043423,38.464121
3287,ff703d8a-d4be-4eaa-8a56-64dbed6c9d79,2025-09-02,-120.256117,37.529667
3288,7533b587-26cd-4518-bbe7-299050c6e2fb,2025-09-02,-120.962011,37.079208
3289,6568707c-d456-47e3-8919-27f6dd6d1167,2025-09-02,-121.048558,38.438081
3290,90ce6dac-d2df-4fd4-a228-53dbabe869aa,2025-09-02,-122.164789,39.960829
3291,4eabc8a7-b2a0-4492-8b19-f2329d4bbc01,2025-09-02,-120.475152,37.998587
3292,28868992-a898-4079-979b-360e726002e0,2025-09-02,-123.231979,40.406746
3293,c3f6d925-9839-4139-baad-2765138f45db,2025-09-02,-120.3755,35.945333
3294,549b3868-2d30-4653-b876-eafce2d832a9,2025-09-02,-120.067334,37.255225
3295,d06257a8-4409-4238-8f45-b27b8cf899b1,2025-09-02,-120.007439,37.262108
3296,c956becc-63af-4fd1-8aa6-9da2e496d5d5,2025-09-02,-121.612192,39.524747
3297,85af7553-a237-4ce6-921b-e9d46a86bbce,2025-09-02,-120.437333,37.819667
3298,f49cf3f1-35c2-4863-a7ee-755e908c9d18,2025-09-02,-118.927674,35.417279
3299,e0a4553b-e334-4136-8b2d-2a82e4fe2a66,2025-09-02,-121.340233,39.013895
3300,210bd886-cea4-4916-9d04-7bd28063c8dd,2025-09-02,-121.451769,39.890933
3301,0c0572ad-e2dc-4467-a678-c9e8ba57a410,2025-09-02,-120.102889,36.24125
3302,bb9b7499-20f7-4511-879f-b9b14c82f146,2025-09-02,-120.349833,35.944667
3303,f0ce9509-7f67-4063-9e46-0d5395a7fc99,2025-09-03,-121.350555,39.342777
3304,7e192d1a-cdab-443a-b895-b6190b050526,2025-09-02,-120.38529,37.77721
3305,bf804af8-b50d-449b-a1e4-fcb89e11def4,2025-09-03,-117.024162,33.753799
3306,3482d4a7-c0f5-4b99-b428-bb093275e90f,2025-09-03,-120.019506,36.985276
3307,b6055b28-a825-4be5-a9ef-a5f63f377cb4,2025-09-04,-120.99063,37.020145
3308,2041e6f5-b306-427a-ae1a-57cc8d135250,2025-09-05,-120.754223,35.233355
3309,2bf1f3d9-4cf9-4e44-a9fd-21d8d9846781,2025-09-05,-116.95884,32.7256
3310,512e6848-d749-4ecb-b9c3-4f89495ec383,2025-09-05,-117.462368,34.017805
3311,6289cfc9-cacf-4db5-94a0-0b8b7e8f8895,2025-09-05,-117.16674,34.361588
3312,d9b216b4-4c0d-4756-b37f-a463cedca03d,2025-08-31,-118.7677,36.9397
3313,ded457ce-a55b-4d57-8ed4-da2ff5b64a3f,2025-09-06,-117.313944,33.71145
3314,04e9f4df-71c5-44e7-af1d-82e24f1c1933,2025-09-07,-118.118136,35.223722
3315,e6f0fbb8-8a04-4969-9dfe-6ff995e1c84c,2025-08-30,-118.817167,36.901167
3316,510ca45e-10ff-4440-82ea-e02a312fc631,2025-09-08,-120.48818,40.375587
3317,1e07aada-6a3c-47be-8dc9-f6db9ff596f6,2025-09-08,-116.940637,33.594925
3318,0baee5d9-2f57-4a41-b4db-37cf926cb62f,2025-09-08,-116.905491,32.832348
3319,b8ef214b-a9a6-4138-bab9-6ebe1e502669,2025-09-08,-118.930008,36.056176
3320,4a5efe57-a4a1-4e52-9db5-1d592f156ea0,2025-09-09,-120.969345,37.056509
3321,4591cb85-cb46-4af4-a772-ae36ab73c07e,2025-09-10,-117.170723,33.473554
3322,06477093-53c9-4ee7-9883-18a739be764a,2025-09-10,-122.398034,39.962679
3323,a1f25049-f72b-455b-9fc3-1a9f0a5fa3f6,2025-09-10,-122.619388,40.474673
3324,0491500f-f692-4f2b-8ea4-6cef3134d875,2025-09-11,-118.48688,35.99553
3325,d6d4577f-661b-42c1-8fb8-90ff55f60844,2025-09-12,-122.056304,38.458292
3326,c9efe369-7ff1-463a-82a1-076732c3e4df,2025-09-14,-120.775674,38.021791
3327,e54fd92b-fcaf-4483-9f9b-cb1bbb83da7a,2025-09-14,-120.056215,37.010829
3328,462ddd93-568f-4a64-bb6a-4825e2503d3f,2025-09-17,-118.181595,36.20052
3329,25ec6d00-c91d-450d-bd04-73656a96622d,2025-09-17,-120.612219,37.491158
3330,6018c27d-885c-49b7-bb73-bb95969347f6,2025-09-19,-120.333854,36.61751
3331,4b917f26-a403-4f61-96d4-d861d50ddd4e,2025-09-20,-122.003395,38.416028
3332,d598137f-a3d8-47c3-beb4-8a3b4fcb4084,2025-09-22,-120.998424,38.827689
3333,98426066-4586-4ebc-a8ae-573eb3b663fe,2025-09-24,-117.084452,33.768255
3334,15701491-c78d-4cef-af34-06398c665132,2025-09-24,-123.341945,39.926657
3335,d5765fe2-4b65-4dcd-8e1e-923926c23d35,2025-09-24,-120.498195,36.219908
3336,75c850b6-27a5-493e-aaef-a42e02b2eab4,2025-09-25,-118.751784,34.301578
3337,2d15d2af-d4a5-4f41-a17c-b17e3030ea93,2025-09-26,-120.732557,37.906127
3338,793418f8-d217-44c3-8409-617b2a3107a2,2025-09-26,-123.527677,40.463864
3339,cd5d2222-9721-4800-a0b7-604d56b86a93,2025-09-29,-121.074736,38.482401
3340,5fa1beec-2657-45ff-8f6c-3c16313ad424,2025-09-30,-120.272427,37.482008
3341,e88762cb-c444-463b-a9fa-bd131be581b4,2025-10-04,-119.860559,35.307304
3342,4e227d77-89e7-4979-9939-fcc5ffa68845,2025-10-07,-122.366039,37.320463
3343,0e752865-9282-4376-a47b-a01b3137198e,2025-10-07,-117.264357,33.444583
3344,8c2e4c76-3096-4030-b96e-2ec0238a0c29,2025-10-06,-121.264818,40.986657
3345,d8faf459-c016-4748-a700-8b3a55031d79,2025-10-07,-121.251881,39.101047
3346,55e1f98c-9529-4506-a70c-9e0dcd1390be,2025-10-09,-116.769802,33.0751624
3347,63aead75-03bc-41a2-aeab-fc3b7d577a19,2025-10-11,-118.966173,36.066607
3348,4a9e5bab-2700-4f02-ba6a-6408daff194c,2025-10-11,-122.44521,38.885668
3349,c2fc1e28-9afb-497f-99d3-889923a98c95,2025-10-12,-116.393457,34.063714
3350,949a2c98-c78a-4af3-b26e-f17238cba107,2025-10-15,-118.843604,36.025508
3351,9fd8ec22-00ac-4d40-919a-673171e2e5db,2025-10-18,-116.561245,33.861292
3352,8a5549c9-2dd3-448e-8b57-46c7e646ac99,2025-10-21,-119.870253,37.357481
3353,62e3eb77-4a7a-4a50-83c2-c112dbaa651d,2025-10-22,-118.765302,35.909937
3354,f69dcde3-24f7-4b06-8ec4-a2a2e1884297,2025-10-26,-121.620807,37.734211
3355,88e7a844-f124-44ea-8000-35da04017bcd,2025-10-27,-122.275786,40.001361
3356,27b9f8cd-a1b4-4bb9-8f2a-2e75322ba48e,2025-10-29,-117.273098,33.756323
3357,426e587d-404d-43dc-a013-913bc5a1f41f,2025-11-02,-116.478846,33.100441
3358,075f506d-0a46-474f-8734-fcfa7cd2ae74,2025-10-27,-118.4867,37.4864
3359,d9f850ad-d72a-4fe6-9c10-5e140356b7af,2025-10-29,-120.026064,38.305002
3360,2a8b160f-6e69-4e79-848b-e8f77a8cc86c,2025-11-08,-116.761976,32.594887
3361,ce483b9d-a84b-486a-b8c6-fb271795d49b,2025-11-09,-115.293446,32.901984
3362,c139680a-c78e-4ebf-8de2-c0b4870b97a2,2025-11-02,-120.196545,38.077702
3363,42ce05cd-de08-4d5f-8f0e-be53ba48dc3d,2025-11-13,-118.788215,37.56243
3364,d34cc9cd-2663-483f-a11e-c2da18f0d289,2025-12-04,-120.347667,38.4835
3365,8f9a3173-0ea3-46c2-a4f9-8b254990c187,2026-01-24,-123.506241,40.506958
3366,9fa1f646-0539-44ef-b868-41fc490de65c,2026-01-27,-122.67011,41.362804
3367,94b577bd-a3da-427e-aef9-ce4e51d750ee,2026-02-06,-120.473025,41.525772
3368,f8f00c08-2df8-4324-9f67-60d84e409fd9,2026-03-13,-121.325398,41.091881
3369,57e6d6fc-66db-4864-8929-a578cac494dc,2026-03-20,-118.288987,35.31376
3370,811b3942-6305-43d6-83b3-2469deb63146,2026-03-22,-120.230337,37.616619
3371,52e04bc2-2e07-4b6d-9210-f699a542da3c,2026-03-24,-120.347595,36.603111
3372,ee631649-6ddb-495e-b1df-3dde26148429,2026-03-24,-116.773828,33.914311
3373,1fb9009a-d97d-447a-acab-875c628189de,2026-03-24,-122.1167,41.554617
3374,caa1ae68-931f-4ad0-911e-334235bdc101,2026-03-24,-121.282906,37.448285
3375,312d749f-1cf9-496a-93a6-c77a7cf2b617,2026-03-25,-119.882,35.823
3376,43975eba-2d19-400a-be01-d99047a1c6be,2026-03-27,-117.776,35.4939
3377,5001511b-8685-4f15-9ddf-640d879d2297,2026-03-28,-122.467775,38.537939
3378,fd18afa4-2577-4655-942f-7e6998783f7d,2026-04-02,-120.313486,36.229742
3379,8767de7a-c662-4dd0-965e-7fb6be9793f4,2026-04-03,-117.094579,33.914308
3380,8e97c34f-a86a-43fd-895c-c22044e0c9ec,2026-04-03,-118.196999,34.465928
3381,63af4de3-436b-460f-9351-c8c4afcd40ea,2026-04-05,-117.09457,33.52512
3382,c7154033-1cf7-41e9-8442-0a318020786e,2026-04-06,-118.814608,35.715926
3383,724258fc-5e0b-462f-9d51-8d63e5aaa56b,2026-04-07,-120.405261,38.306181
3384,570d39ad-89ee-4cc8-b78b-d1daf10fd202,2026-04-08,-116.99484,34.3962
3385,a119566a-d30d-43e6-93f7-f61cc3b39bf8,2026-04-08,-120.311009,41.274119
3386,ea14fb04-6c0a-4112-ab2a-2a98bc961ea1,2026-04-10,-117.27363,33.83131
3387,1493c551-1d09-4320-ae4b-7bcd393445b5,2026-04-11,-119.084457,36.287227
3388,83465b38-5c6d-4392-8448-86970f42bf82,2026-04-14,-119.79721,36.20001
3389,26a0942b-6d04-44e1-9220-933ce5a7d782,2026-04-15,-117.472118,33.980189
3390,6864ad9e-7151-4342-970a-503bf9cce65a,2026-04-16,-118.23457,34.72345
3391,3aa2187d-4e91-428a-8854-18a4c5913d64,2026-04-16,-117.9543,34.7041
3392,5ca7540f-d4f3-47e5-9143-d1cb93485817,2026-04-16,-120.915156,37.313499
3393,6ba31b8b-84a8-47d4-994e-5444cf0bb746,2026-04-17,-117.283536,33.610407
3394,15fbf4a2-9bb5-4268-975f-771f7ffb7d04,2026-04-17,-118.240713,34.878679
3395,de3a56b5-3ac2-4b3c-a985-daad3c5aa8a6,2026-04-17,-117.3217,33.7288
3396,8c870ebc-7b53-4eda-bf16-2b95ee692184,2026-04-18,-117.171806,34.615749
3397,6960bc16-2480-4343-8506-588db44fbbcf,2026-04-19,-116.438693,34.164345
3398,c0c3e864-a454-4ba8-8fa0-e56fbfd6ab9d,2026-04-19,-120.656805,36.616572
3399,3c354867-68ad-4b7f-a7bf-5d7251b88646,2026-04-19,-119.942661,35.322168
3400,bcc43650-20be-4486-915c-5cee548efad1,2026-04-20,-118.335167,36.085667
3401,44bc2754-3cc7-4247-b53c-42e50257c0c0,2026-04-20,-120.647066,36.9757612
3402,fb18425c-1e54-428f-a4dc-48b14f4780c3,2026-04-20,-119.791,35.536333
3403,b65a6742-3951-4dd2-8df2-93674dbf8071,2026-04-21,-117.9112,35.4001
3404,409e2a7f-6968-4809-a7f3-b4b70bd74291,2026-04-22,-116.078972,33.540065
3405,fd2061ea-b07b-4f90-8a3a-d11892a132b6,2026-04-23,-119.2907,36.8712
3406,1aa9c33d-38cd-4902-b778-70e6edef57ff,2026-04-24,-119.6618,35.6405
3407,4b99c6e4-0545-47f4-9a38-aa8955d6d05d,2026-04-25,-117.8182,33.9231
3408,3ccb43c8-cc08-432f-bb6a-007d59b872b4,2026-04-28,-120.869922,36.165819
3409,b9b88cd0-51d6-455c-bc93-f098c3fa0af6,2026-04-28,-118.949713,35.645549
3410,ecff225e-aa0b-4a4d-a5db-875f9434ce74,2026-04-28,-119.667943,36.683543
3411,7fc17a2c-aef0-4d3b-ad48-48365dfa11ef,2026-04-30,-120.361017,36.730983
3412,a1b88170-c656-48fe-95ae-62e743ae075a,2026-04-30,-120.491517,36.883029
3413,5d410c0e-21e9-4880-9cbc-3ba97dd9d50e,2026-05-01,-117.525153,34.417488
3414,a7560095-9bca-4fef-944e-275e9b0cc894,2026-05-01,-116.523796,33.228012
3415,f7af6142-3c44-4005-a255-6a0bed6544bd,2026-05-02,-116.91934,33.463566
3416,4ad31b21-bf4f-4059-8e5e-795cdbddb512,2026-05-02,-117.848333,35.750712
3417,b4cbaac9-ad43-4dc7-85f3-e8ff1c7dddf4,2026-05-03,-118.793342,35.359142
3418,11a1fd0a-1989-4260-a35b-0ccce7ad51cc,2026-05-05,-122.726125,41.864171
3419,2be4f2a6-19d4-490e-8648-1acbea88a198,2026-05-05,-122.739601,41.867405
3420,c7856e79-80de-4757-b2c5-e2d91f62cbac,2026-05-06,-120.368915,37.366165
3421,c84c6685-b14e-49e0-9db4-9478594fdd26,2026-05-06,-118.7336,35.2854
3422,a097d90f-92f1-4d05-9f72-d7fdc35e0347,2026-05-06,-118.683831,35.303795
3423,e2ba6bfb-8fda-42aa-a950-b804dcde81f3,2026-05-06,-121.782603,37.220781
3424,da287753-457a-4eea-8ff6-5c43108e2de3,2026-05-07,-117.858482,35.500247
3425,dc6385e4-38c2-4697-bdb8-b623aab54957,2026-05-07,-117.630638,34.432653
3426,8ab7c3b4-4542-4ee0-afc3-0d1dee5a5195,2026-05-08,-116.966021,33.9217
3427,f89cbac1-8f8b-4b74-8bd7-3d96c5abc059,2026-05-08,-116.945135,32.578508
3428,23fa20df-873a-4096-837a-e30a68b29ae5,2026-05-08,-114.62211,32.73624
3429,73e860b1-7a78-495a-a815-97ab4073dfe5,2026-05-09,-119.043958,35.604977
3430,74e163e7-30b8-4e8b-bc51-7adea98abbf5,2026-05-09,-117.189192,33.738839
3431,9e56db7b-14e3-460c-9af2-8da8804bda9d,2026-05-09,-119.497705,35.335226
3432,2d11e5f1-316b-4af7-b8e7-29a1304006a4,2026-05-09,-117.226115,33.815645
3433,b59aee07-23a7-4975-a2f8-bb47cc51953a,2026-05-10,-118.3448,34.8662
3434,a63ac327-fb68-4511-bc6c-f05a8a84714d,2026-05-11,-120.387081,36.720057
3435,3e3f0399-f519-47dd-b8cb-09be4fae33e3,2026-05-11,-120.139041,36.38595
3436,bc4030fe-3e1c-469e-9513-839074a60fda,2026-05-11,-117.471416,33.762371
3437,38072cab-1319-4e37-8cf7-eff12add7f41,2026-05-11,-117.204183,33.845919
3438,f0fc59fc-1fe0-4e4f-b8fb-bef190a41302,2026-05-11,-120.766961,35.809708
3439,1ee38364-9936-4498-bb3f-340d3d292411,2026-05-12,-121.434348,37.658226
3440,30296316-305f-421b-9854-0c2b769b0c44,2026-05-13,-118.2149,34.862116
3441,64091406-1800-4b40-a3da-126532fa8125,2026-05-13,-117.7797,33.9981
3442,a9494c63-3df9-4f4f-b8c5-8b631fa52097,2026-05-14,-119.4643,35.7708
3443,4b0a38f6-3958-41c8-a1e5-d346d74b64b1,2026-05-15,-120.092289,33.912726
3444,1545d4a0-bde9-45fb-81c6-426f8e4b597a,2026-05-16,-121.825759,37.970915
3445,2991ccc1-2ca3-4255-bf3a-b20b64c02d3e,2026-05-17,-122.080013,39.969727
3446,f09a7b89-4a89-4d1e-a372-6885b9937c75,2026-05-17,-121.654592,37.746519
3447,b1b03429-6b7a-4c49-b71d-4dba01f1d7eb,2026-05-17,-120.4611,37.608814
3448,7a578d42-20dd-478a-8689-c0399a75262a,2026-05-17,-122.000899,41.666615
3449,abec3b38-22dc-43ed-bc7f-56c0c97c81ee,2026-05-17,-118.829313,34.988441
3450,2db61f6d-71e4-46c7-9c9b-5bccc6bbb361,2026-05-17,-118.967963,36.05049
3451,b3e2e77e-1d43-42ef-8954-927b0473ed12,2026-05-18,-118.784317,35.442882
3452,5817a8d2-ef23-46eb-b52d-21a7b6a36999,2026-05-18,-118.65965,35.2920419
3453,9cfb1ec0-755c-464a-9f11-0dfca8847902,2026-05-18,-118.744109,34.249653
3454,91976d4f-ef86-492b-8280-c7b16121927a,2026-05-18,-120.963414,38.083485
3455,df467b78-e630-42b5-ae2e-80d9aef54638,2026-05-18,-117.842907,34.251583
3456,dc8fdbc2-ebd3-4f33-b7ab-3aa54ee9a200,2026-05-18,-118.258932,34.7003
3457,483c7458-c33d-4dae-9abc-6566ef6327eb,2026-05-18,-120.503095,37.385657
3458,5acf5b07-2b95-457f-bf98-6b8d5c9c1c64,2026-05-18,-122.357874,41.644264
3459,0d48189a-21cf-48ec-9bd0-642edd018552,2026-05-19,-117.750012,33.936949
3460,ad43f187-d40a-4e93-ba2d-d4ea08c8b63f,2026-05-19,-117.50467,33.964077
3461,d3407a0a-c308-4e10-a15f-08495b10f278,2026-05-19,-116.3825,32.7198
3462,63871968-492d-4948-9902-f5a03e924f14,2026-05-19,-117.0809,33.7639
3463,684a57ce-09f5-4c9c-a372-b9be2c342458,2026-05-19,-121.15093,37.0326
3464,a9e698a7-e914-43c6-b2ab-8cccb6a08b9c,2026-05-19,-119.611649,34.886119
3465,942af93d-f1a5-467e-ad37-b327eedc3442,2026-05-19,-115.2916,32.92584
3466,786b9d0b-dd65-4d6a-a727-e376165933fc,2026-05-19,-116.648373,33.555036
3467,04771a55-93ea-4810-a05c-23ee7fb2c8d6,2026-05-20,-120.361017,36.730983
3468,f5ee46e0-9d6d-4b5c-b54b-860727d07313,2026-05-20,-120.658143,35.639022
3469,892da051-a182-4f74-95fc-5356d605bd36,2026-05-21,-118.5278,34.7904
3470,8b2039ba-d272-4a79-82fb-d071a6d66417,2026-05-21,-120.826987,37.841898
3471,99028a9e-31f9-4a3e-abff-b70fdb19369f,2026-05-21,-119.898219,35.322078
3472,0978d823-3b2d-4363-b7fa-00e1ad015af6,2026-05-21,-121.88,37.962
3473,8402e8a8-84fd-413d-ba48-27c188805a86,2026-05-22,-118.3801,34.8689
3474,b5ea778e-6257-415b-869f-4636b95eb90b,2026-05-23,-122.064413,38.608579
3475,b5464d49-fbe9-48e0-8577-85242e26d5d1,2026-05-23,-120.390403,37.882716
3476,4e779b08-433e-4492-9975-b76ff878b1c4,2026-05-21,-118.0007,33.7869022
3477,1f5def9f-69f4-4991-b49d-0b422b501700,2026-05-24,-119.296016,36.602544
3478,0c0ec6ab-2a26-4274-894c-875d88459c8e,2026-05-23,-117.739303,35.274235
3479,24057501-30d7-4d52-ab98-12c781d5c0de,2026-05-28,-121.479097,36.996788
3480,9c726442-725b-43b8-a49f-3ec1d50833ba,2026-05-29,-121.920464,38.009602
3481,2457c3f2-4403-47bb-9bb1-2983bbdf17bb,2026-05-30,-121.321942,36.798788
3482,cfadd37c-529c-44c5-8322-5cf39c54ce7f,2026-05-30,-121.526981,39.335541
3483,6d9c03f1-15d3-40bf-b6c3-9a610e180245,2026-05-31,-117.50852,34.454
3484,13e20a10-f145-4fd9-9f2c-5c0d36f06612,2026-06-01,-120.096517,37.407044
3485,89cb73d4-2dae-4ab3-8532-39613e3e56ec,2026-06-01,-123.323886,39.013745
3486,21d53170-b5d9-4fb2-a771-73e47c76bafb,2026-06-01,-116.76388,32.56692
3487,22474354-a32e-4b22-8a1e-8e2872508b5e,2026-06-02,-122.430189,40.092791
3488,c7392ba4-582d-4f3c-b61c-1000c6323c9a,2026-06-02,-119.41907,36.683468
3489,08e8baa4-6647-46e1-a6dd-9ed69dac9acf,2026-06-02,-117.979622,36.210054
3490,e2de904f-87cc-47ce-81e1-82ddd8beaa5c,2026-06-02,-120.32662,37.651736
3491,e857def0-c032-4221-bf5e-53f00a6c5560,2026-06-03,-119.543408,36.604794
3492,3dd5ae4b-6ae2-45ab-a88d-a7e91f2c3533,2026-06-03,-120.361017,36.730983
3493,78aa799f-3873-45d4-9a2c-cf83542694ff,2026-06-03,-121.751171,37.93668
3494,e76fc299-3d0d-4eb1-9308-91e76f62624d,2026-06-03,-120.797816,38.764404
3495,8737af5d-e40c-47c9-8d4d-83d6194f6df4,2026-06-04,-118.5368,35.417
3496,a213b607-fe6e-4193-b436-5836fd659828,2026-06-04,-119.891484,35.732079
3497,9bb0311f-afbc-4388-9935-a61c4677711e,2026-06-04,-117.249884,33.7430428
3498,54c35e3a-aa1f-464d-8ee4-3f610f013b12,2026-06-04,-120.103613,36.240852
3499,f5dc6e02-cd24-43ef-b8c6-5ae604abd925,2026-06-04,-121.864364,38.205596
3500,2a818f5b-7c56-49a8-8fa6-c6576d4db89f,2026-06-05,-116.85,33.693
3501,748385a0-7bfe-4563-9c63-50af2d65b170,2026-06-05,-120.227357,37.379931
3502,2358e709-05b4-4427-82fc-b955cafc9957,2026-06-05,-121.217357,36.359273
3503,4c34a4e6-463c-4599-8205-41c255d5c842,2026-06-05,-118.3501,34.7802
3504,8504bd5d-724f-4b51-8052-03ae1f0ffc75,2026-06-06,-118.904257,35.442023
3505,dda6b237-f9a7-442a-a841-f55a0c7190b3,2026-06-06,-121.088668,37.1252
3506,a82b36a3-8981-4be3-9888-2ee550025e92,2026-06-06,-120.361017,36.730983
3507,27f0a069-7750-4e9d-93b9-568b614d2c38,2026-06-06,-120.391217,36.209064
3508,03025b02-a5dd-464a-a647-cb0265184067,2026-06-07,-120.194339,35.778884
