incident_latitude,incident_longitude,distance_to_road_km,distance_to_city_km,distance_to_coast_km,distance_to_powerline_km
40.774,-122.309,0.28655618268433053,4.828706152433049,136.91366438617425,0.15114066423608563
1.0,1.0,,,,
36.602575,-118.01651,182.46589979420153,89.61864363958266,81.51905324839588,0.106680231471203
34.288877,-116.941311,32.98688429025637,4.021639600568294,119.94331137927978,6.099748808669781
37.116295,-119.635004,99.8693628681395,20.521081926074405,135.66154673853845,2.441774066200327
40.190062,-121.595555,53.300212970669065,36.94451049744033,136.0884287458956,27.668764730159175
38.441792,-122.350844,31.092411697109007,3.393835936576241,65.93723902123713,0.052464436035733635
38.638828,-122.655616,61.08370535849293,7.051259383664332,52.361266866290975,5.254673088231934
37.160346,-120.937494,8.995613696805938,10.742198653504284,104.91865850898274,8.300612543198895
39.514139,-122.560862,29.74188382294666,29.316516901969013,109.48976009757085,8.255615521972558
34.1834,-117.4408,0.3855839756635171,0.0,83.19051588739669,0.12357210226243073
33.894055,-116.855019,3.4029608668535634,1.2152626577945542,92.62642900808282,1.8997091169021478
34.7861,-118.9411,5.837164960125505,2.875651242343533,70.85093509470035,3.7749940953922785
33.655638,-116.161201,5.980977324003477,0.0,114.8813198904413,0.1331805214040446
34.49149,-118.610044,0.8051010337850019,0.15450933580788842,55.87471603399494,0.2958999422371881
37.1927,-119.7917,94.82163745224,17.432650678187983,138.57585616902637,8.86250631637808
35.49864,-120.91375,97.39587096304098,5.0562132981473615,11.894094697466784,1.6241833493655733
33.96201,-116.907213,4.141156735650708,1.6456174242987962,94.81826303980415,1.6369910753348742
33.9582,-116.6534,3.909791052265524,7.239366836915978,111.02979591258034,1.2205076566644593
38.04993,-120.90325,36.585250227424446,5.662566818531268,131.20880417103814,1.218465958836223
32.564465,-116.900368,12.291833537211419,0.453220441100006,1.2377459169517417,0.2993700841515195
33.12111,-116.52579,33.11882207427769,24.933968043204935,59.132620779258005,4.856971216927902
35.5123,-120.6368,79.1273304268066,1.6522760471383244,29.88197634817404,5.202570604114578
33.963591,-117.187934,8.833645958140135,0.9744486828762525,78.36811614788444,0.08501165588749829
33.04458,-116.5209,24.734250565705523,22.174106889592895,50.650358822848055,3.9474928527168496
34.55048,-119.82429,90.79317380730326,8.745266779003549,20.616046858470348,2.4480709923318797
34.419284,-118.58688,0.45913962835457806,0.3058797620453318,47.785801882440396,0.35769670239299606
34.611824,-120.074655,106.29665767006557,0.17065709989415,21.779154490592575,4.357002103125141
35.15832,-120.05131,60.248214154963236,38.4482306725894,58.499644725700435,3.960612196946561
37.91529,-120.33313,83.06786007882766,4.265067841696589,109.70399502440682,5.663061922947076
39.434183,-121.576804,53.01819298905183,1.5538797677155443,135.2537809041166,1.9137762641222813
33.99647,-116.84137,7.26103313278894,4.934540018723153,101.70863473086813,5.848192108446752
38.4229,-122.0437,8.621540414920505,4.929261027336333,83.86547331542732,3.9837263602024793
37.03776,-121.006939,3.884743579684317,11.380022058683899,96.02675090050096,0.1411189180340412
38.99233,-122.703193,51.081355580452495,0.03698736637508747,75.88956855362824,4.285345930862438
34.585595,-118.423176,20.78439959981191,13.968824074638096,67.48293371062448,1.132632546077736
37.775057,-121.737213,7.040167186308372,4.80539039276399,74.12249899208486,0.5555429199336864
33.96936,-117.1265,5.938663832841864,3.043729506044164,82.63449261356864,0.8922468165292804
39.9845,-121.5747,53.4448871008596,14.191291868901482,134.61368725458962,10.815409697190844
38.27783,-120.966016,39.42492045928178,7.532643178768191,116.0872563667315,4.544602929045464
37.169379,-119.75636,96.31339760565513,17.418229093654094,138.49375026867244,5.845212625027843
36.772425,-119.628389,77.39196233474107,0.9270246652166495,163.89132644064026,1.6333440543814222
37.58202,-119.91071,109.66437363558045,33.99550510601912,113.05266207429362,5.30868200544186
38.729297,-121.380862,6.269427712716789,0.17276835094285786,123.32502330590626,0.046791055025372376
36.763367,-119.558244,81.89241092589951,3.367297951410146,160.48293413591844,2.503712723327687
34.001745,-117.302057,3.938787662057055,1.1188018969579083,74.0359206363816,0.7274352629769908
37.015575,-119.78106,82.73760263444142,6.880698970520383,152.63332347248277,6.932421286646054
38.08744,-122.13802,1.9064760518512796,0.2523741650099802,51.45454805283603,0.31845807970146284
37.03087,-119.463757,106.00545102579251,23.072900926006554,132.69757016975785,2.0172513091033464
36.7218,-119.2248,104.66763587562403,11.984889812267653,144.1633323374142,1.9201783584662104
38.98058,-122.81796,60.65020669534391,0.10884167384157319,68.18800579748752,2.4971978630404412
34.071556,-117.048397,6.944464136770115,0.24206294391974492,95.93037213152661,0.2914713491278873
39.90465,-121.74367,39.004103858989936,12.739085162883704,149.0981505246992,6.275952415414551
36.1531,-120.8973,54.95665243351505,20.497440266726134,62.23136825797208,7.135725955746718
37.96866,-121.91453,12.143708635393397,1.5015663282581437,62.43944702911673,0.9233117339937337
41.2415,-121.035,102.58151845542628,47.89068978000094,83.39122986286688,3.6090350391261343
40.012398,-122.079871,10.82531892004202,0.7839030887403726,156.58428101845848,0.3130666664733219
37.7393,-121.5869,0.0835957566829008,4.154333094348453,86.98563058995776,0.34501992196407644
37.74241,-121.86216,4.549734599421392,1.0329263587239683,62.86982595407114,0.09593409549008425
32.95435,-116.47381,15.991467743306826,23.016974353910843,40.26528159722255,8.59153785552104
35.62743,-120.83417,82.70078113195461,11.61015402138833,27.57116420934279,13.322117138637699
39.206,-121.31634,33.69494258202923,8.824632302915662,113.0903425713428,0.10265863245304938
40.373,-122.7338,36.61081255793274,31.336132276912288,118.83096494529174,0.18024816891751147
38.774,-120.298,61.36870633889104,22.22484291245713,35.93016514386762,11.171046250152449
37.1438,-121.7804,22.035477467711576,4.588716730815718,36.955554271413774,4.218755113175954
37.436,-121.1955,2.6990779129656524,4.029211764480958,97.55341788766218,0.4151706455983587
33.7095,-116.72885,23.496655437801742,12.448886219089024,88.09356480809902,0.2806842754562476
41.333,-123.376,73.20196951138463,70.91515174666507,64.19664473454728,40.00476070953345
34.316,-117.352,8.891263349981028,5.59257880401613,99.11030665051665,1.7397149276466881
32.612773,-116.707335,24.480984639093162,17.747064267913004,4.748552760218885,0.8323886559521638
37.279,-119.318,133.01217203225025,25.519570726406858,103.54536379022116,6.690613130952058
41.32,-123.176,60.66945289901838,59.88485033688596,75.99033043958988,28.17844160351984
39.6612,-121.50354,60.08833383612342,9.341985357179487,128.83209059102893,0.07670703373517151
33.990128,-117.164997,5.301544506275829,2.3863343701768414,81.91369453969894,0.3333092100797642
33.91027,-116.99895,2.480952466689639,1.6041130159890973,84.97729593973548,1.123054574294438
34.90327,-118.93388,0.9465354232171137,8.49330123182386,82.14285096970458,0.841430397409364
38.980846,-123.067671,80.77848405379565,12.810140639132806,50.862160834820756,1.1770971360515516
34.882,-118.9194,1.0666340388196283,6.4013636371949785,80.86125850707822,0.9606380581905031
39.961309,-122.330879,11.115639117465493,10.982461310477737,134.42524662205375,4.7314622318348
38.17693,-122.51253,23.54968202183762,5.070215461547676,39.21035665256785,0.8960774559181541
38.63987,-121.08438,19.848255242322427,0.18512866534645697,102.11916400488661,1.1607687470544013
33.9634,-117.2508,4.423673822345331,0.0,74.1234563508897,0.003540538745017177
33.94528,-117.09306,5.404452125847392,2.9000956128516204,82.51803212620973,2.1777192686869054
37.965364,-120.696362,51.93972963053801,15.911689326029494,126.44906194816586,1.5020890020092552
38.25108,-120.02778,105.6495054444736,24.568810547701133,64.01901377826363,0.7465247805320074
33.62236,-117.40288,9.513110989964272,3.376567529842828,36.62563457026299,8.180533363706887
38.838,-116.61,197.72063291130274,225.2227581313105,184.60833843131255,185.84293272060927
39.1591,-122.5906,35.8418584614517,15.968978850501298,95.68574323082021,15.281884201748717
33.86157,-116.90427,6.9412515694121,5.193388564331554,86.86220836480906,4.573592400066711
41.035,-123.488,88.48634922372142,46.30422918700327,58.58545210284311,13.409960781750822
41.923323,-122.578393,0.09613213707521152,18.56850122017854,9.23192956639959,4.146488683629409
38.682378,-120.839075,31.612264638398283,0.0,80.77054747397015,0.41778226742317043
34.35,-117.62,12.690869308933056,0.0,86.18166406834938,10.12585337974323
40.473356,-122.48259,12.623704996721104,7.86656020784022,142.82709787504692,4.697773219032445
39.446268,-121.38236,51.94204998330819,8.630957785214227,118.54416471500168,4.4559908965992125
39.12,-120.65,15.18049346523175,25.38305846531314,55.827158298261,11.563527034165842
40.88886,-120.958126,114.49763851312336,55.928017752036546,80.8365633453155,29.166960840952488
33.570291,-116.10815,14.161455438817645,1.6105213544797012,105.03344252002421,0.09481630792822295
39.013682,-122.491894,33.51839705946624,11.576436583964925,89.66163627000877,0.04036768855630905
38.06231,-120.45233,75.17465287000124,4.728938870339874,104.27553966320238,2.7525883653629406
34.287,-117.451,0.04757956324537322,5.309195710571457,90.3821497645773,0.689499248610876
40.498332,-122.535496,16.22507333992815,9.858450856821884,140.50418397009932,8.300442517217553
40.00842,-120.764666,76.78227056636739,13.702193812435485,65.46070613257527,10.708894744932364
35.707,-118.588,75.5837786404588,12.921593102106472,174.30847135306064,3.7098399843083225
40.5445,-121.3754,78.05075438471034,43.30867762504503,116.86021244972207,20.573442730499565
34.2,-117.417,0.008824824002811761,1.1750373829648004,86.05457714208622,1.5290906802613016
40.04263,-121.85397,30.364747240137476,19.72800406088675,158.36535102594823,2.0762139081378024
34.302,-117.598,10.902765682776952,4.895760647546719,82.94388857708562,10.268489971770629
36.208,-118.444,124.33268681080192,47.98063785853989,139.70134224027228,31.954135117517115
38.89555,-120.84716,16.88397694467274,15.580591344579796,74.17168040443383,1.4618372531976451
33.642,-116.706,30.933999645729255,17.81578532964062,85.21566306480065,4.038794483845883
37.667295,-122.427285,2.8780570933262455,0.0,12.58269685569904,0.6469465526709626
37.90757,-121.882582,13.436175370846575,3.0267817508828134,63.33535092048458,0.03926852150265264
36.258,-118.459,127.56572234501982,49.062355265692595,136.53847956566793,32.55230883138695
34.003151,-117.106075,1.7525314184992826,1.5993824366894516,86.70057723134539,1.8442492048882722
34.149,-117.908,2.5254210881035783,0.0,54.01496701090255,1.273133708499039
41.73325,-120.375,166.34196293063263,28.27337874890949,28.78770556011669,0.003886557680012853
39.333401,-121.107022,26.58220470493481,8.344932566880173,94.81236191913963,0.4030128424482327
39.731878,-121.713938,42.11775789589532,2.91387975307391,146.72705097690027,0.6881599215740923
41.569,-120.959,114.37903543436438,34.0044481905529,47.02756119979465,3.97240251975319
37.857,-120.086,104.69439440523907,20.346157474709585,100.33703653023873,3.1950617143038653
32.710918,-116.746023,13.666416248193674,9.3426152457256,15.90838079736651,3.6014954793088623
38.9777,-122.683,50.26309754482046,0.0,75.65678457839665,5.77978065253159
35.4393,-120.8358,96.97342418445994,2.8773066541335064,10.215597968063141,0.5788057889549377
38.9252,-122.966,74.86056303384865,11.040760463526198,54.14717656107269,6.868458992308746
38.628,-122.289,29.184606842890613,17.78275230916021,80.05215076184557,13.590861671979182
38.34599,-122.6503,43.57581268226498,0.9269740269954116,37.75721124847489,4.3127485955738205
33.341,-117.3092,13.364370523900444,0.38555379452076166,20.532209424551645,1.3075652195413443
39.439,-121.497,59.16819249288368,3.075444694822601,128.39492687687576,0.43489224314806935
33.7655,-117.6649,12.444094451612477,5.593006347846206,33.33935241061268,0.013411938409068049
38.67479,-122.08725,11.743466728822458,4.832109696793208,98.25783473190846,10.256358520287051
40.483662,-122.140914,13.191293413842722,10.749295459378233,168.81329022599994,3.863404039977966
35.457978,-120.751555,90.3542629815305,5.288476923148374,17.87391956806322,0.04230544547369015
38.882214,-122.567525,45.95829597978737,3.3166115386490795,74.92338023134681,1.8861014268310103
38.382,-122.311,23.771448957364512,3.6782401605903847,66.72970598913503,0.018464305294993415
34.384,-119.13249,44.758758389305015,4.921113549994388,24.76255747091813,2.8699789411566488
39.0442,-123.1478,85.56243846221363,7.379040113979213,51.18275181403287,1.6537045127490855
38.8167,-122.8498,71.02086627572174,12.638256298671015,52.657177527891264,1.78817648462275
39.0448,-122.7656,53.76075570277573,0.6007705132911515,75.99237532631278,2.3607207556385577
38.9289,-122.5818,44.67298040238627,1.0774878943438684,77.50565865561711,0.0017392141157729552
37.342186,-121.717706,10.6846331769654,2.8409293146795793,57.60675021777691,1.3480362752034716
40.134597,-121.790183,36.52577351218091,26.786363970049223,152.76180359797038,10.079616708168077
34.1703,-117.8816,5.463388609472859,0.5771656069662159,57.13371646416804,4.58292754006539
40.884415,-123.773779,112.63417950355125,19.92400340263121,36.4399663833538,0.017134513768354922
36.8266,-119.3415,101.72863630764756,17.89298853240069,142.41084671132876,0.15095343601165034
32.81,-116.49,1.2489705019039816,20.09889880733832,24.50583329653831,1.5091267440659617
36.6313,-121.4819,64.87036172634164,10.842390554675948,46.3989073103397,0.4957474836439765
33.5982,-116.1985,13.004952556655486,3.2473204932284645,108.87679538433436,1.5699355461090903
37.399,-118.352,210.11676643921075,4.261806318616373,36.38034771851171,0.09630321662679671
34.169346,-117.547374,5.920491684296493,0.5719125826725172,74.86189705195196,0.3112490471356921
32.665,-116.222,0.3430938309384164,49.37978480142918,6.1246793526576155,1.6763159788068647
33.003,-117.133,4.662313258395097,0.04688419839042002,20.00718558293449,0.1798964447604269
36.103,-121.117,73.22580133445616,6.559121932456836,43.74327382656159,4.0994279320335885
34.609,-120.454,129.51119023690563,2.1536582781511737,16.5084694548778,0.015866626229177297
33.3529,-117.284889,10.80385236268053,1.9273943608573711,23.08938829212817,2.569168712483736
33.417572,-117.550567,4.48759716234394,0.0,10.837596707895942,2.557725964803887
33.312,-117.162,0.8714175577704619,0.22948091935654286,29.548781038063744,3.089750081711857
40.39,-122.721,34.84802294320062,29.396999790639626,120.75836812705691,1.9601329097025457
33.1137,-117.1599,5.330310600356017,0.11399750359552656,20.607728435374113,1.5695660304298884
33.1109,-117.279,2.971377490518738,0.0,9.877963762154073,0.1601061771881966
39.1647,-122.5983,36.403333947952746,16.279546885982075,95.49349659132798,15.754757609566145
37.76617,-120.45087,72.47172181079085,18.600189692860102,129.02222076703865,2.5269510354447657
37.787,-120.452,73.17019911573526,16.28421583159307,127.32377564388635,0.23027771170576017
36.742747,-119.241493,104.5202122053604,13.116363535103853,143.41836084187895,1.3290180736194375
36.991825,-119.525506,99.01149028170659,16.37685714450322,139.58909511615838,4.366006333791531
121.999,38.453,,,,
37.7103,-120.197,89.86971539842033,29.26928913433528,119.01307659817337,12.065148360510538
35.70683,-118.555527,77.79837950659282,10.715188160240732,175.7540174621443,3.0750967507602875
40.009827,-122.345078,11.64219707818448,14.304893605109514,134.59363973153336,5.917744061014114
120.679019,38.178241,,,,
38.058,-120.66,57.406776236756045,8.054575914499111,116.5826227973883,0.02243861680502131
38.664,-122.454,43.43496255362782,12.61397119071189,69.01342523376988,11.199502732162065
38.608336,-120.703238,45.71197901117699,10.970308691447766,74.8499276239118,12.179043633389083
40.4314,-122.750788,35.736674350848816,29.570607517904833,121.21353044602348,6.771812336349512
38.512,-122.104,13.146872869234935,9.738605792106458,88.77565663277831,0.5898383494016504
41.489,-120.904,116.48029561458323,28.41374954939814,55.96672912166294,1.2202705687275617
41.89,-120.79,141.70818567236483,46.526893012185624,11.512474655395819,36.20952711131807
40.41,-123.24,76.59673521815462,69.7674662668043,86.12049381189938,0.46030167419860196
33.078948,-116.576454,27.522048642363632,18.51448352424627,54.93878844429261,1.552782080112196
37.5359,-121.5118,14.948058113745903,16.439428459161334,85.67577914079388,8.398526416176399
40.5719,-121.3415,81.41975452574215,42.449146533816716,113.90560955261044,16.457007193599296
35.8218,-121.0226,84.29013038285196,27.218301824442193,31.005269275103565,20.051651093147008
39.1871,-121.2687,29.144813070249246,4.9178769094220245,109.0489143724359,2.8727956669140893
40.6569,-122.2215,11.007640492435684,8.43428027382796,149.85586043271508,9.430567698727334
35.642,-118.15,100.62311483959671,28.36770270090678,168.3506725298222,10.56458579284581
39.4664,-121.6129,49.92448703465783,2.8713223246096926,138.3896453155826,3.0592804039860404
38.5691,-120.7819,44.505287292407544,11.225342433558735,82.95387933232347,5.740591671465099
40.901,-121.368,80.3624800267413,21.39423202309752,115.36674951799183,4.7863891460140415
41.1336,-121.2144,88.49700832902812,41.20705881323478,95.81445018622998,0.5563285244007097
42.048,-122.345,20.997478717850118,39.5204726112056,4.316755383682,4.023568169675239
40.72,-121.562,63.452926873154276,18.65213627917879,132.14282969203865,19.408058766895437
41.141,-122.805,35.96620006814947,42.830367229681556,95.73307768761487,25.833568108216703
41.682,-122.127,32.89917838673786,33.67941396494296,35.95021071363866,12.89967160681363
40.0,29.24,,,,
37.0,18.4,,,,
37.3433,-119.6581,113.16482135201407,0.9360933508838484,118.16403478273521,3.1703042305048736
41.507,-121.266,87.86272620815097,58.68135369923611,54.38289178133938,8.886241239321
41.796,-123.374,61.701086328181034,58.87541222048093,22.574428544140623,0.8496374215547069
32.59154,-116.89516,13.256232127810012,1.8146152793950034,4.160855600387615,2.1148449814658843
34.235,-117.771,12.783529479806415,7.808954276141491,68.07998122391447,10.93594091465363
34.267,-117.867,16.09645580104428,11.314792541644705,67.58352967565664,10.33501765605702
39.3918,-120.0805,0.8727580361861395,2.500407395136254,6.449567156428472,2.1429452163612677
35.7206,-118.4747,84.33739000400567,8.966721554990963,180.83427485552812,0.2785645661416983
40.7412,-122.946,48.456622653480686,43.60396143441987,108.0490356569487,1.7267224746075192
40.7101,-122.171,12.546907985591375,12.177618945878217,143.8495263289856,10.000427066628074
37.8316,-120.3434,82.2051396226932,12.607778655208623,117.34425061395002,4.064405053869378
41.134,-123.753,111.75909596775524,32.39479403838875,37.34538497716123,10.468014989178759
38.695961,-122.384054,37.021247187254204,14.920247058398676,76.05377246826049,15.629370900077607
37.0,40.34,,,,
38.805437,-120.629714,38.14450573404626,4.690294754965882,58.588629656230125,0.9095633553304553
41.485,-121.851,42.94563698208044,41.661119062574365,57.41519763847657,20.53681883518788
33.748,-117.601,10.68410100585559,4.327003931881486,34.819554523839386,1.1650618660203338
39.113682,-120.999508,4.544129006578238,3.1765361012930677,86.0285797130243,2.9970813998823256
37.311915,-119.604124,115.73131866200161,0.2777512496845329,117.69655725507943,2.838552811617271
41.42384,-122.37432,0.9618507794887324,0.37691290403268246,64.8896380807087,0.9839662791038729
33.93869,-117.70643,13.894108167608591,1.3177323841992565,47.037222868414354,0.42708878049924515
38.59,-120.028,69.59626289490025,25.695865891097043,35.7377584998393,11.058047201088716
38.9195001,-120.1140659,41.81009817835104,7.253403043028369,13.228710040139429,11.76146672597627
32.6449163,-116.9454387,9.288853780446026,0.0,10.491161855918861,2.1798449173935404
40.050833333333,-120.70166666667,80.56544081009648,20.838302754510295,60.071698950350815,17.724453393613338
33.884313,-117.642759,7.815014223199556,0.0,45.7046632293993,3.137133033964405
37.08312,-121.06963,5.394152896331641,17.171886003439848,91.51671788304235,0.29385469929884905
41.1513,-123.8292,116.14784604273193,28.271761496257465,30.66371286588026,16.23813076504635
40.924,-123.168,61.38294748553215,68.8318895165276,85.89294428294394,17.315965385185986
35.77937,-120.19482,30.62133604259517,21.422906096757238,79.4368770809792,5.5083770841668915
38.5287,-122.3415,33.81948967140902,8.597358643677781,70.99149833815666,3.010438050571877
38.260777,-121.135426,24.736211822436587,9.231223709421739,128.35488346957118,0.16302865196049507
40.0133,-122.552,29.10886029891285,28.28483765872913,117.8071008027044,23.574388123895364
32.9421,-116.8534,9.704638572795078,5.528919720895684,42.37861545159586,2.5957294559585766
34.160277777778,-116.89277777778,23.26077552284533,6.86940160695322,112.69219517702159,4.161343330881694
39.2688,-121.26471,32.17506305068883,4.90885615075852,108.47030980622809,0.9379221183367689
37.165767,-119.523943,110.92600283904082,17.01871794542087,125.06372897146804,1.644321369897358
37.072561,-119.6958,92.6068663487947,16.1646897276752,142.8716763615329,2.776534837765712
40.875667,-121.033667,108.02236702735615,49.721314622714935,87.2262078158782,24.989898356756225
37.974123,-121.833751,19.256544282135152,0.0,69.37589806390919,0.8085132904039333
38.598056,-119.751944,64.10088123996069,33.72916608859105,19.166313512877363,29.046498476855167
34.361007,-118.535793,1.3222378308331038,0.0,41.41067442502731,1.0667033061019995
34.165974,-117.243878,6.8247871096436095,0.1660818619696324,91.73116795145906,1.8431090500712002
38.519132,-122.181878,19.926064930773194,16.467447869032586,82.90647226062349,0.5282553230501207
39.7806004,-123.248214,89.30615006768183,37.38234397953255,53.48240697104539,0.010322739587834896
39.8448,-122.3638,14.002523856934811,14.207071058417633,129.27350866055247,7.60572373192087
39.0263,-123.303,99.09696072910522,12.07054546568427,39.60989282219944,0.17096365442691883
38.4113,-122.0789,9.740274570240796,5.604484308780827,80.9729904648319,5.610346871371305
38.1029,-122.1578,3.960965209225824,0.38364914247686505,51.11814318739557,0.15868362077518838
40.5953,-122.4397,6.684871890442029,0.14975613914326566,153.25013623041966,0.3187145534055543
34.0783472,-117.0487863,7.6493962039862735,0.1596072633753784,96.43700361540947,0.0831587181845534
35.7183,-121.0157,89.80305340671364,16.56931278388469,22.498904158333993,15.546402420859296
33.986204,-117.43942,7.742459945837924,0.0,65.04334707702348,1.5217668847729544
33.7626,-117.7274,7.696353534230226,1.3206174670062134,30.096616590255508,4.7351634171989305
41.8048,-122.5029,5.786479047603849,11.252413634284965,22.53918634660739,0.6927114279715777
33.21407,-116.73472,34.79294246745005,17.807435035268476,61.81910220429124,0.339325322811479
34.339,-117.478,0.018199666034379704,4.124548436791998,93.00526636641926,0.4871616683913837
34.367,-117.683,18.672567280578928,2.2946929109534473,84.81648139679184,13.304622493102963
36.8727,-121.5681,55.45269131639581,7.3638512794337245,43.28651930538148,0.1718199681995051
36.085212,-118.824235,90.91559568281339,11.190604017187082,172.81334535011504,2.9586752245228736
41.999341,-121.891226,56.673191808301574,66.4668067653549,0.43417904288720793,0.08603627307129129
38.4994,-122.1145,14.11813810758084,10.87449930812154,87.33913233619201,1.9719243363844219
38.40958,-122.43172,33.18256566101917,4.385771370953398,58.03857553653604,6.505735086869035
38.9361,-121.1548,6.878259026439708,2.6905308356760314,100.12369564488678,5.5918367469575
38.776,-120.404,56.82897677015372,13.282001792102934,42.860673402306276,8.125095076550554
41.29226,-121.172117,91.17801917719571,55.31974335379976,78.15186521543414,9.050561467752518
40.856422,-121.101623,102.14089892418032,44.33679599065894,92.98619580686365,19.3499052967399
33.383889,-116.868611,25.842995435365395,19.67968793060258,57.540024559874965,9.279052318651651
32.682547,-116.51684,5.783682394833479,23.7401304733755,10.695746598579507,2.502961758258567
39.192088,-120.882313,2.5536490257517004,8.680336869484094,75.70475415874837,0.18381673146086056
41.295667,-123.784067,105.29647680190531,42.664634454391724,31.314442690982464,22.827243722327374
37.279722,-119.50014,120.9704757985123,9.734201534047768,114.14182954880697,2.000870658606067
38.052,-120.5577,65.96777711833188,0.9847981155232414,111.20427756730346,0.3710360016232722
37.24523,-121.20324,9.920403846433544,16.016436344204354,85.99952121245136,7.316881882479904
40.1093,-123.774,128.81765672839782,47.52124389209729,29.82106122901361,0.12827839183142226
36.24,-118.54,121.19121635245868,41.73214869367549,142.9415713360862,25.141212994493937
39.43963,-121.38794,51.8121972073351,8.795035732686921,119.01590509291819,3.743702227826338
38.8863538,-122.4762475,38.7134991219999,9.55627298451112,81.37384062837899,0.0071747050980496265
40.509552,-122.199227,10.086935175042,6.183321842972658,165.7183794518407,0.3784631289076324
40.415108,-122.439939,12.521881784360266,7.5813649960876495,142.76925534894414,2.8912365190104676
37.823,-120.15644,98.36134538507908,19.292856886937646,107.22183274191526,0.3349833575516163
37.83618,-120.61691,58.183263602923866,15.427278781214216,132.69767031720656,1.2840362791095243
37.81629,-121.68113,10.193094480591784,6.284007399955763,79.40807309051227,1.377759501637399
40.49865,-122.20109,9.25250645674247,5.709608245996862,165.01538451626072,0.1823046372888681
36.49845,-118.9009,109.94670634017059,18.449403976563826,143.32501287951663,4.4855486073455815
39.43301,-123.36316,99.20657138613677,0.6807345690494508,42.52983205004241,3.12470341902155
33.5736,-116.5387,29.075402291572715,15.351816216742709,94.34765163683727,7.769964197651789
41.399,-121.392,74.45595551472643,55.92062412968271,66.29253138061354,7.290655710529465
40.67868,-121.93244,32.97130838709633,30.508888025282697,146.99366398170903,0.6086789495750848
34.9522,-120.2903,91.74870188145631,10.048699307734172,37.18342957784982,0.31042910969977683
39.33303,-121.18735,31.089783714344087,7.616658222935421,101.7314931192347,0.2623023352916829
40.3929,-122.40546,10.183660840795993,4.122798945832069,144.22947019293133,0.4214500243624058
40.938,-120.105,156.0072642884176,70.15420497594923,8.885540306807115,27.9036020220937
33.4115972,-117.2886249,10.86565181008193,3.2263964856075114,26.811122543170576,2.1429898360606954
40.3506868,-121.7786799,42.35375869210613,37.93780475265562,151.40972669504228,10.068010554199756
38.8142503,-122.4867319,43.324727288755305,4.664753401696016,75.63336209082358,7.266657410377332
35.3477,-120.6269,90.83199222564173,2.485516893478213,26.927428864776385,0.08022209199487841
40.1058823,-124.0720419,153.74234987104825,39.6091451950596,8.398122667060003,23.79339746863744
37.3845,-121.3732,18.673077792944238,20.575111797898685,81.66919088023823,17.05491609249471
38.831478,-122.53428,46.0514103540097,2.0284243146112217,73.70235764226545,3.81274110895187
38.925764,-122.879272,68.025563177718,4.772522249599101,60.42836521293698,5.492459826824229
34.23,-116.883,29.788805544621972,0.6583678501225634,119.08315966925848,0.8020949262900261
40.724898,-122.96174,50.485697539938016,44.40465759986888,107.22430958320513,0.2992790531034992
55.23,-122.0,,,,
26.42,-121.0,777.0994520931251,773.7677616054475,740.1184496517393,777.1589508860451
41.12362,-121.194256,90.33870702548852,42.03397887113628,96.91389534772844,0.1355024468956189
38.04684,-120.30188,87.61864364015956,2.6526493590149007,96.90244223344419,2.639096823996004
40.0,41.46,,,,
40.400196,-120.553075,109.65930188584672,2.966519887218022,47.31565775971287,0.39481252208063344
38.32974,-120.70418,63.00806642167083,3.9106037415793065,96.2784915996191,1.1119897450108949
39.5218,-121.3363,55.22188492975105,10.656966067108396,114.64024253567369,0.5952158722175872
40.47512,-122.52541,16.016558612658972,10.34180083660332,139.83701835069124,8.320886446862845
39.8707,-121.8938,26.170950713147146,5.860265052070045,161.97953308001897,2.0885047564654053
36.874,-118.905,136.505619733418,44.586671489594615,112.53165805775693,11.895688917999069
37.2171,-121.08036,0.07578403119514303,6.781795724837127,94.79458236120944,1.7169803447601304
34.31953,-119.34512,65.3054551006781,4.371294616473079,7.410328776215637,0.28464567345164665
34.15,-118.879444,36.841126967778095,0.6001552924293829,18.010850142800635,0.5963705084510502
36.70854,-121.32734,48.67049692546661,8.453932243707854,60.512581390985574,0.7525337545200433
34.4828,-119.63216,77.5557522713087,3.753331241741463,12.730423997739216,1.7652102468174349
39.081,-121.194,19.177801400677357,7.520491110724219,102.93270377486208,1.4251249802781727
36.3699644,-121.589554,89.60992504846365,15.748056066809598,28.251927054399562,14.03989925868027
36.5696373,-121.7556029,83.95115340958407,0.0,23.586021845824252,0.006244042153098716
34.6888731,-118.7892593,0.15668431460908247,16.75024141943958,70.90313739962698,0.2940770900416994
37.927613,-120.528836,66.01780598782459,6.735047997100366,119.94588339312953,0.30941045570710585
36.38123,-121.20059,59.02635321378741,5.43588939488545,54.99293952099741,1.6667646672199852
34.276,-118.354,0.3877693053959515,0.0,37.079750473129224,0.22701785551954975
36.88286,-119.654,82.63444694179381,1.82748094869456,156.23450204230508,1.1768196764043546
37.17072,-121.42238,30.625002256861922,14.272273427518726,64.90941071033706,18.00329832606315
39.33035,-121.78973,34.29461015221268,6.575470164820462,153.61797168705874,3.1793520372363995
39.624017,-121.595093,52.24345129110275,10.38281910276067,136.74540882325542,2.6664562565115264
35.61961,-120.39993,56.23089105238724,21.84820050882275,54.41625760421593,9.404045167225286
35.8378273,-121.0381507,84.70060607178668,28.66067345680951,31.861418413478614,19.86595104954573
36.78769,-119.38248,96.28000515269648,14.125993537215962,148.06894955082868,1.0106654956886127
38.8390117,-121.3090268,9.259614485382219,0.8276187305330697,114.69620366582124,0.010529971614932103
33.41639,-117.08829,5.309789855189339,3.035881873796201,41.80177959008841,1.4927616261684458
35.84883,-118.08591,120.0866420863899,35.9422854054356,147.5094647314546,17.283645490339463
39.595,-121.6008,51.91185075578515,7.271380005929277,137.29140907755644,1.5787334978060854
35.70821,-120.82266,76.47270721494436,12.355585196074927,36.035332696847206,12.591823763073027
38.22017,-120.8678,46.74844808390266,4.303212076480959,114.84778553114535,2.3474100874546724
39.93965,-122.40142,17.170052862316524,16.60457903337618,128.01253059908723,10.76805712377513
38.86804,-121.37704,15.495378385130506,3.2033552641478837,120.06051722761542,2.7772900335851154
38.64107,-120.6955,43.72599839262005,8.925361198491498,72.22425339686936,11.07596759641226
36.80296,-121.40304,47.71641043109715,1.7959489042621712,55.866779100806205,0.9907681034917327
38.3131,-121.06452,32.71697286369087,10.26039698581171,119.87100659228742,3.938350701905191
33.476894,-117.140883,0.11571074368726829,0.11571074368761733,42.243118018376165,2.978953011418467
36.01542,-121.25029,88.5141064863479,18.457107201631676,28.75161016876824,7.10798814537587
35.01382,-119.58206,42.99849860762762,15.383054190306053,71.67821693990983,2.3540618850878734
40.61388,-122.46777,8.555441349141205,1.8594569091325124,150.76696700442685,0.24499115004372854
38.26874,-120.90265,44.55953127454503,8.500185185707092,112.8980363791233,1.179098522861813
32.60729,-116.63028,19.269317132865304,23.91496196988527,3.432331741184731,1.2887734552949575
36.2833,-121.3306,74.6791261111831,7.2266730895741045,39.26037899192754,8.905737002089541
39.7947,-121.857,29.343109309956667,0.0,158.9012570922698,2.0897856164449995
35.77135,-120.251,35.082195652460506,24.133807834901052,74.72647892745776,5.949500491751011
36.49914,-121.04993,40.651012266090454,24.189334579050723,73.39622861439845,17.256191649443014
41.623,-123.557,76.7480022164572,51.05300126116758,41.880181059240684,25.247270316651484
34.776,-119.643,64.71829699826324,35.09108675259479,45.262614084668336,16.928491539901678
38.69971,-122.15457,17.12190928545769,10.19531189289311,93.95394813147142,14.920929715614754
39.43351,-121.6051,50.58449331770399,3.9879083595235354,137.68696016073034,4.131066762991198
35.6115,-118.45628,77.56095611473452,1.1285469451143464,171.54348816235643,2.7733220906658893
36.1934,-120.9293,54.38421971218381,16.785109645393263,63.182660371303896,10.14218828424307
37.07147,-121.20155,16.313346362637137,25.606505007150464,79.79687424801871,0.1100527636919838
33.57872,-117.77395,7.27136546344425,1.2502792365585813,10.296512514561819,1.0822646902022546
37.74369,-121.58677,0.35663852517289574,3.7834919955434363,87.03585292124653,0.6355590289503996
37.97,-119.14,143.7496724196702,37.41632301874026,35.85185434876554,0.46789571017542103
39.12366,-122.50373,29.501632396083664,16.666266840116574,98.017522510882,11.051713237440131
38.96741,-120.9375,6.031632586694806,4.463994478484808,81.12655285056603,5.823912455655032
38.385,-121.003611,40.91843751344832,4.0671965655094695,110.70201462657589,4.203946140993698
36.92244,-119.39619,103.90237772611965,18.479349409685057,137.67962394155774,2.848518344123839
34.36763,-118.57245,1.121115768258867,0.0,42.02833821466821,1.5303818440516481
5487.0,-120.841536,,,,
34.913,118.9082,,,,
40.36873,-122.72913,36.45721702652637,31.277403950560274,118.91696692858764,0.32798361934947895
40.0353,-122.56939,30.28994711899341,28.15776702353798,117.19552307465351,25.040441896829996
35.20993,-118.72272,30.01676384456431,7.600797949544132,121.14770376179494,5.36050059137958
34.701,-119.144,26.669526508188127,17.558584872283728,52.88590815935606,17.627900097227762
40.07846,-122.2071,0.7905576834777017,2.824871025640495,148.03641155288256,1.0178813674451088
36.0749,-120.452041,25.697302537151256,8.591615492329565,86.87043377734533,2.34649191970602
36.58972,-118.15589,170.99360744201988,84.93102034314188,91.05271353949436,7.399528903925487
38.02845,-120.61153,60.722868070748184,5.687662390786981,116.27574611754854,1.3481016709785711
38.517772,-121.103642,27.293732938317955,1.0555146451991984,109.67969317293613,2.2149956344520763
36.14161,-120.62048,35.570977745693,22.007356172978717,81.17479508062078,13.9206302346282
37.25601,-119.65776,108.60838413551332,5.016117245843952,125.49040335664797,1.7410183631976885
34.27619,-118.63264,11.52323176141837,0.4530389851691061,32.062375396552326,2.159925340412105
33.11645,-116.58542,31.387715216786216,20.073420139920966,59.15207117683936,4.497143435296648
38.08056,-120.81394,45.089707395332304,3.9661999628456956,123.50499006314466,2.188161786401725
37.96311,-120.67335,53.88900983726902,14.70279758529277,125.31488222109019,0.0613339884203444
38.8866,-122.04726,5.5882182037390855,13.36286413158038,111.84242484453846,1.641830217211557
35.68313,-118.21793,98.96019787874448,22.789387686639817,169.13284937377645,4.453534901173922
35.60748,-118.94811,44.240942680243066,18.08870415396433,150.02042776663342,1.7792595104151898
37.0099,-119.5792,96.29471161793123,15.825097162535188,141.27261460948827,0.17388297350835366
32.9612,-116.7945,11.712693059433722,3.6432424915374857,43.93400279791579,6.749373757264625
39.0863,-122.7891,54.323806421972826,0.0,77.03143918014136,1.2245653783541222
41.96191,-122.59328,0.20682814882629685,22.522938683750077,4.902558706252542,8.180844051611812
37.01591,-119.50507,102.04822075271137,19.60940979954275,136.38224563433357,1.949356377399341
37.98171,-120.64241,56.922102082026115,11.375448494967877,121.97410459220052,0.3276789971417714
38.33475,-122.02564,0.5915761361898303,0.18375093264197623,77.31094720298586,0.7522603142623782
33.393,-117.35093,14.638618636352298,4.093584626967494,20.984032491026657,4.126535703074559
41.71847,-122.36924,15.978028649950986,20.335935368954413,32.24339321988787,0.30628204251401275
35.85093,-120.81081,66.21759689412258,23.065612174258057,46.13416607961393,9.794223770164107
36.45994,-121.89938,95.00393508688205,7.379034355278849,8.53278181936329,8.554380358107597
33.6542,-117.5221,12.27577686489059,3.014605625469805,32.44328548019537,7.857097465367734
34.25858,-117.4415,0.76513580698679,2.375510800026721,88.75771078428733,0.9415337704074344
39.6871,-121.571,54.305709284008294,4.610459690903804,134.57717189285202,0.1775890816400515
39.7299,-123.5044,111.23326315400789,30.972887591525232,30.850269857291895,0.6989114727546152
34.3183,-117.3189,11.345928489145365,5.775365420578428,101.5101995526729,0.343569875328418
39.39051,-120.51887,8.29169290484856,19.272991164591588,44.165833739360515,7.98007215576853
40.68192,-122.4096,4.985565781215691,0.5280812614467663,147.167746154233,1.160651978989162
38.79549,-121.00299,12.851991209250738,8.72508184582884,89.73090437382669,2.995709405129263
33.00056,-116.9571,11.53158847243643,3.433241283469826,35.886146968680094,4.532176457379224
38.01264,-122.1885,5.582896215149044,2.961342323836902,42.98700555816169,0.4126028476818269
37.24006,-119.4741,119.6700151461082,13.800781561654452,115.92572294764538,2.7084438640290003
37.81434,-120.69521,51.57109706027301,8.158776223933057,139.04975726133043,5.51574141226505
37.41896,-121.79669,6.935733925193315,2.3001910820453637,59.764243171763994,0.17150428621121894
33.22558,-117.14547,0.0919989989230517,0.24760939213313596,26.6663062916886,4.735924087940319
40.19611,-122.26736,2.1432551630875603,0.010276540212568415,146.89961613693376,0.008504388085093082
39.6708,-121.7192,41.59839607867218,4.030530419181117,147.31253604857199,0.4857607402522458
38.52513,-122.06788,9.993613923871317,6.551690398229029,91.91828302770458,0.9959840093478403
35.24504,-118.60344,40.728275617379566,12.323861142686606,130.37999076417785,15.11093180637755
37.3228,-119.7738,103.06658847874945,9.07894999378446,126.69249384123368,10.587629277717499
38.2581,-120.8657,47.49666803300859,7.670793825370648,111.56560916071713,0.4209311555539769
37.06531,-121.68577,33.52526431507523,3.292554607930816,38.76598692510414,0.1326524230557386
34.28771,-117.27338,13.373368979501873,2.0321256374830057,101.53742979484078,1.8903689104156087
36.09974,-120.51057,29.125536179188284,12.407196694998397,84.69915315477903,3.0530710199395985
38.68403,-122.26015,26.441781885306842,19.455686545144644,84.91220453337793,19.42889794048676
34.30372,-117.49342,1.854683415825393,8.192046946296141,89.11220229026685,0.8664881335470844
40.61213,-122.47091,8.854279016765018,2.154430658907031,150.56021070144243,0.15668973060534336
40.9878,-123.77832,112.63492119321862,21.654410278820805,34.076696548797756,9.026645528683526
35.70595,-120.98316,88.21862173951565,16.934958218605672,23.839056570806306,16.006031244814086
38.89741,-122.60664,48.175551276936154,1.3236619325708923,73.53148427272615,0.1792782773816971
35.7506,-118.5678,80.12600424422325,15.133363584076584,179.42531241579766,1.2174519109067907
40.4572,-124.05804,144.3848600996918,2.7244041833911194,33.143966966960555,4.651345090679695
38.558,-121.1309,22.57789380085791,5.169316411885913,109.65413119304664,1.0723993525092295
38.57554,-120.00606,70.45684674312217,27.292170490703796,35.682600963286646,13.477916708102741
36.84479,-119.34487,102.62349429482359,18.01132308136326,141.0992732486974,0.9938886909067507
37.11831,-121.69784,27.914346259581784,0.4979915782386989,40.82294808730372,1.1847395253383026
36.16965,-121.38775,85.9661011929489,19.558526558960413,28.28543112878376,19.347078811271953
39.8748511,-123.4267011,104.85442790737287,45.824094508085295,41.90931369524539,12.292644134146485
35.4976,-118.5097,65.52004306452241,10.121570037955726,158.38240459592538,1.2073302158558976
41.851,-123.118,42.50644946182778,39.117682836276835,17.30248951964577,3.329396098248547
37.62215,-121.36665,0.4453976842428785,7.852231817229311,101.06311610520459,0.20092012696426687
41.28486,-123.82268,108.73916816385714,39.82199722377816,28.346296506801803,19.623779801476903
40.3915,-120.7845,118.83433134512886,9.46403259622141,66.96499592664436,0.26409726011564966
39.79547,-121.71662,41.352352694783676,4.649224146265448,146.88541160191323,4.60943600638889
38.1874,-120.6381,63.81983129486044,12.041051048646603,104.45394686506411,2.9476225233233824
36.1648,-118.73906,102.01170753079622,22.148031762975197,161.11738546442734,5.487591135291863
41.7813,-122.611,2.091912421697553,2.670014053742195,24.84596258079654,3.994378255252234
41.4657,-120.9066,115.7208338525404,28.746336700264305,58.550779103401766,0.43941040984604196
35.2013,-118.7212,29.444971567619437,7.729448613071133,120.45826472082422,5.275661638094686
39.1408865,-122.9148951,63.84824686507923,1.5043797101099683,72.64294151981971,0.23506294120504204
41.6314,-122.7933,14.447447026714345,13.249618361987205,41.32179157713736,0.33359339142661576
39.8851,-121.6998,42.75800253846597,8.440047195768194,145.3819051556076,5.981118309234333
40.30594,-122.1295,12.461123199023724,10.930973007353632,161.98352849742605,0.039891771976931466
37.75972,-120.029626,105.57301369818502,31.508852911327658,105.15977102266558,6.705991209362435
39.20427,-121.05948,13.33615698864919,0.0,90.94200016699243,0.15349912473619848
37.75985,-118.95309,171.5934736967321,11.868112957049,42.17626626610149,2.935602042194415
41.2649,-120.3178,162.73217609179153,30.019849473724882,26.65253523082723,15.674170638851026
34.63445,-120.54421,132.9719062978045,5.479690513141545,12.640969151753113,2.159535085141437
34.75134,-120.55297,124.51050247521717,0.8059958038638958,11.83027260184809,2.8271186350936373
39.4403,-121.42647,54.401734482507344,6.880762702208874,122.33048539696507,0.8470744578475462
39.188321,-121.78003,29.97775696371879,7.736156217021835,149.47879322923671,0.7496036415650702
38.5212,-120.8416,44.47937560711449,13.28197308232126,90.28631117489878,0.5958211852327048
37.79635,-120.32484,83.79923286556433,16.841576840121743,119.19697568816741,0.09451222350315208
36.6543,-119.5327,77.03513795271671,3.4523341920247286,168.05146876754537,1.0766925802740632
40.0,-121.93923,22.570327025928325,12.568453511220198,165.71170799074545,2.876015381533601
38.80017,-122.82895,70.2714762911996,11.984778485459806,52.37781679395296,0.5873918218925741
39.92,-121.32,75.20081170544555,23.078066091704066,112.88392937300446,0.03855819552810723
37.10632,-121.85318,23.711905040484204,7.412346501018188,29.47317767078466,7.470769946182076
36.94536,-119.25959,115.30264928193786,29.583899253647054,127.70285038255604,2.215686440088846
38.93449,-120.10744,40.16706662892405,7.317902429509054,11.713319683051713,11.860165908694878
33.254355,-117.158475,0.1459422164401494,2.125293764320251,26.97549756218952,5.915665946140687
34.31,-118.335,4.395966594257591,2.746785305143758,41.22018381997896,0.7364788095658584
36.217,-118.551,118.63654751003108,39.63252265874909,145.48891820615162,23.156075222653136
35.984,-118.551,99.31682366492956,35.90056127306602,164.58844243988744,25.29966755711546
35.92436,-119.94083,2.707636662398939,15.973871907347592,107.43215730942526,1.84610741436006
39.51158,-121.55633,55.00323097186756,0.0,133.54909140138645,0.8966517670638622
40.48712,-121.85645,36.7935743295039,34.845691987502754,157.74119163605312,3.17987094706652
41.16716,-120.58342,140.81866367530168,34.775892478654775,49.014264175662916,2.7658752877606108
33.56777,-116.08003,13.972080810557308,0.09909744599471931,104.50136253741002,0.18491844048485379
36.07228,-120.26561,12.024692724661888,8.368816424450701,96.63394833772234,6.7515534293851776
36.44141,-121.34695,66.77289086699098,0.27231477166336016,48.65003159820994,0.19826817680673464
36.530836,-120.206592,19.777327584907937,7.631989428758223,136.55956559227545,3.2324119372389184
36.5355,-120.6585,10.034942968591135,32.80387249453098,104.36504472989408,6.580989361070826
34.30104,-117.45646,0.20068325762604095,6.906161908674913,91.16944102035532,0.28386101632339766
34.00566,-117.30693,3.3180419103154457,0.9413858977667363,74.07933140990234,0.24862187693852922
33.7866,-117.5048,0.8450626937109368,0.0,43.7170668313812,0.8181725921662747
35.71704,-118.30601,95.50642433691387,16.72996433138816,171.70770140710553,5.84810329958628
35.78286,-120.22647,32.56089833966775,22.029018938673033,77.27670350847494,6.011107959671031
35.6879,-120.3317,46.62529053076971,29.127334053218945,63.55093224114711,0.16690741716225563
36.45491,-120.2445,12.09888393902388,16.53143543665758,128.7482398064982,6.1218051327636065
35.60001,-118.4683,75.89919926319438,0.6498264874173182,169.87691221365327,2.173869235393437
36.96655,-120.89261,0.4994308546767211,9.015542646158341,104.19283574127395,0.0765394986476409
35.77082,-120.92482,79.73122258721061,23.726245044094824,32.53082714627688,19.815878353953078
33.88466,-116.99229,4.845730625792944,3.3393808174602175,83.18436386057351,1.0817836052016783
35.05076,-118.90004,6.1679561398876555,16.045981099321768,97.38439250389692,0.7651935544917282
35.21177,-119.87525,44.43928256211053,36.305680437482685,75.18588528728083,2.386072230533446
35.41283,-118.84466,36.62040338510101,0.0,134.50006666365886,0.507454564651299
36.1727,-120.86682,51.46066754935585,22.658528013248397,65.71556908492067,10.580665441667925
36.2771,-120.94328,48.432783352896266,16.174504688026552,66.789304550834,14.800893116848286
36.90967,-119.79315,74.40713341156591,1.8537825783709376,162.23843565311643,0.0574603634280463
35.34541,-120.76464,100.91445227468316,2.400660379497012,14.423695494618714,0.9017320701511582
36.12089,-120.37116,16.894573850289213,0.1455193923917734,95.50594740540853,0.5806111038024623
35.983,-119.91508,3.20555833147069,17.68445606393196,113.01868647292301,1.8728980129768908
33.97155,-117.44148,8.266991440275245,0.0,63.58849446566819,1.1203158552915522
36.60736,-120.5828,0.3795974886334749,22.36238807274233,114.6576770689948,2.9708365327069615
37.21812,-121.07761,0.3369895587896023,6.513437567829849,95.06265378806134,1.9836895879534053
35.85253,-120.80411,65.61570053667376,22.962332015777527,46.71243344704404,9.81082168917311
33.3906,-117.32348,13.839040385539638,2.2576523263641763,22.81832587533608,4.0824778841042475
32.65597,-116.80527,19.789188045471498,7.911439941107569,10.400583096659382,1.113465046777518
35.556667,-120.474,65.86275993658207,15.912759098523845,45.30013104072914,14.441335610989608
35.4605,-118.85896,39.126671788122486,4.302223193562776,138.64527004444938,4.7411845820383105
33.94673,-117.17773,10.163323116708051,0.0,77.64387444162821,0.327167956006007
34.9465,-119.8036,62.13926753688776,35.417693163097404,62.95870718998076,14.996214192552268
32.679,-116.29296,0.06254850393625622,42.58287128859017,8.313542633027282,1.8674671216030996
36.35578,-120.99552,45.510146505711525,17.51840380768697,68.42582769030155,14.218120693474372
33.96419,-117.20507,8.367846354486607,0.5735890708358393,77.23951183119476,0.726761634829041
33.34988,-117.39818,8.359992465938708,4.928736031255067,14.546948825012269,5.306449080141928
33.88287,-116.99651,5.139452208516821,3.6762197606458344,82.78013041966804,0.9598854505643009
34.87128,-118.35296,42.35676474505121,10.554034511832741,99.83743242422511,2.406286956506979
36.96642,-119.58292,93.2295395434793,11.649205493541539,145.09295168396207,1.636498489981987
33.58577,-116.07429,11.907774821092865,0.2050012336716738,106.44220311438362,1.1897344997935657
38.19906,-120.83484,49.40942817173735,0.597758754641676,114.73386605069767,0.45240922405431216
36.61332,-120.7109,8.20481777679553,31.192376749172556,105.72126490213745,0.42733558810033057
34.04412,-116.55326,15.079675438523486,5.897433442973907,124.29210175064395,2.0607540182070223
35.89423,-119.00334,64.73784660083332,6.649902210239157,176.52521089077587,2.927509066611143
39.23205,-121.376,39.48793835787725,13.527461865345817,118.1724201206647,3.5111105549892923
38.33707,-121.11113,30.389399874074876,10.6503368190372,121.37568478896337,0.2725467362483912
33.94788,-116.59719,3.74416337307732,2.70200518647747,114.12097537258086,1.574284066433633
35.188,-119.2877,10.082051652209554,13.580726190995094,95.67155222756533,4.888185110423798
41.38247,-120.53443,145.20200680240129,10.760905778036896,44.77204999510136,0.7208837826741287
33.82165,-116.96079,11.690493184693725,0.6642980680039198,80.03728230392922,3.9778307691555397
34.29931,-118.37539,2.715656514153487,0.2754719444065036,38.4299760624214,1.5119473024880123
35.60633,-118.4642,76.64385321466725,0.5287816247934578,170.66644241152034,2.2661751047995207
40.38944,-122.13088,12.85478815704935,10.428339847463427,165.24414100147803,0.7824309886625337
40.03392,-120.1064,58.653754385665884,38.347232074002136,9.293776526300194,0.5502153853562803
33.87107,-116.88097,5.886103216455216,4.007269587463937,89.12533915910878,3.612606773372882
37.86549,-122.2102,6.41127255873251,0.6497261696062603,34.28333457879993,1.0485462188239232
35.564124,-118.796513,50.93167451627382,16.157499894237965,151.47091171906786,11.151456232580248
39.52499,-121.64897,47.14021296247245,1.9290950041478994,141.4958964070956,1.620548393502916
41.8721,-122.4571,8.271368163876817,18.677723686848818,15.093936456578243,0.3798139287426741
36.45809,-118.87676,108.96490792254608,18.827432795255348,145.1577921654741,0.012944007235883178
37.12759,-120.0193,73.62399796914241,11.049815272677384,157.36804769511974,0.15574898332339884
35.59804,-118.47939,75.00523529215735,0.4101409732395767,169.13566352840297,1.445915105258912
32.779139,-114.578415,6.693304456177518,2.340207041102595,3.528893118514564,0.1266535693045445
35.37351,-118.84134,33.930752684525835,2.6593367303173303,130.7849744183775,3.0180783120925097
35.80375,-120.52508,48.6413032928419,20.83387754151399,58.73250147994695,8.119888054282463
37.0825,-119.8011,86.5884830657895,9.87994663492724,148.320151788474,1.5925524246923557
36.704679,-120.405077,19.13033701870147,4.839946612598496,133.78703980526694,1.5655267967900741
38.68347,-122.2654,26.902212324341374,19.91575526452972,84.47505516269146,19.263427145771995
35.902149,-120.983684,77.04968340025272,31.79499839113113,40.061824309885445,11.76234591646799
36.616986,-120.369347,14.221538248538357,14.259562312799481,130.5126704814308,0.08581940298213128
36.8005,-119.35901,98.81002163413234,16.138214026599307,145.6144534466378,1.6568097788026195
37.85137,-120.45268,72.50600012097175,9.128386141106493,121.98703759013418,3.371739075630311
33.584036,-116.972036,18.651261964755488,10.370426373533675,61.85817872056831,6.432245190066987
33.23281,-117.29509,7.82523568581893,0.0,14.468067698961713,0.14510974284668285
35.8556,-118.74542,77.02862700162356,26.868994068453652,182.65340196632235,15.496350424073848
33.52584,-116.85226,27.16218921475124,18.897977809967408,66.65074672243925,6.046766503157703
35.6871,-120.3187,45.78478992445566,30.273440198396933,64.50954384469068,0.09305488933030409
37.36914,-120.0088,88.12377204952699,27.550009558164028,136.5223843951572,13.765849396071012
33.950382,-116.884446,2.8837988521773665,0.7794369473443561,95.24682123786968,0.11669716041452835
33.79925,-117.11659,7.718320716866416,0.5321016030682475,68.56242030899536,0.7864195666469629
39.69717,-121.75417,38.622834484228285,1.777137599886678,150.253964405562,0.20737125630005618
117.138741,33.939428,,,,
35.90092,-120.93371,73.11259404073303,33.82263877880174,42.749424811451355,8.163505279954975
34.55607,-118.60703,4.211400277407778,5.319585640218377,63.03371060671058,2.807954553122407
40.32063,-122.83208,46.66886745366119,40.96843248603845,108.66922506640762,4.837235880648822
33.90965,-116.9669,1.9471472690882392,0.0,86.81729817817936,0.21600492452067574
33.98639,-117.21314,8.023630622281852,1.690538361672927,78.39246287644222,0.4212738607289102
37.02081,-119.95136,72.41693360454768,5.261905478536421,162.32522815331782,8.36019685804606
35.53456,-118.66733,57.618212577311105,16.67606878132856,154.12991730957867,13.093127781264283
33.71025,-117.31924,2.5992669643207007,0.09958300343990205,49.0828550275402,0.641619245981665
41.93006,-122.36545,16.614416699937227,28.641148488603157,8.780169033274518,0.0289497437343139
38.07481,-122.23004,0.05985810923617893,0.0,44.25071840763645,0.36456803277468935
34.2976,-116.826,38.94277044797075,2.6926972796683133,128.05721176687206,0.15740902066832874
39.71101,-120.02325,22.09614885824618,22.91075623208845,1.9086191137382533,0.30876642280083505
37.82934,-120.68992,51.85099473687562,9.40905016592255,137.4946692473822,4.675277890336022
37.33454,-121.76323,6.871651600135847,0.0,54.74442863332324,2.676279020086595
39.364,-121.4143,48.6335084775213,12.969795033388628,121.23664059751388,2.5942503891339843
39.38416,-121.5786,52.87021899180295,4.897292327382356,135.36328608828694,1.6317869194967538
36.27306,-120.65185,29.293305741758676,27.35570825888732,87.54204215084123,24.49378847977556
40.10282,-122.27379,4.756606647844433,5.10868134445631,143.46600604716963,0.35394974926789413
36.51912,-119.50606,71.3044336772437,2.1406947537116006,177.69188553234042,6.1885495439668645
34.37443,-118.49343,4.449365976116443,0.270696866911067,43.31103776873614,0.31135049838518025
33.1683,-116.77342,29.526647015009857,11.588412998524921,57.081461686987694,5.860775574377493
33.530045,-116.594422,36.00300314658649,22.4295956087473,87.54717467759325,5.033580660489913
40.703775,-122.645079,24.66811140057424,18.38345527965578,133.7361499502202,0.6176304282616143
35.4025,-120.4992,77.77166140509486,9.043975560137687,37.907524001655155,5.108416533789829
38.45822,-120.92162,43.63402446526835,8.568023129698739,100.06244780329263,6.728382569364605
37.9775,-122.65749,12.587253903402472,3.022837694509151,14.427055263401753,0.19493433287305154
32.7789,-116.8516,7.0736971882329485,1.7928175558370654,24.35618831727322,0.42833062364479624
34.14575,-117.17813,9.085941601311088,1.0332015567515942,93.63192965665748,3.769467467357744
41.93323,-124.19629,92.2744011939158,8.295713756758074,7.200345492201055,4.567761494717303
37.3344,-121.71752,10.822869890147967,2.4941339413877204,56.897463637750334,1.0102133391838641
35.947,-120.87492,66.05315911533133,33.434108958830016,49.99310312789568,0.7954932031206167
41.85763,-121.29581,102.99290945737178,73.09674777900898,15.490163623818235,0.5197719953689579
37.3762,-119.9646,91.78564085049469,26.306769438810743,133.40281363347844,14.231780977100758
33.43513,-117.58252,2.7050914935955115,0.08746379472766022,9.989799840545302,0.17871984667534016
35.38298,-118.80123,37.34024106889363,2.922198127131603,133.4738333021615,0.6143083223098941
35.96275,-121.08753,81.25634646508428,22.32485741179818,35.38420491066481,9.161877039045924
34.03941,-118.58624,9.321291654404726,0.048367866292050296,5.741239321388218,9.385059453356469
34.10446,-118.70294,20.37901594933823,2.3826860823640463,13.870207278219452,0.01010192471645243
40.69554,-122.0122,25.987729118721695,25.48345681211877,145.16267367072564,0.4649074056975204
39.08382,-121.06656,8.862791788421044,2.173018817518981,91.91374323669905,3.320299567696469
33.913089,-117.096233,8.265732359936347,5.192015261053208,79.57569775146195,0.001556411417344401
39.8629,-121.6268,49.00426054278751,1.7293922693025665,139.15325005345036,0.1308702664404547
37.4591,-119.921,100.28006400526401,25.942275443090352,123.87621475816348,8.567936898262051
36.269125,-120.620791,27.29353686805546,24.636684014834366,89.41843739043564,21.672986809483543
33.96896,-117.25411,4.510424734407222,0.0,74.34394557688913,0.11351554983232563
33.91806,-116.99321,1.4719594725555578,0.6071167049366227,85.98316599789837,0.12991552578123286
33.87739,-117.16215,8.997477795649344,1.929232027010029,72.64654004441387,3.089058691583648
36.85596,-121.30983,37.550525149178874,4.792651190564962,65.27357758875412,4.6893991378525905
34.304722,-117.3125,12.291049106060814,4.253434250875644,100.93784616347493,0.4543589871084985
36.81476,-119.51592,88.28976089541784,2.5414570955340894,153.70645814663413,2.3526876712270437
33.99316,-117.48405,6.039786114418127,0.0,63.522261582732085,0.0014081794885710953
39.53944,-121.54722,55.98521953201149,0.9208485668625311,132.7226088322198,0.07492267555310063
34.20599,-118.98603,43.17161286116706,0.05501913799685425,21.537582335307754,2.0813829297554123
41.86609,-122.73031,13.06847572235368,13.26740443192764,15.305825982998908,15.107376086606964
33.85323,-117.48195,4.851529462555727,0.643191153323564,50.76099752226997,1.357963633810862
36.10858,-118.81979,92.5843812124086,12.662179363829209,170.61412442226379,1.2056971818308149
41.3975,-122.8428,33.27214390173107,35.98722625422825,67.25481470622583,0.11457935071526655
38.7803,-120.97111,15.878619889653539,6.444759093480406,87.52457793970991,0.12069895970018683
37.64898,-120.4925,63.41647009669357,21.63740262127311,141.2466270255634,0.9372894352982225
36.95104,-119.65621,86.90950354703337,6.393191323606283,150.7163017194106,0.6693087412093592
38.20176,-120.67848,61.33841729977306,11.996727480839374,105.55768456792262,1.2606911128271177
38.49521,-122.0251,6.456432614101796,4.033253516481851,91.26503373965272,2.5005846064749297
35.59904,-119.08312,35.482408563551985,12.915679546247706,144.80594770523956,2.85633369857673
35.0179,-120.3223,89.03370063993071,9.276803094309487,33.9536407126565,6.725198796142247
40.6361,-120.9643,114.12582534634785,33.71467257526217,81.83449398758358,11.880053177272526
35.77896,-118.89627,61.64602931529896,18.69229033279472,169.41603988753363,1.9489126996035055
41.841,-123.474,67.65832168505956,55.43930261248699,17.701392439453365,5.909128157208454
37.09773,-120.02027,71.96753249811638,7.907231886418237,159.90244508944608,0.0031334008032374763
33.763304,-117.314994,6.581223103273438,2.0482380687295936,53.96637931289713,2.3783269721082516
39.45352,-121.41222,54.400997327013926,6.255699434205594,121.12060851168172,2.7054835863568822
34.07612,-117.06765,6.868121082211326,1.4987626612312268,94.98764172059381,0.00972171748706571
35.346,-120.62825,91.03561107315771,2.260410718028854,26.806357256240414,0.08737716283624344
37.65963,-120.34802,75.42704822058522,31.30279713118734,131.9620397138887,2.770740647763517
37.87808,-121.78677,19.174274241463213,4.330535594390905,70.99632092350274,1.8450511436642407
40.48972,-122.38619,4.421685492263875,0.8001448302169327,150.78643672107532,0.1048730450072334
34.55096,-119.9494,101.64029002982966,10.661066548655814,17.157376121187653,7.419506058127797
41.72163,-121.30451,95.3957564759836,66.72653478529354,30.553656291787725,0.8021228825633833
41.59,-123.501,72.67210340714215,56.58226031681401,45.54415029013534,25.99518944163808
35.42433,-120.47322,74.49242904461357,11.569705588420389,41.1539228328358,6.563804208220433
38.02929,-122.25544,0.04081054916799426,0.0,39.34061924322679,1.4137171906164026
39.06308,-121.303,25.552082300358613,10.639973352036067,112.40999109034877,1.952088888867372
38.67474,-121.06088,18.888310615686336,0.0,98.7447602449983,1.9655368278127359
35.86949,-120.57894,48.118574580019384,24.637610729819283,61.906088771726715,5.442852005925761
40.29118,-122.42606,12.47962851327646,11.880938787369303,137.89749751360227,6.68938447457619
35.93273,-120.20014,18.095433947021018,7.3389536520981355,89.41089846588558,2.5543955691762
39.37192,-121.53865,56.31079747362032,6.1077156742637495,131.93106709781367,1.9075364252832006
39.439722,-120.027222,0.4366581325100977,7.218995987503939,2.0008512085589985,0.38717727596954227
37.25014,-121.68562,17.482995362881077,3.6391038895016736,51.29664359042956,3.957278453669911
39.50475,-121.33785,53.86444827871349,10.330747855657838,114.77891308550183,2.2779576999116045
34.72379,-120.13249,100.52131650861794,6.228197330649603,33.42091986048285,3.4432713954220513
34.09773,-117.10567,7.157108335272026,1.4066400604377305,94.13937025995358,0.07153379800281764
32.84796,-116.85396,0.6030811541864874,0.16530592507190278,31.99172791302484,0.4946408156569077
40.07045,-120.14013,63.19446714244256,38.99758964974358,12.181678830684307,1.3211583516207979
37.39801,-121.8179,4.021165935413476,0.10792812444409035,57.64852787196668,3.0372158298419922
38.18303,-120.85322,47.08125740495867,0.9523472323656693,117.13345639382725,0.6464736949918858
33.62613,-117.07975,8.477587870984333,0.363988346102184,57.03267060035007,5.294441264033174
34.149,-117.189,9.239095334879478,0.03988338942720474,93.2810162409366,3.934214203789009
38.08055,-122.77846,26.433469689130902,13.54381936343161,15.310612183619234,3.2877830598151725
33.77896,-117.24091,1.8442064220097265,0.0,59.57383136795472,0.3015222405810046
36.66684,-121.74826,73.43956587220073,0.3809312292007961,22.67371068980935,0.07373236781278686
39.30125,-123.28825,94.23148816107337,5.174529724566289,48.33960670494796,0.1887582022810158
37.61757,-120.21321,84.91361286199819,33.88591125936088,127.70903244317122,3.1190753312003006
39.13207,-123.10227,80.03096667076119,3.591807036370744,57.9030993465928,3.9021817954742044
35.95911,-120.55579,40.48988184097195,24.224494864099597,71.48061810428543,4.892466677361438
39.01224,-122.20127,11.114894663626373,11.035546389383306,108.69996450238028,3.61144484407009
38.29113,-120.62177,69.12404019491301,11.940254144830355,94.8150519554626,5.218496276339374
41.45589,-120.56933,143.3027366302579,2.906307378553872,47.658631959721696,0.17135662217767503
38.86056,-122.62382,51.398283674264256,5.11630457367875,69.66530346928363,2.4936251704474013
36.18815,-118.78928,99.45232703841678,20.473879047776162,162.1743846136131,5.473428978028374
36.05187,-120.05404,0.33776748861374434,7.548569502117093,108.04859191635776,0.6975046139597324
40.39799,-123.57562,104.74352737568427,44.17851307554301,61.64010104180146,8.368936598233987
34.94373,-119.44751,38.974525650855355,19.837586535560714,65.69470939559847,9.931262006063806
40.47106,-122.43608,9.1317446214489,5.055297860483577,146.0879024199236,0.8787103777868424
33.75526,-117.25075,4.4690833285111085,0.0,56.97422125165027,1.9862301137112
36.64404,-118.99944,113.19191659279505,24.461309564677826,137.1586414502544,7.601580791386268
39.75425,-122.17657,2.457859456047564,0.0,144.01136319761133,0.6363468239910048
36.0226,-118.94252,78.21198380943964,3.0444474549746166,185.09346528348678,2.0710435132748106
41.702,-123.508,72.08997662043075,53.487869270045366,33.12348565800208,15.944288880431587
37.90014,-120.36005,80.63650095550553,4.996657797071101,112.53066495791226,6.0726706773389845
34.792882,-118.851943,0.22188189142592096,4.064151588483868,75.97366993988634,1.858573047380229
33.81976,-117.18552,4.722027328185017,0.5208562658154796,66.33752317774547,1.2065871956755951
37.81827,-120.65764,54.799352773751814,11.360101581781702,136.54202560905912,3.833894908504569
39.76243,-121.74121,39.49677986283686,1.4055501675045563,149.01869602927084,1.4614994924520885
39.9034,-120.9761,71.79193902292336,3.9751024455775985,83.5011985222645,4.223726136797301
37.905545,-120.408135,76.43899097342202,3.5285420926518287,114.8693904795363,3.2063638689847336
35.06472,-120.5634,102.7591355324323,0.8016559850169325,11.425174147012966,1.5675184017713009
39.36902,-120.97586,23.18568927279358,10.609452543733495,83.48510665809421,5.307384048600764
38.559707,-120.70013,49.83176353638116,15.728201671181578,77.91982455270879,12.881582346533426
36.22265,-119.06598,80.1043417233832,0.11019612232104853,175.92355368196212,1.470146709536835
38.5181,-121.104,27.2463651968748,1.0833815716755713,109.68883640813064,2.2532515408868856
37.44485,-121.84108,4.2879923444162396,2.077270662782928,56.33243552620122,1.7732211362379666
41.478,-123.506,76.1958357738294,61.1706064912633,52.7117475119258,37.78814966816195
34.20152,-117.14466,15.8185757943136,0.2917477390613989,100.38479082110244,2.8615003441443707
33.34659,-116.66107,45.580469285835804,33.93390486882813,73.16239792585469,11.092379085906055
34.139,-117.199,8.035133798820176,0.0,91.8386349184698,2.8407970824223963
38.69775,-120.73757,36.87915747050742,2.4337364510318924,72.13683049733899,5.282256203256093
35.7751,-120.23656,33.81275602672507,23.188460431691414,76.03780343642607,5.552769341527536
39.06522,-121.3519,28.4282679615947,7.293259981918144,116.62813289096816,0.010446760344887939
36.96607,-121.55552,49.00593159171554,0.2637823483418026,46.69431337091153,1.0878804300025227
34.41204,-117.03031,28.512683177302563,11.394173589204307,125.37360075181503,0.5547662975546178
40.1583,-122.3209,8.18483775688348,3.0807229280232296,141.29737456031134,3.0833742412118754
39.16826,-120.95498,4.027478440901668,3.1285439993782638,82.06079840825626,0.5801497877338306
37.65986,-120.31157,78.38816617571987,31.798092926277345,129.90085627234697,5.813414502490396
40.69259,-122.17384,12.9803795244664,11.81631073456741,145.7984720185712,9.29862497194986
41.9808,-121.9741,49.510946170373714,59.3422814880819,2.542018892752022,2.4000066397775854
38.538332,-121.039267,30.057277897750225,3.6247567226168793,103.67878006944711,7.095887204295274
35.543,-118.654,59.14350654277496,15.212506127394366,155.5522641028781,12.625396290119586
38.70289,-122.90217,80.9207508953455,0.05545202529883727,40.09265543148351,0.40036905951948565
34.19076,-117.26969,6.452273284572238,1.0933527805191632,92.6133281944291,3.2858391217518155
33.689092,-117.396404,4.075361274479716,0.0,42.8018348005813,1.2254317970306754
40.79902,-123.39253,82.14901574062418,53.23181725021446,69.94414882671474,10.330074358485426
35.4403,-120.2913,59.509540370631036,28.102288711032273,52.42993131354441,6.819004566640928
35.40357,-120.28037,60.797016430370235,28.84358769799545,50.29632206249041,2.716965593793905
41.338,-120.304,164.10068184081712,24.957665911361847,25.488908425597636,14.744574107024052
40.11794,-123.76099,127.57001440638653,47.37436216813838,31.287436031024985,0.15136792173378877
34.08492,-117.03826,8.65862704620601,0.8355450973644586,97.64639000312133,0.36775653366031963
34.23925,-117.85182,13.213239618132382,8.419175403636688,65.24645141469873,10.223673444690911
40.27582,-123.64281,113.42281378128435,43.22360665732395,49.35223733496858,4.808638038938943
38.94599,-122.81135,61.757346977097725,0.4423259856222612,66.31640752477865,0.7878010504526807
34.009026,-117.239099,6.374592520110837,2.617054507577898,78.5080644160182,0.5542764230906179
35.70639,-118.47307,83.42102750904093,7.383396011901746,179.5673802282396,0.6432399931729057
39.75371,-120.1397,29.664425279592518,27.753099325961124,11.868429574670854,4.7317002643991
41.11989,-120.74968,127.4099773372482,43.125984503717106,63.003718121627934,17.289845004652307
39.888,-120.066,42.09147206567211,34.13756828963856,5.716777639547459,1.9301454387814148
33.57139,-116.8247,31.007599984281747,17.1635468270471,71.70364680107214,6.741726880275302
35.86596,-120.64584,53.18640944350461,22.65535269138035,58.64765274856339,0.5965978452305439
40.17598,-123.36882,93.57697669331213,69.01069663786451,62.05081743411539,15.010097083304741
34.92907,-118.9267,0.18813893903065118,11.404977662937181,84.9305297579022,0.05239663709052192
37.14653,-121.68165,26.195498567824362,0.4778426618068527,43.81626070267673,0.022325592160133564
39.87983,-122.5415,29.171012425613604,29.155301271730796,114.9231811093237,22.778726492192835
38.49336,-122.2483,25.79125022595243,13.494612605927008,76.45154397899837,1.5173016168267388
33.797216,-117.124538,6.965183404392957,0.4546938995204222,67.93138935374283,0.9619557516842527
35.7908,-120.77485,67.51079680532881,15.639482478512614,44.468844558753176,9.223540059864472
41.99279,-122.9401,26.951845211333954,35.105940918122506,1.1863447783180363,24.82380711358813
33.98212,-117.30819,2.372554929697985,0.12034245880214543,72.01461735705051,2.387368422338574
37.62823,-120.30046,78.01552300855941,31.022701150580424,131.8897848163983,4.896032621427655
37.644,-119.618,133.9990384426798,30.014005310131626,90.89066844994286,19.727222530742242
37.538,-119.598,128.68082680950803,18.360564204325318,98.51541940024457,24.229133773721177
33.95036,-116.88066,2.8811734992045874,0.49213048781840896,95.48065048852659,0.06358576490338408
40.92602,-121.5935,62.28142772562226,2.2331471201799173,119.02466391493536,0.15966907031019578
33.87679,-117.00258,5.955678715235478,4.531955996903449,81.90260014136373,0.9918892291176126
39.1234,-121.32957,31.451785009277817,12.959283004661275,114.51127417765977,0.26535175832319563
42.29896,-123.95405,53.17876608516932,50.49056945511269,33.57709526396112,36.05377774882963
39.9864,-120.89746,77.51551278469262,4.031357401763269,76.79810900580138,4.135869046940404
36.257,-118.296,137.22591226123959,62.33690234575702,126.73366905690258,23.1914997384074
32.65003,-116.42907,8.076282106091714,32.556981430257906,6.31135572693088,4.71803150580995
41.853,-123.676,72.13328151541678,38.62491912626677,15.79863618213654,15.653081631361916
41.466,-120.321,164.0181870546792,17.694919310249773,26.884198339886026,10.652461991308567
37.72543,-121.90516,2.6178321833142273,0.38493421728931204,58.942312830721455,1.4110120692667771
36.099681,-120.443545,23.763053644504883,6.58711669207705,89.24034067653483,0.25840069080195555
33.20988,-116.46989,43.57578507055217,34.9898660368956,68.4066196212086,6.1159888922442605
40.80968,-120.48641,150.06836984358094,43.23165381574835,41.15706313616934,6.1625546447327535
40.29831,-122.70449,36.07474687990599,31.025193838522586,116.83896815282156,8.308310211010747
36.93332,-119.43376,101.86980913683821,17.33811970518685,139.00168634541257,1.2295346130751639
37.56181,-121.56425,15.465625211034025,16.306593777702282,83.15231870416903,3.227002340044787
38.26294,-122.71998,37.667229460473216,0.459272809079708,28.6913412653287,3.600066779925652
33.6444,-117.3968,7.562173137902936,1.2981064134033264,38.903804538398646,6.0483829291005184
36.7279,-119.28241,100.5233509023504,10.266181240193742,147.07888182914323,5.014388299179093
41.02705,-123.63721,100.94193137627529,34.26335134903086,45.99974400910147,1.1598067207529716
38.34421,-120.72274,61.88341154191838,2.340955278311669,96.12715771991144,0.09861073930413214
36.15356,-118.74103,101.22306047125488,21.309875959574047,162.1653726543671,4.693777134370259
41.222,-122.27499,0.025436765881200897,6.691503331790408,87.1423960150123,0.020350625329739764
39.57701,-121.30209,58.39492213532445,14.26326214500927,111.65314255543866,0.37277489097998223
37.44663,-119.64622,119.6553263477353,8.319046819768538,108.9134689371913,13.898292304487315
40.43962,-120.22215,104.76108875551172,31.19358995132636,19.219607910631343,3.788295523682974
41.99483,-121.90077,55.79097906290912,65.54121998864852,0.9508780781668807,0.547136286871376
38.655,-119.55425,59.97834619204127,44.056868898718335,3.050901693539031,40.90564662769585
41.4844,-120.36659,160.54235574012816,13.702362888830265,30.693983257734786,8.668105815795556
39.34292,-121.12004,28.096410251965,9.837966397379663,95.92407354136994,1.9173991919933435
41.64469,-120.31814,168.11584209450746,23.92714998377269,26.634633486436496,6.232577964695041
36.36113,-120.32685,0.022527397111544133,20.274683243990488,116.70247162141577,0.6773822467716467
40.03697,-123.64214,119.41956304413678,60.67597308750879,34.11538328283571,0.1323455687536727
40.76025,-123.10003,59.509986534622854,56.699086006944974,94.92242492847735,0.7413364114202686
117.337331,34.015742,,,,
34.52055,-118.62882,0.788840619046164,1.0461025328104245,59.16702108133491,0.2837998278693502
32.6001,-116.76997,25.02548807580559,13.259571465133734,3.906898157226661,0.6160322783132516
38.329,-119.782,94.07039522374319,45.52103980647632,43.357197656763084,23.845692245611108
33.73547,-117.33364,3.3003551110833773,2.204116501674605,50.50303857422488,0.6674395418618858
38.12,-119.941,118.52201673532812,21.611480640594785,69.91987199269066,11.722428709437935
40.71923,-122.02525,24.502416193081952,24.52867419701135,142.54714969237318,0.14532630041114739
35.76,-118.406,91.89825577031215,14.411875117388476,174.23694786878573,1.2751138830022877
34.22957,-118.2674,0.19267787378791207,0.13354108428039854,37.89078261579489,0.13733413081312523
37.21616,-119.48067,117.47981607802838,14.999552334734416,118.31682546356848,1.4473770042839964
36.09486,-120.52189,30.278787435895236,13.513295979717437,83.58224546932675,3.6934024035522706
33.97471,-117.09984,4.321463186685412,2.864317887986191,84.70880871916876,0.40341419606001894
35.31886,-120.50886,83.39648662724467,10.945726936594605,29.451497482948152,2.7900098521644168
39.01748,-122.49327,33.46437882165744,11.624584200858152,89.87620332466227,0.46622255099627613
40.13278,-120.9204,93.53182270415361,19.710624379588616,78.6637406384138,10.935923722413612
36.99092,-121.59899,44.57351219835866,0.19979477415942162,43.39293168178159,4.126333213529392
37.37397,-119.83556,101.16018075137147,15.117149593974775,126.06856221913645,18.236767854391527
40.69573,-119.93499,126.03584452623275,64.72380693558432,5.30571853179913,27.081330796224098
35.76343,-121.04445,89.23650413031443,20.451498743259688,24.504764771744593,18.984132243194413
41.222,-122.292,1.3772390188678643,6.3999267805489355,87.16950289425603,1.244498465473456
40.804,-123.375,80.5886601833816,54.56411016203575,71.24286970334721,10.99556232368787
37.896778,-120.504134,67.97801732427791,6.102429705647796,121.13499976154213,0.9453204834929052
32.59252,-116.61609,19.4343887829443,25.920217591330488,1.6793893526462012,0.20415446715018595
37.73596,-119.78256,125.05124793539619,42.61351916985584,92.72421301508186,9.418067885135335
35.5956,-120.56068,67.59001303133579,7.307078996783617,40.59337212348653,5.811702833463912
36.17297,-120.87609,52.10252775336821,21.833048802424045,65.13622437546636,10.051544663299456
39.75312,-120.75485,49.05474937705605,22.11941877078263,64.5507316359211,10.832244948430523
37.10067,-119.32109,120.79992091856793,34.10538484349262,118.4697001913965,4.1133299850623635
39.44543,-122.85194,55.413356579836545,30.722079487663308,85.23961777208015,25.48813161236683
40.07613,-121.56858,54.97373861627653,24.374021680513753,133.9661409694028,20.983493117271507
42.039,-123.218,41.43193138517124,56.09309938599369,3.8198815730198192,19.220670422051573
37.41591,-122.3001,4.13069828522615,1.6459098965496295,16.445880371464682,0.14202761907878128
40.98352,-121.81623,44.480466706581645,16.223754769574832,112.99383029965479,2.7937351562131605
41.98128,-124.01168,77.47379295596296,16.833270960786564,1.6526481148110417,12.310833887627872
39.44257,-121.60683,50.43406041377775,3.3621109337617785,137.84464357876763,3.481377512688452
39.42604,-123.03344,71.17085429336667,21.26369265663894,70.21341940058247,10.784413164153353
40.2275,-123.03583,64.73795045873565,60.26653529511101,88.49554919909413,16.144472168870962
38.5758,-120.915,35.667075734836324,6.7788360282789055,92.24320251347976,5.76423066336222
37.14624,-120.015509,74.9058103377252,13.132431721377264,155.59728018561574,2.230045191833508
39.02482,-123.1362,85.08970149201944,9.74457907337279,50.14863537365648,1.906706367417074
37.63358,-121.49925,5.648139659385191,6.544387511033644,91.08032144812532,0.9665948461053767
36.24653,-120.31598,6.136650954792285,8.136974640385962,108.60740666224295,0.8741569156130173
36.94652,-120.90462,2.8072424306586905,11.424914970613667,102.6635431407306,0.6559353981390519
35.12269,-120.39387,86.55952499912985,10.904840464666599,27.066960462249362,4.503218781096563
37.76888,-120.15846,95.68360190242083,24.652262984778197,111.89379197690906,6.270860622241301
39.8255,-121.7127,41.67058081755367,7.422858112334629,146.53222730827335,5.982105797031976
38.4446,-122.0041,5.360720455736509,3.540979171499469,87.90307683774857,1.1897931647512332
39.03168,-121.40947,29.704950079037065,1.354529675753504,121.71991369692003,1.0599397875344447
37.77982,-122.169,0.1058836347794383,0.0,36.318949173366164,3.8419816307143653
35.3024,-120.65279,95.48021352700077,0.280305029350136,21.987339921009376,0.5076641924328107
33.8668,-117.68598,12.172146127557973,0.6136393828840491,41.833824902733454,1.1287885784349552
36.27138,-118.48555,127.059826060104,47.71187655620507,137.06387025884845,31.095884544708802
34.67403,-120.4393,123.20566138272524,0.12311556703719856,20.790014906335855,0.013543654346046572
35.59302,-118.46734,75.44621791001974,0.6725609234539989,169.28259197212805,2.6663572855414746
33.74925,-117.10301,7.987263674824407,0.0,65.13310168773971,0.9653901949935155
38.43658,-121.97233,2.5896748374994325,0.8089245327351077,88.93938542778608,1.4575280304889622
37.41231,-119.87465,100.61524634181661,19.866640634573407,125.18877306239794,15.105874380662037
40.20077,-122.24731,0.3824252970382886,0.0,148.68281133742863,0.33244142476378935
39.15016,-122.576,34.78034251973827,15.63596049691526,96.12946220912431,14.674403950147966
40.70627,-122.24199,7.122075229492995,6.188183889080855,144.38176963394716,6.4711243414838515
38.51937,-123.24713,88.84553894801778,18.16890156180685,6.788599961722598,2.93805588984909
40.24789,-122.255,0.42071614864235946,3.6423068045216827,149.74975599384953,0.32654747778041165
40.88516,-123.96844,128.9894890931778,3.8491603104868504,20.582779286392753,1.0556131915533664
39.62496,-121.52966,57.85457392882913,10.202483133712157,131.13070528958332,1.1328360746021813
38.39206,-122.24367,20.336008244920738,3.1576981445855927,71.28490893030737,5.356151061806251
38.60895,-122.62879,58.74079521744998,3.1325351504990966,52.738308885249104,3.7723850120778515
38.4041,-122.5209,38.200519549154066,1.87509392793831,50.74191486196038,0.1405478129998289
38.31802,-122.39052,23.39519415924197,3.4997600205397057,57.67228077329948,3.8054312980833394
39.39455,-121.40613,49.93280669800527,12.013662796978364,120.52561035784431,0.4103565441877863
39.32198,-121.4021,45.405046495801,16.830727578828057,120.24267559234264,2.9141743961417186
39.19325,-121.08406,14.475217598024763,1.5057953951580862,93.09958333172371,1.8435372979437408
39.24873,-123.16635,84.10332675426551,0.7044891238522406,56.26006191561779,0.5687646680382282
38.40234,-120.52953,72.78354966241712,19.52036337846445,80.20604165602921,2.1046587332998126
38.14242,-122.47301,20.051034915523037,3.8115790022011815,37.19319659406211,0.23812224006436128
35.28738,-120.44448,80.25046551104303,16.358441155720126,30.59181466848897,8.165662266220865
35.21556,-118.56578,41.649342393643344,7.588130324516247,129.44342792701016,11.617605216241998
39.01387,-122.64543,45.54002180704129,0.0,80.82652694438963,1.469646737284989
39.24549,-121.12792,20.807924076334707,1.2448311938296348,96.73891453922876,3.7970602752545672
39.74679,-121.67261,45.541582239342816,1.4841208210622254,143.15645939226692,0.49632015365044124
33.87041,-117.70975,14.199839176084131,0.1014721351908037,40.78486765017811,3.023686232675961
33.60247,-117.34192,6.851749544394944,1.7057889200562064,38.61078982446789,5.047485401750203
40.02261,-121.91425,24.990516940390332,14.47610689529998,163.54200193567993,3.4505352015480018
36.7528,-119.2288,106.0437571795314,14.638894543547057,141.8311523364964,0.26131293279402584
38.76549,-122.90939,78.24561555820728,5.707226968118919,44.99425616599615,2.0439325741317185
37.18356,-122.07012,16.544315520720016,4.592629082488781,25.423550104475606,4.367519645830691
34.22551,-118.05545,8.493244305927387,4.347546399774966,52.71288332796052,3.680255632254371
40.46836,-123.51619,98.56619003541093,48.61601647943496,70.43652302234464,0.17212024090358682
35.19008,-118.76152,25.891122591338398,4.085191533472854,117.29380238046127,1.4666097772354703
33.18716,-116.50897,40.554849288623934,30.588276651400715,66.25848205354097,1.8560914106205875
39.06414,-121.13737,13.939322741919089,4.610168930440416,98.09386164520842,2.498143529071748
38.77921,-120.46234,52.22208928126886,8.310223283932663,46.88300826345116,6.6695655036376
33.50488,-117.02132,11.38696579806503,3.057241680225373,52.72481705430389,0.11345547405015564
34.21829,-117.40625,0.39911908137953,0.0,88.12533368490189,2.6786102251429265
34.16564,-117.33334,0.06115340371621566,0.0,87.08656926464157,0.19475975427683342
33.8826,-117.00589,5.470246085394854,4.149558980379779,82.19806417967413,0.3337923268661943
34.13534,-117.4982,0.049672580000228096,0.08934545569595999,75.70943544952232,0.8753050426813205
35.3091,-118.701,38.66550826280851,13.9854872055416,131.29024406651138,9.682307166814503
35.78616,-120.96514,81.8207317798677,25.359175584219624,31.02834341128199,20.036532650890887
38.848,-120.287,53.15235001975902,21.28006584265937,29.956784328487096,8.224963713503412
39.0199,-122.57487,39.79848793157541,5.227051182080278,85.2503818847748,1.6316706548387294
38.46123,-122.58152,46.424296127280634,1.9413372237100173,49.229728732175246,0.7492207415807449
38.36685,-122.64001,43.948266299959265,2.972513649908351,39.59783020769587,4.136554767038166
36.5858,-121.80377,81.5700499690197,1.0741280123229136,18.92267115156121,1.6441847619896002
37.7393,-121.85663,4.2107308655720646,1.0905143699493212,63.326329759990756,0.47584722066677787
33.402411,-117.402445,11.639372281146622,7.102212156873841,18.185236128278877,3.2150067499797537
37.89532,-120.84748,37.849786577847276,11.872739021192574,141.0204647459501,0.48342315789339757
34.45283,-118.58188,2.0874291668222433,0.0,51.49449320095946,0.46035691908509974
34.31283,-118.35863,4.379645194824222,1.4305624355504227,40.460399732675604,1.4478329475262897
34.41521,-119.09124,39.7556484897247,3.3110350245209306,29.89700043926811,4.168652308906149
33.96514,-117.4764,6.679208720761073,0.0,61.226090427273675,0.27741100554974063
39.81517,-122.28165,6.985672371326394,6.749501480375026,135.84614703946613,0.592234273741385
38.46111,-119.48284,82.40860126836247,61.18846801820986,14.986873070915253,34.862257462256316
33.38613,-117.46709,6.335882497006953,1.2261138138579024,12.647331417541281,1.2455246822168615
33.90327,-116.50151,1.9734789907379797,1.6023434190281582,117.94415461228385,0.6071850560740013
34.34949,-119.30918,60.724343564190896,0.2653041217160552,12.098923082792135,1.1622120265533744
35.41112,-120.00353,38.98173426662367,53.97615268537145,71.36791809314,3.3535421235534018
36.38109,-121.00391,44.314945225716826,19.32994340924553,69.71107699152068,14.614026081589946
32.64962,-116.37345,6.263152720642367,37.05280135636707,5.77553256864271,4.550188722036952
34.035344,-116.940661,11.279926828813815,3.855373391631569,99.23971517373423,4.772648576410134
33.3237,-117.163,0.4143167810465651,0.30190094342880913,30.143319411598927,2.003350788022057
33.59257,-117.14979,2.3057817152712414,0.0,49.740141407501255,0.5812645083878935
33.88994,-116.91023,3.793687214258186,2.312710749570432,88.72280557679329,1.4234519771658654
34.09454,-118.48178,0.48084666900488465,0.0,13.755989017850686,1.4503661316122487
34.71796,-120.27077,109.36118475790722,11.271119301780647,33.30946037893824,4.156517838443693
34.605358,-120.414875,127.45915079807841,3.6082299460377207,18.552970973037667,3.4216666655811294
33.9885,-117.38417,2.6602656274459338,0.0,68.1887383402746,0.6545066993591339
38.869036,-119.61865,35.574528535078784,28.757544990615358,11.044070770577033,24.017039044906245
35.96689,-121.28185,94.40183163475176,24.548970902839415,22.837360904068323,11.45912859013343
37.40208,-118.50235,199.41454877599335,6.50915360762867,45.04309126339076,1.1411171647680942
37.73835,-121.6039,0.01743759701673516,5.302544449875681,85.48589985048247,0.9155508954527299
33.62924,-117.05992,10.317477000462125,2.1125609213440657,58.61408825921082,5.811223221700899
33.711263,-116.164058,0.26086215446311806,0.32113695752277505,121.04721419590061,0.031569747594487836
34.0232,-119.76576,115.45112639828213,41.476570247499915,9.49074059964922,42.123308436254874
40.4635,-121.77419,43.34196995763867,41.3065874838857,150.82724498323634,7.838014760417918
33.86439,-117.48144,5.0684099499372754,0.0,51.77325137494142,2.4337986386395225
33.12213,-116.58759,31.967165291930414,20.318442457324664,59.79447371627197,5.031428876335658
41.65935,-122.48556,4.3220023430339705,11.95393970093794,38.67372424826713,2.8733205811410114
33.88744,-117.16232,9.394916892697152,1.3617687915726653,73.51233154252029,2.910044622090464
39.89075,-120.18499,45.1639826072333,24.469929650542962,15.88884231652464,9.053934185514102
34.74245,-120.18236,101.98273457722942,9.902685891096235,35.59282076270909,2.9351343213778716
33.40178,-117.27467,9.396560818994123,1.7340262847991315,27.26957168323493,3.2629061946723263
33.389425,-117.502405,4.509285740726047,0.018490359404079035,10.701653627745776,4.001053783568412
36.85156,-120.77206,0.19920267231998467,15.789969427232416,111.90519213557596,0.37102062845089084
33.504964,-117.148204,0.42307431372351767,0.0,43.46766879023101,0.34681861989707435
33.467999,-117.003829,12.309119454050162,4.4199898859028,51.51793652818297,4.252005117926987
36.71537,-118.08449,183.61022344791306,75.71799163879574,76.43071097933152,1.114323291236645
40.70258,-123.55012,97.6600996681556,44.56360415763704,60.4379210716405,1.491697102729003
33.67815,-117.32281,0.10150230917870505,0.029013999581501467,46.13530774215471,0.34529494531527094
35.826333,-118.9821,60.41355081466394,11.122015838900488,171.65010934278786,3.2392183754541417
40.31759,-122.21032,5.947004330263025,9.092033907345227,155.9996790583196,0.01416245440075368
41.791859,-122.513883,5.23410939167611,9.829540133140462,23.965526149703635,0.29037440316967
37.056944,-121.01638,3.238153078966774,12.145915189976815,95.62463888909357,0.0006093000925663515
38.16303,-122.23059,1.6332354501478055,0.0,51.1444447962288,1.2767378658717279
33.35505,-117.03134,11.861422394756781,10.322776976183416,42.51736232662853,6.028606454575049
37.0979,-119.75307,90.80610221131974,13.807430591794272,144.19040393404669,0.08053836001395236
35.56922,-120.12441,39.13196497071758,43.92259317078086,73.24070999083338,12.385448615268706
36.75581,-119.42172,91.40628354023752,11.686768208095584,153.04087153816582,0.8654287109718845
37.21803,-121.76828,15.230076234173048,0.0,43.810423085016296,0.003051092792811142
33.53924,-116.10231,17.592689266023672,0.08631092413025061,101.55614011834558,0.7779091876668414
39.65578,-122.58666,32.76836354648,31.510674742180715,107.75360511209918,7.433253348500962
37.32744,-121.10903,0.12345564556789981,6.601225064474668,97.56381726054363,2.9439546548457867
35.71859,-120.64028,62.68949724219846,7.127836764602216,44.87921868178745,3.7578610002186825
37.75375,-121.57918,1.348282461121431,2.5345089156572578,87.7905128876144,0.06530425899244323
38.64953,-122.01762,5.693924184865171,4.3184505634731005,102.16338885273302,4.810043332285189
39.46543,-122.65582,38.40918940916176,38.01422711950575,101.72387734135049,16.928785959252867
40.201826,-122.29388,4.00547594695422,2.14678821975091,144.95090938722825,0.6333544882511192
37.99113,-121.86473,16.844560352755984,0.0,67.38035524260447,0.2844243920142547
33.55132,-117.72044,4.407699664919114,0.0,11.152694771117215,1.417577871504541
33.45014,-117.22215,7.057890207121596,4.31762320993249,34.32685215398711,2.0508177216192145
36.10499,-120.55324,32.27303478649826,16.117964958902917,82.31465714984003,6.673351093258011
39.80827,-122.3307,11.078405948681882,9.666324972048931,131.59121652392577,4.791755984154473
33.47413,-117.31468,14.202983006316142,9.45098269809618,29.579880090361087,4.81241390671716
33.742,-117.28189,7.4279900660953935,0.00279900838503397,53.9968269570597,0.12349099104109651
36.83036,-121.36446,43.133067807462474,0.0,59.896887628446684,3.5807203762114805
35.75737,-120.91793,80.08718998453367,22.469645777787967,32.04396071378392,20.990561042626304
41.58233,-122.33769,12.704863787120326,15.970887977915535,47.291280046541246,2.229368631093676
32.78031,-117.06782,0.09350279148840335,0.0,22.87946133455838,1.1229416545893458
32.75072,-116.92404,5.792090930971396,0.0,21.981241675116475,1.083896634453229
34.5486,-118.31138,28.036766689724356,10.423917892851863,66.22945895258441,2.149265826051342
41.64805,-122.98442,29.12226987838204,27.82619268985676,39.3910371673781,9.19728061956446
36.40755,-120.99322,41.79778823018962,22.330751663376535,72.04329928979142,16.97354679028407
36.378333,-120.901167,37.63624439013459,25.357916427251517,76.49297080435488,23.01584991846275
37.10181,-119.623981,99.55841893567141,22.015638179023064,136.24288354105985,0.8940916251327229
36.64832,-121.03253,31.02421188594386,29.613350091031645,84.91348974890244,0.930678965419003
38.245151,-122.44408,22.40272818392613,0.005848178626948654,48.53915150673195,0.25955526690750613
33.40769,-117.22974,5.448538817861976,0.10797899085929935,30.984832434873226,2.6381378042049812
32.63046,-116.46674,9.675576012097109,31.022863996630278,4.504597597026453,2.9818563186132456
38.24033,-121.09199,27.72264795135117,13.656087634150364,126.98433884747159,0.5432063836445084
37.33924,-120.24315,69.80008250157944,7.61094022935532,152.6831493287919,0.7366108432764111
39.94355,-122.3571,13.383613244695189,12.848332275389161,131.80070528794676,6.9799792013019495
39.64978,-122.58218,32.3924016879541,31.373924931373917,108.06914609328861,6.663811494531829
37.97638,-122.5275,1.6731944738484092,0.0,18.91456335493963,0.41248916872294966
35.9352,-121.11936,85.37916812846142,24.962915786356593,31.238204601751416,9.71335664386335
36.37532,-120.862579,35.51186904282407,27.864454683320595,79.00982169786029,26.143535213315815
35.663607,-120.670311,68.7550458149539,0.5014711763237276,38.37676044742049,1.7042409755160681
33.787838,-117.746625,8.683189417734544,1.118321066245151,31.49791830154979,3.965603813884478
33.925862,-117.654299,9.007644006106869,0.14579060986792794,48.785082219049,2.2983194072973663
34.110516,-118.427886,4.6145668838269085,0.0,18.126718200298825,4.50825802632487
40.394073,-122.135924,12.366386827046194,9.9689247945262,165.05027517080492,0.883150088690917
33.524412,-116.821724,29.899949924801472,21.271767238053073,68.90082454503246,3.256865386496883
39.602703,-121.617698,50.4038158772585,8.484323951750737,138.7399532016571,0.20970609366148593
35.58354,-120.624135,72.25072008535788,2.4749198569135817,35.13346397544943,2.134885795104839
40.3768,-120.36403,101.11498322500019,18.326387729479652,31.274878344433944,0.08181213704113395
37.39339,-120.34207,66.88733405009818,7.83237239787941,153.97427621031952,6.4273379935602275
37.14663,-119.91223,82.98514715384214,15.24481752564284,149.4541544125846,5.4704169942232905
37.47677,-119.84299,106.9961260349836,21.741224293168067,117.9274964111484,13.352943194637227
39.549167,-121.521111,58.324003999134284,2.1263517075054255,130.46757883970506,0.2930883758619467
38.886518,-122.476381,38.7146098512891,9.559080223517908,81.3756444464543,0.020836498828213992
38.015323,-121.998967,6.572023761835626,0.9739229534137761,57.51494576734821,1.607718679551139
38.265645,-120.892404,45.36370179770639,9.14873760949924,112.53147237907432,1.2320608241730897
38.834395,-119.416746,47.067163942607166,46.65906928552647,19.79658749020811,41.93520427737889
37.627119,-121.806775,6.238029711899744,0.0,65.38470401928942,0.0020464272740833584
37.05876,-121.176354,14.986557789222136,25.35103291137532,81.6898947025294,0.5177212954999479
37.707234,-120.199162,89.55958641942503,29.52520414365564,119.39345826595778,12.354947852314918
37.779209,-121.908976,5.379738690288173,0.0,59.10287758034805,0.6049386925554705
35.77017,-120.57833,54.72515081293369,14.950770890754356,52.82332587452848,6.64533733232951
35.73629,-120.75593,69.77727868461314,9.54333913440458,41.40199796733986,6.370915252179492
35.05747,-120.39295,91.01366342643801,7.0212195154332155,26.963157770450284,6.3475352058971675
40.52909,-122.17457,13.057409282772362,8.998200382659707,163.94921268933825,0.41480557728529116
40.35068,-121.77867,42.35416790580942,37.938287901640614,151.40889060538103,10.069128414241266
40.12791,-122.19792,1.7819218646781771,1.1523325394087758,150.48450907600366,1.497612473670592
40.18395,-122.27574,3.410258884217736,0.72248499250939,145.81087703079135,0.7097486408032506
39.0674,-122.59848,39.398079722429564,6.7467193240901056,88.0131421065587,5.462520947258994
34.53765,-118.75495,6.618643018408649,10.163226059315742,61.89059327545822,7.236908382593395
39.2976,-122.512012,27.435316289629252,32.65359707278573,110.29738402074693,19.6500569883958
35.1234,-118.72905,23.63772555105929,10.569314048121052,112.79531060405078,0.377040278995445
40.50318,-122.42308,6.83929663907574,2.476967230008416,148.85829442238412,0.009456961827004604
37.80785,-120.30187,86.04096546684777,16.42235969182586,116.8946884695282,0.028374849670214655
37.95766,-120.68902,52.43584450918224,16.070249779491924,126.67374555687961,0.4452271910234044
37.08529,-121.09354,7.103107937069832,19.225168975776022,89.49119437607685,2.1881195036007615
39.038859,-123.38493,105.7611944942239,16.650811864484698,32.53080087497745,0.13486345051440146
38.052055,-120.945482,33.17270783144169,7.868290439011505,133.4375033122293,0.5150067253425925
39.6139,-121.954098,21.52268627365606,11.941787612748438,161.59114910091517,4.561584117773475
40.60402,-122.9144,46.267604486699675,39.1556562744337,114.87089686482189,3.9894101335110688
35.95515,-120.86256,64.6480537619197,33.61060372357624,51.38322873059782,0.37642655663810215
37.571,-119.118,167.17278712024378,11.753540691931077,67.5097894718059,19.557360488136904
36.696879,-119.304499,97.18637563487489,6.544627947257588,150.96381328320143,3.0403585067467462
39.59872,-121.78208,36.377211516032,8.640100041529392,152.8500735504278,1.5307696121926182
35.33916,-120.71488,98.11965981368195,1.6707191163283512,18.967061151160955,2.879018612449367
40.316137,-120.45053,97.50860048228188,12.789139159886762,38.581899224530126,2.722373827575738
41.83359,-122.99272,32.01208319250559,28.6314749009312,18.809803597980935,7.2747493143618875
39.491737,-121.637759,47.927603872468076,2.040810674536638,140.54494986178133,2.520088726005452
38.595865,-121.17693,16.799381643367273,3.893260029125867,111.45675463222803,0.007793275598874691
37.94714,-121.9921,5.4253995854682975,0.0,55.22578280443568,0.6528707573288242
37.66074,-121.67144,6.356356270220639,3.0689678286782995,77.88093003702834,0.5813975941576225
34.17711,-117.15381,13.000132719424787,2.729844807201998,97.74522808499012,5.117474817329337
38.80583,-122.18183,19.888609063854794,17.119971634370344,97.29307236051054,11.892165208878572
33.56349,-116.732032,39.01686936509299,22.818956321903844,78.24463878687719,2.531292744188338
40.00293,-122.44008,19.781003364005336,21.293971047343124,126.5872773287385,14.029830432189687
37.22791,-119.50461,116.75566127866342,12.569725356357477,118.71456076368457,0.2746336823201075
41.085,-123.051,53.06843200964699,64.04136972899103,95.66279188860001,35.32454839859624
32.833674,-116.7311,0.000160966145363566,0.0,29.31252989500388,0.09249167128584979
37.86339,-122.12351,5.8892395282618075,0.0,41.611798537114424,0.0005886440382491424
32.619855,-116.764733,23.8201392886328,13.431162883814482,6.039054350453824,1.5549300468298954
38.539806,-121.059979,28.584562947386356,2.255079738601429,105.16453957272834,5.941755192789674
41.893332,-122.534655,1.9937643968983585,16.617001912060243,12.673908473315901,0.6824401745978201
38.42623,-120.95408,43.81025703762879,4.712106860378248,104.47353806742741,5.400804912636987
34.095568,-116.958806,13.886036477312153,5.8582257902711765,103.28278556073691,0.21840239387330238
41.29363,-120.11461,174.80123894656228,40.84138029657759,9.614737308886463,4.438609099102241
34.463889,-119.831389,94.91979393035366,0.0,11.185948738981688,0.5331655851983788
37.06367,-121.53586,41.50184977139956,1.4733355278905074,50.98467902412423,4.60228661934185
39.77124,-121.76859,37.06415584642076,0.46252831880370665,151.36466375845635,0.3044479396863838
34.171786,-117.35606,1.22182042712792,0.11662539811131957,86.58997802126545,0.1550219867631559
37.6549,-119.88581,113.77395767460624,38.87449098818754,105.49675590800568,0.07057251473139654
34.86022,-118.87881,0.04908411854551096,4.187259385929084,80.8385130822599,0.03700188073181678
39.66492,-121.51772,58.872827906157355,8.345953764459438,130.0441174410879,1.077174386986797
37.22545,-121.79189,13.397309223348882,0.027507283380708566,43.19832564400286,0.2010591693104632
37.163594,-121.702547,23.56162724559247,0.0006566281818875881,43.54436631605424,0.6172062741495727
41.50105,-120.61108,140.7207254961904,3.982080571684703,51.12846495037215,0.5326540950397043
36.65351,-121.0454,31.74880013637482,28.334068557300306,84.45617549351519,0.6683630724218279
36.6734,-118.21881,170.97907318507947,76.64120448350427,87.94745455235466,9.862076850713368
40.62693,-122.23449,10.957715888491883,6.65100864535786,153.18820486750417,6.495836750312298
37.79718,-121.85311,10.647177118287095,1.9586095711431593,64.16419083299617,4.762472586108641
37.75646,-121.60646,2.0411265786525514,4.559068670873748,85.42187744692065,0.01303063699402398
39.05391,-119.82242,15.169501798016883,14.748533391736531,14.736212803120221,15.741188126368671
34.22526,-117.40967,0.0008091824093893671,0.0,88.39529198034593,2.675065521828918
37.19817,-119.80414,94.1409950931375,17.854184566324395,138.82651043663185,9.97717808802569
39.06715,-122.59789,39.3622050079516,6.746100331036376,88.02268015724218,5.465170036084543
40.33682,-121.93908,28.956648997080304,25.080286452834436,165.0466157594018,0.4172351333814517
36.59036,-120.82355,18.108571703033313,41.31359165964643,95.8959956555488,2.6353814122890755
39.99309,-120.02137,53.273017030625034,41.902085953631556,2.0136395445903306,5.127109609387999
41.70877,-122.47293,8.651036967354358,11.805662226075004,33.19544382088716,0.4382862705218491
40.95234,-121.21597,93.45611697646362,34.17004522535226,102.45636668568812,15.747548126264125
41.34453,-123.85404,108.60561975383023,44.189528799675706,24.303684717847105,17.82302660776786
41.08583,-121.05722,102.40104678845555,50.60176320434461,88.88875549566464,7.003683188902575
40.94666,-121.27049,89.17686922489504,29.541143398463145,107.05855023277857,14.417207245824317
40.27754,-122.11375,12.875466659916855,9.240245164261918,162.17150437762052,1.9420458878034614
41.07944,-123.688056,105.72586693651922,33.28611622275612,42.510066603711465,2.5990661679874205
35.70086,-120.97339,87.85295942024193,16.91496335072328,24.13235812700016,16.046811429613662
32.557566,-116.8663,15.34599644169797,3.277724869098707,0.11294889377674315,2.8699586066472667
41.632373,-122.37985,11.158887881308605,21.22506762801328,41.754960092742984,1.1720299107978285
34.54305556,-120.31805556,126.8153533382671,12.504397233213089,14.208560072002724,11.880253260256517
38.59694444,-121.99388889,3.5193339087647817,7.0649778417420945,101.39917794486881,0.5401292600002122
39.57202,-121.43131,64.7842026992494,4.666151634849037,122.75206038324666,6.3593349872027805
37.28365,-119.97546,85.3673049561793,27.415448912443495,141.79986070120663,17.910633496733826
33.04898,-116.78928,21.405781110511505,1.9039180055407594,52.41798234562949,2.0351264790012342
33.836101,-117.607577,6.754776768963735,0.510105678038483,42.73900157968578,2.0087633178445423
40.741186,-122.649626,26.307570528043886,20.941123568543446,132.44238350855912,3.5048086820777664
34.62412,-120.22298,114.30366838357955,0.0,22.4779662814807,1.8944888095062
38.91152,-122.86854,67.91081945381809,5.148750262182143,60.36622909263031,6.078981228527573
35.68539,-120.95157,87.3101062436042,16.584959050717163,24.678106711544398,15.808586497528356
35.64917,-120.71907,73.11580973445608,1.305479113183349,34.46660825173843,2.660880152303203
37.449425,-121.88807,0.30960887909094875,0.001009729972783544,52.36129458802372,1.620582875394026
39.279833,-123.258319,91.75080166622904,2.0935878761530122,49.970309960006894,0.04213243391323454
36.42638,-118.70443,119.61430272208466,33.72528914536601,137.49027329445664,13.471924698052106
40.65428,-122.62357,21.71100873642447,14.77700717136468,136.87063671606248,0.8373673124942543
34.38039,-118.60441,3.2861303087793665,0.061332625580620054,43.53665791420269,1.8438324449901087
33.56921,-116.154398,14.975438494419482,2.7755112855278186,105.2821569192884,1.6500505071948277
38.981389,-122.97222,72.96987990533627,6.334712063030581,57.365764501508615,0.8901362384983676
40.824,-121.90215,34.55308153276284,19.589452877711707,130.82258664430935,1.0123386023620193
40.34822,-120.82497,114.81678040439678,14.206887167772718,70.39848480385754,2.3201654688472604
37.07793,-121.600023,36.65100536046661,0.0,46.262168159565014,2.8260143917128002
37.89612,-121.85847,14.338223846892792,5.496335475462648,65.14035080370446,1.7487696123718781
36.796,-121.40604,48.406215581573434,2.401276552789655,55.43334182841765,0.18858609661963927
37.71173,-121.55604,1.926422075331679,5.013276834294496,89.32435886450881,0.25174465625302295
38.8802,-123.0496,83.52410728547075,6.043396524772843,45.347618090972986,0.2834665943561809
33.07892,-116.91845,14.12293511014154,3.330259100328454,41.52376944174141,8.038679490058307
33.571763,-116.500058,27.165905799238164,13.2041040125802,97.4562520219681,11.261475129744431
38.08424,-120.46078,75.08664005286076,6.216166361914502,102.92579438640188,1.2862263536190763
37.69965,-120.0545,101.09142834141898,35.655977297489635,111.63115593772561,12.06679901168666
37.533026,-121.79733,8.640743000731668,8.400790045815388,62.57200840287279,5.215394041581872
35.37444,-118.83556,34.389847686272006,2.563089085452325,131.12668088825478,2.4922621526029536
39.243283,-123.103367,78.76449428866447,6.1098280026613585,61.15388491562793,1.7751154695493918
36.21634,-118.82989,97.91307761484084,20.697417597818994,162.28706589001484,8.671458960388668
39.04786,-123.11971,83.10373184180403,8.59916102913885,53.02563964118971,0.53603125443618
35.387408,-118.817934,36.54252016615637,1.4546737328297683,133.15993327313697,0.8944508412862382
40.633536,-120.868091,122.06552290758113,27.815216306331205,73.6997394453597,18.376805441746097
41.95113,-123.54642,57.856037024746485,50.358226976819935,5.491454719418461,1.9396771867012998
38.349,-119.929,93.22332318678244,38.44177168958688,50.143026575821,14.630361641027473
37.735461,-118.970443,173.49569154272822,8.912583238197211,45.20002086733268,0.31073184099830503
33.85852,-117.43521,8.554512373560447,0.3075966616032136,53.96209039747575,0.04440119736494915
33.41476,-117.24044,6.632847000097428,0.04256584830016238,30.73285337734066,1.85799329989696
39.186144,-121.792885,28.87062955906305,8.745124805069162,148.44040842393775,1.7051129726011922
38.51943,-122.18353,20.06953854572651,16.610828658756702,82.7905851241747,0.6259861149123759
39.82877,-123.08489,75.50229046570934,48.05452628260583,68.3217636454457,14.770595391915004
40.95673,-121.6002,62.39562138015117,3.841529701976507,115.62843454103437,1.9274438050629035
35.30151,-120.64398,94.85175857531124,0.6078865263895269,22.148441886125944,0.5389323092351923
33.05737,-116.77154,22.580143178639307,3.7996987328335634,54.25343015962995,2.4097647359775647
38.645,-120.874167,32.97314222601133,2.576818080115841,85.37275238884486,1.7000796748216904
38.82128,-121.03918,8.734522441077994,5.555258998688577,92.09380106286024,4.873613183454091
38.82426,-121.451307,17.78093538533604,6.58935632233993,127.1379601505012,0.5508773765834072
35.847778,-120.343056,33.432314801355886,23.271566336666393,73.53473958632789,0.45326996293720445
33.69888,-117.52055,8.305168673682385,4.725205810702359,35.86567989842634,6.867379810397594
33.759722,-117.460278,0.2682275071560621,0.22709977319594984,44.50836802841743,0.004606527935603114
38.061298,-120.872244,39.56285230031876,3.4689706468369983,128.47363493305255,0.0429997058235458
39.996944,-121.27,79.48917610248208,27.417013422177476,108.59562099170148,0.11670238287487524
35.97896,-119.98329,1.7658518254844664,11.556343864947484,107.78521354151773,2.795556020693631
38.07135,-122.76751,25.102498356676726,12.370166769110963,15.063817750660466,1.951458981914732
35.56888889,-118.80138889,50.94167178771527,16.595911743493943,151.7539091843616,10.708851156615763
40.896,-122.219,10.938754710683893,20.09774991630842,123.31117421669907,10.646281949753355
33.946896,-117.066643,3.645486801651484,1.255459833439305,84.20625348717253,0.492731418236824
33.076239,-116.902985,15.535446236188895,2.4396393787800155,42.85206405370761,7.068560638205941
40.99344,-121.52225,67.35794079220528,11.160694667795589,111.45739524583723,1.5866234788863063
38.27229,-122.26389,12.087605622151367,0.0,59.03319316874174,0.7503423464839201
37.99618,-122.14097,4.085395307491274,0.18120160640889044,45.509665507911784,0.050755462904373126
38.69601,-122.44468,42.27677467732518,11.16155951417577,71.41344526633308,12.632324736435795
38.431278,-122.043747,8.793822816641267,5.699848451709877,84.59776035875251,4.654603404489763
35.17156,-118.51651,43.35334354762996,0.9749008569254313,127.97616040841406,6.892699962937184
39.10494,-121.07039,9.933258947274009,0.22205392632617948,92.17491613796692,1.0852367420937434
33.0971179,-117.0242529,4.821652151279273,0.18852207475244448,32.43556928255366,1.4339706774894758
36.00912,-120.82226,58.66749494185463,32.80096322550314,58.29561761470417,4.153447960934314
35.79012,-118.7393,71.95219010622473,29.39137341616427,176.3300804218369,8.533054079521769
41.38544,-121.04386,102.87125425856793,41.70740413369221,67.43803907505247,7.3436608607265645
37.69926,-122.02805,0.19633025352373187,0.0,47.91845060829743,1.3609604926276986
35.51777778,-118.6525,57.379409453497686,16.27501784223392,153.2228668077059,11.92048604337825
40.36888889,-122.89055556,49.128837740258376,43.21413012192272,107.52057298499705,0.3687957754897285
35.11416667,-120.09222222,66.29496665869674,32.67808857356718,54.411059533435015,0.46762670173309506
33.627006,-117.171731,0.03848264419353369,0.06089487517506299,50.93437191071484,1.637975744973934
37.197039,-120.002619,78.59546783508569,18.88090666166664,150.60688332465307,7.9912953184823206
33.97902,-117.20534,8.186813444693545,1.9824358391827632,78.34460891233323,0.4216970546010912
37.179167,-119.431667,118.20112562696606,20.98084294097522,118.53076745181683,3.12686988262775
39.02017,-122.57496,39.791477335571905,5.223397452357545,85.26779387598225,1.6589361780598564
33.640051,-117.085354,7.954668846270622,0.049028489162705684,57.705145620410796,4.762570179372407
34.2325,-117.846111,12.410134193577713,7.827048099700344,64.7662277593743,10.51542706099162
38.8275,-122.3625,32.96036817760552,14.628678835986564,85.16352188485745,1.179834150060045
34.576944,-119.61416,71.67612844487887,14.120330612166644,23.108992771660297,8.699452567233983
41.52123,-120.72362,131.9758330435018,13.647367551452465,52.40201121263636,2.5971123185904235
34.15475,-117.244366,6.1274740879803415,0.0,90.69370420108582,0.5984233089957444
40.9425,-122.43,0.15919572741726679,25.079580259144734,118.23238108959399,0.25881345411174894
38.91842,-122.85276,66.34444907791756,3.7214053477409745,61.7844673445276,4.743050923133015
39.268611,-120.658333,3.2315947121853146,25.606681083146054,56.19754217767836,4.3979981173099185
38.94388,-120.92611,8.253499797184555,6.934816387727958,80.3136793462204,6.991159546646159
40.678889,-122.400556,4.152497026374551,0.0,147.50934906204088,0.8357691405304156
37.83388,-120.61746,58.1539633982834,15.28372874503684,132.9236180503663,1.176489354297403
40.616251,-123.52019,97.44835885530628,49.00428540935261,66.42145580192177,3.4166991054124756
38.347395,-119.45186,95.31303702367052,70.88953943997029,22.670960912754897,24.111624404479784
36.35502,-121.1563,57.202976706804094,6.830903629089208,56.613730199895755,2.183770101151369
38.02447,-122.727,19.740053874499964,6.952603839015395,13.93474687272278,2.799234515186726
34.91482,-118.92485,0.049451742460025,9.85636231696766,83.6671458428243,0.04170158456159247
33.80406,-116.93188,13.472148559280477,0.33587824318401266,80.53773992697946,3.432303486277119
38.7448,-120.65672,39.96712636566882,0.0,63.497575923493365,1.8214179722977635
34.48229,-118.60858,0.5421824831205002,0.2579062012303057,54.85062455459287,0.13101915718339505
37.38789,-119.68912,113.1119419253073,4.9352408203496845,116.30476155768362,8.786381337686931
40.33642,-120.93005,111.28263947434588,22.976409676787227,79.32134823809082,0.35650313088804825
40.34256,-121.43025,69.80209482305594,55.5668601890824,121.8159152425455,16.457288421155265
40.5939,-122.17173,15.968021817182334,10.614352677732162,156.7492171344318,3.238344809391971
37.33563,-121.75815,7.276101971786586,0.0,55.07846838136055,2.21651458654937
39.84151,-121.62168,49.45079664270396,0.5781607475780061,138.72501434114713,1.0565211648352497
-120.258,-120.258,,,,
34.24138,-117.42431,0.4189604832786349,0.04269826806168892,88.59043966083752,1.8508580089767335
35.97677,-121.24898,91.58690861364002,22.364736441537442,25.710125814681053,8.330572314847855
36.938674,-119.3127769,111.00437895078998,25.262134128241257,131.40338585518472,0.5322921782463778
40.22027778,-122.18,5.600306405919759,0.8741439108105608,154.79970142859239,1.074654248130756
37.1769444,-121.68694444,23.23464736600079,0.2427512678698606,45.559515743878116,0.28431540622790213
41.94046,-122.43933,11.30692970708612,25.28020289240054,7.521333190272496,0.12298487390284452
38.45673,-121.94658,0.3761344577853248,0.3860082103385776,92.09475556083994,1.3524072303449197
36.18401,-120.69955,38.571441554512646,29.379784204122906,78.04147177679856,22.33523075141315
40.49618,-122.51597,14.67539314435562,8.436824808764245,141.76443013397264,7.184404630801984
40.60866,-122.38366,1.7573027816049196,0.0,155.325329588995,0.43830565605459654
39.93427,-121.54103,56.30501024228523,9.353051637000897,131.7617721035069,6.729645993288525
35.17693,-120.48861,90.11245645016002,6.754351560312514,20.252173744547644,1.1918624837389644
36.47766,-119.10433,94.33171899412437,5.4939551710056325,157.1111948514684,2.791213391563927
39.36529,-121.51707,56.41096780452055,7.469273663012823,130.08238363234136,0.304178532548789
37.0125,-122.046,34.34036993799838,0.0,11.687876219265513,3.6789304558481186
39.62194,-123.28774,92.39288953021016,19.621859590006625,47.63694155711779,11.058588274010301
39.8134,-121.4347,65.46296933789321,11.761705813402285,122.74829884390775,0.011580800525644277
40.346652,-122.308479,2.1811995400904602,3.6471805056738678,149.5083733132153,3.4079145534937103
40.83116,-120.19336,147.33013567053658,57.726805370253416,16.408428348435308,16.076034888806685
38.21396,-121.9424,11.454839967525555,3.1867670797099805,73.58457135317984,2.706749105459973
34.22685,-118.93444,37.88555460242365,1.2239383031166786,25.015449807532786,0.5658101533017991
34.235,-118.70128,19.226684740966537,2.2380789240786054,27.97168422857676,0.04275744390127186
40.61805556,-123.67555556,110.59001465096291,36.089689331098675,54.51278759888413,11.957575368386166
39.71217,-121.77385,37.002583421552856,0.8759408231456225,151.90300699449278,0.15797548723577984
37.81111,-121.7944,12.253491888164882,7.207819477140467,69.43584147593012,5.872993171870575
40.888785,-124.001849,131.7697236365929,1.4565163966469838,17.768840724982418,0.3723769982633486
34.18075,-117.43184,0.38403835627618704,0.4101470574911306,83.63492579587259,0.0849887799289211
37.61158,-121.94182,5.553915470606021,3.137036053213178,53.5783282648998,0.7336524770852146
34.30166667,-119.09916667,47.524427239223535,3.006762360071173,22.699350637405743,0.8917190614088844
34.26734825,-118.64381589,12.94207280122172,0.0,31.119170801176885,1.3422353922504313
37.12857,-122.12036,23.101935625195498,0.0,18.022603234786505,3.7551838922313547
39.24678,-121.32399,35.82517940444932,9.10439602945326,113.63368020640625,2.5689966425804283
35.81778,-120.09715,21.119068592182877,16.35617321017009,89.16358601446946,10.811125776081475
39.83958,-121.957,20.768044367643675,4.410455598262653,163.75319389173256,1.1862854058810295
35.65189,-118.92545,49.29183616424673,22.505555522065645,155.36255513504042,0.5154456411608904
39.85484,-121.905,25.214373097733667,4.1107396063352635,162.9487594940034,3.4183941317111524
35.03855,-119.19454,14.816896190239559,23.924245277364246,83.19966390412459,0.5959954114945695
35.72057,-119.62762,7.962465618867125,22.951601818296417,118.54618697008806,6.333065799547858
39.11536,-120.76088,9.770665712051217,15.82705452232141,65.41366966822298,11.196948192468671
33.650237,-116.172534,6.89547620411034,0.0,114.38823766974438,0.7271586670629872
39.98097,-122.30737,8.850590429982596,9.942782483305974,136.88945989939103,2.71372092824009
33.81678,-117.18194,4.819242493177892,0.5255042761196994,66.30292867434396,1.2868657795523277
35.30759,-119.96498,43.340714499296155,47.085413502490034,69.88097227381624,5.539176508640108
36.66909,-119.3046,95.5902544356311,3.468626583865764,153.27629830446293,1.7546609183229602
33.69078,-114.57265,9.229097747669956,6.503218039873371,4.126853391668034,0.01653825697998524
37.45899,-121.22093,3.108049757393247,4.783037089787282,97.32957161652999,1.263158876318198
33.57039,-116.1466,14.687717756961318,2.3241757258852718,105.34525926337729,1.5242720803941558
36.28001,-119.10974,80.39657550827175,2.090300642637827,173.85701011900719,0.7331332232680873
36.18479,-118.99229,83.58961799068423,6.4249221318240535,174.67206276917287,2.9304072403938424
36.23012,-118.85712,96.59226664447209,18.34955357710544,162.80194140041286,9.921724988320085
36.14246,-118.80582,95.58496186212638,15.866454126788003,166.974528483335,0.3023755358410403
35.343761,-119.913717,37.191997287829864,44.52907874472031,75.63108588754216,3.7533877364581536
38.02503,-121.9763,8.82450092278908,0.0,59.77375106981436,0.34756712947475044
38.21416,-122.12214,1.1070551289042927,0.0,61.7552677111919,0.19546066569586368
38.75263,-121.39259,8.732352168889092,2.0121554743085057,123.69156641299509,1.083957277366155
37.25988,-121.09375,0.09253398351551757,6.442400467753065,95.49801502092492,1.1842685149793015
39.15641,-121.56363,45.01598520239676,0.0,134.62482398145255,0.18723296199149206
38.88978,-122.23922,20.30528332372609,19.854631935618826,97.89164035938276,12.400164174460937
38.63047,-122.47282,45.17196101985524,8.787788032807596,65.74930025140598,7.177583093653589
39.28926,-121.85906,27.89785994793421,14.016914166854129,150.96412825903593,9.184191955358378
35.66318,-120.41128,53.51305835805202,21.563859463374598,56.00122144068848,7.266744479971688
37.21638,-121.70768,18.688539985514076,1.575604654384614,47.22557144256955,1.0459182583984445
37.44422,-121.84082,4.282792213121266,2.0937025098592823,56.342164685213596,1.7918186736962507
35.97059,-120.88241,65.44827144468297,31.1331843406115,51.52363868979567,1.8962639620830328
35.89593,-118.94106,68.63411000827669,9.418402416284357,180.1664904483364,2.198539144958593
35.57376,-120.11738,38.32581322115663,43.41696791235343,74.046910218368,11.602276018541014
33.30267,-116.97772,16.033704086904617,13.57294305279902,44.4783249087234,1.5817385874098575
39.76242,-121.73659,39.89008933860823,1.7946022404457174,148.6230788864951,1.8265954860582583
41.64895,-122.35962,13.359886952853314,22.19163593486278,39.9403746090852,0.32289699111788966
41.94622,-122.40157,14.499296893510035,27.77246144482338,6.9177168587922715,1.7993038143701348
33.39684,-117.29665,11.37929612313179,3.215813599484522,25.25933541810235,3.7668948452110826
33.919507,-117.103765,8.137080322850661,4.492904905040429,79.67583508535947,0.013715620002626947
37.75427,-121.57382,1.363021798784506,2.145891606934218,88.26522174064274,0.40322855149519615
39.97083,-122.48277,23.848595748703243,23.884803707348656,122.11093787858007,17.695756546852632
37.46577,-121.28312,6.668926898422419,9.839121026457885,93.59092114320616,6.078946140794975
36.28426,-120.94771,48.11892002709324,16.107113401712265,66.90268669303347,14.974634509225668
40.41404,-122.66779,29.65410300529072,24.1522996890207,126.0021374521188,4.204927227034951
37.494136,-121.534827,19.87146998542768,21.503441664769813,80.73019034673413,7.543802936813996
38.73817,-121.39419,7.790010624265826,1.0475529711049538,124.2044076201051,1.055761525675723
33.80493,-117.15738,5.188616640431234,0.5990610589085533,66.80667296678757,0.10713091941650701
39.40972222,-121.00055556,28.169512886770004,14.864025460640066,85.6492662655265,1.2894288590778993
32.62305556,-116.91416667,11.577243106726126,1.6643191911988553,7.826529281109752,2.989568892149672
33.911,-116.980528,1.7750763867903487,0.2241060980719929,86.1197289932822,0.21720991969897982
37.312877,-120.242411,67.93521204816254,5.993974747288042,154.84516503261503,0.8153907055139831
39.32889,-121.23431,33.7625257035376,7.797149348165237,105.78087797506802,1.3086614149651592
37.18904,-121.694968,21.738447320021574,1.0901692155134672,45.91546884782129,0.3952022087448447
37.63206,-121.538382,7.873778551176931,9.256733031147263,87.78737365054256,0.10013665276167026
37.469,-121.3697,11.92665124751073,17.410664576950143,88.22120934716926,10.88908501028409
37.99837,-122.16201,5.177886885625213,1.572302218324226,44.05237528043573,0.9691405902057855
40.41741,-122.767256,37.50643265101383,31.459050999643765,119.17837555781095,5.353419502646344
40.679318,-120.392768,133.9829096357724,33.9941077010807,33.41740847404818,3.0381034867173615
39.06066,-121.35014,27.953773853555457,7.067729031150197,116.49171514026918,0.3831570474387033
37.524378,-120.296551,75.10434998024094,21.20353155427145,140.3375270747699,1.1688254236590836
35.6311111,-120.2691666,46.33179385570609,33.72956498976107,65.60150501533894,6.768675955149372
35.95191,-120.8092,60.54272752901362,33.431941137181276,54.120315370954046,3.059586149311924
33.69055556,-116.953889,20.141157383455077,0.18659446639628371,70.47227395490212,4.749358554391424
32.566389,-116.7525,26.094340498913564,14.025228937961089,0.03466534396750627,4.393769857115018
33.56938,-116.07896,13.772334793547081,0.0,104.67039638945514,0.010237240239419507
37.093243,-121.586846,36.054105056776024,0.0,48.02824703613431,4.5383805337667305
40.463936,-122.435492,9.44116033892394,5.299780354112978,145.73411506122295,1.093840662726548
33.8128372,-117.1228851,8.069731649131379,0.0,69.40008603661673,1.4707370495609458
39.631945,-119.769881,10.578073202131923,24.39987168404148,19.834748281447236,6.589278151675979
40.072739,-120.158273,63.78378587447367,38.13927838612246,13.727316348780231,0.022902458312381635
34.366111,-118.96,33.08757964990382,3.693992506298318,37.280346287011774,0.8037126203648073
37.944751,-120.84372,38.80752533869894,16.33436873315082,136.6384783369498,4.539850239560436
37.32555556,-121.76444444,7.095101285030016,0.0,53.83166071840687,2.8949722657095673
37.016944,-119.934167,73.15819146942243,3.67792016141679,161.64646980238615,8.940514108208843
33.514658,-116.7884,32.755444544194994,24.05416826261637,70.92497650559288,0.05904098552700762
37.962557,-121.468074,11.154841929592893,7.902728299904864,100.19306965986648,2.4963265006355173
41.909,-120.306,178.67716095991688,48.25131407241134,9.319386012085834,1.9757437792171666
32.794768,-116.839743,6.448729636049974,1.9004225064213907,26.012262578318463,0.8946263281391917
37.420988,-121.371276,15.757994429813973,18.667525851099004,84.45962327539854,15.137046196359222
38.115224,-120.78068,49.17836594384212,5.108496492271626,118.68518885494468,4.854670190224521
37.241427,-120.027731,79.00979731361433,21.26018277938135,148.38343905263764,12.762984602907135
34.9008333,-118.9183333,0.38034066482725687,8.443227797589975,82.66864438298212,0.18581041571992754
38.481258,-122.143942,16.92210263671295,13.896260832486487,84.25905308350154,4.249480522283974
34.42386,-117.10318,22.122806114450658,4.67455643525913,122.63618032116918,1.1632638591036915
39.423833,-121.579738,52.76748102204866,1.8339661174145454,135.4956873173696,2.150769988468057
38.158333,-122.118889,0.19964688431113367,0.19447871271688558,57.686720970458815,3.2172772670675576
37.433192,-121.807258,6.751256690298119,2.6123409698642996,59.05954280183011,0.038791323258243346
35.004722,-120.435278,97.72736974373295,1.82270662686916,23.810292129756476,0.3817638473503901
41.834366,-122.656569,6.361841570979429,7.965901522951786,18.906959484779374,10.114885110253297
41.838,-122.845,21.08218453961057,17.92260988339221,18.399153811152296,12.78634705433911
39.831762,-123.846013,140.57535912810258,40.12866774478266,6.577596078292478,22.622272279090076
33.997528,-117.769766,8.148954277604332,0.0,46.86601457324738,0.5986640449877231
41.79591,-121.260305,102.67253684841421,67.0020721551552,22.337276606663423,1.513045521687063
32.767649,-116.796032,7.979114358677461,4.374889064233809,22.612912480108356,3.1401431162874207
34.665699,-119.94974,93.7642072337286,12.623376005058399,29.263607571427837,16.178122241581615
35.908333,-120.984167,76.772066792705,31.158700337746037,40.28984962493972,11.494593632340585
36.008889,-121.466944,102.76661429056693,32.50100661488112,11.168910924674366,26.459163976825476
38.757636,-120.75664,31.745569853433754,2.3138410361145736,70.79440007872836,0.04031192988238808
35.60989,-118.41204,80.42615670102472,5.039309686654172,173.6728745641863,3.144304856833133
32.575556,-117.026667,1.112484431803344,0.0,3.6427149988147365,0.7011043038296125
38.3525,-121.123611,30.00987493130722,10.371942482160783,121.20601950396026,0.8634589040041716
38.622058,-121.114095,19.04118102047473,2.3424057039517425,105.27970141043144,2.407221401553055
41.43783,-120.23976,170.3704945875,24.964701799879236,20.092608022574744,6.4116551127201395
37.908362,-121.872941,14.131595254751346,3.7528312206299845,64.18041830017333,0.8837915963289346
34.677864,-118.752395,1.4517718184549038,19.679974902504384,72.50510960997596,1.4230721579050407
34.202883,-116.4449,34.33296286837261,4.193256120109921,143.6316749655667,9.233801897195233
40.55924,-122.25409,8.50619678804925,3.0778889843432022,160.7046174106133,0.17456560629677392
35.287373,-118.623651,42.42546336722518,17.069073862536886,133.29219147026194,15.761025337058713
33.740219,-117.333728,3.594196628316303,2.4016171109417366,50.89960926032393,0.1409352458710787
37.968494,-121.678172,26.33752769000859,0.03853028616940091,82.37127683177633,1.5438462653152767
40.886677,-120.336977,155.33785863495024,56.00068727721754,28.470703492776444,8.778653405998979
40.900458,-121.320838,84.28402746489998,25.354226193027486,111.3926009752948,8.275288822748445
38.99174,-122.7751,56.75448668686503,3.1508055822662677,71.96988309867471,5.01724514496917
37.949747,-120.420058,75.7558574806911,0.0,111.85018629044473,1.151504589761736
40.943799,-120.275298,160.6715396113638,63.37536953076809,23.229745781031095,16.941588149765014
37.708743,-121.841879,0.8278860894356748,0.7526966898171268,64.3408030394648,3.674145390257074
42.033,-122.175,35.09013824877928,48.0897235406572,2.8397675629908794,4.197278740737586
39.171091,-121.423281,41.090697299517245,8.172531681023715,122.4518955829238,3.040918197738574
33.909792,-117.004667,2.861069558862691,2.008424299771265,84.60487527027126,1.5222737033997955
40.46968,-122.54364,17.6688757912921,11.954148072862411,138.2064441728228,8.376204614224728
39.005262,-123.195306,90.58472801747472,10.642331415700864,45.246214708081006,6.7270122435695745
34.91,-118.254,52.27101928254352,4.599525759324926,106.0792834558629,1.1062139568640394
38.455,-121.969167,2.350226275115812,1.8947241830870936,90.70609622692406,1.9703933194861074
38.703889,-120.890556,26.88114500534663,2.2384723271309896,83.83308279782604,2.677848636304707
39.088333,-122.309167,15.789591411678021,13.911838563711386,106.84315019329078,2.2400198539423353
37.219717,-121.761974,15.410012347997128,0.0,44.30752854768772,0.21906067587566727
40.484329,-122.159393,11.725272194422402,9.181043744274964,167.4421850967385,2.4989677482171553
37.532028,-120.208019,82.89113379623302,26.72344343880074,134.57364214718757,0.8498911167630552
32.57394,-116.760465,25.448428453708804,13.392973593363452,0.9399921300525035,3.538154815014746
38.652475,-120.826165,34.85818310270624,1.3657402791681137,81.30146594220297,2.507223164476635
32.573437,-116.658735,23.768286780829275,22.878608905041638,0.044886158072257855,3.1454514577138415
37.536069,-120.177018,85.6543694344818,29.01530644315629,132.44045188042472,2.862752717902852
37.71734,-121.55867,1.6879975745033933,4.726870830033335,89.26871508943408,0.04575686916691385
40.715556,-122.241944,6.6842728334833525,6.477575715987493,143.350810146112,6.222213859909371
33.4506,-116.857817,25.79524086068542,18.137533963145334,61.76265824945385,9.636708805807276
40.562,-120.544,125.73374988354203,15.975764143482902,46.416889335423775,17.879126894156926
39.892222,-120.029722,42.155793311582244,37.26331928105721,2.6167169289254364,0.5198583299401001
33.77777348,-117.487578,0.00844799739136276,0.0,44.079918280128275,0.07035862519516876
37.034183,-121.45597,38.24715683950589,7.580130475325739,56.85349952846602,7.02959906651834
32.557546,-116.873955,14.630009880349176,2.5647817348618185,0.19532390811839828,2.212055144041461
33.463991,-116.914799,20.536891047890887,12.696647373525504,57.98903433657304,10.803907066104113
40.593,-120.581,130.11756433900106,17.886602563761112,49.4737968735718,19.491972242760767
37.718636,-121.657011,0.166157349535158,3.414693428096645,80.65099366340102,1.8468417412955238
36.40193,-119.030621,94.20546584091248,4.507068043300599,159.0802779237727,0.8970574817020927
35.906482,-120.992914,77.56676059699984,31.00379299113239,39.484751722396496,12.29718420760517
34.71011,-119.3547,44.45293148861684,27.7562113478212,44.060242045871526,29.603131843568224
37.545167,-121.596667,18.6746821405329,16.783096557906756,79.89591783659242,0.882472401664693
36.600167,-120.8405,18.82087625081814,42.24496061738483,95.206487960608,2.101366540920315
34.353667,-117.343833,7.254201440195566,1.409642477156202,102.56740038049082,0.027700994640854744
38.898915,-120.946657,9.773726429597705,7.969417091672763,82.639012602754,5.639622065715718
37.178353,-122.07743,17.172691598557712,3.8592143876591356,24.555236065250533,5.2116776351194645
40.061389,-120.680556,81.52995605926584,22.977975610733846,58.26889357726697,19.700096823090004
33.528469,-117.273157,7.145648343245809,3.3499326254073396,36.53852147988993,6.077206340583188
38.910498,-122.642572,50.30413430436559,0.9714192265970016,72.3361585917089,0.016325748050084708
36.732866,-121.39478,51.932849531607616,7.798346783389605,54.927818805095576,0.2662123064890616
40.12,-122.64,34.81589471558448,30.470394704189047,114.11468777845819,28.531517425487255
38.017138,-120.945044,32.04503281021555,10.756022401019132,136.36277622284362,3.623221672852821
40.062304,-123.222196,84.16162818315514,68.23784364203213,65.6518535841837,24.708615263780406
40.109,-122.789,47.29817140566628,43.18352225315534,101.75255809136596,28.58289400887288
37.826,-118.872,167.92800385389475,21.213002398487323,31.933401615480992,11.422461572112333
41.748,-121.056,114.71002958613565,49.737455914368304,27.302464851682178,17.77761808624005
36.284,-118.228,143.52022872243106,69.11416529073838,120.3965426388421,16.714797879542935
36.151,-118.185,135.53360026086835,62.185495051899245,128.75113369298984,16.303601959616106
37.034,-118.345,185.80389536012967,35.161619245624436,65.98081468216647,6.546740294916401
39.470333,-121.412333,55.6473989521447,4.942971254085539,121.15064441650388,3.903141779741762
44.734,-120.606,102.17077036135278,356.43756404542285,303.1305021755524,300.40273619224894
41.862237,-122.662258,7.5318742748496605,11.084319495341411,15.810822421736551,10.913193804467593
41.4929742,-123.2129356,52.70876711629024,51.45161399966301,56.66395687678384,25.63375506235787
41.150392,-122.634108,23.38598323818976,29.994249305294368,94.79193395512645,23.172891811586847
38.955024,-122.833831,63.07057460141601,0.0,65.48888919997385,0.4118638591870802
39.45296,-121.412619,54.38633162154333,6.28258416507525,121.15427116575171,2.639757130681109
41.512917,-122.740333,20.25444412392969,20.706871720935283,54.474907499438196,12.663072334516158
33.9369,-117.3063,1.2716067653691407,0.0,68.42973998400943,0.9162182980001657
34.630919,-120.187368,111.59331748195588,0.2964710817169934,23.206779670980232,0.0821009157349829
33.496633,-116.631106,40.996874476136796,27.457361120224984,82.86728783078212,5.126158320910257
37.32585,-121.110146,0.015218075832459436,6.6628788605135725,97.39353344071738,2.8281072107757597
33.854597,-117.270144,1.1956381117437755,0.0,64.32126083470057,0.4782670881305705
37.492002,-120.401028,65.28375122585152,13.631745621182382,149.10561637759886,1.8009655324131801
33.4853,-117.043723,8.811668217092622,0.9246202608172812,49.74978496059122,1.127221325971306
41.749667,-123.000833,30.2030618503569,27.5248950788477,28.106678816538164,0.06918326412850292
33.635,-116.801111,31.458096669146954,12.806962458374027,77.73361148263336,8.627606951966598
38.751648,-121.432636,11.30212637027372,2.545327242297789,127.10251136055015,0.2968838798410285
37.467744,-121.842751,4.764300767403543,2.837940896876742,56.71242247192126,0.918373713306795
35.214364,-120.455883,85.39046161333498,11.753025786033064,24.84487345655864,5.844733729450952
33.900994,-117.170588,9.187323074892872,0.0,74.2428919411651,1.405594481857773
38.20177,-120.827386,50.11808438520509,0.6709122649064955,114.07922995726234,0.18414370158623944
37.838333,-120.625556,57.40846917354879,14.832047054987955,133.0101553312383,2.0426930583481466
40.612556,-122.039167,27.110044941886176,21.968838772405732,154.41203250464977,3.482089412841304
32.787656,-116.806941,6.018402683636839,2.849788646730914,24.923480735792577,0.7608098305377069
38.332083,-120.67131,65.85062151379343,6.781236906063783,94.19929528920531,0.07860561767489725
32.87833333,-116.88,3.081547341225663,1.096186576560688,35.57697474138546,1.242428415763493
38.07944444,-122.25611111,1.9943467270239625,0.14913623769448914,42.89273621245994,0.6379585857214027
39.622137,-121.693472,43.80965139896879,8.657868169272126,145.1882835895226,0.11669404159139747
38.538467,-120.965105,34.940315107502535,9.079225536513762,98.12769169529844,10.102036254513328
33.703546,-117.033598,12.932653718824012,1.352825108138145,66.01857165094857,2.0924785778795765
36.154184,-120.634179,35.766596861433136,23.28989122714828,81.01993719959015,15.60605792979273
35.189783,-120.1755,66.39159983236712,31.25072580894056,47.88411651824916,0.06596385379916614
37.429506,-121.336465,12.865005859247042,15.45459367230748,87.38947057283497,11.976104820630482
41.70611111,-123.4375,66.2107035044467,59.289835850357726,32.63730112501586,12.087710114053156
39.613783,-123.458782,106.97897232002387,17.49138279929874,33.0544140327596,0.27674195417622843
37.604638,-119.96606,105.54029335168566,39.228676213838845,114.38242673554801,0.019541792662256096
38.165873,-122.211671,0.37644828238829514,1.2453744854549675,52.479598576319994,0.5479759606462513
37.066483,-121.219163,17.95592550493077,26.241530238097592,78.14958303438324,0.08985704525182224
40.314187,-122.070055,17.566259342937144,14.742240175875935,167.04513631453693,4.698100073090347
37.606,-121.853,1.6696245710644002,2.110895591890242,60.78834421312194,0.9807622143005748
35.79069,-120.73102,64.35138284573178,14.28089258318835,47.7633295942417,5.960272409161534
39.847708,-122.1604,3.370442108306826,6.359532932461792,146.5651792121373,0.8130223682307477
39.847708,-122.160416,3.369073597042631,6.358935657284908,146.56382096960385,0.8143006314044734
37.828267,-122.103867,7.008026752467698,0.0,42.62912846228211,1.0479946162886726
33.827979,-117.499619,1.7478109849030572,0.4824516938445885,47.547391671455415,0.264602398099139
33.975405,-117.207068,8.603962398935359,1.5994346714089256,77.9529141909189,0.014645652765704077
33.9925,-117.059167,0.08129237053328218,0.0,88.56698243143434,1.968753181875719
40.4988,-122.19911,9.40164367305789,5.8778378978045085,165.17190912396453,0.026293517786250154
33.8615,-116.897333,6.948823649853284,5.496687199345141,87.30681002339965,4.583443455304959
34.156389,-118.950833,42.8772485424146,0.0,17.12069777239567,0.18147273769230002
34.32988,-118.48161,0.7844432618473586,0.0,38.601907763484455,0.1545863263537644
35.709176,-120.312856,43.800250586382994,31.26281609282964,66.24900112295717,2.35655521731336
38.724,-120.145,61.11511171114561,15.426087363914576,31.256710549995105,3.557851418821494
34.23955,-119.20187,58.88851268047554,0.0,11.359585415381863,1.0177057645552567
40.387772,-120.304341,100.78198733792857,23.43427142266881,26.203128334205402,2.603198729627771
33.45148,-116.05898,25.904549813769954,10.388144084948614,91.48736214505925,1.5910556893869532
38.045866,-122.245186,0.46382139273418677,0.0,41.179628209593346,0.5936441458756275
32.762706,-117.097441,1.7573776055090993,0.0,19.624710221181346,2.4811333626122285
34.484722,-120.190833,123.63461899019968,10.888089571676382,7.024444834126485,1.008100238620095
38.88913,-122.604425,48.44927265376607,2.1572816160365194,73.04404030259512,0.007182240243378162
36.319291,-120.460189,12.356381298017798,17.741650485209338,104.2541303740797,9.618102401900716
34.033117,-117.21545,3.701840401168669,0.19632950198585652,81.95187471237104,1.0533227510997807
34.055768,-118.554091,7.571081395827053,0.1962911601994254,7.559457922156463,6.104015191383496
33.351145,-117.403719,8.094340872304208,5.342714433173126,14.233730096285425,5.190485634617
38.792458,-122.780053,66.89327249859122,14.159510936803507,54.6219551685589,0.6552969724617481
34.183624,-117.274276,5.663052339533657,0.694303388159814,91.72065122613418,2.3883761294126997
37.896231,-122.636471,13.134885758884746,5.437914856648742,6.323213035460251,6.780041682536679
39.551423,-121.800538,34.599552490503406,14.064195085752502,154.46233455165617,5.971185427452621
34.472778,-118.368056,18.201031714869607,2.2933811812465623,56.57643183383554,0.5638699294378685
37.166674,-122.361112,29.74840207131324,17.393666412241952,6.393577836082179,16.509247372198104
37.62782,-121.68598,9.519901039713456,4.802825278312314,75.53959530022561,1.7051976747494173
33.055124,-116.742508,22.99753463972629,5.7082632051261175,53.82981184849878,1.1678338737837826
33.259861,-117.027333,11.363322868618225,7.017686891242469,38.218350015173,1.2311996619258947
40.00171,-122.25421,4.060519126166883,6.906135940147338,141.85277364956266,1.0290449458073383
37.99136,-121.64118,24.616300817918685,0.0,86.14888398978391,0.07099660953751213
38.03545,-122.2241,1.6154243887872852,1.292144265353544,41.953280529241674,0.09860953370713463
38.07205,-122.22463,0.298022291795714,0.0,44.41436633805755,0.005088779662829962
39.22431,-123.12887,81.20592377866862,4.425796768040563,58.34874039139782,0.897997391997007
37.97911,-122.11092,3.7859107045976734,0.0,46.926964294226245,0.9089217327941036
34.098191,-118.478717,0.06630239324492887,0.0,14.248467284724843,1.649987747844857
34.282179,-118.803389,24.34591735024437,0.0,33.6247025536779,0.3033885078374944
34.01778,-117.4625,5.387825166600466,0.0,66.88421830811275,0.25903763040811345
33.985972,-117.414111,5.429617422662115,0.0,66.34541516086666,1.2749831210201188
32.564583,-116.834583,18.401194241199708,6.347913327685626,0.5814187311970894,5.911182406256421
34.183,-117.285,4.803307957117857,0.332501471062983,91.11329313818807,2.045243893418364
34.302212,-118.997115,38.85088626878123,2.624278715323769,31.451362150721142,1.011224517552008
33.849906,-117.461363,6.029372655279284,0.5838625715802257,51.66602348908285,0.12843974707486927
40.036379,-122.637837,36.099044501974404,33.25015966718327,111.6285318334919,30.878467242619944
39.100408,-122.496548,29.855764506039918,15.35415327152219,96.44489669213054,8.59226848299879
38.838992,-121.325842,10.167613926837477,2.1750991073931547,116.13553686871059,0.013229202887992012
38.734634,-121.729691,5.1619583782320415,3.9772515707220872,127.99471886260342,1.6770300542385481
34.5025,-119.785,89.30734913068564,3.7597086592600024,15.262369777506088,2.558100768931927
40.511092,-123.6378411,108.27600756746449,38.30779334683831,62.836345904189535,2.426681108287368
39.6923001,-120.3291855,34.99652630426215,16.920522878893834,28.132954912134803,3.097725574954478
40.33583333,-122.84722222,47.087018789648305,41.67938872359646,108.48832842004987,3.046692336791436
40.62155,-120.49392,130.3995768625744,23.82759127780508,42.06685274782475,13.68883343020462
39.75638899,-122.94111111,62.987834544760254,49.791715643908645,79.01806722466075,26.44199081821246
39.774968,-122.384532,15.371640953036632,12.673839072051045,126.58949422364168,9.417632914000482
33.96957,-117.51793,2.841229666568976,0.0,59.70526734915107,0.05487920517333615
39.45493,-121.12381,38.277367261956755,21.441414909792204,96.32313856164178,7.066694696020881
33.65263,-117.40906,7.600940197340244,1.9353866262720874,38.96106194902409,5.4107409975089045
32.93432,-115.5865,17.74958138673513,3.1093434144679715,30.47829441007575,1.514422184152226
40.09554,-122.43905,18.864290813172936,15.184055503501911,129.6970664017621,13.71027843468847
40.63442,-122.97693,51.45888019030887,44.36595413268062,108.81250810479324,1.7062412247628567
37.82066,-121.595225,8.906289662591124,4.793019693733227,86.9747261150543,0.01557964888137651
36.075003,-120.106407,0.39272163718696756,7.039326094011841,106.42474815664409,0.11571633269855984
34.47438,-120.29379,131.1350979374326,17.02959154732753,6.329802893798155,7.978928232775346
39.42208,-121.47273,56.380629217027014,5.660892012198107,126.28836409019168,2.516356302527707
33.861054,-117.024114,8.357228070990537,5.046187523314926,79.28342348336322,0.019315283769774944
37.11715,-119.982359,75.95387927023795,11.45695636475045,156.05021447907686,2.1839333178704607
38.697834,-122.403634,38.70495035347755,13.467046160225069,74.66263435369909,15.644824823353606
35.34237,-120.70524,97.18799827649377,1.7205379782743646,19.825577310141558,2.671907850657606
33.83167,-117.34934,8.954641651069071,0.0,57.49239301870742,1.7691835301465602
35.9994,-86.8616,,,,
34.01389,-119.74577,114.48109607199228,42.378624874531006,9.953207811201843,42.99787696464233
37.11806,-119.93221,79.91489606111033,12.459702347951508,153.00381864543158,2.2986065077762476
38.824371,-121.390862,13.351185539868782,3.2258509440475414,121.96427755396151,2.0655307007725137
39.1296,-123.48018,112.5347735494848,21.536851222238983,26.265083286006494,4.726584225629575
40.809323,-120.288882,146.14396999361557,50.804764211553255,24.48588486784239,7.703981281952376
33.782532,-116.524014,9.546659073720745,0.41292594249889264,108.08154037188521,2.5259837111617385
38.232281,-122.042199,3.078444544136115,0.0,68.17202004958304,0.15352970095575047
37.329163,-121.726223,10.191007122221448,1.5702755430116788,55.984343338304875,0.06943172481707775
40.837885,-122.097933,18.683728673398438,21.957711799650696,129.5519236978598,9.072903299292625
37.229703,-121.851895,10.74973837547232,0.0,40.72630919905138,0.0378857108172315
38.98487,-121.340239,21.820619713360166,7.167152352830589,115.89519960035018,2.1368373653174517
38.224849,-122.549816,29.037387973542987,1.8698069597475382,40.52377720127884,0.08013997919654145
38.196893,-122.156313,0.4201277379549206,0.39327650346450405,58.30056122235742,0.1651362301675543
38.216134,-122.536406,27.9705304626565,3.3155178231988454,40.639737169975916,0.2559499015863087
38.470809,-122.038208,8.06903085895608,6.810731566339979,88.39942018169447,3.8000962754397145
37.994368,-122.002811,5.619394121293042,0.2037755656811528,56.2342384008284,3.2418388170417116
36.2644,-121.0781,57.81927107904713,5.060971517493414,56.19600839316261,4.043961418699171
37.61955,-120.215454,84.79220775515293,33.96487004043475,127.67751867440765,3.3448021166978434
37.463636,-121.16483,1.1436099651598675,0.4872902195668918,101.56290113635018,1.0708040254608628
33.638067,-117.37581,6.483230810054608,1.0546705555479727,39.56303877214212,5.1234478692030425
35.94979,-120.81509,61.12220433620744,33.3742113786701,53.594872512190435,2.4926019195994153
33.82925,-117.46036,4.958184638428464,2.590454102864146,49.986555449966,1.9241834522051113
33.78275,-116.89655,15.681540632912661,0.3839472436060348,81.30022464835457,3.071674565718302
38.827755,-120.988571,10.94175000602515,8.121209774680334,87.65409518889884,3.7271760987293736
38.89695,-123.21318,95.81364602174824,18.186196057233907,35.25210291370127,13.69821345466536
33.37579,-117.47166,5.1894597705194645,0.017616421341792976,11.528828581668304,1.1746327350790713
34.29475,-119.17808,53.74400632282021,0.0014878280967019037,15.76740960615756,0.01168707831096793
35.35146,-120.00521,43.079515187622874,52.35183201170883,68.27619699670277,3.2511615526935875
34.46182,-118.77347,13.461806952075488,9.21037454532287,53.59107499236192,4.605203348554793
32.73044,-116.7862,12.037893056766006,5.350131120913815,18.419059400119142,7.2955073979719485
32.580882,-116.690712,25.52502627292579,19.9925024846402,1.082477281257139,2.7056559473132373
38.733421,-121.378879,6.434513136942706,0.6457078979240103,123.0440787765176,0.5066299433588827
38.520981,-121.201927,20.576302226030556,2.164478304713737,117.03477148145632,0.016470295438332432
36.82276,-119.36572,99.70758432430561,15.696505049105827,144.16310327029925,0.8442994379502204
37.40827,-120.08522,85.39956834133692,23.360449251834073,137.7422683311797,9.365483444418842
33.776033,-117.461925,1.737691016979118,1.511239915464817,45.62669126966328,1.0416824132337843
39.14783,-80.49163,,,,
34.63309,-120.28867,117.52786460247279,6.067872081217535,23.9151182182554,1.5811732508189842
35.17977,-120.69959,106.26844229078279,0.0,7.719756160958792,2.3545008167228474
36.3011,-120.92925,45.62061430917518,18.406452116761955,69.32722714257976,17.275136483155034
35.40953,-120.56823,82.68754351782823,3.3582492386919536,32.7712956433054,5.017369051224175
38.07741,-120.72958,52.027654938138824,11.179639738988731,118.93998660050416,0.6190327009050539
39.52408,-121.60037,51.297346677143395,0.0,137.32506380323443,1.9171247503127569
38.23432,-121.20828,17.7533857383248,5.117305320451987,130.7136976426608,2.7795350216477046
40.000132,-122.205628,0.006348004581825205,3.325588220395953,145.8316585049102,1.6723829886378667
35.9497,-121.42113,104.35119874703776,33.45079271589876,12.080208176989778,23.842440559081925
35.27678,-118.6894,37.09265797534758,12.860343561737244,128.94121987616057,10.012366251456967
38.89178,-121.33956,15.230862999191393,0.0,116.52026557699327,3.1654316710669503
36.37085,-118.845123,105.67725967020499,21.416244033726436,150.40878184735158,8.431277520152967
39.37577,-121.45372,52.21104674941828,9.484730933784071,124.61646201416774,3.8709666664839135
35.89133,-118.8613,73.07560980135844,15.716310573931219,182.1827450357449,4.9745436584719105
39.36894,-121.53976,56.17455240092405,6.40501375415851,132.03032478088986,1.8449952289886469
41.5017,-120.54161,146.43939344071157,0.00029199857838567076,45.32111644014376,0.06994062146920477
38.08264,-120.20316,96.91496054736695,1.800553881127674,88.22017168931379,1.6108392548495492
35.90835,-121.08753,84.82888186542706,28.265558893187773,31.95918512820389,13.723026167048305
36.69845,-121.57407,66.88415730797064,1.808481917806291,38.5311610506247,0.272148737358955
36.5537,-119.19677,93.20848710072443,5.2432099544952715,156.40694049792688,3.752025103495344
35.9789,-120.87858,64.7183123921082,30.777279788037266,52.24728097244897,1.7734566695476692
35.62906,-120.68326,72.23334789527803,0.0,34.67411887707818,0.2840721288299858
36.97511,-119.33439,111.7669851388973,26.50872200689372,129.65259059135096,0.775045204066449
40.43203,-120.28147,105.03564257626405,26.103196140446652,24.25394462848727,1.3103680794288088
40.44793,-120.04635,103.25125957997146,45.99487522769688,4.301485710596985,16.821758288240922
33.27665,-115.96594,43.67733777918993,26.254395650728306,71.409006403723,1.0237663888663961
37.46265,-121.18355,0.27536158241541275,1.9525286897285683,100.18068493789069,0.38245202325688227
35.30742,-119.88048,37.62987627318898,40.01675346460704,77.16960063280753,4.9240896821400835
38.22554,-119.00289,123.44069466402435,63.305904829725804,6.691243446106901,17.62888601701147
33.565093,-116.750925,37.375177707784324,21.814175280047476,76.87624761456247,3.0877861493889713
39.32596,-119.81098,0.36874319666990296,17.545262691444393,16.824655316924133,18.740236746855015
37.06641,-121.21912,17.95630718550523,26.23634431426651,78.15154198129477,0.09878692265168977
35.69993,-120.96759,87.4965300062826,17.08977524800305,24.47166244616611,16.267685718217116
41.0336731,-121.2199939,90.33940899124772,35.75639523498311,102.66035886245078,7.282223660773309
39.3784,-121.4319,50.76803147786187,10.817694294692338,122.73671152325794,2.426795955094442
40.791509,-123.437051,85.99850324462072,49.76792751597103,66.52568379874003,10.16170999118783
35.310132,-118.702732,38.6221781625609,13.934339654758052,131.29709368333735,9.523679339768538
34.542742,-118.324601,26.9218324728827,10.83961132244498,65.20903435523861,2.0765933768819345
36.9678542,-119.9252132,69.7705401438078,0.5629953357682422,165.16779690062674,4.9902981509470665
35.393889,-120.053275,43.801835116081364,49.42158036590901,66.4929366983171,1.4102613127050563
34.182436,-117.124353,14.277423634326619,1.8316974274759477,99.9305539154753,2.7225525312858654
37.536015,-121.876277,3.8677885244484274,2.3333221523287277,56.14298252702391,1.248654363129784
35.351065,-120.00485,43.080993952751584,52.30381315358647,68.28818673764988,3.2950901963413983
37.166733,-121.567505,31.458126182798452,1.9891431848916543,53.445121562172545,6.291493199313229
37.091637,-121.086625,6.233188798823156,18.344536157295416,90.2425777889622,1.3884144372095637
36.750186,-119.116536,113.48754118263135,21.251303916790885,135.38844309095862,7.762977741609455
37.034839,-121.501532,41.832453486238,4.51732703557097,52.95164400557706,4.889588356133911
34.467915,-118.328877,19.481901720631598,5.023416570206787,57.28877772347836,0.5316103070953402
38.02996,-122.25471,0.04849459311529634,0.0,39.436598164901454,1.324729773634252
37.71984,-121.53524,0.00343841352610051,3.0868353535055957,91.34672864747796,0.9052851154395438
38.21614,-122.12447,0.8075860072370508,0.0,61.771496771466886,0.060923635824115134
38.58488,-120.941267,33.307715195133696,5.719286052673587,93.70517989377078,6.513850613497185
39.35498,-122.65813,39.87454082959575,29.06853742229408,101.43984433467303,27.73958159745298
33.551838,-116.7464168,37.398565081992196,23.31522416314905,76.42152133322419,1.6165179016190712
37.37731,-121.79349,4.629536934848705,0.0,57.66905220518779,2.565204574612116
37.1487,-119.50307,111.15043842005412,19.579343952853854,125.27058014965841,0.2050722259548399
33.623968,-117.108421,5.818637147934076,0.45458853269690186,54.92323905740808,2.64455385961067
39.43227,-121.37994,50.7564086872055,9.862297612885286,118.31870548197712,4.239415797470285
33.48429,-116.83552,28.02476770704873,20.043167132031517,65.43213091494734,5.556850515425162
36.09493,-120.52193,30.278442175078386,13.515158057351357,83.5848619011789,3.7006531419485187
36.653,-121.04401,31.66799215629964,28.469189318164577,84.5110196972299,0.6936646822134197
37.42319,-119.95807,95.26909959985827,27.13780238459359,129.03893446666748,9.66833598194915
39.10112,-121.33589,30.38664813278323,11.220109667736363,115.11784216766961,0.0001441730047463085
37.64044,-121.59374,10.089034421753796,10.070523874580243,83.59092675956305,0.12870985890447864
34.39464,-116.97557,33.79993597076657,16.094468764748015,126.84734402248516,0.0014534727868442806
41.79319,-122.69296,7.896423694860687,4.917148637455608,23.40778597487879,6.667228713560922
40.420886,-120.86375,118.58415562863769,15.910612934439774,73.66723463878375,6.158723243871392
40.462621,-122.792645,38.3475666913634,31.66705168371347,120.39590339051584,10.555603749735308
41.11037,-120.923293,113.0777336276701,51.20680463157311,77.60465279128394,10.156645161855177
41.1849445,-123.6986222,104.85339622191096,39.277595447353605,40.46288103356973,14.326307275803947
39.506597,-121.604579,50.84084689749662,0.0,137.69807820465132,2.089303773185898
37.977309,-121.620238,23.231906613993022,0.963322070528263,87.53799812058732,0.3887797886177589
34.135626,-117.192142,7.728941114631643,0.0,91.94466620904731,2.4455546873236025
37.118075,-119.932391,79.90157412704124,12.465734362821133,153.01323315499542,2.3002703782295257
37.518879,-118.711135,191.74573115469695,24.899814981726824,47.79319375882554,4.5583335769440545
41.699,-121.477,81.85837581185874,79.50323333409663,33.12949083370998,9.689760637631178
33.93327,-117.033124,2.8623490078573837,1.106058785174652,85.07606045985023,0.04640211148992556
39.013591,-122.359663,23.266701155354422,22.24829636259902,98.09412771056161,6.195020805301857
34.028116,-117.429598,4.330661941642545,0.0,69.44133529408309,0.8665125881491899
38.420382,-121.044895,37.97634392450301,7.408832516107936,111.20662472881256,8.329955605241533
37.083806,-121.101634,7.816395366200192,19.654836983882237,88.75403671834935,2.5646773316403437
39.922415,-120.025872,45.46851254042771,38.477120367592335,2.308803076538183,0.3951737896129383
34.75844,-118.72004,6.912402235626611,16.429880103436044,80.84804641477946,0.7300238889563195
40.78804,-124.19954,149.53698967218222,0.0,6.607756806199138,0.008749087502393138
32.62212,-116.77048,23.614387692119262,12.872993303823458,6.338987629027614,1.671632912425687
34.25143,-117.45479,0.5996004717198861,3.0475951327473463,87.32850703675003,0.45692821904378167
38.40329,-121.17197,26.73274169697831,10.085343290157889,121.4132610252877,2.781700553789922
33.934137,-117.034461,2.870134358066904,0.9958310960338238,85.08095951553386,0.060935125450570435
34.17363,-117.889503,5.726810022251783,0.9443219613006749,57.18982001587845,4.490421881637438
35.14357,-118.7933,20.27196287083483,5.611319971160265,111.41054134585843,2.0283271018391797
33.99139,-116.9617,6.306132955746796,0.0,94.18844482260175,1.703016051682799
41.52261,-120.17183,177.2867274550579,30.170430193754257,14.439607177643937,1.2213450205039413
40.34659,-121.6415,52.8467290767074,48.75902708679861,139.75973850631442,20.931760848808604
34.51853,-118.59699,3.1873581698850533,2.2788324525903367,58.8272900317817,0.46863180787222797
35.43128,-120.47346,74.10570293781451,11.551270202406172,41.56271371874353,7.31628248527901
38.686478,-121.103299,15.303013708820657,0.0,101.71642360978389,0.17049482139770222
33.924086,-116.641846,0.03227369446795474,7.601751490938819,109.27593285530907,0.1618154403154033
40.36764,-120.44811,102.68093513532587,11.217336849600745,38.406470702894715,0.061411071229607296
39.31313,-122.48525,25.03063796428841,32.40819950424022,113.17699679232847,17.326575427407434
34.04447,-118.21608,0.002832764840904613,0.0,29.595623995072387,0.36756380456421733
39.11307,-121.38178,34.12856806972162,10.710230947017306,119.0467066317238,4.019125451322512
34.3428,-118.49731,1.1852143280425356,0.8446548139424332,39.78555147527377,0.07264205702972101
35.43044,-118.53361,58.97531532741758,17.88487443249794,151.0560179146808,1.018277583704956
34.93442,-119.5795,48.63950817369194,22.88320004762323,62.885494993567164,0.7719726008713909
36.90933,-119.2439,114.09717570282815,28.917542366732754,129.76533834255548,3.9859989205847017
35.61521,-120.40457,56.866977228427125,21.41534149937559,53.815718586441285,10.047633681138354
34.93929,-118.92967,0.005815632477748943,12.509751227041594,85.76721132141789,0.005518957818145697
-118.46115,-118.46115,,,,
39.82454,-123.262437,90.64999434078611,41.764407937198,53.589787327730306,4.431342744000659
38.81111,-121.318472,7.413781740295534,0.492308714157968,116.04524133490578,0.4251494399388328
40.590714,-120.549595,128.86531192893227,18.583236718592133,46.82081964760744,19.507001632759522
34.962524,-119.444977,37.40125636510491,17.745254143426774,67.7769716412014,9.393821741708171
34.679,-118.452,23.781854202556865,15.822601486764801,77.32029720811954,6.95705877721129
35.308259,-119.987565,44.840992531326954,49.03020923213113,67.97119613582294,6.279086696586291
38.474502,-121.172572,26.059051843712343,5.525529917965896,117.28267845886789,0.124056581995258
34.160265,-117.910498,3.605088328468672,0.12573476372564646,55.09201545182163,2.327914710570499
39.716713,-120.889438,50.00716002601587,23.521436875414384,76.12029945029057,21.161208042202542
39.647686,-121.633994,48.89925356632789,8.840647639482585,140.0381250915346,0.003050768600549674
39.702438,-120.143473,24.822551159104233,24.995831385783823,12.212643342833665,8.771039154836568
35.472114,-120.856731,95.65854704356539,4.433855872024809,11.221984123907092,2.3269718208927705
36.09876,-120.427342,22.51239023649967,5.296033876905599,90.28642669356529,0.08968350801728747
35.519723,-120.801074,88.35257580290713,6.092415501694174,18.510673620333126,6.670624894638464
39.52452,-122.427358,18.253079023225055,17.82755344006864,120.9109958084837,6.203391821864309
36.60239,-121.62161,76.81659991850896,0.6445523667095142,34.26651002607141,4.028675342464611
39.776,-122.673,40.061927428490776,37.252810252803414,102.0770864348631,22.702169980721127
39.29241,-121.100352,22.646989583122807,4.539542622423146,94.27834982813455,0.06121450295069763
37.919382,-119.010655,153.32457694676708,29.334555689971413,32.4023378806559,7.123484109048644
39.555943,-122.5012461,24.58909616728116,24.425137147386643,114.51126538237101,4.379638176377959
34.438759,-118.758965,13.246438068205935,8.285299730602192,50.94676046719543,2.2356888822347667
38.840068,-120.876546,18.150810768708382,9.38358250113326,77.88254273146103,3.18157658858572
37.17162,-122.22275,22.102703278308496,5.170515935339292,15.301803857394985,4.866146678056915
37.439437,-121.30435,10.051799045711487,12.409785590461006,90.25936376764926,8.935814493334355
38.183,-119.869,110.79465145336671,30.112600928051613,60.49890068273867,14.548966847361562
36.4463,-121.68181,91.60596284009935,3.9105540489507904,26.77384937167607,2.7807074040518986
39.276,-123.013667,70.72846349358728,14.210135455897088,69.65789252843508,7.5585957620139395
38.027921,-120.763258,47.86686199864641,10.889038226133904,125.02560446363624,3.7031788570799224
39.8174372,-123.2111007,86.22986655277185,42.263173562326664,57.56533091301411,4.720278247147715
38.48193,-122.14864,17.313326390880523,14.261439395777897,83.90667262158125,4.087402738417653
40.09571,-122.4393,18.884788625982335,15.192770288983507,129.68146091380876,13.730899947940458
38.03106,-120.85258,40.2857353590131,6.708282674497734,129.8824700586113,3.315345737272889
37.813779,-120.312565,85.04834269761973,15.450472745341056,117.03546019849631,1.1386234784404023
33.454896,-117.328234,15.874315176054507,8.915674736663716,27.201934447655475,2.7506048948175605
37.18725,-121.68465,22.47255383186158,0.9601356431001998,46.46384360241746,0.042337062847980944
40.274,-120.757,105.7581548475817,16.020614767488837,64.6847778055223,12.28813517484674
41.028611,-120.281389,167.8109647072737,54.426422684927516,23.692242443682176,16.145621373848613
38.018089,-122.836701,28.834504616572204,16.404200383853542,6.710823876152662,5.154632843230316
35.4335197,-120.1243296,46.98837367407233,43.21773796197153,63.41864675980022,5.514737037898544
40.773,-120.536,147.45457891642144,38.1831402690909,45.36653022675298,11.816864114943643
38.8825,-121.10411,0.029162609939696413,0.002220790370525687,96.40389604988275,0.26128139908287734
34.65979,-118.36411,29.265566389863547,7.633794758658024,76.66822964794318,0.4505638561168991
37.08053,-119.88673,81.18175621051434,7.802101726208692,153.55182167228728,1.8878030764249885
40.82126,-123.12461,59.53493273824485,60.749846664290324,91.36286169047456,5.50987496819196
38.568,-119.568,69.0751010692994,47.97485648738456,11.073426260833493,45.28571671667918
39.012743,-122.637037,44.94557729675162,0.07520062787670546,81.18099861744639,1.3861399051107246
37.19147,-119.261175,130.99144719080388,33.03820084987182,107.40546699019407,0.13736197711083797
34.08056,-116.98669,10.881173467715136,2.8880086471186956,100.38444946457099,1.8224843516899072
32.765615,-116.692705,7.971629348115645,5.647427925501086,21.45079391391733,0.34998577181109086
39.4935,-123.3965,101.58837889909853,3.4148657617128335,38.14861235364185,2.178100294604795
38.99,-120.394,36.277548703097374,28.320673958491266,34.02234837713732,3.4705743993704705
39.3637,-121.32361,42.18220584661388,15.46381183782111,113.42924655992032,1.2885549975701074
37.46377,-121.18018,0.0002213922705294631,1.6930990889018729,100.49261433735231,0.06990664434830232
41.68229,-122.84057,16.634040963408165,15.443622155343226,35.66958990958503,0.5128530887806905
41.575549,-123.021635,34.420045967716916,33.11384414617335,47.41557158040917,10.40404634626164
37.135474,-119.027309,144.32843242095353,54.470238758659654,98.19889826856587,11.754038347787684
41.211022,-122.847359,42.358663771083755,42.8753545187185,87.94035631051887,17.997462251945507
34.773809,-120.491594,118.68385747991387,3.662255723647989,17.863748600397802,1.0324764085831792
33.88831,-116.68386,3.791223522379306,10.747159059823845,103.73761785633299,0.008431851974867125
38.56295,-122.49745,47.3641631867518,2.3742631269827736,60.533776124375116,0.3399540509799248
40.53927,-122.56656,17.744851427317442,10.905641278063666,140.88129597676394,6.439969512424621
34.563,-118.4,21.603454114090653,11.410050328517537,65.45836430627953,0.660142304969221
33.764357,-117.374419,4.02169927695512,4.310331626908998,50.4596548997181,2.5044758753550096
38.49375,-121.003602,35.64270647285759,5.103590765047549,103.62532483457112,8.568874173240877
38.464074,-121.039236,35.437461765981766,3.1175723545993836,108.03450248254562,6.440951868164636
38.424016,-121.006635,40.49071466236647,6.56903208598327,108.27293320758733,7.011427506014683
39.181047,-121.450982,43.65926614437162,6.69959247497143,124.79594006996803,1.6632045290193147
37.821737,-122.104314,7.160979110639413,0.0,42.4904500783047,0.7388455988970015
37.98337,-120.64541,56.69850218836564,11.397252022060249,122.00726832937545,0.10124663268308295
34.014728,-117.138078,1.7831251457352868,0.31075617930143,85.59026221370284,1.8751278667553921
38.659387,-120.964726,26.16582709563278,0.0,91.73331121117967,0.06581360948921135
39.51694,-121.54475,56.02260207602207,0.0,132.55044398926057,0.4133610432550466
40.55823,-123.88658,128.7401559707098,17.464370863814608,41.76330728754788,3.2538738859341696
38.56184,-122.37828,36.9932977649328,7.089636544572899,70.13994127824081,6.7267710182708695
40.38869,-122.39033,8.900007140456767,2.823450858682682,145.16979136262023,0.048100888811252594
40.47646,-122.18102,9.7075877622418,7.476382242642794,165.41118380763203,1.4141588862852024
40.41486,-122.342,5.0983270084907115,2.82888738896738,150.1375188994683,1.0016415318086818
33.73614,-117.65719,11.36060048309896,2.2991472668069526,30.827660217235113,0.3006577838530649
39.009454,-120.488892,32.980743748624434,26.715468371702286,42.183058616630014,2.988672876270449
33.877257,-117.675067,10.902122912220978,0.3774254798671843,43.37078756235239,0.17110955466140282
34.03343,-117.51476,3.2520467188775823,0.0,65.95789994010467,0.6191797756879236
34.146195,-117.778561,2.9153967214229235,0.22316978780477797,59.263992765493924,1.0896347394738852
41.4435,-120.87054,118.21888538728749,26.091366756312016,61.02571374593596,0.4136939367746529
33.893351,-117.62109,5.670391635114765,0.08968346797785769,47.58340560739314,1.2133520979961032
33.773754,-117.051463,12.801134961129389,1.4057778091075843,70.37290531959331,1.6933622904724654
33.743842,-117.674967,10.449585738222297,3.9493490027865508,30.776019687610706,1.7107381515972544
32.75277778,-116.9075,5.838740075075264,0.0,22.031964617826137,0.12288648533545563
41.591948,-120.374514,162.1522223023789,16.718880029969664,31.393595592731717,1.2374705564196526
34.33622,-119.078,43.65689061869398,0.0,26.06196870464344,1.5414111086104054
33.93244,-117.03459,3.020412270750544,1.1815170072026224,84.92179237245998,0.10383308683035855
34.52927,-117.31544,0.0004288872010486969,0.0,118.79082079951405,0.8913675913612038
34.20955,-118.83967,31.06114935971256,0.0,25.052195508002498,0.4044286320139402
37.25086,-119.51982,117.49510004758874,9.839606024281778,117.68921564717049,0.3184940654938589
37.08931,-122.10509,27.25140401974972,0.6742316254835361,16.814574834418355,3.004277419184005
37.18259,-122.28823,24.438061341908373,11.095528382103419,12.579556511068143,10.759494357994347
37.17749,-122.1756,19.403277436393633,1.6448614752207449,18.349367147200155,1.107429914492131
34.99432,-119.185309,17.493379304734773,25.48493605989561,79.1846689976796,4.322011662001399
33.52871,-116.10723,18.766416455775392,0.9222168026674529,100.43367596319615,0.5337691236173647
34.3585229,-118.5553174,0.12100399603110248,0.12100399603169494,41.03837929930057,0.2710932807731678
37.18381,-122.13372,17.383743338157394,0.4298519661080777,21.47925067049097,2.194851914904676
36.98767,-121.83627,36.94170387046479,0.00343907690081407,23.025555443524464,0.5172897822048662
35.5819816117628,-117.5910734433329,91.29370610224954,3.7269875100872136,138.96994849768487,1.9440552253892602
41.927772,-121.627082,77.3611180252833,82.29822325517407,7.967372287766338,1.1277571332589111
37.813464,-120.131236,99.92403398495837,21.34618096880203,106.59607930665267,1.6864022933841336
40.6758842,-122.0536419,23.1465220128653,22.05743635111366,147.41407688987385,0.42335451376717514
34.30277328465364,-118.70009500551254,14.804332989609495,0.0,35.38510740014595,0.8634193604135363
32.958961,-116.582369,14.628864356482248,14.922815076439086,41.738690374348295,0.18047254210890407
38.99914,-123.35838,104.43789895738664,17.522590017747106,34.89375178128377,2.5267573892469777
38.9743823,-121.5896697,31.998157948432326,3.4477100858191747,137.50956653283654,2.800574709392914
34.9471195,-1191414610.0,,,,
37.0953436,-121.143154,10.48985219934026,20.329775718375803,85.44970618569887,1.3066994306901474
34.449686,-118.616276,0.21256045863335202,0.041925573463364195,51.25689195231876,0.16562500775714517
38.88437128468345,-122.51771555326388,41.980606924811674,6.460420941327749,78.40231368902984,0.024069511040682275
38.223179,-120.856628,47.752416396344934,3.886149695451713,113.95526879038378,1.3593928611511479
38.773294,-121.034998,13.045590114759854,5.010013849716799,93.06603066519037,5.045347480134638
32.987532,-116.443391,20.44941323574667,27.259770259560444,43.648201161268496,11.302091232194398
33.532246,-116.767011,35.05582508152934,24.031149613167265,73.64234787079137,0.26649271492143417
33.86972,-117.044072,8.60213008724667,6.710178450945535,78.85718599540003,0.0670066252338441
39.85479,-121.91936,23.98625236027398,4.368382443846971,164.17688673395935,2.4128741143695147
38.28328,-121.45965,0.15131846236861007,10.302823389061013,113.13691671375133,0.028144970989730685
39.2510745,-121.361339,39.012345586715874,12.349799611423105,116.83856579244329,5.608153937011548
34.454231,-117.663815,20.781938586523665,5.835426087916317,94.19184159342942,5.468352059087761
37.560209,-120.419624,65.63727681902228,20.679062662865583,144.5091616416599,4.1130251503631206
40.971612,-120.094517,158.45230550426479,67.45696092088488,7.983044948536128,30.756590832701235
34.079046,-118.558938,7.7668045378067125,0.017079414841404576,10.058553087152829,5.860646831378426
33.8948,-117.1116,10.729872079109802,4.182575456667566,77.10926795407566,1.7038701644333942
33.50994,-115.917099,17.42542041596291,0.0017846507061165051,96.76755618969014,0.9768129492079857
38.56101,-121.01365,30.09830905520406,6.866437375254843,100.49386650117039,8.71894086163649
34.7591895,-118.5044868,24.704950069776007,23.245205701037897,85.69544607021403,1.7154201244163272
41.23106,-123.66003,99.41514961081205,44.89373665645188,42.48953952598439,19.464721644689885
39.384319,-123.23205,88.79116247524657,7.618627021511421,54.931914501239326,0.1693011437127968
33.965596,-117.471517,7.1305415706878925,0.0,61.50995665737543,0.4321805791918164
37.45646,-120.00392,94.34925755147759,32.295991088033965,128.9534571523927,4.657177360032824
37.89346196853137,-120.8391587117288,38.56731793646112,11.527570614180819,140.69851632438352,0.34266816721497967
35.932852,-120.854096,65.10893532857582,32.956637590658325,49.89569812208052,1.231444406889464
36.86201725309289,-119.3484121800294,103.46325330142722,18.305001937788774,139.87770432768474,1.7144406995888997
37.1619216,-119.5166045,111.15193929487545,17.706937537316502,124.96219698759035,0.8916034324370795
33.631955,-117.089849,7.539437519543504,0.03290454615302134,56.787778172819095,4.372848653419498
33.895007,-116.90145,3.233296810678292,2.149957512007426,89.69148734741418,0.8668517217675713
37.24484944019164,-119.86047836209606,92.20747496782562,19.303288635093917,138.26721236444956,15.00723234454236
39.084872,-121.333346,29.063766470403852,9.973623324556245,114.95782947262305,0.4781988337354369
34.383247203440405,-117.41835464122236,0.23344218406000974,0.29315879279700136,100.30203527287505,0.9352880503471969
33.315711565249096,-117.34832277422022,9.607650226904456,0.0,15.955190899495781,1.4152187779178789
38.899722,-122.238889,19.835031950170343,19.08419891798711,98.54411461294843,11.907084768970392
33.5812044,-116.4518615,23.81977474459529,10.322944537265828,101.93776130701404,14.431428900503196
38.3046414,-120.9608439,40.740946498046,4.639373285649294,113.70639655843979,3.614742268499652
39.1956433,-121.3587065,36.79252398850684,12.470211132350903,116.77996529932841,0.5549201417473133
37.24042,-121.76309,13.519125427232721,0.0,46.05509417813756,0.5885042391916044
33.67127,-116.94956,20.527191367863725,1.1336447355170542,69.38516466223447,6.876736214845047
40.61468,-122.49164,10.529923338156964,3.548687444997635,148.79222507960543,0.29931168154299675
40.10806,-122.16025,4.90964360865152,2.857885647709661,152.8338617427997,4.398954429999435
38.79988,-121.01273,11.969826008601274,8.244301831727778,90.42413301516982,3.959532743545287
39.16338,-122.916,63.67423446528565,0.3138364113443001,74.34875226243643,1.0108437523329716
39.77144,-121.76629,37.25816366906176,0.4168486923945503,151.16784154746685,0.1123009969130532
36.59717,-118.20355,167.74073384637236,80.97999041244883,93.30281315886113,11.03102230723814
36.47887,-119.10788,94.17117211395524,5.628922274898242,157.2262820050434,3.0395999400589453
36.03223,-118.85799,84.89399987231381,7.766226313843361,179.22495995515513,5.539840847325271
36.03887,-118.76857,90.83530824006885,15.588941420084783,173.29797437222004,10.098792608984835
36.151231,-121.558858,99.841467154819,32.40587689963315,14.053153169871457,34.01321631481391
34.83498,-118.86258,0.09330860823660513,2.431050236547326,79.26619131201136,0.08028244634705807
32.903917,-116.233056,24.072272808474146,43.496125841010645,32.57996492596235,16.219257733840664
33.551747,-116.707967,40.2937522691557,25.112674427853957,79.44713154872214,1.2185057324821764
36.6000177,-118.1420738,172.63745618404602,86.2161681782128,89.37406773992454,5.770855143224315
40.53297,-122.12107,17.01823820071474,13.298484510859527,163.444993695825,0.9003022028263076
33.499081,-116.1147496,22.075859202085454,3.742159869453883,97.22221099081919,0.3608491356939833
33.09183,-116.9543,10.990096476576488,4.361658687181562,38.62725219149736,7.336996548676207
38.728881,-121.39247,7.005975294395783,0.028991536808979604,124.31267225038833,0.014022139701270926
41.583949,-120.729446,133.2179380014852,16.984334379888118,45.4434983242943,4.358189956473057
36.63228,-120.987172,28.350650591080804,33.995983255920144,86.78341416272004,1.6616505227431915
40.475558,-122.481055,12.41715367127247,7.593005082923076,143.06509663761003,4.559443812748118
33.337282,-117.095858,5.8591484579817905,4.842810558207803,36.29104511185287,0.8094554907371324
41.562302,-120.497502,151.40728707354486,6.7769261625994455,41.65946352364577,4.070584832483894
37.118582,-121.584194,34.1004304044822,0.8490066905345122,49.48920332716108,5.553819808088944
38.659971,-120.876096,31.514980201214467,0.9376854205268396,84.76031767781119,0.8292649488672985
41.459,-122.329,6.369162094264026,4.060592672716068,60.95198598489777,2.751942612707217
35.442533,-118.793912,42.25180334126502,4.188419169369642,139.57556218577324,0.28127763343560014
34.919,-118.891,2.9241208316678278,10.656827948332749,85.718610866678,2.702190439275516
40.039,-121.406,68.26405052747253,25.21362085583905,120.15953650591116,11.748132766951935
36.932,-119.735,80.01799394013467,0.9803438631130548,156.9601361288971,1.1810856048195821
34.20849,-117.280416,6.794867403751598,1.975224077331018,93.7114592714918,2.3432914521189354
33.740058,-117.050236,12.739558596716993,0.30406016162826266,67.77537883935751,2.037870708736539
41.665191,-122.054254,38.053494953320204,36.37843252592933,37.68062897983456,13.654193020880056
41.917209,-122.374848,15.484250529964756,27.11924168242406,10.222822582321623,0.7385655674924959
37.02865766813302,-119.25484409482164,120.97431667596986,35.71064578805686,120.50598696677159,6.788775986787291
40.860525,-122.348956,0.03550376492415891,14.467781349006806,127.38637837087703,0.11711133022177217
40.74,-120.24,137.8610085084915,47.65048006948241,20.414780043757872,9.49515478950927
39.83203,-120.3415,46.438593564493786,9.788052716985545,29.21969158357199,1.6370539876667736
33.119448,-116.677511,31.085553879403214,14.660834150989377,60.32642183646235,0.31652873287140165
36.10007,-119.017899,76.78903654480906,0.40812177306257436,183.2097207076991,0.4117101577881545
34.808751,-118.87933,0.2772311556514703,1.101973952033256,75.99281389880707,1.1063718351573846
36.802809,-119.393795,96.39119875937033,13.036938298340647,147.48214881237172,0.6235047997769758
41.80728,-120.638464,148.82389845677878,33.57365632918187,20.603814783631282,22.295614999123174
39.253647,-123.224377,89.03516017365068,0.07427504645159297,51.70547093475842,0.20011206117255934
37.06047,-121.05758,5.895399013380609,15.8179556075495,92.08744534171089,0.15215483832404952
41.28523,-121.77593,40.61940831736792,42.013889781972296,79.45399780424783,0.10146976984041636
32.82731,-116.6253,0.004318664618664301,7.509785513004016,27.64007844109298,0.24953313030602903
37.865193,-121.667665,14.926618753890223,1.5098673051163907,81.16462858977347,2.116149536042569
34.85178,-118.81448,4.635002538181275,7.156727019953448,83.28449384727993,0.6146340972035218
37.350823,-119.869785,97.23246823383202,17.60328077851326,130.00375206122388,19.445398369568803
41.25272,-121.82403,36.38510795223317,39.77344481058986,83.1359235035938,2.35857945448046
37.8024,-118.8745,170.18302548698227,18.68276480186371,34.02865177391137,9.289640535334449
39.871306,-121.389439,69.29573648360075,16.04967754771891,118.85443202928786,0.3211891856926805
40.1703,-122.64768,34.005097262312916,30.55864985628396,115.40793253396298,22.908520157754733
38.0975072,-122.7418335,24.748428685316142,10.004006980794939,18.73896406347778,3.725972256263997
38.4504695,-119.7512546,80.50432738009788,47.155027884458,31.437011399223252,33.51621252310396
32.578481,-116.634023,21.723134044391944,25.247126239211237,0.2896619151443122,1.8313201582774816
38.6280042,-119.8591887,61.62608783596617,25.37913798068291,22.859714317987628,19.14264524277575
39.999396,-122.55195,29.301984093842183,29.230904135506176,117.33722857733757,23.580088305570058
40.86955,-120.45187,155.67400056701925,50.454198605382594,38.16895147787817,0.616198335524635
33.889516,-117.070814,8.667931080015826,6.476597176642844,79.10119520896221,0.01068383098114487
35.41153,-118.46461,62.33230477297195,18.63374353298654,152.7421582526219,1.3373584498278002
39.383922,-121.24684,38.706472055503774,13.900404056530304,106.80693784715655,5.301240018153661
39.976,-123.505,110.08031586000351,57.70400361545748,39.823771867470995,7.2660395096725265
36.199833,-118.722167,105.30036992072709,25.72153602524306,157.20889594509765,9.284837948303208
36.476664,-121.224797,55.31892023432356,8.714179558725558,59.395377942367105,6.839348087783077
40.183504,-120.8468224,97.28338124346602,26.26955730862068,72.35113359284867,16.862312303831278
40.35,-123.034,61.35434079917796,55.25377282304005,96.45118096932424,3.6260876636373607
38.054116,-120.867498,39.710056180171144,4.161232430963193,128.80157312574045,0.7545338783785416
34.7479248,-118.8217926,2.357964668205838,9.64310579932288,73.72785612663687,1.7963730019641209
35.65927,-120.560856,62.145544915586335,8.17033813028571,44.88776480557091,0.8423187822382793
41.5289901,-121.9154934,40.95868412424347,39.18551705326042,52.61691862727682,27.424715303415624
40.466364,-122.482826,12.931898530101089,8.511208213346563,142.40962608029164,4.826329452412087
40.752,-123.337,78.8358429929224,59.07956963947745,75.86964888838942,5.136932556127982
41.389,-123.057,48.1440401736658,47.40392826695369,68.11160485070187,15.643058339764565
34.23604,-117.65989,12.72631840767609,8.090415732954927,73.6734736072063,8.548832164330683
40.604986,-122.506112,11.93427709527752,5.100789932553988,147.89440407099772,0.16580937717088665
39.08805,-121.01468,4.7666182578788066,3.317325151524572,87.41874740361934,3.6386934389606465
41.68499,-121.53946,76.45070662380935,74.48386827619284,34.75849175623074,14.191026666273014
41.034362,-121.89008,36.52621376516867,24.61537799328019,107.46069691148564,0.022586125833814953
39.403918,-121.30845,44.075012947857246,16.52895077480396,112.1321073457762,5.818241916366336
38.250596,-122.727542,36.79830071458778,1.6095261132583945,27.541654629798337,5.060377654119833
38.826123,-122.581257,49.94917242930967,0.30267132068886277,70.07503287747507,0.28148171334606575
39.834099,-123.637032,122.71483236311741,42.566614510745104,23.36036941372461,4.769961249738181
38.586,-120.537833,58.2166206482279,15.77701157006914,65.44296320871281,14.754738116421636
36.268,-118.555,122.07341861248756,42.26356696466238,141.55067745988464,25.601997611965174
38.928133,-122.601395,46.234378040219895,0.34630109082312044,76.23597620110527,0.3781413329243962
41.564,-123.404,65.34871427883837,64.01414152138413,48.34556236091968,26.69994973425057
35.674926,-118.501515,79.19218053233735,4.810858462039582,175.24220728230569,2.526259920384444
33.474823,-116.659688,44.29389517899804,31.04751328111232,79.42743821325722,7.285371889385791
40.616416,-122.514391,12.412093904534538,5.3410971713930815,146.88291488398085,0.10154058137884911
38.038795,-120.454797,74.33327239145686,3.9986984639798773,106.38115425984789,4.461022942085716
34.186147,-117.440263,0.5534121871471365,0.0,83.425294536338,0.21454695472436686
33.918089,-116.877776,0.6725914068372117,0.001601830746449066,93.05389238740338,0.009149059608613595
39.216752,-121.040771,13.032098026082977,0.0,89.29449562168426,0.5063115833045998
37.962933,-120.402221,77.46395397572995,0.0,109.71648091749482,0.3911641765948558
34.25145,-117.4546,0.5832299064105189,3.0318667993575685,87.34253430322055,0.44105532708702605
33.484721,-117.39309,18.415448595631,13.860301441666994,25.321232662046736,3.080320745473998
34.34,-117.466,0.011534685381352229,3.4615328096093156,93.80631208769395,1.4781852540048728
40.8652,-123.6744,104.49896400889712,28.501145800077182,45.08450954965619,5.651355665488033
41.03877,-123.52733,91.8191638445558,43.32239290826671,55.31100366971861,10.221394586080569
38.0591827,-122.6131992,13.554334806698781,1.8444702296763076,24.00164982711188,1.575211427951883
38.529123,-120.731748,50.68367199968669,15.052001685073604,82.20482937499088,10.133491796630251
38.921239,-121.036613,1.791433165929229,0.14517330046808255,90.07515407568879,0.9847066165521206
33.380079,-117.111157,4.939574990058995,5.136739115129281,37.6652854884602,0.670214549467359
34.6776,-120.09009,101.85294130338276,2.228440993910459,28.660404112666107,5.497249058260696
34.569383,-118.688821,0.07981225167405455,7.281957686948606,64.75566746623427,0.2639438398415626
39.232362,-123.202039,87.3572721101682,0.0,52.73827671949505,0.7028587989722387
36.058,-118.625,101.06538281232362,28.459321881400783,162.98585761824378,16.985893848385754
36.567,-118.811,120.97196863509448,29.2165292300612,132.27461322321483,9.257492269248408
34.665169,-118.760816,0.07187296927870841,19.78077479439165,70.98798133786828,2.586064585322096
36.89365,-119.792528,73.36375838282046,0.4570637336760131,163.54495382575755,0.2227309887146437
34.164501,-117.333215,0.003494126061886657,0.0,86.98524749907446,0.18407745942846304
38.269863,-122.416983,21.717272370122313,1.8278479668022098,52.035716760643595,0.012206454452081702
40.729811,-122.320243,0.034128428091670035,0.0,141.83883896997912,0.5592638480098779
40.649917,-123.02375,55.45425593714559,48.38286191404162,104.51727608334545,5.54062848053911
40.287225,-122.436754,13.410156303586245,12.724684387220414,136.8891041688109,7.692501885831083
35.983649,-119.960099,0.13823036323157217,13.634983369664816,109.77187518256903,1.0384535702394662
38.170366,-122.241128,2.8378221304336653,0.04192371354951713,51.16975441588791,0.13099513537669724
34.553,-120.136,114.83816931854382,2.8451915585551246,14.473674779697328,8.155709005478291
39.986836,-122.277441,6.233513210399164,8.090368206340614,139.52629613480093,0.15596956276179214
41.862388,-120.358206,172.65721736906548,41.79084313365755,14.456565409547473,0.5672267097669812
37.013464,-121.752106,36.29748194686117,3.5445163661021297,31.03516304790753,2.4648529560299584
37.62879,-121.52692,7.552885339164125,8.688383987496497,88.60716583216352,0.11472034158207098
33.952633,-117.487947,5.639776089100047,0.0,59.483921741306375,0.9136295423456542
36.396461,-121.880533,102.0895116941746,14.611304910976669,8.180430578865195,1.3317358105838646
33.558085,-117.805666,11.001283561444264,0.08739762882246532,6.953718567740709,0.7109950870029782
37.369355,-118.371813,206.81825048854824,1.2239157620487857,40.000452989458125,2.0889151123543686
33.6769121,-117.5181037,10.002718964601687,3.9080758010120853,34.358981780436515,8.950102386599967
38.46234,-123.015106,70.49043505548289,0.06382989166162871,15.425962107569873,1.0399641780675848
40.67671,-122.4073,4.6106218323241235,0.41581738220306963,147.74719446380945,0.5789976649858456
34.4687419,-120.2770391,130.60888933812345,16.782162762160034,5.74957073466071,6.503469825609065
41.9525087,-121.9015432,54.90874500119345,63.75744377139819,5.639312788548521,0.010995671076086391
41.4455854,-122.3685584,3.110379251735063,0.6062135911800461,62.494861829872335,0.1885489474761437
41.234712,-121.692093,47.47573594492278,34.84281759922228,84.92662333690551,4.307108715922477
33.525345,-116.099728,19.00500250231055,1.6274686888391234,99.9992591283453,0.39967099439580717
40.18494,-120.4849,85.81267842044579,22.55903704554057,41.537578976597835,6.064960761026209
40.44412,-122.690559,30.435299743073568,24.308732947654292,126.2216603601112,7.708873180293428
33.510716,-115.916687,17.334640737283895,0.03219432385178376,96.85008822030382,0.8838114667472847
34.018021,-117.462367,5.361463731657385,0.0,66.91349185407296,0.28821451737443793
36.974622,-119.443013,103.84605247079212,19.950232589697382,136.13215326739055,1.0997895025585782
33.509464,-117.744398,6.933744313483526,0.0,6.324085072123663,4.008916531332013
33.886637,-116.900635,4.1612561373890005,3.0771269578795963,89.08031745702169,1.7956002254368748
36.051411,-118.98167,76.8220075327479,0.07337347110384795,185.02370621424316,3.9589198535633936
34.935583,-118.873889,4.505755823578331,12.554993791636866,88.11557029008144,2.744449814989659
38.015611,-121.998735,6.6032504239246625,0.9524604702859331,57.547169074129165,1.569897947044819
38.824462,-122.049621,9.026034443568184,13.738053269005917,108.34552298069926,0.641811709345418
38.8733747,-123.6641833,133.64580546751222,46.925882376263345,6.216688206725141,3.580675035230513
38.467322,-122.051923,9.316337976081233,7.8880615076804865,87.38359192795909,5.032656222744694
40.150329,-122.275649,4.429112029208987,1.6136120316407132,144.74477962240005,0.3846047361396776
39.761232,-122.229859,2.0876338576759443,0.015508022903892535,139.62312958751446,2.768841218961899
39.2333948,-122.0246463,13.000191271767546,0.577891203929486,135.9653205585369,0.1838718254573479
35.0155237,-120.3564497,91.52283867441025,6.807906994473763,30.869267943318253,7.509451793085839
34.090619,-116.447636,22.44145751556258,0.5819174026163323,134.96220563949123,0.09380929049737526
34.010838,-114.484173,41.53691426638582,22.22481985763348,1.5939568975182374,0.11622534608039202
38.370078,-122.270417,20.48974904379621,1.60769617234786,67.97731967641158,1.9949661213248133
35.199501,-118.721683,29.275341323747156,7.6834835840983855,120.27163871187372,5.139941525749144
33.59823,-116.23339,13.65137528791857,0.22928991187719883,109.17714491412262,1.5994110836664035
35.72373,-120.56019,56.92285718243626,11.928469151735412,49.93274002528474,4.100718805459123
34.31267,-117.34635,9.519639929609337,5.784140795150262,99.23395623193962,1.2050032558958628
37.895892,-121.696808,18.917946191198247,1.9289535227904813,79.10930690776233,1.6770991452063362
39.385829,-121.431372,51.177984067136194,10.431785513827041,122.69104354067531,1.9416950683291918
40.05,-121.776,37.06570546236803,25.75479753733229,151.70309762954128,8.668046051817612
34.9324042,-118.9253809,0.03647051431146765,11.786292587629434,85.30988272056611,0.20946032661786293
39.319804,-121.392285,44.543873492679104,17.246889783229907,119.40017678661498,2.434124159703713
34.355593,-117.61508,12.308345432027787,0.0,86.948609888581,9.357807513966163
32.8134303,-116.5882585,0.6604874393961365,11.30776026745184,25.762295432304068,3.858131120242133
32.614832,-116.737119,24.240532234129727,15.62023395242074,5.236393447997162,1.0484572577143119
40.00919,-122.45621,21.058623853199922,22.61847170736591,125.46592783002615,15.402263117956975
32.567333,-116.750667,26.276453521781473,14.20738188793507,0.1214002238395471,4.293681143759252
37.459222,-122.27742,0.8211744713319995,0.0,20.165198821399493,0.20416028409225223
34.936618,-118.889446,3.1531522053699526,12.611771769898665,87.4367834872905,2.9743848722671804
39.37879,-121.68694,43.545047490063524,0.9266843374336214,144.6905858652718,0.07237771389433383
38.046255,-122.191103,2.581715993466223,0.0,44.99195368619426,0.8717623958627331
37.642217,-121.903018,1.1190479659017976,0.0,58.00769781651454,5.090884687111205
37.365652,-121.556086,24.952539780569182,15.939197191183219,68.5089244522314,10.382858109642621
38.42619,-121.97785,3.038999746286692,0.4798998758057047,87.74112412291477,0.9679033931510137
37.97689,-121.908735,12.759351074740989,1.565387239851734,63.2147268794809,0.41215598278641624
33.968307,-117.462524,7.9618070567319945,0.0,62.212133458752504,0.9830716463468799
41.317476,-122.359698,2.7380256447501616,1.3165555525708028,76.70876193757326,1.864462436961029
38.323263,-122.796221,46.815742440894866,1.276430006184057,25.23976175142913,4.874004455765118
38.163521,-122.574563,22.669627831948265,3.9209782092875898,34.189979120668475,0.05417867050293969
39.713372,-122.55002,29.457212745650175,26.929106218573217,111.70139923141026,12.871486653678666
35.136141,-120.437395,88.81189681423643,9.933955196237712,23.3412005142993,2.8292364491135413
39.319145,-121.192271,30.334192120501562,6.0412722219241966,102.17058091586475,1.1795785895517827
32.79106,-115.71861,1.8752398494690996,8.40757216522341,15.78094829964173,0.01603066075830147
39.524038,-121.650851,46.97109326855991,2.0112061393316165,141.66036161293468,1.7142852521390612
39.480813,-121.366789,53.615228325907026,8.065700780568632,117.2484090171409,4.185179875768923
37.013878,-119.576797,96.72932590878794,16.275649498562178,140.8019117632707,0.21256299194992534
35.8640822,-120.819059,66.05164459173204,24.705344271853196,46.529079252422854,8.190095212392096
38.334802,-120.665415,66.42456281085366,7.30033454584743,93.63351977534184,0.14025678571769737
39.42972,-121.430071,53.91737903462027,7.645618701189606,122.62771581805274,0.038936280553737504
39.8166571,-123.2055576,85.75276462076587,42.34209331644745,57.99853048384796,4.993609502851786
39.300253,-121.372749,42.05722345206925,14.750092161470924,117.74275001644179,0.1326474273438251
37.499,-119.614,125.13155046010418,13.914693281185732,102.68221492524587,19.76196164102844
39.020051,-121.344587,24.482847237073873,5.792645543084057,116.15077764984326,1.472212930376923
32.7947379,-116.8460273,6.259053674285242,1.7000997413787418,26.05562454557473,0.9204349709049673
38.0936839,-122.1347757,2.1072579095531756,0.6847046834550435,52.09592759714036,0.9725712215083075
40.4411992,-122.3182313,2.51430779062958,0.44889487227207,153.2600285835256,0.023394324458115408
38.5570067,-121.1183895,23.478413601963002,4.404138956591645,108.73483987441617,2.1594361479222886
40.010233,-122.433855,19.151869185974366,21.10255663279246,127.32658549621895,13.49374321182192
38.9848309,-121.340201,21.815477683801376,7.172192550104242,115.8920451398408,2.142263164695237
32.6077664,-116.6077664,17.679736336046258,24.86033664255135,3.2827466403323498,2.0578727447292966
39.90557,-123.598273,119.25896933553295,51.15820393471204,29.187053992354105,1.6850357657712747
37.481701,-120.02107,95.0141126840817,32.8168087073898,127.85820214135937,1.488928907534438
39.314076,-121.27693,35.68984711587955,8.765977327370656,109.46971724040095,0.678879893220027
39.058043,-123.33756,101.34753898092576,12.035999041943368,36.73655408529727,3.7929295822588758
37.719206,-121.656106,0.13519492552943063,3.4948250384374866,80.73548038919633,1.9265449272060007
37.935092,-120.4422218,73.6641387253759,0.05581539184592022,114.35684918113225,1.1936662145073544
36.8927679,-121.604728,53.87733612395957,7.447562440488853,40.61772000891175,0.5096081908087106
37.5509366,-119.9234728,106.56112106876614,32.43810808038994,116.40404838581217,5.08377674352833
38.75794,-120.63742,40.471062515247176,0.18969259734133775,61.34712143213573,2.0775151498799405
33.0819687,-116.7626279,25.415228630755998,6.239357382278461,55.72662181901416,4.579186389101885
39.323167,-121.304167,38.20029120823527,11.244080384659757,111.80505048544751,1.7711146563995224
41.833813,-122.894782,24.49523265604561,21.19634535857423,18.837766628653625,10.612734272345676
34.312437,-117.3463886,9.527754732310594,5.760368894941344,99.2136596184186,1.1817736164386918
35.5745007,-118.4125811,77.77125979946427,3.808188519229952,170.44804350882063,6.827306753565123
41.5734543,-123.0213226,34.48091240410993,33.18091731664931,47.647866408266296,10.306166388941309
36.6760553,-119.1902259,102.98830432118665,11.296432176939225,145.91398611000272,1.4631779391698732
41.6430162,-123.1193265,40.28026886629085,39.029976090982686,40.27206426479826,14.865402783642766
41.640867,-122.988315,29.616517202044108,28.293730813163926,40.18427789378694,9.467275489185582
36.378236,-118.853671,105.48592915872439,20.53661293979775,150.31069184571405,7.308618429115202
37.84349,-120.50806,67.68245091243202,11.133181473539068,125.83074143151181,4.286868620688276
41.9708541,-122.7825581,14.374887798703702,25.574834494692094,3.6766385005752342,21.690551981537684
40.9269568,-123.5862017,96.54473067445899,35.74529565860044,50.9035171796571,4.857312594608475
41.868,-123.278,55.7475554444255,52.4205218263365,14.839173792938604,0.15413690397767002
41.060445,-121.211449,90.29214617937362,37.512834902575214,101.89749885406691,4.395803641003674
41.649229,-120.008429,187.92109573467494,46.98129165762272,0.7957127516183268,14.470310505513726
34.765322,-118.732882,5.798546088909374,15.048983463699,80.58252159056292,0.029971523404314703
35.2882644,-118.6292243,42.09262463918555,17.46316687345541,133.1042567034777,15.354177150421561
39.04941,-120.9526,1.5764115494674078,1.5764115494674078,82.17014706399789,2.63585507228503
36.17768,-118.71829,104.3464838219779,24.497361214002467,158.80597943134262,7.838793223547556
37.70049,-121.97822,0.20164809756626947,0.19443721700323818,52.30200528460656,1.4647700417650933
36.003814,-121.23129,88.29911255164957,18.996669298138,28.951810858578018,5.7576429029146645
34.48202,-118.60811,0.5813683499472149,0.30362450904603494,54.81963168549651,0.16389294743689914
39.2805,-121.1329,23.666012700375454,4.643369435098883,97.09548476629774,3.037470264887112
38.9494,-122.6556,49.36484655969111,0.9027651055261032,74.75253726406505,4.136205269261593
32.8647,-116.5185,5.268007269660975,16.527024754094512,30.801635898545523,3.248314326877164
34.2338842,-117.8004523,12.649588874845088,8.509406940332662,66.70063723381706,11.00770651149402
39.0543,-121.1103,11.35757218672938,2.9609206970925768,95.78555349629107,1.0466774553732148
41.4672,-123.9277,110.41649563161813,35.83049622146388,17.466224072987558,13.290300570395916
41.4626,-123.9477,112.16320461539546,35.45474533405376,15.792034686208689,12.410011700579014
34.2026,-117.8608,9.143273376713312,4.270176027698549,61.18461614054974,8.623278115644993
34.5255,-118.6479,0.012456959875228293,1.142634768931711,59.75641767220201,0.5282416284467846
32.612181,-116.707395,24.546122410904573,17.78718105457239,4.683862144278745,0.7668660479281679
40.5336,-122.3975,3.938202200475101,0.0,152.4729676461076,0.715504520907525
39.3669,-123.3159,96.23955835360437,0.14586425582542148,48.4342949826725,0.006041332031266772
37.968,-120.4013,77.6080882194388,0.0,109.23918958297492,0.02743852810684232
41.4303,-122.3852,0.9887301892991993,0.0,64.151077230267,0.1366470391150316
38.0182816,-120.7489517,48.809922370590954,12.538709296735087,125.02527301477978,4.869159894467137
41.459009,-122.627469,14.005762577669175,19.197908097997058,60.5555933159014,14.532025181630127
33.432924,-117.246996,8.010292771102453,2.129183011678781,31.336492023463755,0.16418594210802143
33.064629,-116.811345,22.98496754202109,2.6649913136076755,50.84177277876068,4.317817565845083
33.717062,-116.893227,22.965840325134412,1.8941962873317635,76.65141651084429,1.8135651763878038
39.1252,-120.816083,6.4614168878660045,11.453247203078265,70.1611802720481,6.758258411746229
34.177,-116.882,25.287415871053465,4.7897792194648945,114.76250628979217,3.372442375076693
35.580125,-121.012313,98.73622638812265,4.9538147654719245,13.814186057919404,3.170376463436819
37.080478,-119.485927,107.62634252400781,26.697596899498073,129.89719141585542,1.4617040808516195
39.00591,-120.7447,20.089154263781083,19.40611732269848,64.31786665924454,0.0952416472525091
37.21945,-119.50881,115.85014077707059,13.012594611134595,119.66962323505687,0.9120300037042739
41.8739166,-121.839853,59.5509603206476,65.39769547672554,14.272811054632555,5.142178885623169
41.87117,-120.29122,178.17923841590257,45.031226119339586,13.49478818925182,4.460344619263205
37.661,-119.471,145.62081878722626,34.601326694066806,80.86241660620982,32.54510730835388
37.954,-119.552,136.67887999650287,55.94811096061025,61.1466632769257,29.50602753708181
41.793769,-122.692408,7.90416368961154,4.928548032540965,23.34430402228968,6.724360008636259
40.44109,-121.81822,39.377579343093785,37.236608855738986,154.61009152562903,4.160698863850656
39.1902,-120.8266,0.21684729800417527,13.255614817768148,70.90678345270852,1.4906833033092342
39.9929,-121.2122,84.40419419730605,22.5058186206546,103.66406115773721,2.07283363936756
36.007323,-118.752908,89.18451040589862,17.62173752299123,174.923893451202,13.727898919762467
34.1776,-117.1529,13.068748659020944,2.6355751705318164,97.84030557406625,5.020130026207386
41.4987,-122.3414,9.217446255167674,6.9194053638869475,56.57300033481635,1.7541489321803243
34.560597,-119.167059,37.57525706122614,12.167875117941318,38.59983478059403,14.513874045316161
37.38939,-118.50091,198.71564091653,5.566839868664154,46.00287875174543,0.6891947430515071
34.293103,-117.565833,8.319480758138704,6.950531082892038,83.94756820710268,7.594123363219117
33.569342,-116.092746,14.150708740809916,0.8082733843868697,104.7855759529557,0.011647800144019702
33.4626,-116.0614,24.757776295057553,9.151625758903636,92.73505837984692,1.5946283814306292
40.417676,-122.47542,14.836523374700597,10.51667555933561,140.25967724584058,3.183244894291956
33.823424,-117.033714,12.516950378970263,2.5887884378427812,75.5434652775292,2.300407785652198
36.9466,-119.6801,84.90016619351873,4.459771766513665,152.5004500150166,0.21944127356478946
39.2349,-121.3475,37.26724726459236,11.071558492983268,115.7048525744507,3.7954670757206768
36.678,-119.2971,96.77911200570513,4.567575441825194,152.09135898462708,2.774964183105715
36.7536,-120.8991,14.937983742073921,31.450203191484395,99.02551728826316,8.315994845759384
36.0322,-118.8582,84.87887189285362,7.748905248370534,179.24005767067752,5.520856079652218
36.4647,-121.3319,64.33592234177466,2.167438207288107,51.40147699433139,0.0026321610510191412
36.70984,-119.304258,97.86352358476965,7.983625825630224,149.8740603353346,3.6556373002847424
37.4404,-120.1499,83.42953750230402,21.4134290066766,138.80618555424059,6.881976158234313
33.896,-116.0533,21.7711536251161,20.488259571954654,134.7175695147423,17.299858745021577
36.319167,-118.650278,117.60245230646805,38.61910411161898,143.0035679918294,23.8631460456777
39.023,-122.7145,50.563802330961735,0.009954706482453553,78.10174376656761,1.2937479887346774
40.2869,-122.5955,26.88905965999166,22.965878378883602,124.55326455713265,10.41528172417102
39.3256,-121.3686,43.06591657351789,15.86322665092316,117.35214163349355,2.456889191760167
38.6994,-122.4379,41.66695120010609,11.234062705986231,72.1108349084181,13.291412433825283
36.9351,-119.2043,118.62549807124603,33.32386693677264,125.27947649590104,2.7975525764093367
36.3002,-119.0828,83.6718455000502,4.019505979875667,170.5699845267019,3.1074637239599356
36.5737,-120.188,23.906322887000712,2.809037980226909,140.84136347140614,0.8503400315123786
32.734788,-116.34461,3.440439730931815,35.754453834868215,14.921817985049653,3.2460212484340545
33.656034,-117.201092,2.761901373823866,0.4594526046276945,51.36626024269392,3.20177852480618
33.984167,-117.138268,4.986405473864039,3.147265771992109,83.16930744028625,0.20530800689098117
37.8558452,-120.3728742,79.49895799741884,9.389553155757962,116.98712676096126,6.496526146541546
39.258,-121.3801,40.79527084000374,14.035842590879264,118.4369064441151,4.440948775155679
37.9143,-121.7676,22.27922701727177,0.7813936344083342,73.3618751087412,0.7681014420694213
36.8675,-119.0137,128.96904873802347,36.68180698018242,119.55747918707826,5.658713369718583
33.787329,-117.330286,7.829970869508202,2.355833880074838,55.02845804306954,5.065796060037196
34.0568,-117.0957,3.83040271080436,1.1132053398074175,91.63216173613533,1.8859192001453027
34.9516,-118.4252,39.895843850705475,17.654815355824688,107.65875241701782,6.791367842869384
38.114444,-120.798285,47.72114263567173,3.9237546331991267,119.76208108793209,4.169911667988074
37.193819,-119.46781,116.74543465367827,17.561797430974117,119.44634631735327,2.5369573658769653
34.516944,-118.193056,30.58198090886282,4.6641336107003255,67.63095900368378,2.5513477213286816e-05
34.38695,-117.186767,17.31914052288008,3.0297122627178723,115.0757151065254,2.1615088483981
33.838928,-117.153554,8.280559611456164,2.373582651934084,69.88116589409265,0.0883040730618996
33.583941,-116.078906,12.227036764731007,0.00023967827195337999,106.278008888853,0.8296112118264752
33.837311,-117.278984,2.63886406178847,0.0,62.328717146857684,0.008366207720699594
33.479,-117.0575,7.425998796600616,0.0,48.3087464697501,1.210179748503219
34.8866,-118.9033,0.028913178110269097,7.172968702031935,82.10161807663088,0.5119654074564378
34.0204,-117.5072,3.956059218238953,0.0,65.07796311269784,0.052362639669378756
32.6003,-116.5836,16.78681610343949,26.618386279145025,2.2375056766625834,1.5750371280476279
35.8,-120.8169,69.93446784859167,18.501335239532956,42.04679449627939,13.087977910763303
33.8302,-117.2616,1.383627913676274,0.0,62.795996412888464,0.009758817154921294
38.43948,-120.98731,40.65385627566723,6.929670074405022,105.8965161141472,7.7144603537794785
33.7505,-117.348,3.495514814308992,3.583054827525861,50.87298419507301,1.0418876263537304
33.9364,-117.124,8.284217119230089,3.1261227903627056,79.97554190205805,0.3998109839108435
38.2387,-121.0089,34.79605851141948,13.022634281781949,121.80621377792211,1.0846153325112466
33.505725,-117.300098,10.696330577127215,6.815963313440694,32.984903644607726,8.306386630703242
33.821929,-117.068009,12.872211766330356,3.0246889467941704,73.3481308298495,0.5242286124125028
33.907342,-116.946498,2.1515581307569698,0.0,87.86200056558678,0.4257845083083542
33.889467,-117.070916,8.67868505666095,6.4850332637259624,79.09124058011672,0.01970798939498873
33.817004,-117.358124,10.051273964514188,0.3312124111362604,55.792658744211074,3.312750591901965
39.2694,-122.466,23.996802385843353,28.599264493872237,111.55386165153743,15.717791326841969
39.6685,-122.5259,27.541709037372247,26.126830272308215,113.08497963700817,7.849525820812044
36.1132,-120.5689,33.10870514708763,17.450466654272677,81.96680018606315,8.350675625214821
33.9835,-117.2169,8.259359362611313,1.2314603176537522,77.91992916600813,0.051313939348491745
36.490487,-120.801732,22.59213014871372,40.31505076548266,91.34135924203332,13.086398588080362
34.0182,-117.4261,5.434774220774874,0.0,68.68674013832113,0.01758048708022404
40.7316228,-122.3232056,0.26329903666569415,0.003356588884353728,141.64314527054415,0.628841314449764
36.6932792,-119.1521739,106.72753278280285,15.186466258901165,142.22783650936188,2.400598233234485
34.356691,-118.507954,2.0851602642861238,0.8812520936560002,41.1924573836832,0.0002567430273440085
34.438333,-118.326389,17.003379525915584,4.8263505578017805,54.33979360520208,2.6516946933193895
39.446994,-121.399989,53.131140574408825,7.4909525185515715,120.06109344081314,3.132780008365617
33.4769,-116.7247,38.27124298292125,30.32432829350147,74.0791685926421,6.854138220130709
33.9372,-116.9081,1.4159197643466366,0.3382438328155651,92.69658674594291,0.263399723226184
35.6967,-118.2148,100.16375348775705,23.434216978693247,167.83044352743028,5.473865659989574
37.7356,-121.6065,0.0241054866700626,5.672823380874637,85.23344142408307,1.2787491240057214
35.458459,-120.334625,61.80145942390437,24.37324910556327,51.34234101694561,9.707607397569738
35.191889,-115.317389,32.88145858879003,73.19774490667683,28.34629606059583,16.602282854124528
36.7611111,-119.988888,50.53627082307313,5.572232580398446,167.67374288246063,3.576719299474657
35.403564,-120.181725,53.166603994989416,37.78722197905478,57.249686049957724,2.0475084691668584
33.7995,-117.11938,7.505682688283103,0.419606068849348,68.42478063937625,0.9399760426363074
36.9648,-120.8839,0.06987247638441424,8.778334034986063,104.90552986763588,0.2994236364666988
35.490591,-118.875657,40.16805923555132,7.852854012931515,141.0146354115387,4.002367427539934
33.91436,-116.76111,0.6411145072046024,7.368979545274017,100.41816160433466,0.3984868409469329
33.602019,-116.84334,30.449328621175695,13.576334940316006,72.39758077075437,10.537049944520295
37.368648,-121.464716,25.763550919497362,23.35024307524282,74.43854142575657,17.79263392912826
34.847129,-118.997325,8.877949930142595,3.0326508215228887,73.81514634429296,3.083671370377723
40.735974,-122.624538,24.115591607142274,18.920491087873415,134.63683340606923,4.426697960452726
35.0990626,-118.2951023,58.970327509870316,9.766596800422255,125.67053529700296,1.6886705773449544
35.78611,-117.8875,125.19078416079867,18.317772340396925,140.49425604936505,0.22313865679712466
35.614674,-119.835808,14.194702977416323,37.637117651567536,96.39358970059699,1.385251516999035
32.68535,-116.3017,0.012478169617490204,41.57076245195385,9.089853170557513,2.566502987019526
32.994676,-116.855731,15.47343146675443,1.1340908893755712,44.93003424900973,0.20906086252751863
33.871189,-117.150639,9.745012760907143,3.193438551014197,72.78261083748495,1.876598179242129
39.377918,-121.68793,43.45967362422772,0.8300176335869105,144.77634889929877,0.011592247019710025
36.5323,-119.0113,104.61858248755703,13.690917295289104,147.02987116901392,6.99633128009051
36.4392121,-120.9783812,38.73342023316975,25.302578653241923,75.05863438950355,20.197547943145125
35.0832,-120.0175,63.7013994431838,37.34643344360058,61.081173344954266,4.4045756383057935
35.1387962,-118.6027987,34.69980031510453,7.421481629964787,120.4806729390534,3.3131868978828467
35.4854,-120.0574,38.804032770130576,49.68278801196833,71.71850644580546,11.572358893122093
41.2477,-121.5041,63.22148182261487,37.0566106066549,83.22073746849354,8.33341942039874
40.93686,-122.94871,42.850010061896626,53.72484652221693,104.1694397919055,21.79122649532791
40.036944,-122.855,54.58510216710628,50.53969717175742,93.81984901315073,36.25021944583252
41.958269,-123.868447,71.2656972719252,25.017404360324196,4.190898263101209,3.818526325413612
39.339386,-120.788152,9.267694081194376,17.043983262699776,67.34364404921564,6.665494531932274
37.18725,-121.67208,23.206233568056078,1.704561277509871,47.30558394482712,0.6524257112314019
39.6194,-122.3287,10.433467007036352,13.730664641555752,129.5054316343457,4.71306297274979
32.6347,-116.6415,18.318666702488482,20.8869662448427,6.553012060296949,1.7494853978782703
41.777554,-123.045093,34.40478574563741,31.427284842390353,25.00554454699524,0.2969447831524574
40.623606,-123.662677,109.40817434639978,37.28480536224308,55.19651134692271,11.090026345578927
34.9190169,-119.73328,60.260122729964024,32.4066482167052,61.73362429793482,8.865778144752491
41.017222,-123.611167,98.68922345777672,35.87716690020485,48.138563917824044,2.9316329697056815
38.903333,-122.601667,47.48640230065226,0.5766791787525231,74.29686281433177,0.01819013158865996
38.18291,-120.7942,51.455969658845426,2.122862778548284,113.77542238017584,2.182600936434026
38.3702,-122.1796,14.242356191079358,5.368857996321052,72.17135750109706,8.113590427361663
35.2674,-118.616,41.4534160021134,14.918221871371372,131.8078123693284,15.571000110866416
33.753608,-117.279764,6.3730133614367315,0.0,55.12353461883687,1.4256632049541538
35.5421,-120.9739,98.50594643667486,8.466954100107658,13.608824308670851,2.1987355265440773
34.5423,-120.1959,119.56395881939851,5.754887221761873,13.342772103454529,7.290034487098871
36.0295,-121.07148,75.70865342336823,15.640988644620034,41.43459156643932,8.84807801301193
38.265241,-121.981732,5.437419453022255,0.0,74.54686100912322,1.1773817181113793
35.2087,-120.1924,66.25724955452819,31.10668405086908,46.878189815797654,2.6549430363119906
37.2147,-119.3594,125.66457980434805,24.045968234900307,111.30654364413199,1.8098074950645247
33.592915,-116.857302,28.944091171794945,13.331951107029708,70.75457405769542,10.474645058660371
32.598,-116.9196,10.95805518080588,0.49583232800776156,5.120915000453724,0.767780444887139
33.438207,-116.82307,29.064374726470454,21.55333045253886,63.97653895340453,9.120663139602568
35.2808,-120.644,96.06451745695098,0.0,19.995762013110706,1.1368397791059301
34.55742,-120.32318,125.92829872288397,11.772267459283503,15.865262737542816,10.297240811005452
35.15773,-119.58333,31.265674787596044,9.172836250289956,87.64004549812738,2.972026189822191
33.85008,-116.99867,8.71744771409888,3.517185994087404,79.90917078560989,0.8937621727444921
33.839416,-117.003584,9.969556078938458,2.3443439422207217,78.72653963138204,0.031101552269779252
33.809953,-116.246207,7.007164404222519,3.6872725717452135,130.93334300294234,2.217124957895544
33.8438665,-117.46406,5.432583929871084,1.210624057787255,50.99178437324886,0.3288503180110354
32.723389,-116.891493,9.401562296840236,0.0016215582677040125,18.62531932851469,2.7176898457153134
32.5666,-116.7986,21.786966193711244,9.72316659054981,0.49105856304965223,4.708693332491008
33.9007,-116.7635,2.0856206922273994,8.049730601227058,99.2260481903133,0.19845847983844278
34.327,-118.9938,37.46931713105088,5.279408649919599,32.74594414361929,1.480046138368031
35.5593,-118.8696,45.57542306213116,15.312738955736071,148.12238509043416,4.534599499979974
32.6036,-116.7718,24.85111149865185,13.229028010529102,4.30871437970546,0.22388164541308392
33.5103795,-115.82784,16.66920176015047,8.038616686786927,96.085976464418,0.46064627332692487
35.81148,-121.084104,89.73105118611062,25.27953042296825,27.441816415181048,23.474060892576652
36.316401,-118.026767,158.5511946717586,77.37444340612535,105.61245495259647,0.6805407307256089
38.05686,-121.83332,21.7895925720469,3.437192016679214,72.63327328932662,3.324259089536659
35.153062,-119.39529,20.00979339270443,3.2122115996681253,89.40743203470619,3.0753402023623573
39.494086,-121.070752,38.91875140090963,24.73702364587597,91.81598493903496,8.565007701024953
35.817759,-120.097738,21.161383063897066,16.354527780577012,89.11744745279807,10.857722563872949
36.730979,-120.360998,23.954598696977072,1.7281135402502632,138.68296465418874,0.006904975034132875
37.020145,-120.99063,3.9353010557976877,10.409191523670879,97.00779602079488,0.8004290316274049
35.04847,-119.33179,23.34357465797146,12.573634060646949,79.67836096425602,4.4916212442320305
34.9117,-118.23,54.41357346410421,4.1255841024193405,106.86061363448779,2.0243528674274587
33.858369,-116.55819,5.149375728031639,0.03371432072722668,110.7729523871359,4.096935149317999
38.902253,-121.201005,6.7630390266782445,3.64823883167434,104.45976940576837,6.841925336596515
33.9208,-116.807061,0.05621925395060465,3.579458805089828,97.85525899526766,0.6633500583435805
33.903392,-116.774124,1.6894024106869188,7.113989852495058,98.70828528172524,0.04889017406261106
35.7193,-118.9429,53.886953384329864,16.65165274884689,161.7009582052806,2.2035270317560456
36.362559,-120.340061,0.8094670402582066,20.326280109073657,115.81760878880944,0.554686340913683
36.137571,-120.192362,2.4133168597818138,9.655385331714259,106.41708338371451,0.014800670482232726
32.571374,-116.711161,27.693844551380728,17.949704746619084,0.2213232543281332,3.7496277062341594
35.388107,-117.601135,74.50051370775513,20.958027658196574,155.32252464001587,4.830914867244167
34.602884,-117.339379,6.6682545981614165,0.0,123.91985919318081,0.0721573402018224
32.7754088,-116.8004,7.190305773349321,3.7152334677357772,23.510402602069593,2.222179611276671
33.471139,-116.8539685,26.233787927468505,18.305248827913157,63.21089466751882,7.8069566536839785
37.244144,-120.652034,35.0215635396281,7.235011143066581,131.78929591332204,3.623338306775678
35.4759526,-118.7503007,47.673690772992494,9.579383556209875,144.73693570640123,3.1681936693532617
39.693268,-121.449913,64.68871818709216,10.686624916529302,124.1881803670843,2.9457455855127486
36.490486,-120.801731,22.592134758797986,40.31503642018888,91.34135271953232,13.086497844534106
36.2748148,-120.33456,6.038253268036319,10.678640383788473,109.55155105590616,2.951775029032562
35.829559,-120.811491,67.60689610037551,20.999890507356092,44.54924921253697,12.080088309876961
33.984278,-116.583317,7.970638632375536,2.2386097183523734,117.75763460706796,0.2916253478459477
34.96545,-118.99692,5.124135261703985,15.804333898591455,84.59288460066563,1.7580313821275226
40.014819,-122.129559,6.650335604269391,0.7347010463935818,152.52554556432753,0.4066244617228255
39.598771,-122.476758,22.90345580964644,23.562730324567696,116.70774129988548,0.13184714550573196
41.2449,-120.31,163.3981494535365,32.192532968159,26.006208808815813,16.35381655880085
33.02113,-117.170895,8.3680731530555,0.2730126717750983,17.071197915115505,0.16336029252999879
39.539678,-121.908346,25.26236340777808,18.005399990236594,163.7364403514722,8.29027041415439
36.5097274,-120.8471351,24.617272506472982,39.171080526814485,89.17770580052625,11.809388378947295
33.812223,-117.340976,8.973390538642331,1.7019769204664585,56.545909966775916,2.8415170124873605
33.895775,-116.901498,3.148111053876534,2.0649348571074095,89.749562414817,0.7816478516537659
34.8492868,-118.2554355,49.23820845296495,1.403487958450858,99.55760545144548,1.610224055685777
36.850279,-120.771299,0.19044041659853186,15.856205561238033,111.94382131537036,0.4006266514616264
36.67799,-119.7858,59.866797467437266,0.0,176.00851545050656,3.131100884945987
32.57583,-116.76972,24.61641288665225,12.574104474843015,1.2301757133262194,3.3028258279455316
38.017376,-120.944834,32.06939725520928,10.72384030241876,136.33072118717223,3.613372995448245
37.01741,-119.689804,89.08042185600978,11.17534109455781,147.16668187096516,2.5058950778522853
34.50941,-118.05215,36.22908613153128,2.3708910847624742,74.2674399679788,0.7145586138809475
36.43706,-120.393699,0.10155764169664314,24.997318242550133,116.98445267352557,0.5142864260967626
34.8936966,-119.5572279,50.1252590899663,26.451471286542677,58.52892652547072,3.848526820182055
36.68768,-119.158199,105.9068217752634,14.432840913505716,143.05015259109578,1.6487774619237605
33.925778,-116.600203,1.2969448868221047,4.285196810933507,112.314935547725,0.5773425713989563
36.501499,-120.389098,4.711475168311712,20.088991190203018,121.9689247171784,4.125324977128618
35.180776,-119.558308,27.8401088819993,7.524440898693688,90.30582401963679,0.4468894447678856
33.896179,-116.917099,3.1678597980568686,1.384247519652577,88.78422280547007,0.7361984109155364
38.728881,-121.392475,7.006306203959029,0.028959461171499508,124.31309277569393,0.0142775637136751
36.734329,-120.314598,27.065891985427072,4.966423628603123,142.16275618671062,3.8963725706366614
36.617148,-119.520906,75.9524674211537,0.0,170.42603920721268,0.010952047500500335
37.828925,-120.634375,56.71728795693723,13.699340564760098,134.30850491629016,2.226859048518696
35.85008,-119.915199,6.176340206159786,21.759522851816786,105.12760290663049,0.020242398897973517
40.089713,-122.398582,15.443765487957505,12.759170235480026,132.86510855808197,10.287382439879048
40.636317,-123.5797,102.32001844656519,44.44540517392215,60.916547853600576,7.017388375940812
33.56557,-116.718429,39.40897855804917,23.298425094420228,79.43215964811493,2.761134802151473
32.99611,-116.44756,21.182766709861088,27.419175595150218,44.637692724573206,10.736018166473459
37.081421,-119.962104,75.64614812128282,9.9662819846397,157.81275026689616,1.7800058581876945
36.842961,-119.601701,83.86747766613837,1.1867303435805165,156.45269610075604,0.05130590872710295
36.87565,-120.25511,41.65098369553933,14.260221370370026,155.69087283403366,5.359474157279828
34.879647,-116.792378,3.652507226191765,16.72165949466015,146.4000210568035,0.03986615472076197
34.88011,-116.815632,3.4072183958621967,14.596873707234401,147.81574396561643,1.2602282784676637
34.812972,-116.663042,1.3762749865237245,29.41157749136947,143.69319696428434,2.6396557138189216
34.72107,-118.25483,41.31669142148705,2.5203825473397905,86.00503973354287,0.27128292936015913
37.01047,-119.7939,81.50793769393636,5.678229191408827,153.81703106913304,7.468509127041296
33.975351,-117.505873,3.9509812283097365,0.0,60.80685907740956,0.8171541789782261
35.601284,-118.4733,75.65630639934231,0.22775018324730928,169.74175655183313,1.7180267695737625
34.9592,-119.698014,54.779164022889965,26.9888885499126,65.90356580140492,5.383972078660001
37.565014,-120.425878,65.27269843538679,21.14536516941228,144.44245299615108,4.637760672297829
35.442336,-118.82214,40.32641966520065,2.479492517625968,138.35051838943397,1.1923087419422216
36.573169,-119.238103,91.90610460445488,1.7430632052791826,157.25544185608285,0.05015173897694534
37.633908,-121.50259,5.799728849290315,6.7340617466907124,90.8162184877315,0.9802658142271865
32.577083,-116.806666,21.210867236892394,9.225941611713163,1.7193670235955556,4.0966507007371735
36.974519,-120.044449,62.99028776111329,0.0,171.58445518563886,1.3492269314634393
33.790804,-116.927045,14.874769487875826,0.0,79.84170380372662,2.815485365614699
35.619008,-118.401334,81.82349161659202,5.948056267158635,175.05921839388358,1.8394764193038027
37.714616,-121.568029,2.5062468255459995,5.5367264397551486,88.42342518339748,0.01579627108812969
34.68341,-117.118935,8.040339014108755,12.977677509459317,143.473999557383,2.3859779397902
37.842308,-120.524741,66.2253935856078,11.960364655676104,126.8937050583151,4.412899186346297
36.916374,-120.657895,12.571892360373047,4.86351439669918,123.35931337690131,0.2782395107318343
35.113531,-119.48669,29.163232310279188,1.30739208456503,83.53811259948688,0.4578993464727426
34.013717,-117.403656,4.823780004707731,0.0,69.42206487248478,1.3006375326079804
35.37367,-120.094361,48.15250665452299,45.73722205316494,62.141927656027306,0.8307973190473679
38.55954,-122.494472,47.10849419532696,1.9435832875891264,60.62351431638895,0.34706698633150734
36.777907,-120.729222,0.3792616013770716,21.24979865028106,114.38104565770433,0.20246682656830053
35.85594,-119.94084,7.555583638867672,19.520360058013832,103.4340984184344,2.248097647533694
33.910994,-116.980503,1.7755162582721518,0.2235957771980383,86.12069611835321,0.21708779164602338
34.82333,-118.30848,43.59806727550673,6.654982082388132,95.51145309158282,0.9874371937132249
35.692183,-118.46771,82.75133846037654,5.80411830632983,178.48526333100665,0.2145049467339147
35.735279,-119.69294,3.7589851019200404,28.793234125743556,114.77350770061834,2.6452293214467844
36.786999,-120.764998,2.6828505405801533,21.496840869238714,111.34548778288728,1.0829126908339826
37.904572,-121.765839,21.499718144225128,1.3036661978403428,73.30458057962201,0.14563091743001216
36.991558,-119.514348,99.78758865068741,16.892990846014335,138.95090254517586,3.4124072965278973
33.487833,-117.052745,8.055650334494443,0.21281321616701024,49.258865681784364,0.2951894748217411
36.928296,-120.834941,0.2143004359784803,11.731566989823204,108.27048769923076,0.2616989453210925
34.520882,-117.451094,11.11377615070293,0.7869062840579624,110.57136556463483,0.6575404579204798
41.474683,-122.520453,5.131911860011776,11.11256746038162,59.11857624502528,5.995668322850045
37.72154,-121.702293,0.4021352100567334,0.28508905384814415,76.7038427417118,0.2787832879669332
35.64995,-119.031458,42.81594454948515,15.701760065336856,151.67922925287485,1.1427424800211272
32.84445,-117.08492,2.975866875028176,0.09799138970307768,23.25910127580221,2.0427307743062624
35.774138,-120.772339,68.43866694085256,13.900601975437636,43.627851592087445,8.30412417212783
35.346667,-118.386667,63.27256983228573,22.516920770898853,150.65347957073587,1.8566382227566267
38.00994,-121.91945,12.913260825412195,0.0,63.63816082522447,0.5782710997223982
34.51346,-117.785551,33.713354670747904,9.019936707429357,91.86724157708309,0.7712585750375642
40.111484,-122.232365,1.1911544825797347,1.5560876963123649,147.11826256880468,0.012044706700684308
39.133016,-121.309465,30.548428512376752,10.924807439849515,112.75019150392559,1.1994484143847701
38.1179241,-120.79181,48.393977592221944,4.1655944411648855,119.09767378515147,4.059747693758929
41.900664,-122.444022,9.477446776468797,21.667329507275355,11.93200888286631,3.222171399570618
37.719182,-121.660326,0.008997118137579693,3.1233583036026777,80.3649868232033,1.5550835654819397
40.354308,-122.172379,9.333058836239418,8.37434519744622,160.4976894610395,4.29943694277575
34.72209,-117.16739,1.9891503677233224,15.29997292006334,143.97943256481116,2.9779552293427787
33.91768,-116.75466,0.3430248858144045,7.731455389538502,101.10576017482524,0.7647185931080298
36.074598,-120.102025,0.17895136278424553,7.133241040185294,106.67124676391411,0.20647106266632848
34.65729,-118.09927,48.365676226065574,1.0774222094539518,85.42217629946715,0.42366422470757753
34.89273,-117.188996,10.271011977261374,6.324744311630283,158.21869711900845,0.1823957365267505
35.506667,-119.071667,28.43413436546352,5.657880110736028,135.4775684325859,1.0296017493400489
35.293114,-119.953932,43.66466644883707,45.582533499901054,70.32609826799212,3.6918413843596336
38.59179,-121.17954,16.91965607636187,4.101014887759883,111.84943876148589,0.014194762625533998
34.498542,-117.686469,25.491192518342913,10.517225147536166,97.7106437004802,1.9372293707291974
38.177683,-121.033739,32.01692002114794,14.932013068222163,128.1409388977563,1.4653717816692735
39.879737,-120.028888,40.76820773756941,37.043413472742024,2.541925854741257,0.3350413137123043
35.50256,-119.53449,0.19290458457899506,13.414611094478586,114.13134844427643,0.017917850046063187
37.28197,-121.73844,11.621763972383254,0.0,51.063862715703415,1.6122090266303923
34.79208,-118.8521,0.312061131431446,4.114505771845543,75.8931620005064,1.768478412676887
39.369439,-121.518592,56.73914868971473,6.997750204690926,130.20737223417223,0.33746575551435015
36.400976,-120.986676,41.75086098590118,22.024531683159385,72.16373001539769,17.05723986931131
39.548761,-121.355159,58.56562276461787,9.06262984997049,116.21599778180226,2.784279923932307
37.207647,-119.673538,104.45889084201049,10.558596613455444,130.4145107725631,1.3905300531292872
34.73279,-118.29017,39.248066551910405,5.847731699710391,86.25496419214421,0.009889385397229822
34.30769,-117.28811,14.058634012489978,4.053173546407226,102.78790032484423,0.004107440701204743
38.52658,-121.28408,15.556064140198329,1.3449660652642854,123.15855726459084,1.041721254001686
33.943389,-117.06443,3.8002080615249456,1.4069474815313718,84.04078046818782,0.6619410685551637
38.705475,-123.012253,89.24987589487041,8.013378105164346,34.41195475085057,6.929147526726482
32.655183,-116.099983,0.09607684865369956,46.8857280310897,3.9862251280184204,0.5176536624035727
34.369667,-117.335667,6.878625526019459,0.0,104.35630467616241,0.5334416466485339
37.097775,-120.635371,26.022610015186086,11.301612190187905,129.6788292894246,4.7964509725232825
34.67529,-118.27108,37.676528685249835,1.563484399438022,80.71603424438368,0.8650261170908266
40.72052,-122.23967,6.66074514658099,6.582722424000254,142.79934515265742,6.272594843913107
33.984079,-116.583039,7.955297661444215,2.2095031561329006,117.76192419495689,0.26597082951758416
33.847642,-116.569117,6.438734795223749,0.5734883135733768,109.24415366727666,4.155535447613339
36.996139,-120.383187,38.25868672427808,15.031597212423696,149.11961782204554,4.876369649300205
37.010829,-120.056215,64.562432631251,0.0014088600443979947,169.22764108104255,1.0146851039922438
39.31646,-122.46934,23.651385789942232,31.1567687604623,114.48570456398339,15.95246793202542
35.942249,-118.946399,72.13674388237466,6.574469997442586,183.63180187957613,2.6603286005977957
36.311477,-121.855352,111.60764645015912,20.019656919479594,8.563151499146478,8.100711303546507
38.54166,-121.24438,16.334075613811756,0.12650238641800238,119.31683902607493,0.14971846961869392
38.031684,-120.684174,54.68073977530507,10.92379750776533,120.18060938354564,3.6300936579160936
37.15858,-120.968478,6.467424984952729,10.06087497843348,102.21534584654168,8.078332055174453
37.843349,-120.50804,67.68501419847101,11.146502387954817,125.84138335218381,4.298229386580859
35.32752,-119.462711,9.848876478159587,17.248477995939897,107.37540323070989,0.6679992351871844
39.118221,-122.984408,70.14474912521982,6.187309978716079,66.64201899034,5.927455080723951
35.382,-118.878444,32.05292277609883,0.022232116422168435,130.05264253114908,0.02069104157073605
36.960029,-120.653749,15.253147155746001,0.000142341933275119,124.76640462326797,0.7852570965832467
36.016118,-118.828001,85.3719908172956,10.89212711905886,178.7712241075265,8.191390763302804
38.220139,-122.234173,6.0109008388435505,1.6915386430379566,55.87042953297478,3.2811686801743623
39.458459,-121.303342,48.05064866194667,13.991049757226639,111.76496363046175,7.674366912670984
37.060845,-121.057483,5.863662117437454,15.811512056236618,92.1032740609654,0.11152438066242418
37.313117,-119.791537,101.17374035439728,10.808663354110264,128.5416835220786,11.364836664677192
35.60366,-119.96709,24.98319209956085,42.14857086339946,86.29986480829402,6.583895504168233
35.87405,-120.835545,66.74379427673011,26.374985017764303,46.19807131291157,6.8598833916112225
37.154953,-119.91267,83.39144250718162,16.168876792755587,148.79238676188294,6.395614152911144
32.58748,-116.894511,13.319916489897219,1.8747320724188667,3.70731603297893,1.9140031435483431
36.91237,-119.419517,101.56129007731248,16.249213195570317,139.89488701109994,1.2398693431109058
34.85092,-114.61131,0.5666770156494197,0.0,0.17936549176726865,0.6388357215567015
36.274399,-119.090599,81.43135811556331,2.6429913413560118,173.1548351220664,2.4592255381029706
33.653953,-116.927015,22.647616312285756,3.9719946524931156,69.81849261001611,8.828267545750228
34.974609,-118.137537,64.70582483104765,7.235009068874151,116.11250010199389,0.9968336155631471
33.89433,-117.55522,0.17008227251452543,0.0,50.73938944278308,0.21091422078980826
36.68179,-119.35579,92.3470484796624,6.116067930235877,155.26082060495398,1.795333666942174
37.42087,-120.00789,91.60046304960203,29.932416284668392,132.1252679303162,8.248478397455262
37.814796,-120.656478,54.94493653199151,11.323460848071024,136.76688387818564,3.6405037603036097
38.82437,-121.3909,13.353971044190171,3.2262884224444814,121.967545676406,2.065626282994244
38.029246,-120.956888,31.407538063881027,10.362640821426096,136.01764057937282,1.9232561346169927
39.418598,-121.482631,56.866978507526895,4.922132753750744,127.13624142012685,1.6682467844394395
37.557104,-120.171776,86.66656805632124,30.956198964640702,130.37206237745062,3.7153295333239758
35.61181,-119.956633,23.704117729161307,41.594963818767276,87.60721745810143,6.2590945592550336
38.845861,-123.019703,82.88587443058513,1.4758761880358917,45.420966050243635,0.03507406232589701
36.78113,-119.345863,98.61356802714167,16.220725352894263,146.43101885630458,2.8207319074402624
36.631882,-119.3226,91.39896426241609,0.0,157.4314306857765,1.3961978779685722
35.48989,-118.93111,36.31657904423439,7.732873667926933,138.749334778251,0.9997656596435008
37.732422,-120.596351,59.48979460808444,16.134488951930223,140.2497691021008,0.3984672611454624
37.744764,-121.596245,0.6401586670011349,4.33356961633208,86.2142206157355,0.021208856624637614
36.868064,-119.110336,121.54345008244462,31.12054846580599,125.24581894093164,1.498997046807074
34.72313,-118.325308,35.988535684939734,7.932611930577729,84.3531450518879,0.0693424672421446
41.884414,-121.239191,108.54441323075214,70.91840107189229,12.520815530120217,5.450496874540084
37.933129,-121.777999,22.507566373776676,1.5813138209623243,72.9216808616836,1.9016060178072265
37.672148,-121.457333,0.00270954985059185,0.9772317294704744,96.05474823987366,1.8814039562348277
40.477613,-122.544406,17.504131982488474,11.539526315492033,138.62272132262035,9.256526384548643
39.5281902,-121.533535,57.056831867671896,0.0,131.57314530877483,0.24014778817210103
38.000167,-118.49,169.94939704123226,56.3617842014608,4.853435367677195,11.579567970924982
40.402809,-121.994709,24.26854598479714,21.956400090685847,169.67152679266337,0.2688192826253302
38.197384,-120.80076,51.80206465583435,1.3173924362306002,112.92340096595045,0.6507263334244583
38.163167,-119.985167,114.42716764766715,20.194254105396105,68.9126027310529,5.752692942393108
37.422757,-121.36663,15.323609318655555,18.21429557524681,84.89637593643347,14.705974220336284
35.782724,-120.202099,30.884234674942125,21.260114578273445,79.09224001852253,5.777708722105107
37.06783,-119.50857,105.17481157976798,24.558922844715216,132.28798747366005,0.41721365871012833
36.21923,-121.08223,61.6394806738846,2.759147227486516,52.863438941397234,1.7775194200368094
33.94343,-117.061943,3.646081914798791,1.1803776081323603,84.19307987422066,0.5101182741497594
37.520283,-121.5458,18.147809092479967,19.25942864451256,82.52246852510721,5.905470896513308
38.895723,-120.930485,11.005712929286748,9.414793425987659,81.30322127956188,4.316942071362331
35.486517,-117.74823,91.56143304189864,11.91980575840212,156.42535870877583,1.233256688333651
34.45733,-118.64093,2.2784689831361207,0.0,52.17499897629222,2.061592816614778
34.04119,-117.43441,2.8883789949734116,0.0,70.44294649896426,0.5794191030347275
35.279739,-119.95363,44.634627572166025,45.07584740127007,69.91655392467622,2.278802271488723
37.438803,-121.335653,12.106579161623621,15.048552379635128,88.12618871524822,11.50037270126965
32.717444,-116.47191,0.13631736126455163,25.408206464777848,14.137416038755129,0.29674962328726695
35.434012,-117.977028,100.17052263834273,28.48812953957713,169.10563593217006,0.6300853325366675
32.660837,-116.231794,0.007585995985945538,48.669775857364385,5.7537295777640765,0.700618047123688
34.432003,-117.834801,33.92739905488727,15.579087120814377,82.69753374138925,8.898724616769771
40.408993,-120.52602,109.54986809338669,5.462096158602802,45.01513023408801,1.2455475829676803
38.63744,-122.585297,54.96754807198921,4.3797741170536515,57.56609863447093,0.8269247733686158
39.53793,-121.5467,56.014511080617154,0.7699267386537113,132.68072748437686,0.11824839952070235
40.386141,-122.760479,38.10993504444251,32.496743198519084,117.7112956172381,1.8448301484354015
38.242509,-121.91466,11.792348924466667,2.0310917687775656,77.43587154873913,0.030106982999058056
32.582559,-116.616755,20.29065094113024,26.49175871569747,0.5878884645551277,0.8541177803990637
36.65921,-121.22114,45.14963133429371,16.423580612036417,69.64599260898308,4.4098780904228025
38.63826,-120.774929,38.99608122788802,5.159973204054069,78.22368269440112,6.330892670552947
35.608374,-117.899544,110.8115624492357,11.428144052243699,155.7394001431917,0.4494180742996453
33.79682,-117.264072,2.9299428389438384,0.0,59.808490515277725,2.2641997391209094
35.470889,-118.750959,47.25502530262851,9.18760893268164,144.2172982606466,2.8423422588200715
34.294625,-118.742209,18.712521171792943,0.08583365816792346,34.89661387509229,1.7256483662913844
35.612809,-119.9569496,23.670914068245754,41.48080174182596,87.65728007512679,6.151968972278771
35.633333,-118.816667,54.622014648453906,23.558456908956323,157.61978645183618,9.3032508220985
41.465297,-123.057551,42.86776232860987,41.872969241456865,59.64934252984945,13.021163057462383
35.10995,-118.3970832,51.69197376821923,1.9587554923210573,125.41948309621517,0.02865554969385911
38.91033,-122.607362,47.569774995502705,0.0,74.47925894130593,0.8011567826983407
38.736113,-121.392532,7.532582830890225,0.830264594339332,124.12006272833806,0.815420062033746
40.439362,-122.415486,9.255819532158391,5.870703414972101,145.87638724833397,0.010930287819946299
36.786172,-120.757128,2.111223595379388,21.279315652683195,112.0286481079679,1.4315523497948188
39.43511,-121.507399,58.98776898308874,2.592453991209917,129.28510534914318,0.4633198851881829
38.493205,-121.161253,25.272554700193993,4.1151426347465465,115.39198975252025,0.015809994472829072
34.573279,-118.1935,36.26503649364915,0.4701257909045962,73.10138049324938,0.3612600297128845
37.46973,-121.23728,3.4904706777747765,5.772559024028317,96.96179533979937,2.470459947380425
33.72325,-117.23049,3.8145300111882974,0.22174192123285932,55.50067714443513,1.3464021631564413
40.2003,-122.30328,4.82006457913548,2.9405315597019652,144.1381637958303,0.13656928563713766
35.25322,-119.2071,0.16485257603268352,7.9605931511702215,104.82540857826815,0.8964558188792203
38.483838,-121.074404,31.68215456681044,0.003653181244121899,109.41858606311226,2.6888041052361213
37.50959,-119.9771,99.9778792430444,33.17002711421447,122.97548379669274,1.1309554318537232
33.928252,-117.191529,8.397071032671777,0.0,75.25433401898798,1.6048535485919178
34.50711,-117.5124,15.012391002538282,4.42504492234043,106.19498174370382,1.6767847205052342
39.54992,-121.35037,58.40797713479209,9.489552347914309,115.80387815044874,2.6474664517100717
37.09824,-120.206748,57.44758548171082,0.7160618392593182,166.84349815849995,1.9174164449489506
36.974414,-120.032252,63.72833828124649,0.0,170.89139655973844,0.4812567527064574
37.396908,-120.460411,57.81102197325191,2.3519182051319523,153.1915834039456,0.01466134968110306
40.494374,-122.04948,20.978917102957848,18.48505480769234,167.55205413811842,1.0003649346126613
33.757944,-117.113903,6.97122333872879,0.026189168479969438,65.18683729839685,0.004394605036189257
35.82553,-120.05765,17.82993850210055,16.179718625911605,92.64628405097191,8.333104136396047
34.785,-120.044833,90.12328707899138,14.400764191182823,41.1246073422403,13.735773143655498
34.4792756,-118.506107,9.215668545614507,0.3043237292859239,54.73130566989946,0.180679502220133
34.173631,-118.853661,34.375120214450796,0.0,20.910403432129915,1.2734748696391083
40.200879,-122.539089,24.16700059473454,21.54394946990338,125.25696832976386,19.071527149406027
38.742834,-122.907373,79.24442203670586,3.2659495022013285,43.121195912551876,0.1607614262327902
38.7231,-120.7549,33.979692322567935,0.0,72.21708275603766,2.5470099145867433
34.5444065,-117.131163,12.671411929736673,0.24961707230691166,131.35274962132473,7.721740170417834
34.45196,-117.03341,25.827798472695942,10.376313758210626,128.81212833832967,0.9477787868755876
33.964275,-117.3048,0.7186365341049366,0.5288097056667276,70.74309929089638,0.8200523351023379
37.7133123,-120.325444,79.77324673551614,25.73196093132703,126.12867135106076,6.600181646190359
34.19518,-118.90918,37.39126826783758,0.0,22.461172002431464,0.9688239661357418
34.169517,-114.276308,56.32515310587449,2.306449680548431,0.27448946958120235,0.8109157133023225
34.292101,-117.606101,11.886320877103929,5.75819563696337,81.61718632453551,11.207525472510277
33.788907,-117.293584,5.771028866040999,0.2757088505027407,57.406174932834986,4.593932408796362
41.256864,-120.503588,147.1490946205652,24.88966643613968,42.237709391768156,0.12121561295914861
39.2393,-120.4168,8.673703395075123,13.372264239632258,35.45698630704006,7.976377610438516
37.081199,-120.998125,0.3051201189739075,10.82157724787652,97.69837009662437,0.5412279735112289
37.66504,-121.696665,5.428965065628372,0.9450060521736193,75.92353945262118,0.2256550442614975
36.640352,-119.242623,96.88813173014324,5.610587982860412,151.98652537834116,4.597858187211103
39.970543,-123.38746,100.48118655211105,56.41079824630063,48.58288590552272,16.719200994901566
41.884429,-122.392257,13.610532752829386,23.740061341127173,13.784755854311502,0.8645610287957455
35.591462,-120.645939,72.89200561184425,0.8873163691594582,34.13943843894121,0.03739135226858097
35.273067,-118.651434,39.461788225581685,15.765580638755187,130.60147421049862,12.796811052885078
36.026333,-118.801528,87.81154074024764,12.859106781217559,176.32951719509683,9.739173711241142
37.201128,-121.736403,18.4243483332011,1.1502486576606537,44.24258401229701,1.1350013748391243
34.7192091,-118.023431,57.74229831145986,2.8882315466128614,94.87084833654202,3.2575096183394816
36.6067,-120.8765,21.17315706860024,43.04195837415774,92.9391733512492,2.470312746285271
34.60698,-118.3211,30.22547461890457,6.259003671042309,72.07475179026191,1.1229051812463355
34.43725,-118.3404,16.10021708384858,3.541414687954051,53.7358341892993,2.8160115769584158
40.11416,-123.7729,128.63843359112013,47.12934913291289,30.229948107520592,0.3079080852867211
34.400099,-118.783698,16.521758282665566,9.362573859608613,46.79119282399145,0.9125017603317759
39.803617,-120.03505,32.42522122999988,33.247685556299736,2.966455880644292,1.756131779392075
39.40436,-121.49395,56.82414406478658,4.790926979572562,128.0943007385859,0.6869552234052788
32.636552,-116.165773,0.0,53.401702491997725,2.5316730117331026,0.6144192853697344
33.95319,-116.87638,3.194436970184116,0.6656170442475291,95.97926697168798,0.42957631353258335
35.9001968,-120.433304,35.551269836136804,24.991887833168732,72.27030750198253,9.502692184858445
38.8364594,-121.332377,10.302957864418065,2.5367819533011864,116.74023015572604,0.26777801783881955
33.485557,-117.02173,10.827202846685791,2.9239953016701623,51.387119587339555,1.690918629798769
37.112938,-120.595644,29.73791385655596,13.253797618414415,133.4859615296838,5.948276046067219
35.2928626,-119.242617,0.6238482026705632,8.09203869671007,108.00433297292871,1.5917859120636557
35.199333,-119.695667,34.56396005031176,20.042091854474624,91.17305709091141,1.2101837501654351
35.009077,-119.531779,39.898589192953764,13.555559223830123,71.5100440253632,0.14779940995980576
34.963024,-118.533425,32.58277296096621,17.49134303761811,108.1659072970534,0.8177959045806856
35.986772,-118.311422,114.78047787871692,40.998303982576914,149.9035703819412,25.960485934033503
34.67478,-118.253976,39.086702704859384,0.0,81.18992454985246,1.6077693310758376
35.10343,-118.746636,21.166987445154298,11.481550601782526,110.06255993177093,0.41046549962160117
35.9273945,-118.429923,102.44275363475855,32.12438121444013,161.96104882360677,16.806998478754075
40.9067636,-121.179979,96.13878479423452,37.14313248527928,99.50945392635018,18.351766347750566
40.90368,-121.160755,97.7002955689813,38.7811857983007,97.89418527888483,19.296856222612405
36.576457,-118.057587,177.8335881813635,91.00492568544938,86.14607169892196,1.7121233788924377
39.041985,-123.15297,86.05300947350075,7.375651620105662,50.713842120845285,2.162018413351578
35.856649,-120.278024,29.067743740356306,18.02252072974128,78.55414883619171,4.193022622847052
35.56702,-118.40739,77.56942208025424,4.4686744559219616,170.02815075681437,7.495695276604416
41.765149,-122.353169,18.8897193500812,21.848123033169575,27.048288372302242,0.49691419269313547
40.3464,-123.362,88.35977752067208,63.07334610498188,73.61248993362703,2.7800445275649994
35.636093,-119.669093,0.06391848838163766,22.843558270516912,110.19798970196896,1.9027836145587602
35.6453,-119.76107,6.648724769047632,31.220526865415717,103.86733821934202,0.07216541242097853
41.787938,-122.516407,5.21669380618049,9.47963360569346,24.39481416303139,0.2546662094919437
35.784624,-119.779871,0.07717604939404255,35.00967113798031,112.29242602282889,1.1105324487737502
41.7975,-121.369,94.53864465556354,75.07600701112348,22.068374328707318,3.479118988521358
38.979194,-122.684661,50.31365439611059,0.0,75.69851067219443,5.620953523023865
40.7721611,-123.63975,103.2023199212286,34.286462438678264,50.76742960472121,5.229455488771802
34.92221,-118.257558,52.40617658277391,5.975774817896064,107.30295643627119,1.5474039077114659
42.0083,-122.90457,23.955131699626097,34.48546548542744,0.516927270742372,27.723468920691683
36.759833,-118.663333,144.67774597061722,53.02057553419535,107.5882237157479,33.08750826780404
32.773489,-116.803223,7.450358892406657,4.020164448738269,23.326614816093354,2.3680775425737446
35.96289,-119.0507,66.44732535144234,0.0,176.78817653248632,2.9048850527682593
36.29538,-120.267799,0.14719985851427045,14.967117020739712,115.46551914402781,0.24601220365536236
36.29802,-120.211458,4.78301933762599,13.461328092837576,119.40957871369561,2.8298075453135496
36.606754,-120.876583,21.17631201106723,43.03779267592289,92.93647458742205,2.4670133574830646
38.2391935,-121.0869519,28.12286024857834,14.099712236951284,126.74204086831419,0.4077612977901349
34.5938959,-118.063529,44.049048095478085,0.7156106923512712,81.18205612261714,0.46922358082422266
34.083439,-117.139626,3.862446859532727,0.0,90.81787384306676,0.6587576396655127
34.239686,-117.76113,13.279131312891689,8.253379759012265,68.97677763780115,11.451096029222953
34.23514,-118.30239,0.07062493661992443,0.07062493661992443,36.15156301299903,1.0021088433160874
38.8807773,-121.156605,2.2970940903307753,1.637245610532168,100.93589226200052,2.669696993974887
37.3137,-119.6859,109.44882716684175,2.07249031288822,122.26141164008675,3.970990837994986
39.0329124,-122.457217,29.929619332865062,15.170144493846314,93.29689853476299,0.45975760852150355
33.847742,-117.461546,5.870882578390529,0.7370046295494739,51.470758986193445,0.05728173438629743
39.635533,-123.344954,97.40706288779828,19.676372481714303,43.11201632568478,7.985281512184222
38.031044,-120.852597,40.283870159648586,6.709940722046013,129.88479032394835,3.3171269131807306
36.1933173,-120.777302,43.61250250135147,30.260437464482518,73.22175446412896,18.26827675435537
33.824352,-117.502905,1.255226098284613,0.0,47.04315738199105,0.4819424398007139
33.9278521,-117.3727011,5.927004704105843,0.0,63.56218174767923,1.911632026269743
37.47012,-121.24303,3.859855366871993,6.265990260294337,96.59909613865099,2.9030847246663933
34.9842984,-119.782853,57.727905074855066,31.584843349434497,67.54307117030426,13.180007420341974
33.999524,-117.32122,2.5732472078837936,0.20438129452910994,72.71428059968902,0.9012072442768783
35.960403,-120.154889,13.199566194741324,2.3965272215915987,94.50004367610401,3.9269708305172433
39.726014,-120.535158,44.055419950543055,9.184654429021894,45.759704878385456,6.438329064950216
41.80078,-120.519727,157.62686657191819,32.02517651737976,21.369095298101623,12.423013614994945
33.757839,-117.112942,7.060286561181395,0.021688133267669534,65.23633431248182,0.01689353021527109
38.2856696,-120.656662,66.01692356188006,9.478928388772617,97.27485803482641,3.3543464748358667
32.59738,-116.568589,16.221479370807742,27.596573771447098,1.7746981736237601,1.2546268625761476
37.152487,-119.65963,100.97987416318601,16.48896923761154,134.11907295706808,2.8287612973911527
36.3404047,-121.199629,61.359595859720734,2.651965202708481,52.50175028170144,1.3053242767374045
37.430142,-120.541611,51.56860218547982,4.394636624103837,147.85310618043928,0.6790551772733785
38.300167,-119.074167,113.12530234270238,72.00127983403111,4.63085957152799,16.356316237854205
41.673939,-122.369802,13.572222778641533,20.719506028596797,37.181847802177955,0.016544387171610254
36.362544,-120.802733,32.893435561484225,31.62639427186636,82.54391674025024,27.228295115109823
37.081853,-120.074549,66.89136338823185,5.548681813850681,164.4258237020722,4.990063072868132
33.409448,-116.741601,36.89581960889418,29.64530597960318,69.42618492417269,12.50551549391196
37.51019,-120.046081,95.43233096575533,33.33698310157793,126.91029015070335,2.221073584366638
40.356228,-122.283667,0.01743262196091072,2.392779043109193,151.86525036261156,1.2225559193932947
39.7789,-121.76168,37.58332974546215,1.1650600835904827,150.7708539424195,0.4961401098546079
41.742143,-121.304529,96.65025716061781,67.61126106484858,28.279643809294008,0.14526852210295785
40.914833,-120.0485,151.0815699575352,72.82288839430502,4.137179068095658,30.924210100008956
38.590922,-122.768983,68.17268866416754,3.0577456389875386,41.183558123070775,2.2874562934895377
39.638817,-121.680996,44.865873853232145,8.38501248166784,144.08359403206043,0.7405059339486537
35.99271,-118.934596,76.85349301410231,5.938325342099291,187.09545052794434,1.4472782161469646
39.140133,-122.87667,60.58623877213701,0.0,74.97466155606924,0.2287630147597984
34.042687,-117.26745,2.328725901073074,0.23537599319621935,79.56891141929563,0.5997570207826339
33.656742,-117.383235,5.729573411482361,0.0005269421315039671,40.75446824695143,4.645525807182746
37.724532,-121.69605,0.5880467323139578,0.2532883857682209,77.27845545523323,0.03146342806539724
34.50523,-118.245656,27.475474622678963,8.1773042981375,64.19916237118564,4.287075079458628
37.7146,-121.4764,2.698756057174761,0.0,96.06685071283381,0.11586505141575947
38.02175,-121.99056,7.535331346579236,0.2532785554838539,58.48994525880195,0.6234407325820667
37.515462,-121.830534,8.039299203719658,5.317422080020377,59.1756726920343,1.8128247093598642
36.573716,-119.601794,67.31801992854355,0.0,177.7517237519845,0.7727252289126939
38.222987,-120.802822,52.43530687686515,3.3673513113050304,110.89005027003049,0.2493625265903271
39.418982,-123.590238,118.79743529231044,15.315192744749714,24.950125587393185,7.491412547554543
33.856642,-117.204108,4.540412722821032,0.024057650338058654,68.4475246359508,1.1934072198085321
33.826534,-117.257982,1.2074895173413525,0.0017670822349897866,62.71514752837018,0.3937214071935144
33.731572,-117.393766,0.1522546880523458,0.4714322887666669,46.50979080270988,0.35829993833381407
32.576716,-116.699961,26.496494578420304,19.066444531544196,0.707818821024179,3.1674839414548956
36.98268,-118.61484,163.63935031349493,43.590894881705324,86.26379782487305,31.193980618238857
40.368506,-124.362017,171.1781525992228,24.621855609094474,5.6577766379079915,25.163740534752023
33.4773,-116.7805,33.09833902295758,25.135807455048738,69.49105636945896,4.264828800689337
40.002008,-122.404759,16.80350931938208,18.460525052352942,129.4554156483044,11.01560694785329
33.910649,-116.782856,0.8863287004737025,5.974589854588404,98.6716266069731,0.006026275903255449
32.5736,-116.6961,26.419750813676973,19.384743965016096,0.3292089499391323,3.5114909125170075
37.1336,-119.394,117.69548395673698,26.923038186541707,120.05650235608215,0.7475528749735382
37.689773,-120.31848,79.18181969741318,28.419280863030867,127.722431496741,6.326988881648527
41.842269,-120.341894,173.071491686357,40.28174746795904,16.675782025959666,1.352745284306543
35.7205881,-120.561774,57.26847703854287,11.57532522912219,49.57932328368008,3.9560807042292447
35.515,-118.6836,55.07289465704353,17.012462969338213,151.5096785725363,10.606673721731285
34.413261,-117.172494,16.95259766727093,0.542561442058996,118.25384462745062,1.1704028126060586
36.850037,-118.738174,145.7187105465451,55.91017743264866,104.52989586752594,26.587072778573052
37.068124,-121.213195,17.40186353325044,26.568736999484315,78.70652576021412,0.10531168639684971
33.582198,-117.166941,1.2837074303227751,0.0,47.79123572926885,2.1033797604673428
37.353634,-120.507495,52.58413859295434,1.0924164543355912,147.654702592406,1.2608195665841533
34.172602,-118.475521,0.7132791032937698,0.0,21.860684552389266,6.0313494469869235
33.671261,-117.318087,0.2764442942870684,0.0,45.85391946275952,0.8243150402142795
35.633966,-117.970987,112.53231614655223,17.588555810172796,158.02852532512352,6.571733378920097
40.393586,-122.176593,8.947749069041171,6.523601608713542,161.8577070732986,2.4458857920005603
40.08453,-123.807764,132.1242411929547,48.33460103838395,25.843300432060275,2.4087290446295544
37.862367,-119.704567,136.34162745266647,46.76191650741085,77.73616839974011,21.9104886191723
34.1516679,-117.3043742,1.5734571672054718,0.0,87.23023722737094,0.7270470758273347
38.217239,-120.833961,49.66877954356693,2.4446249218772858,113.15624736746786,0.11878301625471745
38.7027118,-121.020844,19.314871022906214,0.7637239456313277,94.37491810248022,0.13028721413815464
39.46018,-121.35725,51.4230685944182,9.602685595199079,116.4023158940305,6.613815496479857
37.9043,-119.615283,141.63524946821983,52.096118586984474,68.97141244373663,29.830485105742504
36.954837,-120.291882,43.18270397074708,15.831926976999236,156.07601018118365,3.200007232234865
37.978113,-120.21464,94.00688350961536,3.6885306328787095,97.6253592682643,2.0203152489129512
41.2522,-123.5113,87.59815775883929,56.54315078797168,54.61727438881182,26.027194313820495
38.3073,-122.0501,1.40966631994431,0.6596625875937907,73.61415670111681,0.16940210709615927
35.0307313,-118.364146,49.37877969010502,11.179922753639831,117.10897393286503,1.1173806564991995
33.822694,-117.282555,3.4915857338874217,0.0,60.88609543397662,1.6274845593776037
38.324942,-120.427903,85.10475790186463,28.031852187612174,80.86032225095899,13.93151306128421
40.581893,-122.449341,7.508049138706843,0.8766944845877271,151.73247431998954,0.8104804461879405
35.33324,-118.419612,59.97030066122908,19.960329378875173,147.71135311217358,0.2929942141111341
33.640118,-117.292525,0.8047103722689669,0.14335548856891275,44.65205305979302,0.1501721064789759
38.427179,-121.054386,37.10294216014658,6.534701904287644,111.44336415398213,7.51289176620056
35.0200352,-118.3419912,50.366725891488294,13.116249462255038,116.26384856843998,1.5503257625716067
37.471329,-121.23737,3.3857022810924993,5.751461435606412,97.06919257876959,2.396741861394516
39.07015,-122.509941,32.269467201474185,12.487094995082378,93.15343717562062,6.280960836903733
32.717599,-116.927749,8.629190545815934,1.03646431561716,18.371676283535617,0.5125344569128967
38.043415,-122.562044,9.638945511738036,0.0,23.850274973994953,2.28824029066738
38.06095,-119.991667,114.63604250506428,16.14528265663056,77.7697174852053,13.537555167840502
33.3073021,-117.368598,7.543360932686083,0.0,13.938340896482817,3.092917365941179
34.284624,-117.8406047,18.14669166402811,13.558234538912103,70.29263474982928,13.441022464907311
36.38857,-118.768,112.55254052237468,28.07486875365997,144.38739753257855,11.955484282107394
37.181034,-120.32559,53.156348303979385,7.646144942411343,158.38648922643299,0.5126222150058626
37.809344,-121.604861,7.826533623223214,4.911868185864723,86.03022852692962,0.5602624237363195
33.922735,-116.650391,0.0037187695822470195,8.351180748504428,108.58488970011119,0.01545759383620246
37.630738,-120.313718,77.01674507073355,30.7984174954274,132.453576096167,4.059387373574556
37.349442,-120.238125,70.87685769168861,8.700401249185584,151.54029607733102,1.1905521954860439
34.475777,-117.463332,9.343011810558215,0.0036491790205296563,105.82570300045512,5.127813200769227
35.4189737,-118.8709169,35.288487149756435,0.9968592284776964,134.02826529832433,1.040184341934859
35.578845,-120.901571,90.82955975576962,13.91318399016801,20.265447981794114,9.439082981577872
39.468991,-121.561366,54.36045011337225,0.0,133.96163250464178,0.21015346881442126
36.909429,-119.792619,74.4278120186389,1.8151329278896857,162.22800295855987,0.10414827720076171
37.740555,-121.585729,0.0034184961508940425,3.98117123072995,87.09945209219939,0.5094785725496408
35.8378,-121.038125,84.69995275362504,28.658112607471555,31.85980905099044,19.866104098192693
37.665174,-121.740217,4.1263954792930875,0.0,72.3088595080182,0.6527409397249658
37.7055278,-121.6971111,1.3856504212502494,0.0,77.0149032968728,1.309671701934401
38.193824,-121.8572856,18.88730153003002,9.353488252685255,78.30065476073304,0.3122274117394444
37.333444,-121.7338333,9.427335437840112,1.120754099008101,56.011063851841925,0.35081499499481805
35.275553,-120.644048,96.37522991702724,0.0,19.45423774551214,0.9440879505059676
35.704967,-120.582252,59.80519049792885,9.044773886273834,47.04876028583645,4.054360839169044
34.5337178,-120.195855,120.28619022719488,6.419994443297937,12.391663797266997,6.343469989490958
33.71271,-117.08414,8.640220073644523,0.0,63.40957275410782,0.19488264669349428
38.252807,-122.171501,4.943539075816627,2.55227405763671,62.12233682609613,0.007908847321153127
37.372385,-120.959582,14.173371501352724,6.654769371340105,111.59531266521601,2.70826214433262
34.29046,-118.288398,5.093772458817978,1.2849996892024662,41.75617734510785,5.00528619987473
38.190649,-120.828003,49.390617733529936,0.0026696404089796067,115.04896238879788,0.5095902626173556
33.9689911,-117.49379,5.072205871170189,0.0,60.75406656578824,0.899380727340443
33.9009,-116.869456,2.580614245558417,0.6307191276891462,92.23074631171836,0.7172750402713557
38.3809,-121.251908,19.453380745191048,6.850642913653144,128.6155116102957,0.13847249277469045
39.037213,-121.312694,23.844462060024266,8.814056848839712,113.33517501003324,0.3700406888405373
35.805079,-119.053499,54.34528221833333,4.428325290312589,167.42165407021344,1.5670599944545653
34.506,-120.064,113.23149411086717,9.86382378866782,10.529835727249317,3.261799847725338
34.6592518,-118.7548048,0.04016421702919544,18.929352992383176,70.96442995062617,2.260996151267832
33.928939,-116.846198,0.09095862686117287,1.1809965365013841,95.95599594729114,1.0898029338213846
32.675679,-116.92502,12.266559509111952,0.2571820122223012,13.728233303753672,0.5376082527982845
34.318425,-117.340037,9.76175753788428,5.33235716515127,100.09460795745315,1.0192872543582516
34.701134,-117.204094,0.11114948045584647,12.855191202526363,140.0803691570891,3.493219102888764
33.583553,-117.403313,12.726952532036552,6.644175488746665,33.340106114270206,11.112983083142137
37.756167,-119.416517,155.6737641799739,38.54754227373933,69.7596818712541,25.82808122619389
37.115241,-121.033398,0.8321278207163142,14.613076501842327,95.43724143355135,1.5159646076293625
33.7580149,-116.9496357,18.706013447289894,0.0,75.83021314807966,0.8033209996031985
38.496413,-121.297565,17.64717134141423,1.6437724385686672,125.69454992093702,0.026000392373349484
38.524067,-121.279094,16.02079928810349,1.4649548530997831,122.88890438613538,0.6819594299213074
34.452109,-117.077204,22.515293844669646,6.3535759950526876,126.56671432094528,0.10121635108916983
35.5497,-118.958785,38.92280290113968,11.846293386364017,143.74303915302417,0.8801663082334888
34.4045559,-117.559695,9.85813030535257,0.008269499096825879,94.28844217816473,2.1982425381123343
33.2902,-117.0764,6.78312737734233,6.893932108292202,35.594029141681084,0.45731547219427876
38.233952,-122.520366,28.088576178225665,3.5801638738847763,43.033843087996395,2.054555069407956
38.361834,-120.499717,77.8914323390603,21.55661089486786,81.88155724351383,7.167854656085117
35.694044,-118.426716,85.66343742231149,6.978448838172444,180.65997607923646,2.7147046073644256
38.264246,-122.743925,38.834989717533425,2.5355912231796633,26.762264451408814,4.144232961284965
37.777334,-121.71679,6.727052974711036,5.127232222466897,75.9335016221569,1.1954856322872145
39.993914,-122.560451,30.09895598447862,30.17810459690378,116.46254826058843,24.310331839106365
33.758036,-117.112489,7.1022475219233145,0.06795025923727517,65.28034181403244,0.004635049659482651
34.25914,-117.856102,15.428811610867074,10.52755261191667,67.13648675481197,10.771838716968064
35.655361,-120.533933,60.891367115218834,10.508144665672662,46.47590725210822,2.8832806506351476
37.838349,-121.632921,11.368082615140981,2.648777145525868,83.84338457944337,0.8436314165818591
38.207676,-122.156703,0.3791493595686689,0.0017678286038377814,59.15358039742221,0.1193857649808707
33.8126,-116.9476,12.65132707464715,0.6586789555180876,80.17715816476453,3.425417242459017
36.015369,-121.129602,80.84962158665756,16.01529832484452,36.720493271796755,3.445954161426418
39.596704,-120.21859,21.32270023127458,21.119384610899502,18.667301384619915,3.434505888284449
39.73984,-121.69988,43.30618851866582,3.8219991309994397,145.50411448653404,0.09592758048057652
34.122607,-117.953154,1.0334139042852917,0.0,49.81922149408189,0.8697167111869025
37.083449,-120.310758,48.547253671123016,3.568070604755709,157.4729645370225,0.01758189726678685
35.313339,-120.623763,92.59850120699352,1.7451586370364,24.036674026978837,0.2972333811320586
36.12175,-120.58848,34.243594781393895,19.19048653148264,81.43929940135182,10.348149590512609
34.876586,-118.248827,51.34410136226448,1.4772883316376626,102.63642952790042,0.1793837205891232
33.472372,-116.651385,44.28144852915185,30.69488542117554,80.00726036286218,7.550344327985815
33.773143,-117.297767,6.680497003621294,0.30485487446603604,55.84192504239143,3.448711154233797
37.055082,-120.750881,15.366044194033845,4.689455875825868,118.63693221481458,0.05106990962018104
36.13751,-120.24039,5.887932497146526,7.682411267689007,103.73885400998431,0.04348967393993023
34.121119,-117.154705,6.9366443853554,0.012135764653634733,92.95027132734039,2.4204880264893305
39.351831,-123.186117,85.33823323187816,7.263472496133516,58.61767735618138,1.1203063796652026
33.758174,-116.738699,18.0541816458299,11.145568419575394,90.72010142533624,2.418587174513524
33.44756,-117.40342,15.361858330964175,10.188498551133376,21.660083844174334,0.43166328715609337
32.700797,-116.357286,0.4240575985027269,36.07992146689279,11.288821717519344,0.20648692824029974
33.4088,-117.3623,14.818870657563794,6.030947405222709,21.394386133596335,2.332411412903095
41.1088,-123.6761,105.15731002640224,36.01974380723952,44.2518351425579,5.830671420785133
36.639321,-120.30277,20.224340972407273,9.808385144822294,136.82312858521937,2.4259727883473667
38.92934,-122.61065,46.87139898011104,0.060003704122839174,75.76645149187134,0.13671886846333997
34.2396,-117.7625,13.28445271999313,8.247700379856116,68.90665932604203,11.442580175455564
38.82889,-120.6975,31.801356619610182,8.288213200984295,63.24602683369318,7.2807150626478006
33.353446,-117.135771,2.1376116238571203,2.2703023927249153,34.0818381448436,0.9063936799659884
38.361232,-120.814317,54.915301581007974,0.2497293423971076,100.14795247611698,0.11403279193411345
33.6676762,-117.566221,12.770615370453214,0.0024512860398968454,30.39653830614905,4.563233751858964
33.917991,-116.91162,0.6982827867046817,0.004732086563173662,90.89964894535261,0.004968911644862208
35.2659,-118.62193,40.941495481759624,15.157653669447232,131.3731438846056,15.00683925724155
34.77011,-118.53335,23.46392649718596,26.146061316188504,86.76210371229858,0.5033227397175092
33.803944,-116.30113,4.479105061213925,0.013050380624410374,126.28584831101651,0.07139496458168458
37.7952949,-121.6060708,6.3115768111088055,4.458851541916125,85.79984226614397,0.10961590890875572
38.0115396,-121.997014,6.581907332327515,0.929432229519249,57.488504811671405,1.883287581793524
34.50295,-118.045033,35.81809054892302,2.9291690389030434,74.12668222797612,0.16882995116679705
35.863675,-119.536893,23.194078917983294,20.786706116530613,134.66804589031267,7.325471629342998
39.48058,-121.42105,56.96880530262692,3.6870980867017926,121.91221982828289,2.9691243512363763
38.545436,-120.840433,42.71372811142339,12.648268844250634,88.63334225566766,0.7034335205105753
38.145843,-122.485218,20.260407259577683,3.0081096608182074,37.03268500363244,1.032744076699575
36.682583,-119.189459,103.55974802204935,11.683329327414091,145.32594008529014,1.0892549690678905
34.59556,-120.35679,124.77694691807409,8.354623240498846,20.691167627573193,6.018824430221584
39.93192,-122.307297,9.130591645951823,8.557250695761317,135.68743615543931,2.730924170644656
36.15407,-120.259824,6.305701386344186,6.241151463933046,104.17399927331739,1.895880268099574
38.187148,-122.656105,27.61185583421957,2.6058586233318484,31.2087701105819,4.784143557788619
40.201159,-122.284309,3.251590402527534,1.421295489149624,145.70118401685332,1.37835952594252
36.493781,-121.147092,48.352553809027434,15.846041661243891,65.99383712036366,13.371779382630857
33.540008,-116.099893,17.45486423189298,0.0018875736461737853,101.61788022584729,0.5522864645353526
35.374332,-118.84398,33.81368204904765,2.5666989057977894,130.7511564850421,3.153176702580767
34.5352699,-118.1176558,35.871296116421426,0.5328660589313295,73.01141294063484,2.7513959041528584
34.50334,-120.274,127.51259692073415,13.337818928934183,9.544204808479696,6.801425935256871
35.351479,-120.005229,43.07956411557596,52.354280997182116,68.27548174398069,3.2490482473215097
38.4546979,-120.49265,70.76091422111494,24.52470025451725,73.69904766799995,0.3051059699310072
34.497433,-118.616267,0.6692529933435182,0.0,56.55184958096084,0.017792812512679043
38.250731,-119.939391,104.14312581445779,29.506843278797206,58.93646626965819,8.27573686308202
40.471128,-123.654313,110.172123466656,36.909391214311555,62.05277585429921,0.8469814026057741
34.46437,-118.7641,12.574870707661217,8.337889152582061,53.81214124421449,4.991952281335359
35.854009,-120.08283,17.54889961637202,12.543604068788154,92.44242546841872,12.173238191086103
39.026764,-122.718183,50.69115184739224,0.2559915629684195,78.22027889539639,1.0776158975760157
34.957874,-118.190532,59.52522718222871,7.416931585655288,112.81546968426697,4.1131784566967315
36.69212,-119.5922,74.84300491180153,1.1489884484456612,168.42102719760155,0.013391615113291514
36.692574,-119.645931,70.93783964708179,3.327480978688678,171.55831391960228,1.4416966413270709
39.227018,-120.834831,3.4164039473363816,10.846574634069238,71.51825345414403,0.029086040597036254
39.218344,-122.153187,2.399944768283583,5.8390789298839705,126.53045697942876,0.010126236395721858
40.887485,-120.144717,152.74187099976442,65.14393932048515,12.260159777165871,22.27940155147642
41.281183,-121.652642,50.88370212609698,39.56306523663123,79.7103611500126,4.1746138856631205
39.3574,-121.3681,44.89211741986913,16.727996592425406,117.26774374300265,0.9783275978954366
40.176118,-123.820482,130.96034773230753,39.168701711801354,30.812557956735436,7.306000408821478
32.723782,-116.424495,0.2851661502108783,29.280781267165782,14.399824987289657,0.6542391867372815
41.19492,-120.94668,110.17876162371456,45.3958985067315,79.48985258462156,0.7526119471332031
36.378918,-121.563092,87.05579943910242,16.67694592247586,30.461975805079227,15.581685775817444
33.555137,-116.683446,38.674276470123665,26.145907177223656,81.59434027063573,1.5975708036011222
40.923444,-122.10167,21.098717239843626,28.037009720502727,120.07708574907709,9.213988258046953
33.733233,-117.441832,1.0608949740070288,0.5215492295868686,43.79407346456954,1.207020365819684
33.8185182621934,-117.076404666916,12.008755829666562,2.243759740459422,72.56097333441744,0.23713732354546715
33.9239548,-117.0375417,3.9131884660369955,2.092444472237387,84.00122339854373,1.0604148471409578
35.318949,-120.133664,54.531230711308545,42.54760804415615,56.171339723754265,6.965432989294045
35.375211,-120.435273,74.42459867630386,14.855409495563455,38.43120283691457,0.5844483804317778
34.98749,-120.430379,98.63088946585707,0.280087394150326,24.541911892302124,0.4394934257683712
38.3151744,-121.8584227,10.392147757819354,4.161430494537984,86.32491190243007,0.17110556424612988
37.7741494,-122.1569455,0.1320726619935613,0.0,37.32151542286152,2.876530992494847
33.979878,-117.401904,4.504447071665001,0.0,66.45481905621665,0.38980858877867985
36.03643,-120.182476,8.385942321664587,4.226224778722207,98.57728035192119,0.3361818828836544
35.342748,-120.758104,100.80089130714853,1.746941391494875,15.026794047399504,1.5400385133854704
39.4643049,-121.965973,19.574303764953815,19.749889736546674,157.17318966612748,4.493512238798804
35.45554,-118.1033,91.39326071040018,34.66205290972434,168.15175209347333,10.912505311674574
34.017513,-117.479583,5.376003654660917,0.0,66.07393673994287,0.42248909849498106
39.293028,-121.48061,50.27237292765119,14.284021675947683,127.04718598571642,1.0209945889368894
36.281579,-120.300799,3.149020162348975,12.250970253616996,112.25733488231027,0.09251615519631946
33.443458,-116.87992,23.75472598660597,16.25288150982094,59.582136002816696,11.643641930534155
34.62078,-120.259123,116.76830438001083,3.29985147015753,22.49292230367407,2.4779772185232933
36.048799,-120.164271,6.251701147867496,4.141148857787959,100.70316430503186,1.4315014773924573
34.35491,-117.467864,0.8285112837014513,2.180494649461133,94.95606929722032,0.3519378271937287
36.229517,-118.858046,96.48657795426162,18.26003459657221,162.90736646040648,9.827150662561468
40.24402,-121.972909,22.473152398476245,18.678031875716044,168.1364979943794,3.6447066483390365
32.69011,-117.01352,6.443761385102845,0.0,16.110182169038357,0.14251813006801667
32.77126,-117.09495,0.9546582479313017,0.0,20.525058387753283,1.8104530379425052
39.925884,-122.132235,5.79815858251151,0.9828343145866995,150.246405157497,2.297296672738932
33.886528,-116.90239,4.173543909806706,3.092931939798424,88.95785674662523,1.8066993204568829
34.3189,-118.9689,35.71565647070749,4.367175181094028,34.14810952179962,0.39132214412517147
34.033917,-118.704833,19.92820456513334,0.0,6.154615217021497,0.8918780919893544
40.342148,-123.420067,93.25913620430575,58.36556939919389,69.49321423145254,4.81720617354588
40.432155,-122.426405,10.4733303143255,7.053877687837682,144.67966289725285,1.1885215505843663
36.393723,-119.011663,95.01219334428268,6.280535214836951,158.60333719304282,0.09944796839636429
36.496333,-118.139117,166.43250690046142,84.75004928446289,97.62974917151107,7.93539697868438
34.615371,-118.749654,2.391391688364251,14.75993787565563,68.2270964476184,3.5826247959902986
34.691118,-120.501728,125.74686095792129,1.0326173551271756,14.934255294971779,2.515994268749554
33.33393,-117.18097,2.008122555060021,0.08138193191214321,29.396908131731287,0.08524369706890429
33.286514,-116.64017,45.54010573345187,29.50538911210915,72.55405219874862,5.4728112966892555
37.0211,-118.007,208.54738926766782,50.19689196514479,46.722637552002325,18.477009484059234
35.96313,-119.966199,1.707775539380761,13.044418061290406,107.986425954924,2.8002259459250043
40.361854,-120.446162,102.02417086675389,11.447529343230352,38.23530685437,0.4126599722308229
36.862905,-120.781992,0.030173908129762197,15.463310023526443,111.29434661960943,0.3307572643192096
36.531149,-120.485099,0.18783466850897457,25.264732027170147,116.59548814826044,0.2862375202303728
35.956529,-120.654725,48.052035124376566,31.083768788888225,64.4553121176362,1.5517625576128755
38.205892,-120.730521,57.556480649050634,7.526755068216433,108.20299463927546,0.06322855934195296
32.72754,-116.93722,7.214824537594214,0.7375154784551076,19.559626318628418,0.32811332306219243
33.963907,-114.513662,37.37613777031719,27.866761952806954,0.650005735792261,0.8210672448704215
38.00025,-120.944749,31.658896118733878,12.274587163877245,137.76549707757272,3.8701443878225605
38.379304,-120.986172,42.20676061196112,2.457360220763398,109.91235584440076,2.5684974457111855
36.203824,-121.141238,66.57240061186775,0.0,47.577155428317845,0.7357776908303967
37.051003,-119.926528,76.36886472423986,5.387554456036204,158.33318342232744,5.157585626242243
32.5891998,-116.9079487,12.054680759781451,0.6316063184865645,4.037345454695894,1.0537667085844338
34.034077,-117.481178,3.5357066660696,0.0,67.61324985800317,1.2448276146133426
36.443544,-120.419992,1.3485711321923932,26.197639185967812,115.64417282135655,0.6212370479002748
40.37,-125.0,224.89430922072663,74.22516329530478,44.57035905740326,71.75678332087875
34.06343,-118.69642,19.825554839887797,2.0252086103181473,9.284374189753137,0.004177436153526401
34.6492,-117.3543,10.784645791665532,3.2790499384706506,127.33816461658067,3.9145182545867314
35.27248,-119.61551,23.649909276328863,17.705232361230504,99.62283861021824,0.02850331458270906
34.002023,-117.440844,7.190239113849503,0.0,66.44079569931137,0.02760911780298846
34.9868,-119.477,37.772872465665095,15.097929865109556,69.80064529599828,5.694073112914606
34.883723,-120.246601,94.1533624354489,12.770003281277882,39.30877802349113,1.391491230564565
32.59853,-116.82817,19.554451753852092,8.070697633018446,4.263522254826847,4.296759616424715
34.07022,-118.54453,6.617008557960936,0.0,9.23289714467758,4.730618402442711
34.203483,-118.069155,6.056122184375107,1.6622362197174574,50.29656648390922,2.9395864294829677
34.32533,-118.478134,0.23890853689469693,0.0,38.16555193439417,0.05225668847441645
33.706565,-116.164126,0.7526121112230432,0.8418639293688569,120.52903239341649,0.03996346806685598
34.17973,-118.47438,0.33178360329191614,0.0,22.639730716095873,6.30202399743582
34.244456,-119.2567768,62.88893665749931,0.0,6.868843502094814,0.03690744485510009
34.4408,-118.2433,20.963979526131983,12.45171144638578,58.00569748662471,0.6483491460665497
34.1105,-118.3536,7.6082910246673014,0.0,23.091443040580938,0.21856631685473593
34.185198,-118.66991,18.030487896138354,0.16091365612658504,22.106457842873727,3.6178595904984228
34.3087,-118.5111,1.8379776608428016,0.1420594871168244,35.86929078090917,1.0470472065710918
34.23661,-119.20224,59.051758290562496,0.0,11.213530874473696,1.1542147737975272
33.989,-117.3887,3.0587899740922473,0.0,67.98790015460456,0.2843806443292901
34.154384,-117.32064,0.3581993051387101,0.0,86.65744491618887,0.975964469700228
33.30932,-117.152114,0.10443603781218758,0.5857440483203467,30.204137070850486,3.884719846700383
33.363226,-117.162897,0.19329699998029864,0.003499452821822211,32.70256800236985,1.749874425012699
32.7702,-117.1698,1.0142060165038067,0.0,14.829575267445076,0.003055606179096114
33.299921,-117.174205,2.236182415823885,1.680157677924588,27.898302363633555,3.696301912715003
33.96682,-117.47055,7.2199657246667,0.0,61.6724778482191,0.5848771206451168
33.001,-117.0887,0.5661875801682802,0.0,23.967654006180215,0.43021216501444465
34.553008,-118.56687,7.453903758492876,6.936408237038421,62.600580853549324,5.025045985203875
34.0968,-118.47541,0.13514953478288233,0.0,14.275423627474293,1.9799194826882527
34.1655,-119.059,51.20301447604891,0.0,15.83058274439094,0.905549487134484
32.5947,-116.8437,18.095328566275512,6.55424883754055,3.9836756719040562,5.748969797419157
32.8622,-117.237,0.6239470477460431,0.0,9.163405702335151,1.124509217760901
33.708601,-116.964339,19.36389775526119,0.2891749177210271,71.10000339861159,2.526307059434082
35.303682,-119.982524,44.82310999866463,48.4248554402388,68.23293741141077,5.648352813582339
35.945458,-121.117684,84.58341771435107,23.837852709528416,32.063209177173036,8.78780355393673
34.2038707,-118.1584203,2.4460050916374634,0.0,43.69308887760284,0.9688898364817543
32.922111,-116.475667,12.597917334217664,21.533502671913883,36.728332191816264,8.036178489798099
33.250188,-116.688664,40.08601565712627,23.55103988069897,67.02571525169155,1.1584417788580534
34.643056,-117.351944,10.234331747196176,2.885648785139253,126.8966262423018,4.387906226005714
34.738888,-120.574436,126.8933857080596,2.9855204853178647,9.444849015305174,5.222244520682018
33.732521,-114.510789,13.650966348678596,13.244391412763767,0.01037806899579096,0.6765702482611303
33.525303,-116.100296,19.02488081243827,1.6312468617917124,100.00002255118092,0.4523856074119659
37.399684,-118.352523,210.12143126619983,4.271825628583112,36.35485728342386,0.007454388803252879
36.72005,-120.387063,21.47575768758972,2.89600101114881,136.11052740346466,0.015319977647645389
33.554725,-116.07895,15.325905931308366,0.0016629759488080466,103.0519095905079,1.1814476503677434
35.38229,-118.90064,30.571874252314604,0.0,129.18075890500205,1.2178550418517013
34.7001802,-117.1823536,1.9756120168116824,14.386597119679697,141.22105044295168,2.3021798153045805
41.869329,-124.185699,96.47110045366671,2.879368254076645,7.8368774526886575,0.009675420665548395
35.120005,-119.43823,25.369446047308877,0.25131148542185383,84.99293357988859,0.25948055428502176
32.9021295,-115.2930033,14.258864084930542,11.040052863203744,24.595817912921465,0.030249474611198892
36.991952,-120.908311,0.002965301082653076,6.686255984324817,103.45244792983173,0.729101420347434
41.804082,-124.220177,103.64935918566529,1.6883974177885943,8.177011679885506,0.13223936202703218
36.656093,-120.876101,18.39012299158737,39.00590857492564,96.18906011937112,2.727806013841071
37.185799,-120.513485,40.59482457393446,8.061023295003592,142.14745818173293,2.015094908851344
39.516462,-121.19237,47.299728908149596,22.88494888014074,102.27436058390572,3.8511200411758777
33.638422,-116.142626,7.248031738804305,0.0,112.82989490821657,0.5802426478425833
35.813704,-120.014805,15.691778200255067,18.87387486134513,95.31093466371244,4.887601984903914
41.92216,-121.3501,100.32572552153596,80.83922172418124,8.219477660153593,2.0712420275069836
33.098585,-116.470729,31.50735905319179,28.421026857963188,56.13841888022382,5.650798117736439
37.2304128,-119.9868107,81.59061762737242,22.828134423329786,146.89103975660535,11.922509280720382
38.350603,-121.398847,6.254736244029733,3.5961890956560416,121.45284482132686,0.8151296968734655
40.2367915,-122.4158944,12.969171971103469,12.546187070572355,136.47336825951945,7.85943947631128
38.492882,-122.004577,4.745755667307425,3.1505227622267262,92.11513790501313,0.7060255491650412
39.067758,-121.273365,23.83438603129212,13.173267097939494,109.83352596116985,3.297788923443949
35.817188,-118.954931,61.301283867536945,13.391474660438812,171.5011317535,3.3289823989471405
36.6034,-120.3885,11.950584008968185,15.861293014328147,128.2471724707007,1.2280674195882288
36.704866,-119.30285,97.7208391215,7.44082091304056,150.20313855396037,3.5419123349630364
37.462643,-121.183569,0.27715697952877955,1.9541080745952844,100.17888005192448,0.3842578772262755
39.55236,-121.688719,44.0873008592201,6.489812633047111,144.85898577602723,0.001880904184564102
36.4213337,-118.9149505,103.7776945890088,14.865718674778703,150.47861086314867,0.07981540208211359
35.4018646,-120.1997983,54.66318146125379,36.14178588789942,55.81913064409055,2.2618984280898315
38.846183,-121.407882,15.903130023351036,5.955239170320562,123.04293104272841,0.37407121080850597
35.351787,-120.040599,45.580690471957226,50.76979290222728,65.37071424475772,3.2118283815015563
33.954739,-117.702445,13.63403451433535,0.0070924449374042305,48.51016165970416,1.1627105784610523
37.498636,-120.44704,61.52340133869654,13.659519376522239,151.2466863539367,0.012063535800156662
37.719785,-121.53522,0.006642539594889762,3.090483562484071,91.34800092775329,0.911552515021465
37.493638,-120.445783,61.495554343812785,13.106923873296525,151.5889620551137,0.013013039687927531
37.0815942,-120.0170157,71.36609943779844,6.460363685531979,161.04609069198818,1.792528990827847
37.944835,-120.928401,31.513565138276217,16.3410508169611,141.4869142820155,1.9145449930852172
33.757845,-117.345037,4.323530134794697,4.232031773730798,51.66418833447665,1.8548156407611327
34.886238,-120.593673,117.26186471702364,7.748900675795323,8.991979517671341,7.928853330642334
33.610162,-117.149827,1.9791297809126385,1.3049317082622798,51.06907851830572,0.401127438248044
38.148511,-121.040983,30.58711716097251,14.365937221086766,130.91989161083245,3.138108222049374
37.244386,-120.198126,66.45232031960978,10.290699163503868,157.971233947671,4.807747956447465
36.652363,-120.460299,11.517589842031551,11.835955759621815,126.30929031948146,4.264446260689031
33.0859909,-116.9455267,11.703440723347345,5.4006568224233975,39.263069368726924,7.837546718860285
37.187714,-120.333898,52.97652054700404,8.654985930680185,157.79892066091395,0.2272675631280519
37.0462978,-120.9680028,0.5678295879789593,7.84587890785121,99.60925700302376,2.704793959890297
36.543667,-120.835667,21.759707651865316,42.2989764902936,92.14776836721816,7.9030692919161805
36.630347,-119.320298,91.40442052853916,0.0,157.42230533495047,1.27776967783402
36.639031,-119.313661,92.5220198346439,0.24715657946692382,156.30720113103462,0.3385103784794405
36.631825,-119.317698,91.68068135971124,0.00031658750709208497,157.1453265793385,0.9991763775653644
37.6693899,-120.4395747,68.60098057635197,26.516470661221334,136.4472426668973,0.11167301519182536
38.824583,-121.349272,10.40332072202692,1.6560613557560093,118.40506352469919,0.26235574115481725
36.661361,-119.14466,104.70825975551544,14.49483251009776,144.3894938731813,0.6943397554924566
36.63874,-120.624598,0.1650082192563485,23.116833374300988,113.67823929259804,0.046912996708655216
35.479027,-118.7094208,50.665165839699306,12.841590257588832,146.87919029914633,6.684472333171265
37.874694,-121.69861,16.756341236160946,2.9291813869795824,78.61075404050928,0.41952577012418485
40.1624,-122.5868,29.12706102460603,25.398413179764024,119.96527834643724,24.25379591656335
35.3158,-118.2225,74.35910991938323,27.065279217119407,150.57271299775684,0.02966162472608555
41.33512,-122.32687,0.5476516742461159,0.5713866779011255,74.6894639925309,1.3567070964152859
37.03473,-120.818154,9.250896245900949,1.116928187665721,112.31185505072507,0.027646224383738392
37.344921,-120.25151,69.65432969802245,7.512606736678735,152.70444450305783,0.00475414281425305
33.466549,-116.8260846,28.791930565728446,20.91339108035772,65.20178307491264,6.427663218094758
35.952527,-120.859456,64.53343753962747,34.01373624312693,51.31807319560141,0.6629228665262449
37.27341,-120.451639,51.107703937517826,0.7600458041477055,149.76079931824341,0.00887893449249682
34.590737,-117.465727,15.331073284741947,1.0847393188946906,116.33357956659344,0.6367011386567385
35.564837,-120.560704,70.32360385802961,8.31564795145055,38.74698071078087,7.935917976775563
37.244432,-120.670161,33.766910697369276,8.067317250211413,130.25487061715683,4.5544344592274255
37.71488,-121.561663,2.0664828246571036,5.106485133412688,88.97480042533101,0.01097484408437153
38.009312,-119.156506,139.15164126323882,42.01471095478773,33.56730318633982,0.21181496820291504
36.624674,-119.322692,90.78840417168868,0.001098192155965183,158.0359653122963,1.7327580391430344
39.118918,-121.331078,31.249353918714565,13.086857826232102,114.65274895354635,0.1799877227407446
37.2106583,-121.8947894,11.646345818624006,0.0,37.08749179636104,0.3978679562537658
41.573333,-122.295,15.825985425095919,16.053050941547205,48.20707449590946,5.803789780267895
36.77321,-121.345501,45.712454179916676,2.539098005649275,60.12733168476468,2.561008874805123
36.944525,-119.676186,85.04533691145724,4.550232493058583,152.43921997584576,0.19922996054464742
34.413935,-117.102917,22.60325203354235,4.827430222545006,121.73005738759373,1.1350013787709885
36.622453,-120.657656,3.627512023289639,26.579610496208428,110.21819447826064,0.3996614492299261
37.648407,-120.492179,63.41276310747116,21.661310672079594,141.27508604584443,1.0069701428677067
36.611351,-119.43763,82.30788326922924,0.0,165.96683132882126,0.4123751821265766
38.34346,-122.016511,0.44312190336151525,0.0,78.56391913712527,0.8940478654373311
36.60254,-119.296,90.56042437014572,1.7850220363551097,158.29355791417728,0.012282253083296306
37.08447,-119.99113,73.54101368835795,8.163046191998212,159.27307767230783,1.457347034604001
35.46115,-119.08242,24.07061459068263,0.9251716707622066,130.4016865477774,0.03611438765128818
36.749107,-120.373279,24.669238253321844,0.00521553365559756,139.1081336044564,0.8126374354265241
41.5892356,-122.3472513,12.195762014705297,16.60816828447386,46.54744362229764,1.4236122628390644
36.613311,-119.322764,89.83519993227797,0.0,158.98465548093506,1.143908905299611
34.8229,-118.9121,2.7115224245903495,0.5093253919102132,75.71834627057935,0.014546632031350487
39.444691,-121.45917,56.91571869065324,4.955919243369189,125.14781688674401,0.20232564498680558
37.100283,-119.883749,82.76242380375143,9.997517853123222,151.69343154638807,0.30693811154362804
34.0618164,-116.3269976,25.80762796470173,4.895569075741655,141.42366897963842,5.64690691565132
34.7561047,-118.46498,27.48850090088252,19.94647532592735,85.68565673121829,2.07531111684044
33.3803841,-117.0608758,9.428712573506843,6.872542075897937,41.54159806962758,4.010937843948953
33.799855,-116.972054,14.09337952300239,0.0,77.58186664412179,2.1050547458870166
40.4095336,-120.526195,109.61057703693808,5.47234897029753,45.02966511504825,1.3052102918910198
37.125121,-121.088612,4.666847898827852,15.004076327892141,90.95746884581693,1.1281941004011538
34.709092,-119.336243,42.84985777311314,27.32414114896249,44.68374873163965,30.34440036843494
36.63234,-119.3495,89.88550003628811,2.029590255710739,158.99207673470985,2.406107970676107
36.60343,-120.178698,26.550854004618785,0.0,143.59415441860668,0.012023391583618303
41.923333,-122.566666,0.7364187223047465,18.79605897366088,9.274355229282754,3.4315800142258737
36.7665646,-119.238331,106.02791804824808,15.623669356638304,141.25561827494747,0.8080217389830259
38.276076,-122.0643336,1.2171009169514126,0.0,70.22102687946187,0.5704181429632678
36.7485076,-119.3741071,94.55785190353399,13.550331407721105,150.81027861308078,0.019097363834262436
40.542584,-122.274206,6.416845202823979,2.2002150681553094,161.9412262208842,2.201254820824163
34.8892431,-118.920401,0.49193753855706496,7.1494012317656574,81.4845277657195,0.3965431061261628
35.386609,-120.1656,52.9036832622763,39.23101511394638,57.372989188069376,0.09612439033016232
37.39594,-121.145689,0.6379115388026133,6.5300452558439295,98.63565935300458,0.3290026693106118
36.520325,-121.757033,89.34298200264571,1.1908014599180938,22.50085586378589,1.0783074434742652
35.708223,-120.157902,33.118529877819924,28.603239071348497,78.37704774499856,0.019344605866006583
36.800358,-121.274403,38.85559203185913,3.665771411493444,66.97617237978343,2.004138787213931
36.766702,-120.384115,25.430472865154634,0.0,139.4194018818693,2.0148582297661757
40.6399341,-122.9447813,48.74621533847167,41.66175699493779,111.22233681604695,0.23090268932624436
39.8913619,-121.2897146,77.8120880491654,24.812222993765126,110.31974263981493,3.895328058496039
37.353834,-121.554371,25.068261432834255,15.433945844236959,67.65044345230272,10.832135877499413
37.34,-119.327,136.78461492465541,24.738474549209432,99.00367019991826,13.304812184201328
33.540872,-116.740299,37.68038927149818,24.65696997105592,76.25535156271309,0.3494234215742394
37.228714,-120.457979,47.447273022943506,5.0601843384769305,147.99330674503346,2.133811665832617
34.3745,-117.1232,22.995698710889325,5.78422687654914,117.0557592726974,1.7899816263264956
34.2,-118.309,1.7749275763532466,0.0,32.863223713680725,1.5088735195969625
38.454,-120.889,46.08276360708912,8.359905073820615,98.10495462861287,4.017134836260679
41.716795,-122.345743,17.603808211133195,22.30134748500223,32.401692920229955,1.1632726257136592
39.8933,-121.287,78.04234561912119,25.07792513542894,110.08506994838274,3.9828266292592205
35.116076,-119.30306,16.388339882801233,12.17022683953514,87.623041105068,0.6327625068851364
36.301073,-119.089751,83.22834534870992,3.3971417037857474,170.92017830888648,2.483244797555856
41.812667,-120.245333,179.42231145388854,41.60372892185789,20.010160002050775,5.955327214587231
37.066401,-121.219118,17.95661393113015,26.235560831595205,78.15149746028717,0.0997879450843687
40.436496,-123.409997,90.15354670614335,57.70302584996838,75.5696910024185,4.328770926530257
39.302133,-122.488411,25.36704193239155,32.0168755511162,112.21178499508474,17.61131348789853
39.943968,-122.211579,0.9532489376860753,0.8165504460419337,143.96642933708438,0.38822895177327665
36.858259,-120.442537,26.272543302633693,0.3260337140691711,140.6750787677843,2.113480437152809
33.080796,-117.212509,7.638989933730173,0.3313400873706793,14.941970598240403,0.10932545551427969
36.0931954,-120.4557421,25.06785269688565,7.873294456834277,87.93631220196175,0.2897190615003694
36.351124,-120.963426,43.72566395509594,19.148161772204354,70.2627879207282,16.736555587567963
34.9578,-119.403,34.91554634266403,18.512768214781747,68.23329657606276,13.152903573779687
39.27736,-121.479804,49.599350261440925,14.230575458347316,127.00012600044914,0.01573870746922382
35.78442,-120.926961,79.0388803920224,24.66996823812655,33.37053621410568,18.50867831177208
40.479167,-122.4495,9.77549881166018,5.541352514412704,145.56486791601665,1.8833856509956732
35.6025,-119.0082,40.23299264154768,16.178539541247137,147.46798018166356,2.4064727853694814
38.4513,-122.0102,5.902820488279017,4.442714935722188,88.1527801969076,1.6297261254699373
36.2548,-120.211198,2.6281342833045525,10.50824243905755,115.83915710843351,0.29790607153293547
35.543275,-120.155841,43.06423905078757,42.3043664998437,69.19005546485866,16.407284177413562
38.9750021,-121.3711948,23.522706483245152,5.51445743785604,118.60646766582997,1.6440339675133457
41.829538,-122.655185,6.232804263062183,7.424409135776136,19.44313265108654,9.56979418166864
37.029083,-119.521241,101.71357175389267,20.184588392595785,136.24658195728438,2.9815602425654824
33.817645,-116.865296,11.81542768448083,5.183995057524433,86.05471272185673,7.884191483601919
37.579302,-121.917569,2.0983849825172234,2.0535269557324685,54.48136893071029,0.5923334911836721
36.285576,-121.288116,71.31710457379785,3.9533559133484415,42.50427070822188,5.541377465603627
33.304144,-117.222897,6.3903801183220015,0.0,24.29815292726055,1.917035098587769
38.002498,-120.428245,75.81759060861224,1.2167544119094424,107.8813333653488,2.7972274323524657
34.338157,-119.068341,42.83513662886247,0.21591111793311615,26.95320815445228,2.165311372437291
36.982098,-120.03479,64.1924241322421,0.0,170.3862861199434,0.14810601052105068
34.390543,-118.788721,17.344609344686138,8.894479013592315,45.65935360652695,0.11362275213386439
36.98112,-120.034098,64.15593617062783,0.0,170.42914235516986,0.20560462913060143
36.024449,-118.803799,87.51916331988008,12.706289624358734,176.62195452308055,9.860663263777765
32.8921885,-116.8435559,4.112940359288725,1.379728762095216,36.78654984723384,4.002817006708411
38.65789,-120.88977,31.025507505567067,1.1537904030807484,85.92667815833114,0.7673579523294904
37.4097645,-121.8445081,2.941392614626702,0.0,55.44524431155945,3.135148237365638
33.827937,-117.26152,1.4623544548922571,0.2035201404428444,62.613491536376344,0.2306550481403605
37.644013,-120.32096,76.95496062032106,31.92715110626914,131.7692790741283,4.335155645324456
37.981065,-121.850359,17.893617222033413,0.05299088909053515,68.21815079625769,0.3374344509864622
36.527575,-121.41631,67.50722964608016,2.0768502423003463,51.56929793561729,2.662774452179865
40.405179,-122.314137,2.7188521926932445,1.1493333392753027,151.78425441337998,0.010766907003173789
36.07288,-120.102299,0.3461390774380469,6.94663895292521,106.51892086332775,0.0918640471317033
32.828836,-116.8865217,0.9117779229260393,0.0,30.17764619322333,0.12659097577440728
36.617484,-119.325847,90.00138664603406,0.0,158.82092784733538,1.605909560893817
36.723722,-119.147595,109.44733939121012,17.284502427365442,139.42697234807477,4.21961550397258
37.759084,-120.464241,71.05971601570425,19.415256580243934,130.38868568911133,3.0934267859277553
35.351553,-120.496248,80.51592167460005,10.19958807301229,33.11986732163223,0.11983027494985604
40.712794,-122.81401,38.72170210475242,32.01593138810728,119.63598656361651,0.15945448279557933
41.883057,-122.439466,9.684249919010684,20.58043286908086,13.885588507583837,1.2478052580030614
40.486435,-122.393131,5.111443844722957,1.200985198487329,150.09438047828854,0.7747131688539373
37.227475,-120.378832,52.58863566236483,7.019772533545412,154.7952533790234,0.31250566019214865
39.619667,-121.628921,49.353434010337246,10.58035157654787,139.65669765388054,0.2685496924061281
36.470737,-119.167075,89.49759021053501,7.074379929834769,161.47750371038953,1.8673626636644598
37.7378488,-121.6171198,0.14325085206851765,6.2842026912415045,84.32175394955517,1.6100496224284468
37.783207,-120.26613,87.75150398436196,19.780379694151943,116.84511232083226,3.2317095623773926
40.396723,-120.42736,105.02327423910695,13.166786363330996,36.64497667322292,0.7886470114511129
37.302318,-120.760519,29.71836995293856,7.456771780650753,124.64675311922456,0.002613001828436793
38.022773,-122.24052,1.5236126658833273,0.0,39.957588133880385,0.5110613720476752
37.515906,-120.452933,61.479799881525494,15.577303443451733,150.14873708359295,0.011948443934909092
35.511497,-119.01354,32.42532382383998,6.110553790939948,137.89840300910083,0.7218227998871356
36.486982,-120.370491,5.069239902250342,19.69401218384465,122.1506124585537,4.424034879378442
32.80368,-117.193056,1.708782081960271,0.0,12.846020783067077,0.11849127631977986
41.627217,-122.365602,12.093651380325447,20.701231844751888,42.35708328638823,0.031660209454363514
36.0498,-120.3988,23.135508841705228,8.112535379379613,87.52558713312085,5.747388008979465
34.023047,-117.47683,4.7682118929346995,0.0,66.73384217169917,0.955096655216501
37.720963,-118.966856,175.10569016963552,7.384140717832732,46.19221211325806,0.3842351676844323
34.4255821,-118.6586194,4.927692510620007,2.704772025136348,48.69857877787833,0.18905059180206063
37.08604,-119.698787,93.40560212471334,16.677947832189172,141.92446404638346,1.2772678889460454
36.617488,-119.327231,89.9203317536845,0.0,158.90288373017074,1.6055590861375766
36.400201,-118.944829,100.22834417418903,12.193901452631367,154.01893760249874,0.448086041720317
36.611927,-119.516953,76.00011200611276,0.005987134948598876,170.62439974219436,0.3686217976036911
41.5625133,-122.3668324,9.731894234147092,13.52435550902139,49.53452818774136,0.16127837427332298
35.489202,-120.720399,85.88233113713967,1.4514278065155817,22.017803459456655,1.288512736204495
34.005867,-117.192261,5.128685361339814,1.3633230452688647,81.28219197419727,0.17214472368578146
34.28816,-117.349169,8.781158347571514,3.4066064358873773,97.19867461323075,0.3423870265640288
35.765157,-120.769914,68.86341181342256,12.927947272188787,43.283744449978194,7.8519616695128605
39.382915,-121.151358,33.278706208790695,13.693969095676449,98.58785602961368,0.9271061455729851
40.54094,-122.40611,4.45555304768388,0.03110790359781446,152.2875936826532,0.01254263090518407
33.955583,-117.483115,6.06482326523761,0.0,59.99831014899664,0.6701749297658477
33.88649,-116.89942,4.177689666336895,3.092264541441813,89.14750914622417,1.8120381283074645
37.157274,-120.700946,25.702493672533233,13.180010643723158,125.23010708258636,9.494461702112243
33.55768,-116.85995,27.435758772080042,16.20745312625403,68.18034519257625,8.11584132362472
34.22809,-117.374501,2.1765046117638014,2.1765046117638014,91.05708232134246,0.2830200849115314
33.801555,-117.325778,8.06355304220881,2.612174038839052,56.50471506675756,3.878074486397441
37.041595,-119.761885,85.93639968664743,9.378811693906988,149.34269451220612,6.171503549590168
40.142467,-120.185357,71.85462430210423,42.34742712776379,16.04508613106587,1.2975446437708034
38.336187,-122.02472,0.5925663744088812,0.005299839491855269,77.48354497101343,0.7511760632777863
38.308538,-120.970323,40.10638510913227,4.5734414517314095,114.01857094622312,4.0229359819033546
41.920673,-122.4204,11.950430188543884,24.6279631032945,9.72164348966553,1.9181860008422273
36.523445,-118.894072,112.14500355693949,20.351625374520538,140.86750467404826,6.337746500003562
38.430903,-122.045526,8.939187403160012,5.811179134404015,84.46995586926529,4.730211959564408
38.673273,-122.017383,5.678442594929202,1.7443498597535367,103.44480705285542,4.184027190936108
35.099242,-119.982548,60.215378664838966,40.95811321660912,64.30145118755793,5.083472981907249
40.87206,-122.55849,12.937281501668767,24.28451432589805,125.8226153899582,12.722749268693018
40.834939,-122.094146,18.89138438822821,22.05454439462725,129.86613520346242,8.797569323460882
36.210429,-120.085599,10.076692536554258,0.006492532203817864,118.77633363921781,2.302997043225136
37.471435,-120.501308,56.138251122241485,10.081069617987692,152.92788890122122,2.0951004768179335
40.794628,-123.132571,60.9365236752543,60.412171096277135,91.33980327296645,2.6525343567343604
39.064532,-121.267354,23.203179162761103,13.50456951870308,109.32489896822428,2.74081570675816
37.714766,-122.104671,1.4717883203369808,0.0,41.34259284952114,2.0973136033374082
36.811475,-119.383467,97.69500918325394,13.990861002007744,146.1509153079423,0.23798465735639415
41.7585,-123.2135,47.885787188957146,45.261390100714394,27.25292046482719,8.795101658720966
41.52404,-123.13222,45.14386800062267,43.87927020064117,53.512496374110135,18.856177399593125
36.801216,-121.271644,38.60344471587318,3.929057919265498,67.23705193630927,2.024227784879708
39.4464985,-121.4836105,58.71804083682582,3.286384963390655,127.25172016411675,0.5254532651467622
36.809334,-121.390959,46.432466462872945,0.5212868381820221,57.07423567173878,1.8363481502516326
39.3742124,-121.4139814,49.21879850765296,12.373439076015824,121.19676919412434,1.6862084765831526
36.70169,-119.808899,59.71543191019612,0.0,176.3448570780599,0.5843571995724856
37.136643,-120.226007,57.987567285314874,1.039493246895523,166.08272116519262,0.6074205476463417
33.787296,-117.006785,15.701704167018804,0.0,74.33444703714952,0.008598415755051773
39.139455,-122.881426,61.00337438639465,0.0,74.62210505679302,0.45998815436147167
33.908497,-117.287235,0.4715243361901853,0.6583477153104915,67.46944042456202,1.0140208511630906
33.543824,-116.918051,21.824295611455113,13.572111746716114,62.96408017395527,8.799344494027926
37.565899,-120.152833,88.51965786880996,32.83580557926451,128.53787402385055,2.7317348443157603
35.532939,-120.622981,76.54705127052016,4.143566784431484,32.08890246702979,5.683742261753628
33.786094,-116.923214,15.362071502952077,0.0,79.74331040467443,2.2896066702592566
33.929799,-117.186627,8.881687031900073,0.0,75.67839740637909,1.1579146465104373
37.288251,-120.833366,23.08733317467948,11.988277146347318,118.05566024167688,4.925130000200867
36.611938,-119.520899,75.68700273657812,0.0018876124100169756,170.85766705134944,0.01622061231213853
37.773964,-121.778644,8.036401570131996,6.2471414707726876,70.48029737836622,2.119464512793833
39.165061,-122.613599,37.70518255808728,15.873441389990148,94.43751723742119,15.551269504702068
36.161296,-118.706452,104.33467885806282,24.413288365608434,159.44946755676776,7.887603212012048
40.172678,-123.60102,113.22792282636522,52.524992871348275,45.74561582007116,4.581940834474117
36.794181,-119.411635,94.53826622977087,11.474982875142311,149.25465418216882,0.20279836767623657
36.224616,-118.832595,98.17347821711503,20.49305066136304,161.77133836952947,9.621395346610777
33.7198782,-117.36247,0.11747030828137614,1.4532466472192138,47.443793619212194,1.3528659581273612
39.928283,-122.2985996,8.387487796100352,7.8255584401625145,136.33434434968146,1.989688380604314
38.1303671,-121.79616,27.010215805434765,7.9266537403889,79.16180644378821,0.5635645902271935
33.950365,-116.880684,2.881672010604419,0.4940809061656447,95.47956406805729,0.0645553389686762
34.017805,-117.462368,5.385410450607977,0.0,66.8927811759918,0.2653119432949488
34.449864,-118.611317,0.1533219474848696,0.0,51.26044214078257,0.03434800730910344
37.655501,-121.659503,6.9539170093373155,4.243745874008523,78.70641775301077,1.3273045543448625
37.244233,-119.731216,102.25514813730915,9.613161114673282,130.742228916079,3.55740776537662
32.733209,-116.914968,7.808140727195784,0.08003518000345575,19.957959330702575,0.33057384685536423
36.654779,-119.435896,84.61740677561725,4.016723206284679,162.26577503040758,4.413753766179413
41.3255556,-123.4177777,76.60695755416762,67.5333591114957,60.818143730559356,37.19812279970801
33.50064,-117.01089,12.182665826501816,3.8943659954960514,53.20590625957387,1.0844697503569578
38.873631,-121.322879,12.799308463446318,0.0,115.32506953283097,0.7146480703428751
33.95918,-117.191827,9.425253048656767,0.6531728834982713,77.77388463169382,0.5076965903027001
32.7145184,-116.7478188,13.27834245767823,9.10072281196949,16.3205771092508,3.868444295845015
37.982895,-121.898942,13.721353339253078,0.826067282349434,64.24556152463957,0.15034557338298304
38.493586,-121.09374,29.698871085808246,0.0,110.29027375012868,0.7269081353526067
38.882558,-121.247136,8.658808774005161,0.0,108.68764490536388,4.483359089297889
36.226722,-120.193833,2.6023290218454482,7.757474715901609,114.1891560507458,0.01580321860245323
38.2986878,-121.933483,7.28287624418782,1.3168431933911606,80.16745813841823,0.026439719212320932
36.864545,-119.315821,106.00012988005558,21.128130078386075,137.73933589761828,2.5814398902140687
39.574,-122.707,42.31022145194827,42.20109597957135,96.86677434464866,14.223658413875917
36.748969,-120.369387,24.89604412776315,0.023298036956642915,139.36562649544643,0.4654508275735016
36.9646836,-119.2280383,118.8332149594889,33.10481665784591,124.23306764772633,0.18001571586290055
37.098778,-120.265957,52.85532496805942,0.5709487018507063,161.72192128270672,0.8975636844143734
41.79792,-120.19432,182.8897713106383,43.075128485009834,16.287759469489632,1.5372237440487528
36.654009,-120.315699,20.505566987235298,11.18856564974785,136.7941315186917,1.5989250505932981
36.745812,-119.450866,88.62539828205651,8.949688345556316,155.59686651652603,0.24857337304694774
33.636667,-116.634361,28.659981530638063,17.148581057692862,90.28581998186415,1.1526202093140516
35.7349929,-118.3068082,96.77972049927662,17.792283073161148,170.27968043553014,7.823934108662684
36.66331,-119.786,58.906197081174376,0.02009314156111466,174.88119660708594,3.1125281645364966
40.388446,-122.541885,21.34381848620513,15.689376274002594,133.7519115860645,0.3359733361942677
33.51744,-116.78672,32.95874132120646,23.925359390262326,71.21980481051598,0.008710982156125514
35.91106,-119.03899,63.80043729224169,4.087759367331154,174.67985242611118,0.2794867510073101
40.3125,-122.578667,25.311364426766236,20.44574006580464,127.07898145555407,7.713372831342203
40.092913,-120.111242,65.18008554176284,42.50298317356427,9.709967205834557,4.609284787041913
41.12607,-120.932333,112.09163672227143,50.284145760511834,78.34782593205533,8.330912950704782
33.729228,-117.076401,10.033295349048453,0.0,65.220077843609,1.622927449331405
35.8649,-118.8175,73.50750245901618,20.573879781605157,180.9552162641901,8.982390225507652
37.118,-119.932289,79.90555440916724,12.455222603722612,153.01345991421044,2.2919763304041427
33.342918,-117.114678,4.117426817057238,3.3561202280311915,35.0909492020299,0.11088372781711851
38.55184,-121.004153,31.386433100125544,6.866828930490488,100.28059388603951,9.47026835989451
37.916947,-120.356289,81.04711445249534,3.712334356410597,110.91828819287002,4.711838746357534
37.514275,-120.012292,97.96037650931041,35.79072131339828,124.60803553343449,1.0758152402609698
39.422347,-121.470538,56.24253678184749,5.84134360028312,126.10009862608722,2.704732507317688
37.211668,-120.788745,23.224458336922908,13.858363356597145,119.15058433123673,0.34546092663224315
34.548782,-117.296674,0.07964773368927959,0.0,121.55721767656553,1.1340475572178101
36.518055,-119.196666,90.68276588898503,6.425216692234309,159.36655917253964,3.959870241906592
37.789557,-120.744427,47.73084526625351,3.100107622779068,143.97919410014833,4.661259925754026
33.922339,-117.64923,8.4719698216997,0.5656819297487619,48.76391275285762,2.52636018082128
33.563156,-116.695847,38.61071517557154,24.73715748517724,81.06743992073164,2.479717056968819
32.667663,-116.430132,6.218059512585397,31.43804000134972,8.264189849184064,3.62463033164438
41.459967,-120.924262,114.14622305486886,30.276719221150767,59.17920683661695,0.8137642618149614
38.943781,-120.926046,8.264667329533182,6.9466609601811795,80.30905854122628,6.980521498520721
33.656632,-116.172565,6.227772624949656,0.0,115.0940595125643,0.018097435120423066
41.684141,-121.323879,91.81659707737971,66.81940421879155,34.64138779638504,1.611318426252764
40.9814,-121.280552,87.24546678722666,29.257629700810465,107.83941443614798,12.053799532708538
33.882719,-117.641517,7.740926733799684,0.0,45.61027519263892,3.1765301170707216
37.773371,-120.214807,91.39580758196767,22.167348350118807,114.74291919697582,4.880890409462639
41.392519,-120.43839,153.31260075213967,12.644689966149027,36.72699492166815,8.147726423646507
35.6182,-118.48813,75.90870391040093,0.17693036280632893,170.5686639991427,0.16697517531478057
35.300512,-118.000889,92.23982812800078,17.795232381451886,154.37935976807566,0.8721153574926229
39.831628,-123.267618,91.12951938869345,42.409472158098616,53.41769217990877,5.313262700971173
34.828072,-114.583454,1.2950510776447133,0.8014277817688631,0.10572482474928212,3.6152001455148475
35.3858693,-119.367525,0.6830713016426776,11.904176955955633,115.20569490662157,0.14548966026535526
35.5879546,-119.624655,0.2431224676988487,18.493825509060766,110.92176577898832,1.511147941918501
37.07642,-120.202377,56.63139878591504,0.2697290800595635,166.70753160693565,2.9854545264710723
36.995304,-120.274202,46.71584879579786,11.253296753774935,158.5649789544348,4.807187314864776
41.48008,-120.957447,111.9031663244946,32.90469583230696,56.89196297644229,0.24809823878656465
34.80493,-120.53608,119.37029718830628,4.944125854695287,13.07458392692626,4.148905816356163
40.445172,-120.656672,118.1610823060877,0.760481365303219,56.07610087393832,1.9458435372178322
40.028565,-122.086035,10.523790994582397,0.17744276757593586,156.4976224587808,0.08209450216288337
41.319441,-120.747715,126.86166504152439,23.87372710198764,62.67748666083639,12.132093799553612
35.111258,-120.097902,66.89571932950781,32.068410928843356,53.872646320664295,0.09370962002560757
33.0088892,-117.0978951,1.6182368544193424,0.0,23.350432586855735,0.10435659493976714
35.527328,-120.508946,70.3798154391273,12.383525110301113,41.10219807583259,14.196520784464218
34.429401,-117.653566,18.478827024083422,4.233316832178016,92.19026979703045,7.518493309498813
41.7203467,-121.1305479,107.78794780819861,53.49459992113389,30.568752872008364,10.855436121236771
34.0005417,-117.1513823,3.745091205239063,1.7221068731931715,83.62145493280394,1.1000535932861544
38.9775809,-122.6525158,47.905658372663076,0.15886643849769488,77.30802105607651,3.4132131996273842
37.7023074,-122.023919,0.13976555897308188,0.0,48.30939893864371,1.525645548385731
37.053702,-120.966641,0.0023503103220046478,7.717392741021126,99.90849206658224,3.4286281118816397
34.320286,-116.906906,37.42705961476254,6.493652964763722,124.65176276871303,5.769825699072622
33.56604,-116.53338,29.47323660965406,15.615162123185916,94.40467165336119,8.542301256759313
33.213005,-117.002097,11.125327405621487,3.789823090353758,38.09825912939602,1.6853084000060232
36.778239,-120.657099,5.236472166413653,18.66955595017567,119.96182960048247,2.962246464873264
35.222269,-120.103532,59.05812197536042,38.719601975334854,55.080879180541714,0.48868928528080213
38.409043,-121.028053,39.23026984735288,7.226050829833512,110.76480432383387,7.2831963181074535
38.839,-121.299167,8.67417567443952,0.0,113.85285847610436,0.6597013599059173
36.733265,-120.337696,25.565884082034767,3.0618729452869964,140.4673531178456,1.8499731131995798
33.602245,-117.134907,3.401301773696897,0.0,51.48229330974534,0.173804050216654
38.054161,-122.135164,0.4237283693594278,0.0,49.47578316125694,1.6258837253831036
37.576408,-121.864915,1.005950170659929,4.822860659034893,58.77882976933602,0.011448536825142035
37.08471,-119.757059,89.52747446446314,12.50505701630045,145.51532069440447,1.387058961312438
37.770605,-120.038987,105.2963184320446,30.054856402939254,104.80098743658762,5.5218068155021305
39.73421,-123.51271,111.94484965157771,31.641078502705458,30.252836513176657,1.099525511793691
40.409513,-122.52078,18.632797562677247,14.069811866551538,136.4552564794121,1.611879123456293
34.441462,-118.73503,11.027178242324252,6.1016755415318835,51.079816976571536,2.482726424827099
38.69111,-121.72738,1.9123513814322088,0.6948288889698232,124.34514112108153,0.0941962540213827
36.635134,-120.989102,28.348110441719015,33.68479892884913,86.85538823151555,1.369680269646773
34.015644,-117.453354,5.65650198391355,0.0,67.11282222792966,0.15133638504274166
34.033455,-117.50691,3.5618781188417343,0.0,66.32995791289046,0.01645825460064123
41.955097,-121.120371,119.56383498086583,68.53351832114753,4.527143942118224,16.016958649407222
38.6989922,-122.2707332,27.177863821552975,20.287646112870192,84.83673293634762,17.528577582851803
32.687885,-116.281929,1.4190360208134483,43.23238967332513,9.198516473729828,2.1079889060868786
38.430401,-120.516289,71.25042121993123,21.563738578017563,77.09111296778828,0.04139634209447365
38.994765,-122.680639,49.21372594608967,1.3244940578020303,77.27949618963163,3.875369314521358
34.325756,-117.477459,0.42223542899261507,5.343474137132419,91.92099383768887,0.6147794716547833
39.100802,-122.805092,55.28095034592297,0.09145737770543262,76.91253162491255,0.8147607581662148
35.468395,-118.722809,48.97308809990675,11.209924662904923,145.2464772618245,5.216174213436079
39.386003,-121.295635,41.915859442598844,15.907175132642633,111.00790895799524,4.275213091266676
40.91808,-121.170005,97.14684846041278,37.93123503909243,98.64757072299324,19.251669426355836
41.8124,-121.33,98.1808544594792,72.95893962101044,20.40898925708988,0.6531168778984984
37.573647,-120.126968,90.93922040079173,34.88440764681061,126.39111279656085,1.4063924102451548
41.714,-121.286667,96.1956492132427,65.03134217431594,31.427298485711287,0.06871127372384107
36.974318,-119.724423,83.66982865346752,5.742698958379775,152.80468113173634,2.028873673262669
38.560009,-122.234924,24.51746019546251,18.368731294829814,80.801406779354,5.783149973660981
37.257358,-119.97478,83.96768475367271,26.00087237017028,143.9434262180379,15.09192333173066
34.720071,-118.79656,0.1914049765936767,13.50228215578638,72.93225765152586,3.134335247403551
34.5314258,-118.2272114,30.774169702712975,4.972366371673438,67.5572221770418,2.909438079473761
41.932642,-122.4019,13.855416053445953,26.64922811778964,8.422040771686857,1.1850182599529868
38.097839,-122.131599,2.1639310158725116,1.1361558663186975,52.59437688594068,1.46547882644791
37.214319,-119.56892,111.54351121855127,10.422024485308235,123.61943492838184,6.164885778683304
35.453419,-120.66952,86.13686964048888,0.08941696439711788,24.61279825159024,0.8945137230581661
36.865734,-120.140056,48.360771587973936,7.693634164775898,163.41371661410798,1.6269956637404077
38.535896,-120.636971,55.50385514319848,19.975268765611514,75.51982660900151,13.261947128452952
37.084305,-121.644112,33.72836397821824,0.537019806092319,43.01781553012192,0.5183784919901442
38.6001023,-122.5519541,52.06580171771144,1.8213380159277486,58.09134583514129,0.7594075708366107
38.489675,-121.100506,29.529523691066725,0.0005656561703862588,111.01946715168968,0.5770639115907346
33.4530278,-117.5346389,7.565602514048956,3.490990911289372,14.46503157778091,0.3119547103920299
37.732098,-121.908142,2.8813705570159076,0.15998194980192165,58.74220631977857,1.6281229251896228
35.569296,-118.585846,65.69452594201255,8.43333114437305,161.2501920987752,5.911235020931484
33.498964,-116.997928,13.299573299021562,5.07473944690134,54.04734175898973,2.1590539111315694
39.265104,-121.514636,51.99015937731516,11.254654441899767,130.0205586926086,1.5292050975025049
34.995365,-119.044543,7.676617709464531,19.84597535119892,85.13552279683378,0.16752119874448704
37.067374,-119.620204,97.38185241684288,18.65513015549199,138.92477895115957,2.813638176465301
40.38862,-122.40685,10.302260976756214,4.225908065567549,143.91073091437886,0.05360654997287466
37.097674,-120.029309,71.25927369779335,7.612059368054244,160.44100141489474,0.7953943048968413
36.536667,-118.909333,112.00707534597767,20.09181506050804,140.71091273766447,8.30687287484769
40.435833,-120.477333,110.62706966818001,10.49182972942338,40.871146286885306,4.4080675371717986
36.86508,-119.027914,127.73199208665437,35.59055216899977,120.60098025346116,5.224950963658093
38.89991,-122.527007,41.94489445494668,5.1594459392683385,78.87354745621168,1.529270198687147
36.964445,-119.343755,110.40277423275808,25.077566774724335,131.09166691468585,1.7598104692439174
36.950182,-119.34644,109.29564767340499,23.793556710927746,132.4345238115668,0.33055846947342493
40.678028,-120.24025,131.0762931981116,43.0875152929641,20.523200140631864,3.398504705329901
36.99955,-118.232528,191.26021011557634,41.495769419704864,61.96126438581373,1.3182482285680384
41.0,-122.0,30.09856392065842,30.315146886710146,111.35920908677092,2.252605790701737
36.647094,-120.133591,32.696390938336236,5.4240844590206185,149.80681057784926,1.6396538866394836
37.891253,-120.488153,69.36268446456226,5.64518167062022,120.6802810821519,1.3420742780842716
41.54121,-123.539009,76.90414651950238,55.55611251962799,50.67032630972357,32.24057063521144
40.97749,-121.227729,91.58102869208766,33.543034383005796,103.39956069493256,13.295242688810367
40.00074,-122.298489,7.823255994702974,10.370440618849988,138.1674591267799,1.9458200085593857
39.523797,-121.650849,46.969277699398035,1.9981623678319482,141.66094373256612,1.7320264230353177
35.464035,-118.147758,88.52216398913185,30.59944536843426,168.11157890137835,13.656482211503418
41.088854,-121.057196,102.34298412117597,50.721677406617744,88.88340343489918,6.7636924765294095
41.217878,-121.590689,56.06479630853495,32.53677533233855,86.63543395683513,3.8656600299705866
40.737144,-121.330697,82.74215359260089,30.806368019342337,112.55442108308553,3.8175172870640046
40.472116,-122.181166,9.553472840426895,7.575170928851955,165.18532960464194,1.662227385093498
40.43326,-122.188718,8.0213954878827,6.770549234962429,162.7345428535219,1.785389960529324
40.782379,-122.639809,24.370283911883494,22.604265033843927,132.3162790775072,7.828844196037941
41.86292,-121.22717,108.33547621340526,68.70376076220553,14.911837349406847,5.9715806252803505
41.78715,-123.18499,46.03165765772564,43.12137531647274,24.20457301038777,5.160599645638697
34.990911,-120.437696,98.88770182410228,0.28021207937468173,23.816081613656962,0.23943882519443996
41.31546,-123.23382,64.67872722505302,63.81084395837225,76.23387986505206,32.54202643445814
38.919426,-122.876633,68.13493840001632,4.999879405826762,60.25686935808471,5.827609552968512
41.41726,-123.2668,60.540588048571834,59.4005132594373,64.81450977838777,31.262231013512057
37.740292,-121.585802,0.0019063074961549488,4.0077676229371635,87.09072302898004,0.48743873760921713
39.043833,-122.972167,70.83241838468082,2.936738168995896,61.69102654230413,2.73347378692908
39.941076,-120.004618,47.42995959316007,40.865751193460135,0.5141295965659655,0.26040590173311495
41.211359,-123.173767,66.79571546847518,68.24907141724316,83.18045436495306,33.71986441564943
36.805649,-121.561084,58.85675233541428,5.475369922697739,42.210830410442696,1.5038087366481703
37.443956,-122.265569,0.009157006730077225,0.0,20.4698050257795,0.226596289846399
36.448208,-121.226906,57.08628664205989,7.435062685604277,57.246701592029936,4.645730560523779
36.931478,-120.809789,2.1588539143955012,11.612452611853724,110.53119252408486,0.1427982660592161
41.317155,-120.115829,176.0332922782479,39.48799185758401,9.720098330355139,1.8295165201421046
40.4017003,-121.8143349,39.577498242152295,37.26257496433726,154.36649355203116,5.148420992945642
38.028263,-119.824371,127.64128977572679,31.003293564290498,70.83886967098199,19.34536293826784
38.72489,-121.032,16.924749467823375,1.5848994863595345,94.44363200481762,2.168135276646546
37.689612,-122.020693,1.2583255818541064,0.0,48.473766393144956,0.2560091086747425
40.40398,-122.31726,2.9428805467631873,1.0165481410805417,151.48764490292075,0.1367450586903752
41.159093,-122.397152,6.819543143831657,15.389826817556067,94.21432681799357,6.201472530900376
34.545175,-119.106092,33.28834730302507,14.641580386308188,40.14843431722739,16.693979309621916
37.044697,-119.472565,106.24496026599064,23.86531076826559,132.07228425072816,1.634948940536622
37.119648,-120.074557,68.89204712032702,9.71875305384266,161.288953066189,0.7893122801526489
38.862604,-121.21753,5.269501356313802,0.7779166325000102,106.45144067678382,4.37611004018437
38.484002,-121.007605,36.085446683197695,4.750454519807964,104.51247558493121,8.306198464099685
38.621374,-121.113812,19.10906319735924,2.419225678011485,105.28792869868226,2.4453177790349416
37.250521,-120.197971,66.85129129719066,10.079300193665645,157.45155731392214,4.816830656345481
36.011656,-120.36348,23.11199511980026,12.040216895109335,85.9059383854823,10.786160808656424
40.9044444,-122.8508333,35.11272307985235,44.8110991742291,112.70563958032166,14.017873999654267
38.464121,-121.043423,35.15795027460205,2.893844801249933,108.33522127288911,6.131538878531784
37.529667,-120.256117,78.70894300247826,23.716865092788137,137.55258082118178,0.8744375955465389
37.079208,-120.962011,2.0616858612069913,7.608177341395941,100.8083521071353,0.7487995462840621
38.438081,-121.048558,36.69567126688235,5.418106003221919,110.33263512623007,7.830943220241056
39.960829,-122.164789,3.015626726380017,1.1722075412975337,148.25925727764465,3.484744705449825
37.998587,-120.475152,71.69048108414378,4.408532280992362,110.90697108261347,5.338436386296222
40.406746,-123.231979,76.01975782353547,69.19363911420977,86.43851181533408,0.25601818001709914
35.945333,-120.3755,28.37827527832362,19.380410634455423,79.4500541068004,8.882786909032909
37.255225,-120.067334,76.77091825849541,19.641604928764515,149.5451538475202,14.232166323769869
37.262108,-120.007439,81.71276262560116,24.086050655294205,145.47114067054434,15.109683239861427
39.524747,-121.612192,50.289279812472714,0.0,138.33822865120166,1.5321612083950447
37.819667,-120.437333,74.06286500582505,12.697427251499814,123.73229334214315,3.0573775331197295
35.417279,-118.927674,31.272678604491688,0.5381669909641457,131.64683109828675,0.17874692906254164
39.013895,-121.340233,23.7531487832195,6.178965337060633,115.79540510934409,0.691881591343072
39.890933,-121.451769,63.960239137105134,11.389099959894542,124.1717485363031,4.2080579622496765
36.24125,-120.102889,10.613930829200296,3.046189640201036,120.42869123060457,1.684474823768636
35.944667,-120.349833,26.56515385472471,19.56388376324637,80.88755281747012,7.14741652271382
39.342777,-121.350555,42.73593262147953,15.770718286394546,115.77591981217849,1.7121563940786633
37.77721,-120.38529,78.10889271871942,17.93518086394239,124.33103119740603,2.2824853757221684
33.753799,-117.024162,15.291012368133368,0.3179242586932848,70.55525678799569,1.2211170017507895
36.985276,-120.019506,65.38405093606568,0.0015512120967722685,169.2379016885048,1.1304264374071362
35.233355,-120.754223,107.35730336610963,4.37859802830647,12.888402257585186,2.8016278450395693
32.7256,-116.95884,6.400513369451099,0.0,19.500025925090338,1.1739992004856432
34.361588,-117.16674,20.39700481874049,6.185188788930995,113.65920802060442,1.1496521133064588
36.9397,-118.7677,150.3668313038376,54.16118229985232,98.92367512448097,20.496986250716414
33.71145,-117.313944,3.0486016516822825,0.13800715209067155,49.4939931029338,0.2624710289646173
35.223722,-118.118136,79.43897108517342,13.612082592029804,142.97523680518455,0.12849741465761977
36.901167,-118.817167,144.22667707699563,52.7128954419538,105.04967623193146,18.35443615156083
40.375587,-120.48818,104.84133563784565,7.783718113229572,41.81542180696089,0.008727931484062437
33.594925,-116.940637,21.457378253173776,9.413398894789399,64.84873993769577,9.264015832045832
32.832348,-116.905491,0.5983239630034477,0.0,30.763240544928657,0.8419032881005831
36.056176,-118.930008,81.08732091781658,1.1649722395665587,181.54140340195065,0.6039254093746461
37.056509,-120.969345,0.0038478558287908648,7.970367692832131,99.73304715426369,3.2661852777403833
33.473554,-117.170723,2.8810008015481534,2.1468461476372744,39.73167692386494,4.204184931438085
39.962679,-122.398034,16.786084810865606,16.603155995841284,128.88649195291353,10.464726625384813
40.474673,-122.619388,23.75984302851802,17.440528976538474,133.1229410784467,10.536096664101889
35.99553,-118.48688,104.16865433004476,39.53052528130151,159.7496303418051,24.791537439088348
38.458292,-122.056304,9.869133042366132,8.146779639817263,86.34620673781147,5.5294361025311645
38.021791,-120.775674,46.65918634202151,10.573561024383055,126.25311198642599,4.375473523771987
36.20052,-118.181595,139.6250096119583,67.36452764221825,124.47091352388045,15.38803109698328
37.491158,-120.612219,47.178840571673646,9.698040218296466,144.95558463184994,0.4646635497849188
36.61751,-120.333854,16.53895458789803,12.052596446860434,133.16680363853447,0.00640625585863464
38.416028,-122.003395,5.026303825906143,1.8596402057149746,85.4590459524445,0.9970652250027064
38.827689,-120.998424,10.363825232216902,7.43293836195494,88.48892911255406,4.45235036126601
33.768255,-117.084452,9.710925518877945,1.7082419630716863,67.84989979217166,1.1677415839981427
39.926657,-123.341945,97.24113450215911,51.768298761984916,50.493935821274746,17.538250579128956
36.219908,-120.498195,21.589322903209617,12.353866609548469,94.96045419886298,10.464306323371654
34.301578,-118.751784,19.135088353881862,0.0,35.7121040275693,2.4974045556797413
37.906127,-120.732557,47.999022202925815,14.16131762919614,133.50540067395104,2.910561770341674
40.463864,-123.527677,99.59349289300182,47.63925677358923,69.36754613950657,0.46771801475845026
38.482401,-121.074736,31.764666654758607,0.152051634923644,109.52766231266936,2.739429581673963
37.482008,-120.272427,76.03618048177789,18.772032452264877,142.49988546284033,0.4500145637995555
35.307304,-119.860559,36.28842213215857,38.381070672386286,78.89649661839341,3.823827946754149
37.320463,-122.366039,16.19893086113972,13.060448071843583,9.097889251139105,9.035176665339476
33.444583,-117.264357,10.04725373795643,3.9752288401122606,30.83237333156149,1.4641398880617968
40.986657,-121.264818,88.29725568376602,30.676844622827094,106.50458626816831,11.915665119483506
39.101047,-121.251881,24.65226017714935,10.160540442691723,107.86251204631323,5.716928782420359
33.0751624,-116.769802,24.547893960462915,5.230268788565503,54.89234657344046,4.235520025249099
36.066607,-118.966173,78.88376112153334,0.19207284452555398,182.83611206783374,3.1216509162502764
38.885668,-122.44521,36.431990156178124,11.711019960517543,83.48888498378776,0.6120396851161116
34.063714,-116.393457,22.11647118918314,1.8871388228367412,136.78264821659425,2.9882387725984385
36.025508,-118.843604,85.20626358937703,9.221093424687863,178.9176419738268,6.813957888531063
33.861292,-116.561245,4.843721747944352,0.006647185348428939,110.73458356125813,4.5226388860307365
37.357481,-119.870253,97.58667726558373,17.740887168005056,129.4789292630763,19.847119524042792
35.909937,-118.765302,80.37405218946019,22.271822911985044,183.64848722047714,13.615493430742175
37.734211,-121.620807,0.019039900646109335,6.776754907904667,83.96599298451848,1.9324019812930846
40.001361,-122.275786,5.892281182500329,8.56577360324929,140.0597847683768,0.007854942881772825
33.756323,-117.273098,5.716007554544537,0.0,55.744271156006455,1.8111023524732373
33.100441,-116.478846,31.528207311552777,27.7972267327857,56.417979841926545,5.766215036608722
37.4864,-118.4867,205.88301649628244,12.069778038660528,37.17978836146779,3.2291227478744617
38.305002,-120.026064,99.79538196638819,29.758395001145427,59.41527970538034,6.549827144133496
32.594887,-116.761976,25.72563242727519,13.806353232772532,3.262394370781682,1.2159029701982966
32.901984,-115.293446,14.242620172059045,11.002460239877687,24.58332180781333,0.011350882424158005
38.077702,-120.196545,97.36077028546084,1.015803271460267,88.25666442065052,0.8184450470749794
37.56243,-118.788215,189.24711893580073,16.56446228948748,48.77526345215952,2.2335135971933693
38.4835,-120.347667,78.29789279617387,33.14412160548357,62.97537362557077,0.5234663589448543
40.506958,-123.506241,97.28918954667482,49.453314138745746,73.04235269089273,4.47439592626078
41.362804,-122.67011,21.428343809693217,23.01907464638537,71.17011796992968,13.681664575916983
41.525772,-120.473025,152.5711859473505,5.906104540169294,39.610881961979466,0.05271739941529641
41.091881,-121.325398,80.16869180576013,30.91409672976208,100.3238295201572,0.43997238265312877
35.31376,-118.288987,68.89287130190756,23.409367893649428,149.22721240372132,5.553983101567778
37.616619,-120.230337,83.44361105029647,33.00111359893108,128.7907926137687,3.06658368811322
36.603111,-120.347595,14.56851178991708,13.172668020259534,131.25772307475492,1.1991519321931832
33.914311,-116.773828,0.47814682890231547,6.374445761185333,99.55684801840073,0.3965231922930387
41.554617,-122.1167,26.931100453722895,24.729987461877478,50.060116950303566,20.687550511169523
37.448285,-121.282906,8.036523924507206,10.292559989336423,92.34058408604132,6.842296108549327
35.823,-119.882,5.632127329297992,25.95859931438623,106.36829307259431,3.0177572679538285
35.4939,-117.776,93.88832254144342,12.379188353149068,157.52486826120753,3.3934509189208426
38.537939,-122.467775,44.80688968715453,0.0015031602513394147,61.90995513546405,1.4124747919108245
36.229742,-120.313486,6.781988608422254,6.608489964412208,107.52502892876814,0.5329973603599456
33.914308,-117.094579,8.06314441283654,5.342087438901067,79.77771089114965,0.20075631884136608
34.465928,-118.196999,25.445585848803805,9.415998239606953,62.590195022203595,3.4111588307956024
33.52512,-117.09457,5.865244092248191,0.0,48.81120140168903,0.5676696314744886
35.715926,-118.814608,61.28487942936507,27.421301550624804,165.9521052502518,1.1345189693179787
38.306181,-120.405261,87.88539596920263,26.877084553618925,81.14135541199096,14.486525282184
34.3962,-116.99484,32.20491138167729,14.946574453424786,125.90111263494197,0.05663727969910692
41.274119,-120.311009,163.30648818734002,29.570322081821402,26.082264535408182,16.273907706841435
33.83131,-117.27363,2.3889671487053006,0.3802735236318721,62.149342892667406,0.6746725637709609
36.287227,-119.084457,82.70485023308825,4.034076654025618,171.73202632099898,2.9858531149335517
36.20001,-119.79721,27.31018972191481,7.714011284076114,136.243921428631,2.8663027660193356
33.980189,-117.472118,7.076566030562766,0.0,62.85258452504287,1.6274628328993628
34.72345,-118.23457,43.062885798237126,2.157928114083485,86.87384974002136,0.5183350328152208
34.7041,-117.9543,59.00665552212123,8.384548330088858,96.9352590166493,1.4041551335944191
37.313499,-120.915156,16.551373050592932,7.763078263954349,112.37598046981067,6.629640842184731
33.610407,-117.283536,1.8389875542085674,0.0,42.539231048603256,0.010676920192400427
34.878679,-118.240713,52.092901420895465,0.9759893880250542,103.06760383003744,0.5627550895947337
33.7288,-117.3217,3.952029433155433,1.0323212500460588,50.569913080285474,1.4403080156666652
34.615749,-117.171806,5.247956665038381,4.972197346835553,134.62449948227172,0.8266187896356618
34.164345,-116.438693,30.40705134819598,1.6498737353727566,141.1035269596261,5.02555079529903
36.616572,-120.656805,3.9031989342742586,26.86889277567152,109.91815086960932,1.0316806089404902
35.322168,-119.942661,40.750138966991486,45.83507482678848,72.3326028907855,6.349566886997622
36.085667,-118.335167,120.85259063065666,50.938384042246554,143.16416775997664,30.97919722900893
36.9757612,-120.647066,16.704218911043768,0.12442577660242013,125.72381437969567,1.0043492959833378
35.536333,-119.791,15.24416422310962,33.89399161070626,94.99698199402533,0.8804865805461605
35.4001,-117.9112,96.04056764103774,28.211582939726913,167.5700746349986,7.537144277140189
33.540065,-116.078972,16.88083291805296,1.5396370439895337,101.43329301386974,1.3897902178541712
36.8712,-119.2907,108.2605982635162,23.483565416949684,135.70039887389984,0.2961180530663709
35.6405,-119.6618,0.7131880580920359,22.282774021527086,111.01745698115344,1.0821050824379603
33.9231,-117.8182,14.55472086154912,0.0,37.94527299762872,1.392891949500652
36.165819,-120.869922,52.13610849179592,22.528338837161815,64.98726872348797,9.837998809564873
35.645549,-118.949713,47.31648297100092,21.540739137261568,153.8676259201253,2.709957447528157
36.683543,-119.667943,68.75621446481898,2.240133579222044,173.61136875040197,0.18713040885001053
36.730983,-120.361017,23.953755518325075,1.7270411545267894,138.68192119439766,0.007603823633964329
36.883029,-120.491517,23.766253348242927,0.009362573335393528,137.09139896439643,1.284375496351745
34.417488,-117.525153,8.983459234158786,0.20361254223382533,97.26597042556847,0.9871113367667808
33.228012,-116.523796,44.74834681063541,32.85520525996158,70.90364109732943,3.885146289307508
33.463566,-116.91934,20.11259091450772,12.280587221401328,57.60960384448748,10.453110108030824
35.750712,-117.848333,119.92231798498781,13.075185747452814,140.97805390222015,1.342061525033275
35.359142,-118.793342,36.10046746830459,5.304861247279928,131.54219240846226,1.318922127146506
41.864171,-122.726125,12.674127065696528,12.909755164858149,15.517990684821008,14.84838965734193
41.867405,-122.739601,13.85056752318494,13.795322898587806,15.161277592176999,15.361753600656373
37.366165,-120.368915,63.165493845642025,4.388813049712587,157.81604733812725,5.574988883965445
35.2854,-118.7336,34.70304754273617,10.032007646181343,127.4540179994042,6.7095970421487365
35.303795,-118.683831,39.4545668773341,14.883958428474735,131.68691089343938,11.238619444971183
37.220781,-121.782603,14.269181752975822,0.0,43.27094289524315,0.06811236101702596
35.500247,-117.858482,99.69927989634948,16.313502871038985,162.06398094442807,8.169051980032279
34.432653,-117.630638,16.90955872127454,2.147995201108084,93.52409730959252,6.257489654867593
33.9217,-116.966021,0.6107391873613203,0.0,87.89052798618465,1.1218693179415191
32.578508,-116.945135,8.620701156313347,0.9389948556579211,3.1664969748993874,0.015644438723599642
32.73624,-114.62211,0.5342790739993174,0.1169722175605082,0.6840699771875703,0.06913581780050275
35.604977,-119.043958,38.31082429166306,15.7715171956931,146.5948219973705,0.6483888434716776
33.738839,-117.189192,0.0013106928530101105,0.030579518948814086,59.149508065465,0.2828777441385375
35.335226,-119.497705,11.325899417139313,18.403158417303903,107.85246293095392,3.9183996688492213
33.815645,-117.226115,1.121234663833798,0.0,63.6027794762607,0.8155104230719988
34.8662,-118.3448,42.91574022183554,9.754147751715122,99.42825409528156,1.6625084469274751
36.720057,-120.387081,21.475227930848195,2.8952276513438098,136.10976845633206,0.014556383089720461
36.38595,-120.139041,15.274781838178463,19.388584737646436,130.77298107356805,0.013431948842115361
33.762371,-117.471416,0.042638416089815404,0.0,43.94639619631236,0.006767088087292553
33.845919,-117.204183,4.183264702880741,0.017642309563993326,67.49908872856392,1.1876084552862138
35.809708,-120.766961,65.68192248170226,17.263686665657147,46.272714203067615,9.803857374912605
37.658226,-121.434348,0.002166000716085267,1.9754262814993644,97.39264172420351,1.8979736014387045
34.862116,-118.2149,53.158072510589705,0.18328965428205468,102.01229401294071,2.0637789406678952
33.9981,-117.7797,7.822366672871981,0.0,46.269523786675,0.6803753489294114
35.7708,-119.4643,23.477429725146003,12.141885202879136,133.8739678944003,0.9096180403987643
33.912726,-120.092289,147.55157914043414,58.26989354243558,6.550464859323739,59.91152818203376
37.970915,-121.825759,19.92885422322689,0.0,69.94435632711838,1.3442207099217198
39.969727,-122.080013,10.270073633128634,4.765370412058812,155.54825520895557,1.960906597318033
37.746519,-121.654592,2.4401476819392256,4.564088568391919,81.11193649003309,0.10302818569485679
37.608814,-120.4611,64.04137840284199,24.487535226137826,142.7406669455916,3.234100884145428
41.666615,-122.000899,42.15791282717977,39.834862019529986,37.3994864357892,14.426893895686506
34.988441,-118.829313,10.284344235248604,19.079001758720146,95.25474521799926,2.534131424229482
36.05049,-118.967963,77.82950026568653,0.4065395269181446,184.27576374476175,4.05732565351403
35.442882,-118.784317,42.927158134347756,4.95471786217612,140.02776893080932,0.2962694997677435
35.2920419,-118.65965,40.24289186092594,16.04221410542963,131.8945217512079,13.199021255779032
34.249653,-118.744109,21.257649979140723,0.0,29.919684732680068,1.422950276922127
38.083485,-120.963414,33.14623476221404,7.642180265592929,131.81370711538932,0.12670978779111342
34.251583,-117.842907,14.497812206606879,9.943263811044085,66.82687946942734,11.489594991637475
34.7003,-118.258932,39.88537710010342,1.7421552390927635,83.70355168577312,1.2244438336400405
37.385657,-120.503095,53.86696831701733,3.1269630576202236,149.21813431000916,0.2216292191686527
41.644264,-122.357874,13.32570997977811,22.485667666281007,40.45848673754434,0.4732102076774697
33.936949,-117.750012,14.884935220963833,1.9004906734885105,43.80317634765877,0.9562103916983519
33.964077,-117.50467,4.06579611392685,0.0,59.775781492404676,0.34872959185204466
32.7198,-116.3825,0.5087603476841417,33.156716115838925,13.589860949151605,1.9727420150228379
33.7639,-117.0809,10.028138891029302,1.3367280729656819,67.71350832486142,0.6508664891891046
37.0326,-121.15093,14.509051853167499,24.162936357413784,83.38795214190186,4.160728357825384
34.886119,-119.611649,54.384720226463976,28.979453921300284,57.42923112843253,4.582753504718245
32.92584,-115.2916,16.885747696218253,13.309613531167587,27.201283478026458,0.06631697127956393
33.555036,-116.648373,36.72943989031287,24.719424529594683,84.40915914649885,0.017596180894026897
35.639022,-120.658143,69.8333482987578,0.0,37.011423126231165,1.9235205620084723
34.7904,-118.5278,24.76265401777634,26.838518978398366,89.0334443599771,1.748140105434509
37.841898,-120.826987,39.72715147404867,5.6982400005352964,144.33344952895357,3.1812507130074756
35.322078,-119.898219,37.7472962806205,42.17515878430717,76.13967280538056,5.824085276175837
37.962,-121.88,15.130046224323035,2.909158047910839,65.10156819449017,0.29297705002686814
34.8689,-118.3801,39.90827532979487,12.980867486986595,99.13793873939161,2.586305702671184
38.608579,-122.064413,9.650156838804278,9.567811405547983,96.45779989092917,6.592646692665522
37.882716,-120.390403,77.93057709319848,6.283602343879856,115.75076156116681,6.179699547276413
33.7869022,-118.0007,3.5701685127281753,0.0,15.28767263314351,0.10747973806633672
36.602544,-119.296016,90.55977285135187,1.7840476486273151,158.2941731617639,0.011857693320867424
35.274235,-117.739303,75.1550475460626,22.990057755268445,161.2811090991822,10.495970731187057
36.996788,-121.479097,42.00021721207912,4.623804698204306,53.97989323417799,4.382889424721381
38.009602,-121.920464,12.816733612146182,0.0,63.54163627959231,0.5230634132508228
36.798788,-121.321942,42.307564955373714,0.3476993115113358,62.807456067323095,0.4742919634713183
39.335541,-121.526981,55.7598389074316,9.78524001057609,130.9799954415205,1.8189301628107213
34.454,-117.50852,11.501272676593798,0.8441511577758066,101.46813587237685,2.6230141623119385
37.407044,-120.096517,84.54690423644989,22.460139979501815,138.49668208991986,9.709597448536845
39.013745,-123.323886,101.16382099878443,14.30027590655512,37.82979006010608,1.1171600940682935
32.56692,-116.76388,25.035679256435845,12.966905180825815,0.195976394847327,4.304229095836988
40.092791,-122.430189,18.121850504085383,14.704545073684166,130.34674888999055,12.966773636542142
36.683468,-119.41907,87.45100004511602,7.287220456657818,158.87872960780257,3.368549147581869
36.210054,-117.979622,153.5701438485739,64.83371372475517,111.45837969028908,0.8614178295153951
37.651736,-120.32662,76.81679069145467,32.43689615525559,131.44200923503303,4.264839219195139
36.604794,-119.543408,73.53586883004185,0.0,172.79033780835653,1.2425721051969734
37.93668,-121.751171,24.63804860220663,0.028045202901474615,75.30424663640684,0.43601772575932146
38.764404,-120.797816,28.30900830432957,1.5669511445553252,73.83532321116962,0.7214846829956694
35.417,-118.5368,57.778034749201204,19.395707389655556,149.67451263650855,2.3150813164385404
35.732079,-119.891484,11.724109598686619,32.549694252392776,100.94559734215252,0.14623698501373822
33.7430428,-117.249884,5.486298415573516,0.8045490466987723,56.003647470568474,0.6580684361869493
36.240852,-120.103613,10.535964018110253,3.002053667358925,120.3535296834902,1.6206475583275801
38.205596,-121.864364,17.651836005361783,8.038884125255985,78.55179228376855,0.5265623681005408
33.693,-116.85,25.477571365053475,5.102617903753304,78.12774361647945,4.902054359451997
37.379931,-120.227357,73.84141121214692,11.870651721128098,148.385146333911,3.157143307026337
36.359273,-121.217357,61.59467068785445,2.5949807476908417,52.43289291464179,1.0524244040162125
34.7802,-118.3501,37.95494782988668,12.29070569376359,89.98450317031141,0.47934696388626424
35.442023,-118.904257,34.677563648169766,3.268237979915137,135.02995799359718,1.4196631815568157
37.1252,-121.088668,4.667285375635901,14.998448732544656,90.95493073425702,1.1282774494198087
36.209064,-120.391217,14.04621114757981,4.070774568092025,100.8244208188701,1.9308220567717322
35.778884,-120.194339,30.62364324313202,21.4627903282505,79.4438464423844,5.465141410410719
