incident_id,incident_name,incident_latitude,incident_longitude,elevation,slope,aspect,hillshade,elev_stddev_1km
2ca11d45-8139-4c16-8af0-880d99b21e82, Bridge Fire,40.774,-122.309,342.11151123046900,36.0,46.0,105.0,38.39547623381280
094719ba-a47b-4abb-9ec5-a506b2b9fd23,River Fire,36.602575,-118.01651,1119.0697021484400,0.0,193.0,181.0,0.8687610396768190
58f89ff8-bd3e-4355-b1c0-8fa05c747d3f,Fawnskin Fire,34.288877,-116.941311,2408.295654296880,14.0,158.0,164.0,64.91990352484020
357ffc13-bef9-48eb-810f-c5de851972eb,Gold Fire,37.116295,-119.635004,488.00146484375,19.0,205.0,205.0,66.00691324743640
53122f0f-fefc-4dbf-b2d8-566b42ced66d,Panther Fire,40.190062,-121.595555,1367.605712890630,13.0,228.0,210.0,80.17402940354590
d8d1c943-7b5d-4885-9043-f41075d6eded,Silverado Fire,38.441792,-122.350844,65.76326751708980,2.0,157.0,177.0,49.46817198394210
64e4f81e-d872-44c4-ba8d-111fa77124ba,Yellow Fire,38.638828,-122.655616,253.77044677734400,16.0,276.0,230.0,41.64315955541870
a1b14be5-a8cf-4e40-8588-96becf4c5879,Summit Fire,34.288877,-116.941311,2408.295654296880,14.0,158.0,164.0,64.91990352484020
ca68f3c4-4906-4952-b794-4531d7da8369,Tres Pinos Fire,37.160346,-120.937494,26.2810001373291,0.0,0.0,180.0,0.725630110471385
5649e78d-7c26-4698-89a0-b0fa9a35cf78,306 Fire,39.514139,-122.560862,524.7078247070310,14.0,108.0,140.0,68.88660617903080
e2c4b308-9a2d-483b-8434-999bef9adc7c,Lytle Fire,34.1834,-117.4408,618.7884521484380,1.0,166.0,179.0,39.2792580970053
958ce6d2-97f9-4848-8620-d14ab87f329d,Gorgonio Fire,33.894055,-116.855019,924.6626586914060,24.0,318.0,229.0,112.86920511216700
e0d038e9-0926-4c05-8317-ec7075a04b12,Grand Fire,34.7861,-118.9411,2226.352294921880,27.0,109.0,103.0,75.88047340847980
e215290f-d0b4-48fd-be32-f599959347b1,54 Fire,33.655638,-116.161201,-30.43988609313970,0.0,155.0,180.0,1.4239548565797400
39af7eac-c188-411f-8c8a-d165c5fca4a9,Lake Fire,34.49149,-118.610044,391.9866027832030,27.0,246.0,255.0,24.649540629620700
2b765a08-c770-4b19-baa8-00dffe3fa838,Lilly 2 Fire,37.1927,-119.7917,485.0794677734380,18.0,248.0,232.0,48.864445573060200
f17c523c-bf01-4245-899b-7c2331096dae,Cottontail Fire,35.49864,-120.91375,170.51974487304700,17.0,85.0,129.0,56.80172265914600
a60e315c-23d5-4ba4-869c-5c1e22a25e7a,Cherry Fire,33.96201,-116.907213,997.63427734375,4.0,101.0,168.0,30.13063622205870
13850faa-5bab-4fd7-bac3-433ce9250c4d,Water Fire,33.9582,-116.6534,698.4251098632810,27.0,277.0,255.0,97.5739720027242
0b51d59b-457d-4a62-b066-55c2b8d400e2,Shelton Fire,38.04993,-120.90325,83.79681396484380,5.0,98.0,164.0,15.528432480684900
e077e091-f890-477c-b948-eb23774b432e,Border Fire,32.564465,-116.900368,194.60662841796900,10.0,202.0,192.0,43.63610247223870
859479e3-918c-42c6-bb74-5fdc17930a16,San Felipe Fire,33.12111,-116.52579,750.1547241210940,1.0,81.0,177.0,6.108508624623970
5b5ce06d-7ea9-4d28-b564-715fd0d04f3f,Homestead Fire,35.5123,-120.6368,319.4311218261720,5.0,353.0,182.0,38.3390358314827
9795afee-7e60-4ab3-b5c3-7df67f91c5f9,Smiley Fire,33.963591,-117.187934,623.5501098632810,10.0,227.0,204.0,39.306162102833200
07a5397c-a665-4f84-9a82-5f689cb2c8f3,General Fire,33.04458,-116.5209,1117.3878173828100,6.0,129.0,166.0,69.26803071233200
abc61995-8bea-4be1-aa49-ee378ab3baaa,White Fire,34.55048,-119.82429,293.96466064453100,1.0,169.0,179.0,24.318205459305100
794412f2-1ba2-4217-ac38-49272a96fb6f,Magic Fire,34.419284,-118.58688,373.6824645996090,10.0,345.0,188.0,22.810636858361900
cb5f34a0-177e-445d-9349-dd94063a01d0,Olive Fire,34.611824,-120.074655,187.2095184326170,6.0,176.0,179.0,8.477809754584510
213dc89e-9f29-4480-91a6-aec5fb694999,Branch Fire,35.15832,-120.05131,844.96728515625,11.0,346.0,189.0,88.63006723628940
98bfbb7c-8446-4e2e-a268-7e961353723c,Murphy Fire,37.91529,-120.33313,551.7197875976560,12.0,155.0,165.0,33.40672918699070
1a5192f1-bc99-4130-8683-381e0534b76a,Lone Fire,39.434183,-121.576804,46.443885803222700,1.0,202.0,181.0,4.125301375455340
5ce45b6c-81b5-422c-9078-8c68dd872c8a,Sonoma-Lake-Napa Unit Lightning Fires,38.4229,-122.0437,126.5894012451170,2.0,302.0,187.0,33.31210136874130
f9e85371-fc46-4f54-822c-7dcdaadde551,152 Fire,37.03776,-121.006939,123.2836456298830,9.0,42.0,160.0,23.291360539145600
dcb21e64-9d38-47c2-848b-e8e0dea5c2de,Lake Fire,38.99233,-122.703193,408.6741638183590,2.0,205.0,182.0,37.35835602289960
bf37805e-1cc2-4208-9972-753e47874c87,Powerhouse Fire,34.585595,-118.423176,809.1373291015630,23.0,310.0,234.0,59.842924342898400
2ad509e4-99f1-4e1a-81eb-839f772f9c45,Vasco Fire,37.775057,-121.737213,237.94924926757800,10.0,131.0,155.0,23.00344807662
e9505435-e861-4f33-9069-b0040fb2a135,Viper Fire,33.96936,-117.1265,669.6859741210940,38.0,267.0,255.0,47.29192090000680
369e41d4-75a6-4be0-a38a-5f7450553631,Northern California Lightning Activity,39.9845,-121.5747,1190.0802001953100,17.0,111.0,132.0,60.30520888644210
bf59bc5b-1398-4ae5-adef-6f61b9ee1b90,Roadrunner Fire,38.27783,-120.966016,92.37034606933590,9.0,48.0,160.0,13.546358738202900
7055a440-5d4c-4f58-bac9-2954ff6698a5,Revis Fire,37.169379,-119.75636,395.5665588378910,3.0,251.0,190.0,27.904057581225100
a2cfda2a-21c1-4e45-90b5-37d931b4a926,Clinton Fire,36.772425,-119.628389,110.4731674194340,0.0,233.0,181.0,1.5291631022582200
bb2eb175-43a3-4a5c-bff6-e3669e52c1d1,Carstens Fire,37.58202,-119.91071,1038.9375,11.0,161.0,169.0,74.06068692860060
fe47b1c2-b9c0-44be-8d10-f270056db35c,PFE Fire,38.729297,-121.380862,29.149097442627000,2.0,43.0,177.0,3.5727553934083400
953f17a1-2034-467b-b48c-28da1a9af60e,Michelle Fire,36.763367,-119.558244,118.58330535888700,0.0,58.0,180.0,1.1896889738733200
2d1f0c40-92e7-4540-991b-d353ed68ec6c,Palmyrita Fire,34.001745,-117.302057,420.0074157714840,28.0,62.0,106.0,101.29754056714300
05d0fed7-8502-4a6f-9c5c-b9cee0e75408,Rolling Fire,37.015575,-119.78106,148.94815063476600,0.0,227.0,181.0,5.335891070019200
2b403f03-fe84-450a-90b7-befb8acc7e70,California Fire,38.08744,-122.13802,24.6677303314209,5.0,152.0,173.0,18.36927530572320
15e7e15d-f707-473e-b0f3-6534cfd845b7,Sierra Fire,37.03087,-119.463757,588.37548828125,5.0,299.0,195.0,64.42469660739280
23ec2f69-da30-4983-80c2-1f04bfea6f9a,George Fire,36.7218,-119.2248,506.2512512207030,3.0,314.0,186.0,19.046931215235200
d489b45e-dcba-4eaa-8bb5-6a23255562da,Mount Fire,38.98058,-122.81796,444.2845153808590,2.0,243.0,187.0,42.62734355071190
6011819c-19ac-46c2-aa48-0ee8be0e48c0,Mills Fire,34.071556,-117.048397,865.6478881835940,22.0,204.0,208.0,44.19286588565730
95399a9c-8b3e-4413-9f56-5ed57d3d81b3,Concord Fire,39.90465,-121.74367,658.2627563476560,20.0,281.0,241.0,80.56749887701200
58317b8d-7f4d-466f-b2c7-035c25fb00f0,Freeman Fire,36.1531,-120.8973,381.7290954589840,37.0,270.0,255.0,58.30020239046000
522114fe-ada8-49a9-9bb2-5891103ff0ca,Kirker Fire,37.96866,-121.91453,301.1544189453130,28.0,112.0,101.0,72.96098887998040
42690ee2-a5ed-4320-9a55-d5ff3d1a80f5,Northern Region July Lightning,39.9845,-121.5747,1190.0802001953100,17.0,111.0,132.0,60.30520888644210
8b51033d-abc6-4ea4-8983-990ad4e1c45e,Fox Fire (formally 3-7 Fire),41.2415,-121.035,1413.7818603515600,7.0,206.0,191.0,53.29145063733880
c94959d7-eb88-4724-8feb-ba0662afca10,Vina Fire,40.012398,-122.079871,67.35952758789060,5.0,258.0,194.0,8.97486625655535
07fb8b11-f39b-4cd0-8a27-2d4fef7fe680,Grant Fire,37.7393,-121.5869,99.66570281982420,3.0,37.0,175.0,14.06090193170570
4c04a4e5-f580-4e62-bb53-2575c72d29dc,Fallon Fire,37.74241,-121.86216,195.89295959472700,18.0,169.0,170.0,34.921942461865800
ee19b2ec-a96a-4738-994e-fb3ea016e053,Chariot Fire,32.95435,-116.47381,940.9776611328120,22.0,66.0,119.0,112.13695264853000
a97d2b3a-3a53-424f-852c-5f1b8d199cc3,Adelaida Fire,35.62743,-120.83417,451.3337097167970,7.0,292.0,199.0,31.06618900929120
397ed8e6-6088-4e03-9316-8f50c65a83be,McGanney Fire,39.206,-121.31634,219.29234313964800,6.0,98.0,163.0,50.15676312122880
3f64fc8a-8870-4e64-b60a-3e13c8532acd,Fiddler Fire,40.373,-122.7338,413.8836364746090,15.0,181.0,181.0,29.59314862615030
d778a3f0-2d23-43c1-b9bc-1ea33898fab2,Kyburz Fire,38.774,-120.298,1230.4259033203100,8.0,340.0,189.0,76.24246212808880
e779a754-29fd-472f-8d29-46cfee32d3c2,Uvas Fire,37.1438,-121.7804,221.0699920654300,2.0,65.0,174.0,44.97478187986690
873074c8-4b6d-417b-a78c-1d1430027805,Diablo Fire,37.436,-121.1955,288.48797607421900,30.0,77.0,92.0,51.31436586473100
a3149fec-4d48-427c-8b2c-59e8b79d59db,Mountain Fire,33.7095,-116.72885,1366.550048828130,13.0,326.0,203.0,29.785650553654100
ed51bbd2-6f8e-4f46-9073-3673a583fada,Silverwood Fire,34.316,-117.352,999.8364868164060,8.0,226.0,199.0,22.999784056416300
c6cfeed9-55bb-4fdb-8a52-e4d947dba721,Flume Fire,32.612773,-116.707335,274.93994140625,9.0,166.0,174.0,63.782151318956
bee8c339-4f26-4b78-a5b4-a8a0ebdb8786,Aspen Fire,37.279,-119.318,1150.468505859380,13.0,194.0,190.0,142.0518518124250
ba76c009-09c9-497c-b923-1ac8cf05c20d,Salmon River Complex,41.32,-123.176,603.4859619140630,7.0,42.0,166.0,90.41582089255080
0b51d3d5-bb3a-426d-9c12-c1878a01d7cf,Branch Fire,39.6612,-121.50354,343.3011779785160,27.0,232.0,246.0,67.4851562876312
d48a839f-d8da-44d7-9b35-b9f61aa28c61,Redlands Fire,33.990128,-117.164997,565.6610717773440,33.0,89.0,82.0,59.68480931244640
0658b1f8-5323-4152-b6d1-b208736587db,Relay Fire,33.91027,-116.99895,800.5186767578130,6.0,220.0,193.0,25.559965454518200
86faecab-ed3a-4fce-95cf-89433a825c72,Water Fire,34.90327,-118.93388,1216.630859375,24.0,115.0,115.0,164.94145270492500
f1d7f375-8aa3-4cb5-a864-bae9bb90cbd1,Pratt Fire,38.980846,-123.067671,226.79200744628900,9.0,156.0,169.0,34.09394082561620
591a56a5-e9c0-45a0-96bd-34098588c39b,Rancho Fire,34.882,-118.9194,1228.2012939453100,37.0,29.0,127.0,166.55137617961400
4423899b-6197-4ef5-9f73-bca1763f17e6,Paskenta Fire,39.961309,-122.330879,133.0294647216800,1.0,134.0,179.0,8.138203211502980
c9b5d1ff-c042-4b39-8bac-b10fb6fc6c13,Lakeville Fire,38.17693,-122.51253,43.49901580810550,4.0,118.0,170.0,21.564558553464600
4630e9ce-88ec-4159-9bc9-25ff5f8216cc,50 Fire,38.63987,-121.08438,220.11917114257800,12.0,184.0,183.0,20.00225161848920
8fb3a438-3146-4b8d-8f20-bfa8d6610f84,Heacock Fire,33.9634,-117.2508,531.7991943359380,3.0,188.0,182.0,11.781624232938300
2b300dd5-4474-4b8a-9b4c-3a3014afe27d,Gilman Fire,33.94528,-117.09306,636.5994262695310,17.0,44.0,143.0,33.73238248319910
68dadbb3-6a63-483a-add9-491a69d9e0ad,Chuckwagon Fire,37.965364,-120.696362,292.0381774902340,14.0,187.0,186.0,15.038580740143900
1e8441c2-f426-40b4-9f4f-3de9f7e232b9,Power Fire,38.25108,-120.02778,1197.38525390625,22.0,309.0,233.0,136.14042192982300
4867ac70-663e-48f4-b9ae-ca0a486234ca,Falls Fire,33.62236,-117.40288,768.3829956054690,12.0,148.0,161.0,67.78559674609660
ac568737-dae6-4050-b1f4-62ab1f9ec930,Tram Fire,38.838,-116.61,2968.486572265630,25.0,344.0,201.0,94.61027296013130
b5b63934-923d-4504-a9b1-75c885477a8d,Indian Fire,39.1591,-122.5906,452.667236328125,5.0,11.0,178.0,85.40030253634180
c400203b-a7fd-4bd8-803a-f3c74bc32a2b,Silver Fire,33.86157,-116.90427,906.9918212890620,26.0,183.0,184.0,49.73922884359760
f3dcbca8-f8ed-46d0-8f6e-9c7fc2fb03e6,Corral Complex,41.035,-123.488,1466.94970703125,18.0,205.0,204.0,100.04477329798900
e16c204e-58d6-4f78-bc97-729b16ef9f83,Cottonwood Fire,41.923323,-122.578393,708.3243408203130,1.0,60.0,176.0,21.38366924045330
db009f8f-8b9d-44bb-a3f6-83f319c84d72,Union Fire,38.682378,-120.839075,512.8634033203130,1.0,315.0,182.0,11.048070954448400
62eabea3-40be-497d-94e4-150f011b925f,Sharp Fire,34.35,-117.62,1801.89697265625,8.0,305.0,200.0,80.13563086485290
0537a175-8fe9-4f5f-b56f-77848fa195f4,Cloverdale Fire,40.473356,-122.48259,271.78594970703100,2.0,93.0,174.0,10.07123760337210
0758e1c0-95ea-47e7-b5c1-5f3ea96bc664,Swedes Fire,39.446268,-121.38236,384.0060729980470,3.0,177.0,180.0,18.2928109802178
8213f5c7-34fa-403b-a4bc-da2ace6e6625,American Fire,39.12,-120.65,1343.5087890625,21.0,253.0,241.0,141.15747806668900
2b84c8a2-e2e8-45a2-9221-e8075608c218,Coyote Fire,40.88886,-120.958126,1528.5838623046900,6.0,141.0,169.0,24.493696044388000
f23f8148-6ec4-4885-9729-0dad7c744485,Pierce Fire,33.570291,-116.10815,-57.14961624145510,0.0,231.0,181.0,1.0309272439979800
ae025ba5-8b5d-48de-ad5e-3037de3d18e9,Double Fire,39.013682,-122.491894,471.7796630859380,18.0,69.0,128.0,62.11058660806310
10445e2c-979d-49a2-82c2-c3789bd2449a,Bridges Fire,38.06231,-120.45233,510.5837097167970,29.0,91.0,93.0,86.8158112835469
c7f05927-66a4-403c-9048-aeb42eca0211,Cleghorn Fire,34.287,-117.451,901.5563354492190,22.0,149.0,146.0,65.77215542977280
92af9783-eda9-4186-afe9-447f61a92636,Clover Fire,40.498332,-122.535496,309.1929931640630,11.0,146.0,160.0,9.697217325183660
5015b3c2-2bae-4cce-9bf8-f1b25b0ce1e6,Plumas Lightning Complex (Hough),40.00842,-120.764666,1602.566162109380,36.0,322.0,246.0,190.0303402771600
5421868e-52ba-4737-8169-325e0aa040e4,Shirley Fire,35.707,-118.588,1716.2989501953100,21.0,46.0,134.0,158.3800230585890
f21a41c6-0905-4531-9bdf-2456d0051eed,Burney Lightning Series (Warner Fire),40.5445,-121.3754,1951.5213623046900,3.0,190.0,182.0,18.031982361400500
f7358513-329f-4dba-8980-4cd3a19b469a,Sierra Fire,34.2,-117.417,616.6476440429690,2.0,232.0,185.0,41.62821845174330
956dbcf6-db40-4b61-b235-4ede14738f1e,Deer Fire,40.04263,-121.85397,579.8961181640630,19.0,26.0,154.0,52.119155835300000
b202bd85-c5ef-4bdf-8270-d556f95c3742,Gobblers Fire,34.302,-117.598,1791.1234130859400,38.0,164.0,149.0,79.06150619392340
a4de6058-c68c-4924-bfb5-dc8ecc3b54c0,Fish Fire,36.208,-118.444,1944.2874755859400,13.0,208.0,199.0,40.4737838396376
fea7802f-ba70-450a-9ad1-96e2751293a9,Empire Fire,38.89555,-120.84716,731.3353881835940,14.0,233.0,214.0,25.20234701205320
b5109726-5e91-4c10-96f8-2a5bb72e5a59,Little Fire,33.642,-116.706,1637.7877197265600,14.0,189.0,187.0,62.06443734090460
b30ee931-f349-4d21-a38a-d346c516b104,Chestnut Fire,37.667295,-122.427285,77.79778289794920,32.0,210.0,228.0,54.47073898842220
e33b2d80-7fec-4470-9e79-440d349b0d95,Morgan Fire,37.90757,-121.882582,303.42340087890600,16.0,337.0,200.0,63.31896614453580
d332a628-6290-4e91-b8d0-4dc663b80c38,Angora Fire,36.258,-118.459,2621.80517578125,26.0,238.0,247.0,178.40670926648400
31f21c59-8a94-4b17-91aa-88ca14817162,Liveoak Fire,34.003151,-117.106075,674.7100830078130,4.0,353.0,182.0,30.884709561251900
eb5a3f2a-0c25-417a-af78-bb0d643247c7,Madre Fire,34.149,-117.908,224.20362854003900,17.0,281.0,231.0,53.2256007038122
308ce8d5-67c8-4edb-9e2f-bf6295f98d7e,Davis Creek Complex,41.73325,-120.375,1472.3787841796900,0.0,300.0,182.0,8.181584062800960
1476673c-df55-4c39-b117-d9d067f8a020,Tyler Fire,39.333401,-121.107022,630.9986572265630,11.0,355.0,183.0,17.979557246094100
dd374f36-e7cb-4a48-91ee-e8be101e0f88,Centerville Fire,39.731878,-121.713938,300.81402587890600,3.0,293.0,188.0,61.81229976119730
0875cf4e-9948-45ed-a76d-d74564319b49,Rail Fire,41.569,-120.959,1588.970703125,4.0,103.0,169.0,17.749159253684300
5fb18d4d-213f-4d83-a179-daaf11939e78,Rim Fire,37.857,-120.086,784.506103515625,43.0,91.0,57.0,166.5959119077450
f6f6fefa-ac4e-466f-815e-492416e37b98,Lyon Fire,32.710918,-116.746023,720.09326171875,7.0,332.0,191.0,68.49493457671180
51e00abb-53d0-4014-9224-2a853b1d6bcf,Lakeshore Fire,38.9777,-122.683,408.9159240722660,8.0,188.0,184.0,46.71623883757270
ac469123-da14-4821-b824-c6cf66138514,Creek Fire,35.4393,-120.8358,75.44735717773440,5.0,148.0,172.0,33.32076198543040
b20a2031-12c9-4e9c-9f44-ac82c26e6c66,Highland Fire,38.9252,-122.966,833.119873046875,18.0,107.0,127.0,29.824750314206400
1f94fce5-49a5-4220-bc99-f003ab4d3e60,Putah Fire,38.628,-122.289,137.70877075195300,7.0,212.0,192.0,16.21786734787020
1460f2d9-853b-4901-bed3-ac196e00bb3a,Crane Fire,38.34599,-122.6503,88.78242492675780,11.0,240.0,211.0,20.027069579059800
9fb847ce-44c7-4a11-a733-a6cc82838671,DeLuz Fire,33.341,-117.3092,100.35321044921900,7.0,317.0,196.0,23.27291851903210
d922e7c8-814a-412b-a40b-53072d0983ea,Summit Fire,39.439,-121.497,132.35032653808600,17.0,121.0,136.0,13.261655595466900
9a110003-2f4c-4ac7-a3e5-b4e713f8d1fe,Baker Fire,33.7655,-117.6649,399.4073181152340,18.0,299.0,230.0,42.25233261148490
0aa08938-eaab-4a60-8891-946197328f94,Capay Fire,38.67479,-122.08725,129.22584533691400,23.0,237.0,238.0,26.341584972060900
29a2efda-c28f-4a41-9c6d-8cb8f763d464,Dersch Fire,40.483662,-122.140914,145.9746551513670,2.0,317.0,184.0,13.958753268334300
587c03e3-4831-47c1-8c03-c08176e91b11,Toro Fire,35.457978,-120.751555,324.42742919921900,2.0,66.0,176.0,43.81038874422630
20ba8b6b-78d4-46a7-995b-d8fa38cbf3b8,Cantwell Fire,38.882214,-122.567525,457.2974853515630,2.0,15.0,178.0,43.717487551056300
79d476e5-0b4d-48e2-a105-2bba5c1140e9,Silverado Fire,38.382,-122.311,19.609220504760700,1.0,242.0,182.0,23.798512752475000
0adb968c-eb85-41c5-8e08-04c0ec386c79,Wheeler Fire,34.384,-119.13249,284.40460205078100,19.0,281.0,237.0,40.94224984479830
e9e43213-b2fc-47bc-92cd-117ccd6e4780,Retek Fire,39.0442,-123.1478,169.62844848632800,0.0,128.0,179.0,19.982313079676900
b4bc1480-cbb8-4ef2-8d5f-88a496d21d10,McCabe Fire,38.8167,-122.8498,502.4366760253910,23.0,189.0,192.0,152.56526964064400
3f3e234c-04e1-4941-a79f-23ddc419bf59,Bruner Fire,39.0448,-122.7656,607.6593017578130,10.0,103.0,149.0,88.98796094663420
720f1d0a-81b7-4a00-85db-be3d9587ea3e,Dam Fire,38.9289,-122.5818,416.0290832519530,21.0,67.0,122.0,34.38195507230260
7a168690-06e5-4056-97c8-73b834204744,Grant Fire,37.342186,-121.717706,481.2379760742190,2.0,24.0,177.0,24.272551451507900
353e7df7-440c-4c41-a27c-b35bb1e2831c,Campbell Fire,40.134597,-121.790183,989.5230712890620,7.0,197.0,187.0,53.20932075125570
1fe0ea01-23e8-47a1-8fbd-ced6cf655e4d,Colby Fire,34.1703,-117.8816,480.1324462890630,42.0,279.0,255.0,137.20250814982100
6d75c6a4-12cb-4f18-8951-f2737e980916,Red Fire,40.884415,-123.773779,870.8440551757810,15.0,343.0,194.0,83.9198881601953
d529636e-33d0-484b-9c6f-093ba33736b7,Lake Fire,36.8266,-119.3415,174.1888885498050,0.0,322.0,181.0,32.1619931253998
a67fe9bc-b8ec-4ed1-a2e8-06623aab7039,Gun Fire,32.81,-116.49,1245.4615478515600,29.0,285.0,255.0,103.75268379624700
cb580f06-5d43-46aa-8b2c-f2b5a21eff02,Encinal Fire,36.6313,-121.4819,121.96036529541000,4.0,164.0,177.0,23.37399041945570
edff6f87-80b8-4c0d-8f6a-45c6e798b7fa,Van Buren Fire,33.5982,-116.1985,-35.09492111206060,0.0,145.0,180.0,1.6673901028165000
1faad916-32b9-4cd0-94b8-dacfe71fa9f8,Bridges Fire,37.399,-118.352,1249.1190185546900,1.0,223.0,182.0,3.9725548672517100
13bfff2c-cb2f-4ed9-a7f8-6985646a2d5d,Etiwanda Fire,34.169346,-117.547374,689.6088256835940,6.0,174.0,178.0,63.11636721973150
d5cb2477-6627-4ef6-bab1-d0eecc4ad12a,Jacumba Fire,32.665,-116.222,937.91748046875,11.0,109.0,148.0,61.71060807956200
9e5ee790-ee7e-4b40-b300-7a3046901162,Bernardo Fire,33.003,-117.133,90.9492645263672,3.0,240.0,188.0,22.59340202682070
91c3081d-33b4-46f2-8774-032c57f0f6a2,San Lucas Fire,36.103,-121.117,271.4090576171880,25.0,154.0,147.0,55.85885266688490
d08b0c4e-35d3-43fb-8af8-1756b1789172,Miguelito Fire,34.609,-120.454,174.90919494628900,5.0,89.0,165.0,42.80717095821770
2b35bd0d-169f-4a81-835b-13bf527031a6,Tomahawk Fire,33.3529,-117.284889,181.83712768554700,12.0,333.0,197.0,22.40824260156470
b0b5efed-3edc-4a4b-97c8-95a79d12d0c6,San Mateo Fire,33.417572,-117.550567,35.364559173584000,1.0,239.0,183.0,67.62873213963200
ebea3cc2-c0ad-4de2-829a-0b544183461b,Highway Fire,33.312,-117.162,202.6036529541020,30.0,95.0,91.0,70.11576226043380
2c241790-d062-4b15-9a25-8e511c0febab,Fiddler Fire,40.39,-122.721,427.2801513671880,6.0,156.0,173.0,38.26166247076030
1b1cba8f-7893-4eea-82d9-dc78663fd911,Cocos Fire,33.1137,-117.1599,369.537841796875,13.0,300.0,216.0,75.89121928359190
cc18296d-573a-4737-8e4e-1221d75d1e7b,Poinsettia Fire,33.1109,-117.279,69.59044647216800,6.0,95.0,163.0,17.74174133032170
b454456c-1fa9-4766-b179-6df36b4d844b,Indian Fire,39.1647,-122.5983,560.4370727539060,26.0,218.0,229.0,100.1514339086470
1a0bbf7e-7f9b-4359-9c91-85dec2e2869a,59 Fire,37.76617,-120.45087,340.1399841308590,2.0,202.0,183.0,13.707954747754000
b5d32131-cf00-4e34-9e08-b74d68a3174f,Hetch Hetchy Fire,37.787,-120.452,370.7920837402340,16.0,39.0,149.0,37.495854343246600
ccc2ec2b-4941-4bbd-ae60-be6706d97f13,Hall Fire,36.742747,-119.241493,499.0034790039060,9.0,163.0,172.0,29.65187658033910
857e832f-17bd-4ad2-8789-99b003187049,Morgan Fire,36.991825,-119.525506,268.67498779296900,4.0,6.0,179.0,20.770984694224100
50567f4a-c56d-4d73-9855-f5d81fa74025,Haigh Fire,37.7103,-120.197,513.3519287109380,0.0,180.0,180.0,27.232517089932800
8ede9823-938e-4786-97b8-a0f42b852cb2,Shirley Fire,35.70683,-118.555527,2056.78076171875,29.0,333.0,219.0,77.55020248969890
724209e0-12b0-4d49-b798-8ccacf95e668,Tehama Fire,40.009827,-122.345078,159.61801147460900,7.0,259.0,202.0,10.21074126232060
06ae83a9-125e-4cf5-826e-8b541b2308fd,Oak Fire,38.058,-120.66,549.400146484375,29.0,32.0,134.0,100.66507909977600
2437bb57-1d09-4892-8c26-a60661dae1d9,Butts Fire,38.664,-122.454,279.8406066894530,22.0,197.0,200.0,44.30787044098620
da607cd1-32fc-44c0-bd7a-ba14ad0a14cc,Bible Fire,38.608336,-120.703238,620.2252197265630,2.0,87.0,174.0,23.300401128354200
3a1fab73-882a-478c-b289-504497db4d64,Bully Fire,40.4314,-122.750788,512.5980834960940,20.0,100.0,119.0,64.9084117177293
756d8f5b-bc05-4741-a5a3-3b20ca21906d,Monticello Fire,38.512,-122.104,155.6713409423830,53.0,329.0,254.0,101.81395006861400
00089805-cdee-4607-8b67-1653bee463bc,Gulch Fire,41.489,-120.904,1437.9560546875,8.0,224.0,197.0,44.09699636928840
8f48a8a9-facf-49e8-92dc-ea1147e53792,Modoc Lightning Complex,41.89,-120.79,1558.173828125,0.0,35.0,180.0,9.160302026239510
62c2a563-1768-4c94-ac71-694a553cfdf8,West Fire,40.41,-123.24,992.16259765625,16.0,184.0,184.0,40.39251953875940
d2623c2c-ff3d-419e-a129-b3aa542c05c4,Banner Fire,33.078948,-116.576454,1158.0205078125,45.0,121.0,71.0,117.7551661910490
dc1a83b0-500c-440f-85d7-7090884f5487,Marsh Fire,37.5359,-121.5118,744.2396850585940,27.0,28.0,141.0,42.46518532109930
0bc42201-27c2-4b3d-a329-ce44bc1261d9,Cassel Fire,40.5719,-121.3415,2443.96484375,22.0,77.0,113.0,66.8301055771943
1df51ee3-c15a-4266-bf3d-d52272189cff,Interlake Fire,35.8218,-121.0226,401.3818359375,13.0,39.0,156.0,39.43091237661590
61506ea2-3f16-4aa6-ba54-d7788c3a2b35,Hutto Fire,39.1871,-121.2687,369.95751953125,13.0,159.0,166.0,33.57451683867880
dcbc7afb-cdef-49a3-822e-20bbaa86a5d0,Dry Fire,40.6569,-122.2215,176.75323486328100,1.0,349.0,181.0,11.835048754625600
45abd556-f41f-4507-91a5-1cf2f751bb4c,Nicolls Fire ,35.642,-118.15,1774.660888671880,36.0,308.0,255.0,84.59528681854880
9c21bb74-e919-403c-8a43-05f561669e4e,Wildlife Fire,39.4664,-121.6129,38.0241584777832,5.0,296.0,195.0,3.9807840175265600
4d07ccc3-32be-4a1d-acac-18333884c97d,Sand Fire,38.5691,-120.7819,398.8412170410160,16.0,62.0,137.0,50.47114861616200
045a1a18-72e4-4579-b64c-f34b33a1031b,Bald Fire,40.901,-121.368,1349.566650390630,31.0,41.0,120.0,137.13599884434400
e3b7143d-6faa-4962-9fe5-c2d1559c5d20,Day Fire,41.1336,-121.2144,1278.99609375,4.0,221.0,188.0,23.879069185988400
3b2609f0-b3a2-493c-bf66-c5b5f64409f8,Oregon Gulch Fire (part of the Beaver Complex),42.048,-122.345,1063.0860595703100,2.0,183.0,181.0,27.30046315865150
60ea04ec-5f5e-4a49-8fbc-fa50c17a1199,Eiler Fire,40.72,-121.562,1951.1212158203100,1.0,269.0,183.0,27.403782250676300
9d3fb01e-c29e-436a-82f8-c110a0b35179,Coffee Fire,41.141,-122.805,1516.0087890625,31.0,89.0,87.0,130.9592011460040
59a31adf-4f31-4bf6-a6c6-fe62d2d2587f,Little Deer Fire,41.682,-122.127,1619.7471923828100,4.0,297.0,192.0,52.5899502391751
58e7e466-8807-404e-9ef6-5a6ae11a0084,Junction Fire,37.3433,-119.6581,783.6035766601560,11.0,261.0,213.0,44.46726235612050
91669a3c-d533-4eaa-a8d7-505d55f89e46,Little Fire,41.507,-121.266,1339.855712890630,1.0,185.0,181.0,4.43837574070088
64812487-ac4c-40da-b069-2884d7a04675,Border Fire,32.59154,-116.89516,422.8159484863280,19.0,237.0,229.0,83.13678524333380
accb599e-35b8-4d5e-8d13-d0e4b0e4a1eb,Shoemaker Fire,34.235,-117.771,731.906005859375,36.0,127.0,95.0,109.0340780819050
d805c9b9-da39-4771-965f-b3cd4c37c84b,Tecolote Fire,34.267,-117.867,1096.4105224609400,28.0,173.0,170.0,158.4713010160660
605ac5e1-9903-45ba-872d-3d9c437457d7,Boca Fire,39.3918,-120.0805,1789.5653076171900,22.0,279.0,248.0,44.02670002416500
4b281a55-65b6-43e8-bab2-3689356d82e5,Way Fire,35.7206,-118.4747,1099.337158203130,27.0,56.0,113.0,69.07877352342780
3b954901-aa80-4894-b330-c287d47b68be,Oregon Fire,40.7412,-122.946,661.6195068359380,3.0,152.0,176.0,19.985163664543000
b22e378f-bfbc-40b8-aaa7-29ec6db13db1,Gulch Fire,40.7101,-122.171,396.6404418945310,23.0,233.0,237.0,35.69885304029490
726710bb-32d4-46bf-9729-7f3396defcf0,Jackson Fire,37.8316,-120.3434,295.43511962890600,6.0,294.0,196.0,65.94529905154760
d4523b72-45cf-4de2-8ccf-3905f1dc8dbd,Bald Hill 3 Fire,41.134,-123.753,447.2828674316410,16.0,253.0,228.0,102.98070833410000
7e564dd5-1d4e-4999-8aea-93691ad314ac,Stage Coach Fire,38.695961,-122.384054,279.6529846191410,8.0,276.0,204.0,57.391483477035100
3df6ecf7-f095-483d-b1c4-2dc969d61261,King Fire,38.805437,-120.629714,980.9663696289060,35.0,22.0,142.0,88.350524062194
b3062936-6b2f-4177-b3f6-0fc288049339,Stephens Fire,41.485,-121.851,1765.104248046880,15.0,107.0,136.0,85.44593229204170
568ea489-caa1-43c3-928a-9d0b836c0c54,Silverado Fire,33.748,-117.601,548.607666015625,43.0,86.0,57.0,131.1626410210450
a794ecf9-2e8d-4721-a272-a3e66d2e7621,Dog Bar Fire,39.113682,-120.999508,601.01220703125,25.0,300.0,246.0,36.872125499754600
614efdbb-937e-47a0-9ffd-919e5e0de436,Courtney Fire,37.311915,-119.604124,913.2623901367190,3.0,183.0,181.0,23.06002832561960
ad164a35-8b27-4f96-b78e-952b08a333e8,Boles Fire,41.42384,-122.37432,1140.7607421875,4.0,65.0,170.0,29.79730646700240
f5552e75-f74c-4bc0-99b8-6c66ee8cde3d,Bane Fire,33.93869,-117.70643,326.0492248535160,22.0,238.0,238.0,25.810577210747200
7e60b4f7-8497-4155-9879-a3198b2ce696,Irene Fire,38.59,-120.028,2222.022216796880,44.0,225.0,255.0,147.79757477251900
0b2d503c-7bd5-45e7-b029-61306ae6e7c0,Cascade Fire,38.9195001,-120.1140659,2254.134521484380,7.0,196.0,186.0,102.09094345861500
45a0a39f-b4b0-409c-9057-0942c567b7c3,Otay Fire,32.6449163,-116.9454387,163.54013061523400,1.0,235.0,182.0,13.4335728434518
84cb525c-7a90-4d31-8d55-d9729c05b286,Ward Fire,40.050833333333,-120.70166666667,1161.884765625,8.0,321.0,196.0,84.88672620188770
8e3c0b14-01e5-4c41-8641-ff987ac10ad9,Highway Fire,33.884313,-117.642759,146.21633911132800,4.0,52.0,170.0,22.935136963620500
316804d6-471a-4c73-8b05-89b8abc8eeac,Forebay Fire,37.08312,-121.06963,103.55359649658200,7.0,208.0,190.0,18.165568927581900
ccd896f2-f071-4d26-ba9b-f413de4d6b77,Bald Fire,41.1513,-123.8292,805.9326171875,28.0,268.0,255.0,92.66086855933750
2aae391b-7b00-47d9-ba73-d71ad706bdad,Saddle Fire ,40.924,-123.168,1182.8206787109400,8.0,34.0,166.0,120.3423861011830
17b99f78-78b8-4bd1-90fc-5d9c3cb61b95,Pass Fire,35.77937,-120.19482,540.3749389648440,17.0,227.0,219.0,46.70221212553960
e3272697-2587-45ac-b525-76b85fabaa90,Chiles Fire,38.5287,-122.3415,240.9299468994140,34.0,278.0,255.0,90.41684390250290
e2077d05-1f06-4939-8857-9f630a4b722e,North Fire,38.260777,-121.135426,35.31003952026370,1.0,104.0,177.0,2.018963493537640
7934d7bb-15e1-4217-8fa1-552e4f3d8091,Fork Fire,40.0133,-122.552,249.4138641357420,4.0,169.0,178.0,25.571672306753500
fc2ea6bf-e925-49f9-8390-9997c01b612d,Wildcat Fire,32.9421,-116.8534,412.4067077636720,3.0,153.0,176.0,16.7792458270726
17616590-ce26-4c73-bf81-70d338d027ce,Lake Fire,34.160277777778,-116.89277777778,2070.852783203130,7.0,341.0,187.0,81.37131937428510
b5fa450f-9b84-4d90-9956-bda9dfe32f28,Cook Fire,39.2688,-121.26471,181.33978271484400,33.0,258.0,255.0,55.326636440484800
fa8ba2dd-c9f7-454a-870b-1b39c0d8b31a,Corrine Fire,37.165767,-119.523943,468.3034057617190,17.0,192.0,191.0,46.63858842139190
0f537c6f-8a74-48f4-9fbf-ad00942ffba0,Red Fire,37.072561,-119.6958,221.27528381347700,3.0,275.0,191.0,24.2820719220342
1ca8b1e7-5590-448b-86ba-6dfa4937baa6,Dixie Fire,40.875667,-121.033667,1317.815673828130,2.0,293.0,186.0,12.470243721597000
e7b2df46-649e-4fd9-81c5-daadaa57bc8d,Loma Fire,37.974123,-121.833751,73.37734985351560,16.0,127.0,140.0,35.34706527410920
e61d1b0b-4f19-460a-a6ac-e83a6e0a05a9,Calgrove Fire ,34.361007,-118.535793,456.9698791503910,4.0,279.0,194.0,42.39162589167750
ff28ce24-a13b-4903-85de-faec825de35b,Sterling Fire,34.165974,-117.243878,504.4519348144530,13.0,262.0,221.0,64.97275035911550
7c98e8db-6a6a-4f66-bfe7-7d24e926c986,Pleasure Fire,38.519132,-122.181878,207.2820281982420,23.0,118.0,118.0,46.11883052883430
56dc8f9c-98e5-4aad-b3e9-bbee503b29e9,Covelo Fire,39.7806004,-123.248214,423.0378723144530,0.0,357.0,180.0,2.507136499697820
8d5b00c1-0ec0-43bb-a03e-822d5fe2af52,Black Fire,39.8448,-122.3638,174.38243103027300,4.0,312.0,189.0,6.797209826417290
58dda3b8-3643-4f73-bee0-0a4cae0cb079,Soda Fire,39.0263,-123.303,468.8610534667970,22.0,10.0,168.0,41.43025405490740
28b81794-bb66-466e-b9dc-337c47be5678,Sky Fire,38.4113,-122.0789,356.23687744140600,32.0,87.0,84.0,82.09911688281780
dff0f39c-bed4-4910-9c22-d9ccd4142809,Ascot Fire,38.1029,-122.1578,112.20861053466800,20.0,245.0,236.0,33.15238409124510
64fa2a72-b964-421d-b88f-5ac2e37647d4,Keswick Fire,40.5953,-122.4397,157.4913787841800,6.0,39.0,169.0,24.96769904814590
c8fb2c4c-2275-4ad1-aef3-859e332a1a47,Mill 2 Fire,34.0783472,-117.0487863,810.5302734375,3.0,245.0,188.0,26.965464381939200
598a3d54-ce60-466e-b44f-0e7c8f9e4ff5,Deer Fire,35.7183,-121.0157,296.4044494628910,11.0,118.0,151.0,45.04739690140240
48284911-67cd-4394-8aad-053d3b2cf5db,Spider Fire,33.986204,-117.43942,308.1204528808590,2.0,293.0,187.0,36.480215509480400
ca7da36b-1951-4d52-92b2-1a0b04aab586,241 Fire,33.7626,-117.7274,317.0087890625,15.0,342.0,195.0,35.877194124669900
8b35629f-50f4-4b32-b286-ce48cb1200e7,Cooley Fire,41.8048,-122.5029,865.2805786132810,2.0,89.0,173.0,19.484235389359000
98b0706c-ac34-4d9a-9ceb-55996099daed,Lake Fire,33.21407,-116.73472,821.0089111328130,1.0,17.0,180.0,47.93628689597690
3d81d2e5-d6e5-4368-864b-a9e29e7e5022,North Fire,34.339,-117.478,1092.9913330078100,3.0,280.0,188.0,31.55195824673750
0c9948a7-98ad-4b42-888e-a7c2a4f536fa,Pines Fire ,34.367,-117.683,2151.905517578130,31.0,302.0,255.0,124.17967412121200
296fc88f-e646-4c89-9b46-3ac0f88ff910,Betabel Fire,36.8727,-121.5681,123.16629028320300,8.0,215.0,194.0,32.90755728747870
9e2f6af4-ea45-4163-b6a1-e1fe9571fda3,Triple Fire,36.085212,-118.824235,275.5498046875,6.0,206.0,189.0,38.1387736377969
098eb80f-1ecb-489d-baef-1440fa0e98d6,Dorris Fire,41.999341,-121.891226,1267.9931640625,4.0,34.0,173.0,32.03655670547880
c2279826-dc2f-4eb5-9d3b-3d03eb0b139f,Wragg Fire,38.4994,-122.1145,282.43902587890600,36.0,179.0,178.0,82.56444658142090
3135c367-1274-4cc4-9152-661f6fd7707e,Creek Fire,38.40958,-122.43172,224.91798400878900,27.0,90.0,97.0,48.50929593144430
ee7ec0f0-4f5d-4fe1-b2fa-bc15f91519b3,Baxter Fire,38.9361,-121.1548,298.9705810546880,22.0,55.0,125.0,30.122630699449400
74635a69-f34f-4c6e-9e09-1a32d732bb42,Kyburz Fire,38.776,-120.404,1037.796875,23.0,241.0,242.0,96.46147848710800
0da79ccb-9701-4c27-8831-f10593fb8a90,3-11 Fire,41.29226,-121.172117,1321.9708251953100,2.0,333.0,183.0,36.388355592418200
12f68592-30e3-461c-b489-bc99ba52a38a,3-12 Fire,40.856422,-121.101623,1405.05517578125,1.0,4.0,180.0,38.65931537012140
d7757da4-f9e1-451f-8316-26065888dfc2,Cutca Fire,33.383889,-116.868611,1311.4012451171900,18.0,328.0,210.0,98.04106804622550
a80b8ab7-eba5-4ef7-9992-0cf828138f1b,Park Fire,32.682547,-116.51684,936.5474853515620,1.0,28.0,179.0,36.97150516888620
d6b4bed4-f3d6-488a-a2fb-54c7cbfbd8b3,Lowell Fire,39.192088,-120.882313,814.9523315429690,3.0,313.0,188.0,62.64470397596440
8be9d271-ed9c-4bc9-9c22-4eff8956ab7b,Queen Fire,41.295667,-123.784067,723.9016723632810,19.0,176.0,176.0,117.21574520601200
8650f48d-5ea2-4dfc-96d2-f0d3f300b1e4,Willow Fire,37.279722,-119.50014,956.5033569335940,13.0,247.0,217.0,50.08755168122760
fe668595-0980-4f41-af0c-3f14c4d391c2,Mark Fire,38.052,-120.5577,384.9778442382810,11.0,188.0,185.0,31.26449755730820
57397ed5-93a3-4e60-9142-9a3e38164ee9,Sullivan Fire,37.24523,-121.20324,319.9045715332030,29.0,201.0,212.0,56.77826429156240
0a645cbe-2d5a-4e2b-80c9-cb9167641cca,Buck Fire,40.1093,-123.774,338.90673828125,34.0,209.0,230.0,99.01113100340550
c316e4c3-4455-4a12-8ecc-af75339adf8f,Cabin Fire,36.24,-118.54,2024.5587158203100,24.0,57.0,119.0,86.23198411392790
7428460d-f47d-45c0-8a86-3fb653829860,Swedes Fire,39.43963,-121.38794,433.9796752929690,17.0,322.0,213.0,26.24759784103600
23e85238-2966-452c-8f21-fa93a51e889b,Rocky Fire,38.8863538,-122.4762475,730.0991821289060,1.0,305.0,182.0,29.49098519693680
259d9359-0cc2-4058-bfc2-f28ab2a540f4,Mallard Fire,40.509552,-122.199227,175.13731384277300,7.0,174.0,178.0,7.810217121292030
efe937e3-8b63-4495-b578-e2582fb2166d,China Fire,40.415108,-122.439939,207.74118041992200,4.0,209.0,186.0,18.5175187462856
55a1ec97-90fb-48df-8414-203b91adcd76,Big Creek Fire,37.823,-120.15644,915.546142578125,7.0,181.0,181.0,34.047633236213200
72c7a5c9-82c2-44c4-8bf2-241fb36e1ee7,Tulloch Fire,37.83618,-120.61691,219.7922821044920,8.0,180.0,180.0,33.98942486462820
652938d9-2f23-41d8-a49c-30b218594762,Vasco Fire,37.81629,-121.68113,215.6860198974610,7.0,249.0,201.0,39.19632452451600
8232dfd5-eda3-4766-83ec-83365cf21d93,Sprig Fire,40.49865,-122.20109,155.25328063964800,1.0,165.0,180.0,7.187670181021830
2a6270c5-859f-4ffa-91c2-ecbee5ebdd7b,Advance Fire,36.49845,-118.9009,550.5919799804690,18.0,21.0,160.0,98.5294791113839
9f031bfa-47bc-4fee-aca1-988462d6ab53,Mendocino Lightning Fires,39.43301,-123.36316,489.6069946289060,3.0,209.0,185.0,47.96444995409180
592f14da-405c-4e6d-a83b-8937322524ad,Anza Fire,33.5736,-116.5387,1515.3983154296900,31.0,198.0,209.0,66.84939406100920
a063b897-28aa-43e5-b608-1b79f770050c,Frog Fire,41.399,-121.392,1349.39599609375,2.0,195.0,182.0,4.366416971223260
dfd02b2e-7e2d-4636-a178-0ebff2d170c8,Fern Fire,40.67868,-121.93244,790.8089599609380,3.0,196.0,183.0,37.66691058401340
f136ba8d-f6bb-4bad-9815-1d56f9dc8650,White Fire,34.9522,-120.2903,248.74974060058600,29.0,300.0,255.0,81.36944334658490
139766ba-33ac-442e-9a6b-b78d270c110a,Francis Fire,39.33303,-121.18735,263.3807067871090,33.0,253.0,255.0,102.90900972589000
6c5fcfc7-659a-44ee-b225-c4ae919882e7,Point Fire,40.3929,-122.40546,164.21421813964800,1.0,180.0,180.0,9.53236822112681
293c6467-7b2e-43a3-94c1-41cec4339b67,Dodge Fire,40.938,-120.105,1896.97314453125,11.0,344.0,190.0,55.1541315617018
3cc1aa4c-b87d-4b4d-99b1-83dc56291b33,De Luz Fire,33.4115972,-117.2886249,224.2161865234380,5.0,345.0,184.0,37.81338409523480
ffbc1cb8-be33-4483-8442-85ab2587dce4,36 Fire,40.3506868,-121.7786799,1017.8845825195300,10.0,350.0,186.0,93.61517231554430
94a7ae52-fed9-4997-b972-1761aa4b89ca,Jerusalem Fire,38.8142503,-122.4867319,318.7781066894530,8.0,312.0,198.0,25.44376088060760
fde8f46b-0225-4489-be2d-68453a524190,Cuesta Fire,35.3477,-120.6269,543.4087524414060,39.0,294.0,255.0,87.88273352493500
cbaa4a28-c732-4c11-9d44-7da6c3bd8e42,Horse Fire,40.1058823,-124.0720419,619.3778686523440,35.0,31.0,127.0,104.2922493997460
8fc920eb-ca45-4d77-9a92-1326eca602d6,Tesla Fire,37.3845,-121.3732,633.1210327148440,22.0,160.0,157.0,70.88328894820000
909d6135-070c-4e3b-ba22-23877fb603c3,Grade Fire,38.831478,-122.53428,569.0489501953130,10.0,138.0,159.0,35.50070945031960
02d470c1-bf41-4ff9-9424-f680cef5bbbc,Peterson Fire,38.925764,-122.879272,461.85546875,5.0,223.0,190.0,16.599967273346800
d0875efe-54fb-4cc2-b647-4f4d210df118,Summit Fire,34.23,-116.883,2254.625,13.0,305.0,213.0,107.66966596930000
da522578-443a-4c52-a9bb-d72bbb84dcdb,Democrat Fire,40.724898,-122.96174,799.2708129882810,9.0,268.0,208.0,80.34800097494970
bb500714-470e-4529-a15a-11d96e85cc68,Kramer Fire ,41.12362,-121.194256,1257.9677734375,0.0,123.0,180.0,1.1280527762303000
40f44488-051f-4412-a577-c932f2ce751d,Oak Fire,38.04684,-120.30188,1168.0604248046900,20.0,254.0,240.0,61.026168473127900
75c14933-9916-4dfe-ac66-7d98706a5172,Center Fire,40.400196,-120.553075,1265.301513671880,5.0,249.0,194.0,8.43936323242127
9a3df964-7794-411c-9043-967476fe77e6,Creek Fire,40.400196,-120.553075,1265.301513671880,5.0,249.0,194.0,8.43936323242127
13466833-32d1-418b-b145-f7ce1f7bf66e,Butte Fire,38.32974,-120.70418,538.7173461914060,8.0,132.0,162.0,64.01943745752560
f7067bff-efb4-4ca6-a627-6145836857ec,Lumpkin Fire,39.5218,-121.3363,541.145263671875,34.0,299.0,255.0,115.940277747008
dbd39ec2-546c-4afc-9ff2-b1939eead03e,Walker Fire,40.47512,-122.52541,305.2319641113280,4.0,140.0,173.0,9.93711691893136
897d01d8-dd38-43e2-bcd6-fa62aac03318,Munjar Fire,39.8707,-121.8938,99.68580627441410,1.0,158.0,180.0,6.0399526977497
8c788c0a-d1fc-46d7-a17c-23f786831f7d,Rough Fire ,36.874,-118.905,1866.1839599609400,29.0,268.0,255.0,159.21394387509700
7106ba43-100b-41f9-acbf-9fb9e9ab9ef7,Taglio Fire,37.2171,-121.08036,63.659942626953100,1.0,27.0,179.0,5.228866422528630
c6f0705e-8bec-4a00-92a7-dc47245de7fa,Solimar Fire,34.31953,-119.34512,278.0619201660160,21.0,221.0,222.0,66.83470173309990
3f31752f-4f51-4705-9fe4-50beec88a0e8,Potrero Fire,34.15,-118.879444,311.1393127441410,4.0,126.0,171.0,35.686788628231600
8e71e23c-6161-480e-b8ca-f03147475e4d,Cienega Fire,36.70854,-121.32734,278.21844482421900,15.0,212.0,205.0,39.62850887398450
fbd3c0a8-7191-473c-bb05-43616711b6c5,Gibraltar Fire,34.4828,-119.63216,1020.17626953125,32.0,106.0,87.0,96.78307470391670
c27d03c6-361e-44b3-8335-a1fe06f88fd7,McCourtney Fire,39.081,-121.194,361.2897338867190,11.0,279.0,213.0,25.882220464648800
1f54817c-8832-4a47-8ede-ab8072f52677,Tassajara Fire,36.3699644,-121.589554,551.3155517578130,25.0,250.0,251.0,75.08993277551390
9569dcd6-c94f-4849-a90a-db58bfc77bee,Laureles Fire,36.5696373,-121.7556029,129.48500061035200,1.0,224.0,182.0,28.01254539590210
ffec404e-dea9-4175-8c50-8f2b0ca3efdd,Tulloch Fire,37.927613,-120.528836,244.80018615722700,2.0,172.0,179.0,28.811189687999500
55fa95e6-f09e-42c4-889b-a4b5b63dccf2,Metz Fire,36.38123,-121.20059,267.18731689453100,25.0,127.0,118.0,67.7406702579885
ace1f464-7a70-4dcc-b8c5-d64fb1021d0e,Wheatland Fire,34.276,-118.354,366.5274963378910,13.0,216.0,204.0,54.05158002703850
09ab0430-7679-494c-96d4-d7d938351cf4,DeWolf Fire,36.88286,-119.654,126.2320785522460,1.0,358.0,180.0,2.272090213196150
648cfdd4-f3f5-4faf-8ab1-a6f2cb5d9a6c,Coe Fire,37.17072,-121.42238,556.7777099609380,23.0,41.0,135.0,43.914689968970800
5080eb51-53e5-4338-95ec-618efe2bd7d1,Dunstone Fire,39.33035,-121.78973,22.629369735717800,0.0,296.0,181.0,0.3960217327710610
6227f4ad-3e40-4f3b-b210-3e55483e1e84,70 Fire,39.624017,-121.595093,132.3743896484380,3.0,310.0,186.0,19.021003198590400
1d76ca50-aa10-4f90-bd99-a80bcf2eacce,Shedd Fire,35.61961,-120.39993,365.1537780761720,6.0,105.0,162.0,18.1796906863782
afaa2efe-d946-4ff9-93c2-459aad31b908,Bryson Fire,35.8378273,-121.0381507,289.66265869140600,2.0,268.0,186.0,26.58152736745140
f1769b9d-c522-4a0d-92a7-f9c8321b9f1d,Avocado Fire,36.78769,-119.38248,453.6581726074220,17.0,221.0,214.0,81.54131906017160
e0de216a-9544-43ad-9b9f-bc05247f0550,Athens Fire,38.8390117,-121.3090268,38.131935119628900,1.0,100.0,178.0,2.1281352462367900
c88af25d-aff4-4b20-9c58-0b819c8ae99a,Pala Fire,33.41639,-117.08829,403.3160400390630,29.0,98.0,94.0,98.9963471210606
5f422963-a30c-4cda-9427-7a0e028b6039,Coal Fire,39.595,-121.6008,141.83087158203100,3.0,220.0,185.0,28.94814187644860
42fbaa73-e3c8-44ac-bf83-a576be6a804f,Frazier Fire,35.70821,-120.82266,325.9557800292970,38.0,43.0,106.0,43.30561272429140
2225d427-97d7-4d71-a83a-814f38a1c947,Campo Fire,38.22017,-120.8678,90.87220001220710,7.0,260.0,203.0,17.734192141493700
b1b2a50c-c131-4be2-9398-8adee38c1c19,Paskenta Fire,39.93965,-122.40142,161.3762969970700,1.0,39.0,179.0,3.170308557156510
d570e949-a098-4af0-84a4-d70c4a0e89c9,Moore Fire,38.86804,-121.37704,29.031986236572300,1.0,170.0,180.0,1.411171685739360
f2b5faf1-9ff0-48b7-8151-25880262bec1,Aukum Fire,38.64107,-120.6955,657.6539306640630,19.0,97.0,121.0,34.66790081730400
a757d4f9-2aa1-44c8-b986-ac00ca2fafdd,Hidden Fire,36.80296,-121.40304,173.89376831054700,19.0,337.0,204.0,35.618656949903400
c5d590f0-97fe-4ac3-987d-ebceed6dbfc2,Clay Fire,38.3131,-121.06452,51.96115493774410,1.0,302.0,182.0,5.447032458754540
403e6185-c0e1-4b8f-a290-b50553a47b67,Temecula Fire,33.476894,-117.140883,296.2602844238280,5.0,280.0,195.0,36.88156732858940
b8cf80c7-b617-4fe4-91b0-43b40d38c7f6,Coleman Fire,36.01542,-121.25029,326.0546875,1.0,221.0,183.0,13.217897192775000
20e4887c-b772-460d-98be-d60f39171aeb,Keswick Fire,40.61388,-122.46777,241.3501434326170,7.0,286.0,202.0,30.552689033542600
fef2ab8a-20d7-4dc3-b5c9-363aa1debef3,Camanche Fire,38.26874,-120.90265,107.23737335205100,4.0,205.0,186.0,45.4067488387614
33099cdd-ccfc-454e-b5a3-770a69a30bd3,Border Fire,32.60729,-116.63028,698.9554443359380,10.0,247.0,210.0,43.63072061071110
ae6a40fa-c0f3-460b-8e19-fbf4b5803bb8,Arroyo Fire,36.2833,-121.3306,294.3274841308590,36.0,142.0,115.0,101.73156486440200
10a8344d-e2c6-4585-8094-bbb30e48db8c,Hoag Fire,39.7947,-121.857,69.06834411621090,1.0,217.0,181.0,4.594952602430490
bae93037-2a91-4189-b256-3325cd2b6979,Cotton Fire,35.77135,-120.251,448.71136474609400,3.0,308.0,188.0,30.44868931005150
fb7d6492-444e-420c-9111-0f8999d3af04,Old Fire,36.49914,-121.04993,637.7373657226560,37.0,84.0,72.0,87.05832380938520
103e1cb6-0a02-4ca8-8739-4cf77b5d1c98,Pony Fire,41.623,-123.557,1524.787109375,42.0,101.0,63.0,125.0106595516390
ffb3293b-3349-49c5-a7cb-c488391e8a72,Sherpa Fire,34.776,-119.643,1606.126220703130,12.0,315.0,208.0,43.29093035766990
eb0fe9ad-f9f5-4bde-ad34-527ffd647669,Creek Fire,38.69971,-122.15457,345.6657409667970,24.0,268.0,254.0,64.47405447936000
6b542aff-fa1b-46fc-b3da-26c1afdbc446,70 Fire,39.43351,-121.6051,40.49301528930660,1.0,137.0,178.0,4.075614979477330
91816ff6-d4ec-4f31-8d40-bf2538aca09b,Erskine Fire,35.6115,-118.45628,1053.1109619140600,27.0,320.0,233.0,125.1868740970270
61556003-7789-4b9e-8f16-5563624b4621,Lowe Fire,36.1934,-120.9293,364.0567321777340,14.0,132.0,147.0,45.07780773275440
ec90eb29-e776-43da-a814-0c41463ae3c9,Dinosaur Fire,37.07147,-121.20155,326.0564270019530,17.0,110.0,132.0,68.54234766871110
c27c5212-1891-4105-86ee-9f97016ef159,Laguna Fire,33.57872,-117.77395,265.24609375,19.0,103.0,123.0,41.50689832589430
3822b8a2-1a89-40e8-b239-840cfcda7a1c,Grant Fire,37.74369,-121.58677,98.0821533203125,23.0,11.0,167.0,15.228053386001400
1bc85249-0d96-42d7-a23f-db99bdce17a4,Marina Fire,37.97,-119.14,2307.825927734380,42.0,62.0,75.0,211.5418895085890
489cea9f-b3cb-4615-b412-5ac5724c3976,Reservoir Fire,39.12366,-122.50373,886.8478393554690,27.0,279.0,255.0,70.36940227386780
b604ffa7-8cee-4724-bb82-f1f4553a192f,Trailhead Fire,38.96741,-120.9375,407.0729675292970,32.0,178.0,178.0,136.84152382712500
5689b708-61e8-4451-8ad6-68d9684704c6,Rancho Fire,38.385,-121.003611,89.10099792480470,1.0,335.0,181.0,13.412704275943100
4cfb8712-1b45-4a2e-b0c9-6ed6ddde5657,Big Fire,36.92244,-119.39619,525.3167114257810,26.0,0.0,180.0,53.840741324145700
79b446a4-d809-4aa2-9f30-091a05ed697d,Sage Fire,34.36763,-118.57245,461.0426025390630,23.0,226.0,232.0,35.82050197233940
67c0a269-05bb-4b4f-af22-68a1c5ac3adf,Fiddler Fire,40.36873,-122.72913,348.1175842285160,11.0,150.0,163.0,30.72180423004370
69eaa890-889e-4be9-810d-3dcee8d55981,Colyear Fire,40.0353,-122.56939,364.9598083496090,33.0,55.0,101.0,38.28551411669240
140def53-175c-4f5d-b8e3-de0643781ff7,Deer Fire,35.20993,-118.72272,360.5426330566410,15.0,300.0,220.0,82.07140321006400
8653f541-d3ca-44b4-9edd-5a4a57349f2f,Pine Fire,34.701,-119.144,1916.244140625,35.0,329.0,234.0,79.74638464744220
f88a7291-9122-49fa-864d-b807fa360393,Flores Fire,40.07846,-122.2071,84.68639373779300,0.0,139.0,180.0,1.4216190031428000
423df2bd-4464-44e0-8b8a-74f953613287,Curry Fire,36.0749,-120.452041,656.1320190429690,24.0,187.0,189.0,82.21878303535880
6f07d935-7d64-4be8-8e96-d34384686bf8,Lone Pine Fire,36.58972,-118.15589,1607.796630859380,4.0,106.0,167.0,28.36621039340620
902a3085-e518-4090-a2e5-20d0482b4dc2,Appaloosa Fire,38.02845,-120.61153,505.7578430175780,14.0,233.0,216.0,72.53134155629200
fbe85bec-6399-442f-8a3f-ca4a25bb2b3b,Scott Fire,38.517772,-121.103642,69.1327133178711,21.0,331.0,211.0,11.91568871377030
e55dd16e-1712-4b97-a2f3-add0877b98cd,Frame Fire,36.14161,-120.62048,578.8350219726560,17.0,19.0,163.0,39.229852711474800
8e920d15-72f4-4e76-a3b4-22a364d6cf19,Broken Fire,37.25601,-119.65776,959.16943359375,15.0,162.0,166.0,64.99763196700140
174608a2-14fd-4278-9811-cb7e5e5a3883,Kuehner Fire,34.27619,-118.63264,535.2384643554690,19.0,2.0,178.0,91.5929946485679
7ebdcc3e-f402-4ab7-88d4-82d99d59b019,Shelter Fire,33.11645,-116.58542,1604.3861083984400,17.0,223.0,217.0,86.67328407154700
85832754-5848-4454-84fc-8b0a9abbff40,Pacheco Fire,38.08056,-120.81394,279.86358642578100,14.0,339.0,196.0,27.848621448820400
eb9d05b5-7578-44bf-9eb1-3ddba425ff20,Stagecoach Fire,37.96311,-120.67335,276.1332092285160,14.0,280.0,222.0,12.311655075583100
b6b6ef56-0d7f-4c97-b072-74b712aa1e65,Dunnigan Fire,38.8866,-122.04726,101.62731170654300,1.0,77.0,177.0,8.809246956949200
0dc19167-07b3-45e6-9bad-ad070934616a,Onyx Fire,35.68313,-118.21793,874.7562255859380,2.0,309.0,186.0,38.59740127359180
69b7a19e-7be7-43c1-8779-c7110b22f552,Sherwood Fire,36.92244,-119.39619,525.3167114257810,26.0,0.0,180.0,53.840741324145700
73083049-8bc2-4444-911b-f3d0812fb70c,Famoso Fire,35.60748,-118.94811,366.2122192382810,3.0,160.0,177.0,12.200527364564900
a32de567-3d32-434a-9128-7947deaec3bb,Green Fire,37.0099,-119.5792,350.2618713378910,19.0,270.0,240.0,32.134577554181500
d96a2f4f-8e4d-4534-abe2-d90530e2bbc3,Feather Fire,32.9612,-116.7945,625.572021484375,13.0,207.0,198.0,41.98662471578900
6a75dc36-9f37-4c3a-870d-345f94a8104c,Foothill Fire,39.0863,-122.7891,409.7942810058590,2.0,258.0,187.0,43.45942434778460
be2805af-a801-4ca9-b9e7-14f3b896097e,Bailey Fire,41.96191,-122.59328,810.9390869140630,10.0,224.0,201.0,36.34812676338150
bd2b7bdc-0f92-451a-a3a5-03569d27c952,Goose Fire,37.01591,-119.50507,410.4537658691410,18.0,307.0,226.0,53.309523766756500
2dae3029-2d17-445a-9fac-e95345b179e0,Baker Fire,37.98171,-120.64241,306.1394958496090,4.0,178.0,180.0,54.0353768638462
dc7637b2-fa97-47c7-bbce-c0fd1a015592,Oak Fire,38.33475,-122.02564,73.58857727050780,0.0,43.0,179.0,30.613997940787600
78eccd24-9fe2-4ccd-90fa-a1e0fdc19b41,Roblar Fire,33.393,-117.35093,287.10223388671900,7.0,142.0,166.0,35.48543007088140
5d276af0-17d5-47d5-8f0e-86756d91b5c6,Table Fire,41.71847,-122.36924,899.4583129882810,9.0,225.0,201.0,32.86858663867900
947aab39-3d8a-4841-8fc3-d129d8bbf6a3,Bradley Fire,35.85093,-120.81081,257.1354064941410,3.0,8.0,179.0,39.57222517257140
977ac7ce-4204-4cd3-9f89-727142165261,Soberanes Fire,36.45994,-121.89938,304.7536315917970,38.0,223.0,255.0,86.72516253133640
d045584a-8838-4d64-91dc-3ebfbcd8e708,Holy Fire,33.6542,-117.5221,550.3504638671880,39.0,24.0,134.0,133.4826007006020
383c3df6-a1eb-40fd-b798-41481dff679a,Ken Fire,34.25858,-117.4415,917.328369140625,36.0,2.0,176.0,72.74051054928520
c94fda40-ab7a-42d1-bfc9-ca5f39fb6e7d,Saddle Fire,39.6871,-121.571,366.2093505859380,12.0,58.0,150.0,39.20389864624050
2a2e0af5-24d7-4903-bab4-3705f5d788fb,Ruff Fire ,39.7299,-123.5044,467.89697265625,2.0,229.0,184.0,22.66391303990760
324a3c48-efcc-4385-ab87-baf0b5e29b5d,Spring Fire,34.3183,-117.3189,961.862548828125,5.0,312.0,192.0,9.066948036433660
af8f8070-a3d6-4ca2-8e2b-6da1049a5bea,Phoenix Fire,39.39051,-120.51887,2252.015380859380,11.0,102.0,147.0,49.79167601724510
47ee7239-2bc9-4794-8582-982a92fdda9f,Lake Fire,40.68192,-122.4096,278.463623046875,12.0,197.0,191.0,23.2370793516472
f273dffb-e1eb-48dc-b0f9-908857e78095,Storksbill Fire,38.79549,-121.00299,490.0979919433590,8.0,245.0,202.0,35.45663196582610
0b655a9d-94b3-4095-acfd-d40ac8347318,Rock Fire,33.00056,-116.9571,554.5376586914060,4.0,278.0,193.0,66.96252546969100
416155ea-f8ff-43cf-abf0-e888584bf5bc,Franklin Fire,38.01264,-122.1885,209.9291076660160,11.0,279.0,214.0,31.30460759295840
7066c984-1420-4c59-b175-9536da4c5d14,Fork Fire,37.24006,-119.4741,1113.1876220703100,25.0,335.0,212.0,100.21073224850800
f4026428-ad5a-42c7-b68e-959554a31343,Frymire Fire,37.81434,-120.69521,64.72090911865230,1.0,129.0,179.0,14.031517534562800
4c88252e-34a5-4912-a590-2c4539866c62,Sierra Fire,37.41896,-121.79669,500.4205322265630,20.0,267.0,243.0,50.80742041734330
4f623d67-d74b-4e8f-92f4-ed728970e20e,Gopher Fire,33.22558,-117.14547,196.13998413085900,19.0,123.0,130.0,67.36985467059760
140161a1-ca06-448a-87f2-27e688b2d922,Baker Fire,40.19611,-122.26736,123.83114624023400,6.0,108.0,163.0,6.019989883454450
e5122d1e-2bfc-4fa6-8152-da309e02c004,99 Fire,39.6708,-121.7192,65.13156127929690,2.0,178.0,180.0,16.41817292645340
057fd4e2-7400-4fc4-9b23-3daf67fc8610,Cold Fire,38.52513,-122.06788,419.9836730957030,36.0,222.0,251.0,103.51261682635000
f645bf93-57a3-4fdf-9544-d255f8311dc9,Hart Fire,35.24504,-118.60344,853.8350219726560,1.0,254.0,184.0,28.566099587268600
8505d2db-7c6f-445e-9bff-407e99cac614,Grub Fire,37.3228,-119.7738,733.645263671875,19.0,204.0,204.0,36.14990012026420
38fe21ed-2019-4be9-abdf-bf46ac5f59e3,Deer Fire,38.2581,-120.8657,170.93746948242200,4.0,267.0,193.0,26.019029499227700
b82b0e22-4155-43dd-ac33-1da015b6d3d2,Oak Fire,37.06531,-121.68577,122.63511657714800,4.0,160.0,176.0,56.383992251521300
69c7b8cc-061e-4ca6-b5e8-83c6ae9d8a25,Pilot Fire,34.28771,-117.27338,1481.4884033203100,33.0,213.0,234.0,80.07305238785600
28b9dc5f-f9c0-41fb-81d6-8db562122f00,Kugelman Fire,36.09974,-120.51057,561.471923828125,23.0,132.0,128.0,53.62494738666350
ef4185e8-9b3a-421f-9fae-a0b954b0b3c0,Knoxville Fire,38.68403,-122.26015,162.70530700683600,6.0,260.0,200.0,50.09724295284720
346c59b1-375e-4d42-876a-d97b769c939f,Mineral Fire,36.09974,-120.51057,561.471923828125,23.0,132.0,128.0,53.62494738666350
ea5193a1-69bc-4684-bfcd-235c17d36756,Blue Cut Fire,34.30372,-117.49342,1317.91845703125,31.0,57.0,102.0,85.69301077225280
93995926-26b0-4158-9f93-fec263f40b47,Mountain Fire,40.61213,-122.47091,268.983642578125,14.0,54.0,145.0,35.614034063683700
861bfbd3-ce1c-46bd-a32b-2848b7399119,Summit Fire,40.9878,-123.77832,919.37451171875,36.0,221.0,250.0,137.4376626369860
040d03d0-fbdd-438c-8174-f81e4a1bba57,Chimney Fire,35.70595,-120.98316,355.85565185546900,14.0,110.0,140.0,41.26527071767730
a0950d5e-6f35-4023-bb60-6737146ba7bd,Clayton Fire,38.89741,-122.60664,437.7833862304690,11.0,62.0,149.0,18.70378993929270
e247e423-6171-4184-9dca-b373de703885,Cedar Fire,35.7506,-118.5678,1864.8212890625,21.0,359.0,181.0,85.10780563795440
bc2fd9c2-da5c-4cd7-bbec-9daf2143a196,Stafford Fire,40.4572,-124.05804,37.29250717163090,2.0,340.0,183.0,48.097109299151000
2d2aa30d-5c3f-4f46-97eb-54b63bec7f3a,Boys Fire,38.558,-121.1309,73.64458465576170,4.0,210.0,186.0,10.170316507783700
63643257-f082-4928-bf0e-77a0417a4613,Sunny Fire,36.84479,-119.34487,586.509521484375,26.0,229.0,239.0,107.48156947413600
e935ecb3-5eba-43f8-ae02-624b3d5bc03a,Oak Fire,37.11831,-121.69784,161.51353454589800,0.0,0.0,180.0,46.28299156207360
822c934f-11be-48a9-8e60-f3f6802ef24d,Beale Fire,36.16965,-121.38775,1524.0325927734400,23.0,356.0,185.0,122.12985910151700
b44c3b1e-b243-455e-9ca9-9a1b5570e003,Mina Fire,39.8748511,-123.4267011,479.8379821777340,21.0,174.0,173.0,96.59421642550270
fa457abb-66d2-4f82-80fd-452e824e871f,Havilah Fire,35.4976,-118.5097,1131.2310791015600,8.0,322.0,196.0,91.58354424947320
85683fd7-b507-4ec7-8bbd-fb7033a42665,Gap Fire,41.851,-123.118,954.9610595703120,21.0,277.0,246.0,70.9596710616325
86166c24-3a85-42e3-a53a-ebb1d935fb8a,Bird Fire,37.62215,-121.36665,92.42767333984380,1.0,14.0,180.0,10.319895358090500
da72b0c2-835d-42a5-8fa8-4de5442610cc,Tully Fire,41.28486,-123.82268,74.19929504394530,19.0,116.0,127.0,127.31395811688200
1243f711-c29f-4bc3-a7e7-c705a6fc40f2,Willard Fire,40.3915,-120.7845,1408.736083984380,2.0,127.0,175.0,28.60571092590650
c55cc099-43f6-4a55-81b4-59ee03618511,Santos Fire,39.79547,-121.71662,419.7214660644530,11.0,88.0,146.0,44.52899359764240
db833182-22df-44cc-ba10-0901e74222bc,Willow Fire,38.1874,-120.6381,432.1534729003910,11.0,284.0,213.0,38.05394182619500
954fb899-decb-461b-a0dd-76442e3370d3,Tule Fire,36.1648,-118.73906,1232.17138671875,16.0,152.0,158.0,193.24349911280100
a2a6199c-704a-4826-a51b-23e6ee123349,Grade Fire,41.7813,-122.611,1007.3272705078100,21.0,155.0,153.0,105.0866663620720
97772dc4-7fde-4412-982c-974b3316e22b,Howard Fire,41.4657,-120.9066,1426.0771484375,13.0,53.0,148.0,58.683716698439800
2656ad63-b3e1-467f-9982-0229fd31c0f5,Range Fire,35.2013,-118.7212,545.2952270507810,18.0,254.0,233.0,133.37634197214800
1780f987-76f9-4a82-81bd-6cb914758eec,Mockingbird Fire,39.1408865,-122.9148951,414.8114318847660,7.0,73.0,160.0,16.746164388287400
ed16bf52-f886-4384-b841-2e755234aa29,Moffett Fire,41.6314,-122.7933,925.4693603515620,7.0,202.0,189.0,85.39017730377380
69e1a36d-21ab-4feb-b31c-dbfac4bf62d1,Old Fire,39.8851,-121.6998,296.43310546875,4.0,151.0,174.0,64.94160577668150
060ef833-2d3f-47d4-a1d4-146d1b9a5928,Hog Fire,40.30594,-122.1295,191.5468597412110,4.0,2.0,180.0,16.34192600720010
f66ae0d0-837d-4ea9-a7ed-6a78d9bde940,Old Fire,37.75972,-120.029626,912.2940673828120,22.0,275.0,248.0,82.7287519092421
1f8b3267-c3bd-43f5-9733-2b30c97d45ee,Auburn Fire,39.20427,-121.05948,739.1364135742190,1.0,232.0,184.0,22.495412659982900
821c040d-a17c-4934-990f-ca7d441a303a,Owens River Fire,37.75985,-118.95309,2366.55224609375,9.0,28.0,166.0,55.46706617316010
92c20948-6ff6-4a2c-b13f-32c75e71b16c,Soup Complex,41.2649,-120.3178,1724.056640625,22.0,128.0,127.0,75.93212580327070
f6afb8c4-32dc-4e6d-8d30-e6b7ccd4a62f,Canyon Fire,34.63445,-120.54421,191.6165008544920,4.0,63.0,169.0,42.94659978822640
686e1300-65d3-4e07-8a88-e5952418649b,Washington Fire,34.75134,-120.55297,121.76077270507800,1.0,294.0,184.0,10.358317712842600
b4940174-75d0-4f5e-b505-4a66c17a9157,Bangor Fire,39.4403,-121.42647,228.16061401367200,5.0,134.0,170.0,37.37533123968100
f669c502-b400-4ad9-ae95-bfd9c31f903c,Butte Fire,39.188321,-121.78003,56.39012145996090,1.0,151.0,179.0,26.80823223516660
0bf08653-1441-4e73-b24b-1296afb12b45,Bell Fire,38.5212,-120.8416,346.66180419921900,16.0,263.0,229.0,48.67795681369120
3a4871dc-2299-4934-8a31-b92780fe31a3,Marshes Fire,37.79635,-120.32484,640.243408203125,25.0,216.0,225.0,93.6537458123774
2e8eb057-1d9a-41a7-ab9f-9b85ce3374c4,Newmark Fire,36.6543,-119.5327,98.3150405883789,0.0,257.0,180.0,4.772162139322290
8a4c92b3-c1aa-41e0-aaed-999d73f0a418,Cow Fire,40.0,-121.93923,249.84744262695300,10.0,263.0,210.0,47.14762190396530
8d9b87e4-6fdb-49e4-ba6d-be85ffd6b222,Sawmill Fire,38.80017,-122.82895,519.9008178710940,14.0,91.0,136.0,113.07272942128700
abd0a296-217d-4a6a-9da0-5eb05f56f863,Tobin Fire,39.92,-121.32,590.6018676757810,28.0,130.0,115.0,124.20470620779600
2dfac408-d2ab-4ff9-94aa-91be9d07bb59,Loma Fire,37.10632,-121.85318,960.1561889648440,31.0,3.0,175.0,87.80617146417140
59084c8f-904c-42cb-9aa8-cae4a1f8c6ef,Sacata Fire,36.94536,-119.25959,547.3184814453130,34.0,220.0,245.0,108.4362762186070
81ef7517-ab3c-4d1a-8ddd-b5d69404676f,Emerald Fire,38.93449,-120.10744,2207.0234375,36.0,132.0,103.0,149.37877290721600
6f600260-2bdb-4f53-9d1a-eab8afb3a11a,Gopher Fire,33.254355,-117.158475,148.89071655273400,11.0,133.0,155.0,61.85608666593500
ca1227b3-1458-44c9-b32e-2994e309f940,Marek Fire,34.31,-118.335,747.0629272460940,33.0,203.0,219.0,110.86829491322900
2458cd6c-82d6-43ef-b509-706e3af69451,Jacobson Fire,36.217,-118.551,2270.020751953130,28.0,22.0,149.0,114.91753579317200
89c304db-e288-4582-90d4-884d57fd71f9,Meadow Fire,35.984,-118.551,1595.7769775390600,24.0,165.0,161.0,87.53461020216820
a97e2077-2013-459a-baa7-276781503e3c,Aqueduct Fire,35.92436,-119.94083,151.45086669921900,4.0,104.0,169.0,12.073791402391600
95960fa6-58ba-4b4e-aeb2-ada97d699908,Grace Fire,40.48712,-121.85645,1076.863525390630,1.0,223.0,183.0,15.124523486538400
31b0e75c-b0e2-4796-b8a7-efc49e4c59a5,West Fire,41.16716,-120.58342,1903.2459716796900,10.0,257.0,211.0,54.44592330008400
b12ae71e-c6c8-4eab-9aab-d17d1879a639,66 Fire,33.56777,-116.08003,-58.91458511352540,1.0,246.0,183.0,1.736030455665360
0cacf259-1ba3-4e8c-a938-feaab2655c4b,Jayne Fire,36.07228,-120.26561,315.07916259765600,8.0,112.0,156.0,34.47314298136480
b8bdbd12-e3a2-49e0-8d65-7c18b8d584bf,Soledad Fire,36.44141,-121.34695,54.34424209594730,0.0,328.0,181.0,1.2194553850404700
17a7d561-bee7-454d-a0aa-ac450907f6fd,El Dorado Fire,36.530836,-120.206592,57.5226936340332,0.0,50.0,180.0,0.8063492242223600
d804eebf-71de-46de-90c2-cdf0694d27e3,Tumey Fire,36.5355,-120.6585,743.673583984375,13.0,25.0,164.0,46.33214802700890
45699833-fa34-4eed-9520-8c8019426122,Tower Fire,34.30104,-117.45646,990.2294921875,22.0,174.0,173.0,69.25436689538270
c254df3f-a241-4983-a880-e12944a9f7b2,Opera Fire,34.00566,-117.30693,357.92645263671900,3.0,324.0,187.0,62.773305528571000
7fc71135-ee3b-443c-a859-90672936e0c1,Jameson Fire,33.7866,-117.5048,327.5379943847660,17.0,46.0,143.0,33.94526555624080
f5237d47-f15b-4f4b-8b1c-6f11235f954d,Fay Fire,35.71704,-118.30601,1044.796875,19.0,243.0,233.0,64.98441275333910
87d7fb46-00f9-4bae-ba35-a7ef8e58a70e,Olive Fire,35.78286,-120.22647,603.3626098632810,26.0,204.0,212.0,64.10484705362510
c7e3bcbf-1065-4e45-a4a3-bf0b5ac6aa23,Shandon Fire,35.6879,-120.3317,390.5810852050780,14.0,50.0,148.0,25.713828779784200
eca1021e-dfea-4dec-8470-c0eb7e4d479b,Sonoma Fire,36.45491,-120.2445,79.39998626708980,0.0,65.0,180.0,1.5606538961764500
5115a26e-e8e8-42cd-9aeb-f5c41efd770a,Hub Fire,35.60001,-118.4683,795.678466796875,1.0,197.0,181.0,50.51827982006810
63a81990-8521-409d-9c22-92d1c33e0353,Wright Fire,36.96655,-120.89261,110.51394653320300,11.0,149.0,163.0,19.55213639357150
1423af4f-16d5-4f19-a01d-fc3ebc124201,Nacimiento Fire,35.77082,-120.92482,438.1816101074220,10.0,218.0,200.0,51.25399608051440
48c4b519-eaf5-4ae8-9470-31e8770a70ac,Canyon Fire,33.88466,-116.99229,667.943115234375,15.0,106.0,135.0,26.2850098884762
9f416f37-a8ca-4127-a6b7-02626fd32e06,Feed Fire,35.05076,-118.90004,200.8539581298830,1.0,359.0,180.0,6.794965608070270
5b3329f4-1e37-4b5a-9ed6-6f8d74f495c3,Arrow Fire,35.21177,-119.87525,590.3128662109380,1.0,11.0,180.0,5.469542892376930
0fc2a05e-689f-4c7c-b2b4-a987840b4f2c,Bravo Fire,35.41283,-118.84466,262.8108215332030,3.0,189.0,182.0,23.1095653975971
75bb079a-1de8-4824-a933-e19f69948438,Pine Fire,36.1727,-120.86682,358.2358703613280,6.0,252.0,199.0,41.53787563805540
2d12b95c-3f4e-41bc-a771-8ae2cb80b99e,Lonoak Fire,36.2771,-120.94328,271.2638854980470,9.0,307.0,204.0,20.57949254542770
9a555129-982b-486f-a333-c96b3f9c4d2e,41 Fire,36.90967,-119.79315,116.31859588623000,0.0,62.0,179.0,2.094396042989070
048c085b-3162-4906-beef-7aa2ba1b868d,Camp Fire,35.34541,-120.76464,50.24953079223630,5.0,201.0,186.0,21.185695226185300
65062933-27cf-48d7-8e4c-9a7ac78e65ff,Elm Fire,36.12089,-120.37116,215.52577209472700,0.0,12.0,180.0,10.19314956117260
3fce8146-ff21-4399-9a94-f37124b34331,City Fire,35.983,-119.91508,58.400657653808600,0.0,63.0,180.0,0.5066277669311030
9348a031-c7b3-4165-890a-37a7eb7405db,Moraga Fire,33.97155,-117.44148,232.1352386474610,1.0,104.0,176.0,16.038139347325200
b3fc6dff-f13a-41c4-b7f3-e9e960a941d5,Manning Fire,36.60736,-120.5828,177.25306701660200,1.0,7.0,180.0,6.145041463314960
3d595f75-d59e-4453-b25c-48207b02f529,Deluz Fire,33.3906,-117.32348,146.0184326171880,37.0,98.0,74.0,60.27698257822110
c4d0a25f-02f6-4877-a944-8f5d50bf2335,Gate Fire,32.65597,-116.80527,251.89376831054700,13.0,254.0,220.0,54.72715585370280
fbc11fc4-573b-465f-a9ac-a879ee2cdda2,Rocky Fire,35.556667,-120.474,429.8746337890630,24.0,344.0,200.0,35.90084933093670
39967485-2cf1-4f0e-9cf1-ccfd25f6e2bf,Ming Fire,35.4605,-118.85896,296.03076171875,20.0,63.0,124.0,42.568957205452200
fccf2545-cab8-452e-829c-8379054831f0,Moreno Fire,33.94673,-117.17773,563.5767822265630,2.0,160.0,179.0,12.707926143288300
06b43461-94d0-4379-a1d6-fd26ba93ceea,Wasioja Fire,34.9465,-119.8036,734.9710083007810,16.0,158.0,162.0,24.71005431974660
9b9bf8b4-8378-46e5-a760-67e89e2279e2,Ribbonwood Fire,32.679,-116.29296,1109.1083984375,4.0,186.0,182.0,15.805979920254800
f5ef2d0f-66a7-4d75-a9e8-03c42524d723,Bitterwater Fire,36.35578,-120.99552,586.9149169921880,29.0,328.0,227.0,39.28792756707670
54ddf2ef-28b0-4c34-bfe0-1d084f4f57e2,Smiley Fire,33.96419,-117.20507,753.7482299804690,11.0,129.0,154.0,48.48109277894220
bd671dbd-dd3c-413e-b453-4002e382325d,Range Fire,33.34988,-117.39818,102.34363555908200,6.0,328.0,190.0,25.080545190637000
45a205f4-bcd2-44bd-886b-26260c686ce7,Lamb Fire,33.88287,-116.99651,700.4683837890630,4.0,338.0,185.0,27.060150312152500
6fa64139-e5d1-4134-b012-5c1b272ac89a,Champagne Fire,34.87128,-118.35296,787.0859985351560,1.0,166.0,180.0,8.234774749042640
7272decf-0ae8-47aa-b46c-00fc4cd04816,Rusty Fire,36.96642,-119.58292,192.6700439453130,17.0,288.0,230.0,24.76941858397610
2db503da-a7b2-47a6-92a6-697799eb63f1,Serenas Fire,33.58577,-116.07429,-48.35326385498050,1.0,256.0,182.0,4.571324719629410
42f21a81-e0a3-4b4d-b837-2e6e2efd75a4,Lombardi Fire,38.19906,-120.83484,238.9794006347660,14.0,21.0,164.0,35.45014560817050
21e9f99a-35a5-41cd-a44b-92363fbf5081,Panoche Fire,36.61332,-120.7109,231.38450622558600,41.0,317.0,255.0,61.16935650551250
524b1e23-8921-4195-812d-7ec8ee5020b7,Matz Fire,34.04412,-116.55326,916.2208251953120,35.0,145.0,120.0,65.2610722643655
92d70dc0-19af-4c87-ab01-8c7051caab73,Fountain Fire ,35.89423,-119.00334,188.92416381835900,0.0,263.0,181.0,2.8639331584064800
67d31514-620f-49d1-b4bd-a3a92efd48ca,Twenty Fire,39.23205,-121.376,78.39281463623050,7.0,235.0,199.0,9.364668843980560
bf3148c5-75dd-4f79-8b3b-c5b483065b47,Clay Fire,38.33707,-121.11113,60.106910705566400,4.0,293.0,192.0,7.335513801176460
663d291c-7ba8-415d-9cab-58d41a886cfd,Fairview Fire,33.94788,-116.59719,434.9055480957030,4.0,126.0,170.0,30.312745439703900
adf741f6-5416-41c5-af26-01240cc361cf,Elk Fire,35.188,-119.2877,88.75843048095700,0.0,38.0,180.0,0.5587122916469690
7967c729-4693-47a1-b1bc-1d82825ca8db,Jones Fire,41.38247,-120.53443,1383.382080078130,17.0,48.0,142.0,24.56054176608120
b0ffe2e4-ae61-4ad9-b1cc-bf31ff254d8d,Vernon Fire,33.82165,-116.96079,576.572998046875,36.0,154.0,133.0,187.81797093720500
14e249f0-f21c-4d2f-bc5f-68d5d177e849,5 Fire,34.29931,-118.37539,462.0008850097660,4.0,207.0,186.0,31.94266475906890
46c4f0c2-6760-4e42-ac2f-ec25c2486628,Creek Fire ,35.60633,-118.4642,796.7283325195310,2.0,280.0,186.0,60.84838099095170
80f2c7d1-d28d-43d0-97a3-ff53cc991a8c,Spring Fire ,40.38944,-122.13088,206.85829162597700,2.0,290.0,187.0,17.24805659823510
b02f2513-9359-45e2-9971-08f7b1f0dc0f,River Fire,40.03392,-120.1064,1297.4490966796900,2.0,24.0,178.0,8.677505394797590
7ea6269d-6ba3-41e1-aff6-b4da1c6611d1,Shirleon Fire ,33.87107,-116.88097,1054.227783203130,14.0,148.0,157.0,95.29205343539630
304c7c4c-140e-40f4-ac9f-36926c07e5fc,Fish Fire,37.86549,-122.2102,325.7867431640630,29.0,173.0,170.0,57.31257221553560
8bba8daf-8d47-43e7-8593-fdfa2dea5228,Pine Fire,35.564124,-118.796513,864.6688842773440,9.0,100.0,152.0,35.64924497314770
549222c5-1be6-4453-896a-caebd19b0bee,Wilbur Fire,39.52499,-121.64897,47.88554000854490,2.0,336.0,183.0,4.086609704877900
f8b61fab-bd14-4e92-960a-d512693ea8e5,Whitepine Fire,41.8721,-122.4571,820.4485473632810,17.0,167.0,169.0,46.2981972809311
6802ed2f-5a5a-4a38-a236-e5a688639b6f,Dinely Fire,36.45809,-118.87676,306.5088195800780,5.0,16.0,176.0,43.52359334825750
f62bd692-7aae-4e46-8284-239150acced0,26 Fire,37.12759,-120.0193,112.19466400146500,1.0,207.0,181.0,3.740982377516170
2ef06870-3602-4f1a-878d-962f7259ad46,Bodfish Fire,35.59804,-118.47939,852.2575073242190,21.0,297.0,239.0,68.99516013757860
b11adfe0-b74d-4321-b1bd-3fc0b8f0929b,Breckenridge Fire,35.37351,-118.84134,263.68853759765600,1.0,283.0,183.0,18.13644968408550
b9142a59-e3dd-4797-b6ed-c5c847b16f67,Hog Fire,35.80375,-120.52508,458.7794189453130,16.0,276.0,229.0,25.20621985880000
d11a4f65-9523-40d8-989a-6603705e9638,Oakwood Fire,37.0825,-119.8011,219.0643310546880,9.0,313.0,202.0,14.03157400189100
a8e4aa40-5e2a-4fd8-a858-d673576cda73,Wild Fire,36.704679,-120.405077,60.45838165283200,0.0,128.0,180.0,1.349868043679090
7d9de7fd-f95d-4edb-bda6-804b734eedc8,Refuge Fire,38.68347,-122.2654,193.2678985595700,23.0,66.0,117.0,35.769991833950000
f32d4562-5032-4645-ac8f-afb3fab4c704,Pleyto Fire,35.902149,-120.983684,306.093017578125,5.0,141.0,169.0,30.28506602953110
a9d270c5-aacb-4dad-a34e-ab28a7192248,Monterey Fire,36.616986,-120.369347,57.30799865722660,0.0,0.0,180.0,0.7839282526271200
0956bfcb-8915-4163-b4ed-4f3a6ab32895,Tivy Fire,36.8005,-119.35901,864.7403564453130,21.0,30.0,148.0,107.29267978709700
5d521085-d92f-4664-b17b-732783658daa,Red Fire,37.85137,-120.45268,305.6884765625,1.0,187.0,181.0,38.12588499325020
67ba6e61-b5ca-48f4-8e56-9cedeaeb65ea,Valley Fire,33.584036,-116.972036,597.9251098632810,3.0,135.0,173.0,22.25040356007100
3fc7de4e-3a0f-45e9-be1f-801f88770883,Douglas Fire,33.23281,-117.29509,75.82981872558590,8.0,73.0,155.0,29.296417786030900
5f0c7697-7be3-49af-b98c-f5789e3ca6f9,King Fire,35.8556,-118.74542,1002.570556640630,30.0,250.0,255.0,94.8864492324914
338af3e2-098b-4d1b-8f98-6020b212b68f,Reed Fire,33.52584,-116.85226,746.3204345703130,6.0,225.0,194.0,41.34981387147640
1c51deff-5b43-4f54-8acc-a682f830815a,Lucy Fire,35.6871,-120.3187,438.9805603027340,6.0,329.0,190.0,30.706452818069500
1dfae538-fd95-4454-865d-3d74e4b56665,Westfall Fire,37.36914,-120.0088,557.35791015625,20.0,227.0,226.0,64.66031972576440
380df891-161a-44c7-a244-d7dda9d5fd32,Canyon Fire,33.950382,-116.884446,872.539794921875,18.0,157.0,159.0,32.305578507546900
57b7776f-bae7-4b14-b94c-65806e002a88,Nuevo Fire,33.79925,-117.11659,550.3873901367190,4.0,350.0,183.0,53.63731416353750
a2d42b3a-32a4-4b57-a8c2-91e5d046bbb6,Skyway Fire,39.69717,-121.75417,102.3108139038090,4.0,149.0,174.0,14.631218922390900
7cae5704-9ba2-487c-a48b-bb440c95da6e,Shore Fire,35.90092,-120.93371,269.50360107421900,8.0,59.0,158.0,15.11453307739440
c982daaa-a785-4dfc-a366-1950974028af,Lake Fire,34.55607,-118.60703,572.5733642578130,33.0,145.0,123.0,40.512453324694300
ffb57bcc-80f7-4299-bfcf-c9be3b66d5ff,Bolla Fire,40.32063,-122.83208,497.6310729980470,6.0,314.0,195.0,35.724042456089600
294c531a-3299-4038-baa8-c2a92d38d10a,Lambs Fire,33.90965,-116.9669,797.1747436523440,1.0,209.0,182.0,11.883668786285800
54bad310-3a96-4019-b64d-61d00c559e6c,Smiley Fire,33.98639,-117.21314,671.0237426757810,20.0,301.0,234.0,52.81309614152460
b3695ebc-e761-4577-8439-6330bed36594,Road Fire,37.02081,-119.95136,105.18870544433600,9.0,316.0,201.0,3.683353134547470
1b01181e-fbcb-4dc4-86ec-cfddc864cc34,Highway Fire,35.53456,-118.66733,678.7546997070310,38.0,218.0,248.0,107.0393311038180
bfa879b5-b526-4114-9137-51d3ea3ad336,Trellis Fire,33.71025,-117.31924,451.9770202636720,4.0,284.0,191.0,24.020148801678500
f173524a-ae01-47f5-942d-5e90c2b96469,Bogus Fire,41.93006,-122.36545,865.5045776367190,13.0,175.0,177.0,48.82565236952600
949e577d-86c2-4def-b25a-c24aa014f4d9,Toll Fire,38.07481,-122.23004,48.83832931518560,23.0,254.0,247.0,29.880463997880800
b5dd68e2-ec95-47cd-a126-d5f6f0f2b49a,Holcomb Fire,34.2976,-116.826,2150.190673828130,20.0,135.0,137.0,70.01623258175060
5882937b-ffce-43af-9e0a-00dcddde214a,Evans Fire,39.71101,-120.02325,1611.699951171880,7.0,295.0,199.0,36.42995009221490
8740caa0-f86c-4103-b830-0435b9933a2b,Orange Fire,37.82934,-120.68992,92.01563262939450,11.0,101.0,148.0,12.76028195238500
d515cbcc-376e-4bc7-adea-189eff5a7735,Quimby Fire,37.33454,-121.76323,216.52159118652300,11.0,169.0,174.0,84.93707582607680
981484d0-711c-4a7b-9adc-23c9b29f9fae,Highway Fire,39.364,-121.4143,197.2670135498050,11.0,220.0,202.0,33.90495018613850
1b1ba02e-9db3-4224-9d8d-06d5df529f16,Lone Fire,39.38416,-121.5786,32.82554626464840,0.0,337.0,181.0,1.7359991633700200
0ed54526-1296-4863-ae40-613ee456899d,Creek Fire,36.27306,-120.65185,713.0517578125,26.0,253.0,255.0,50.351836377801000
982c81ca-ebe5-4591-986d-1f3e2e4cc13c,Paskenta Fire,40.10282,-122.27379,114.64966583252000,2.0,149.0,177.0,4.967546682743030
c940ef85-44ce-4684-bce3-7cbbf180cefb,Placerita Fire,34.37443,-118.49343,476.6734619140630,25.0,9.0,168.0,31.515585045635900
49a9074c-c30b-4042-9ffd-1a10f9d9bf1d,Black Fire,33.1683,-116.77342,975.3497314453120,18.0,127.0,135.0,29.465336570205400
ca0c9a5f-7a1a-4903-b790-6eb3e85e7e64,Manzanita Fire,33.530045,-116.594422,1484.632080078130,3.0,205.0,184.0,29.3361295384038
91d07ea9-cf5f-489c-aa4f-97fa6c0fb8a4,King Fire,40.703775,-122.645079,543.6072998046880,33.0,208.0,226.0,81.44220941907750
81b37451-57b5-4050-a54d-e9750f84a567,Hill Fire,35.4025,-120.4992,546.0811767578130,12.0,279.0,216.0,20.77743529079590
4f0ff7c1-7c96-4f68-87e8-be4466945c2b,Latrobe Fire,38.45822,-120.92162,208.6858673095700,5.0,319.0,191.0,10.23264392016560
243567d6-2692-4978-88f5-1bbfc7b818a6,Pine Fire,37.9775,-122.65749,447.99029541015600,25.0,198.0,203.0,82.7156131542106
7696644d-0908-4149-8d6e-aa50c1233d67,Sloane Fire,32.7789,-116.8516,153.59458923339800,1.0,196.0,181.0,53.654342475587300
a3159a43-d38c-4655-9acf-371bc9a6213b,Mart Fire,34.14575,-117.17813,652.6814575195310,23.0,197.0,201.0,104.46218656899200
2c00a509-af87-418f-b888-edc8ec450f1f,Shore Fire,41.93323,-124.19629,3.568507671356200,1.0,243.0,184.0,1.56704933253284
5da65d7f-cc75-4c0c-b221-1a1e3000a120,Ranch Fire,37.3344,-121.71752,479.0641479492190,2.0,36.0,176.0,38.61383483440570
c171dc75-9d35-4c58-b787-032067b16ae7,Alvarado Fire,35.947,-120.87492,142.33755493164100,8.0,82.0,155.0,45.48469126013900
a0ba8679-406a-491b-a20b-bba55d63bc5b,Battle Fire,41.85763,-121.29581,1308.7353515625,2.0,261.0,187.0,32.74075765884300
d36387df-af2a-4b20-a94f-589fdccf67cd,Ben Fire,37.3762,-119.9646,604.6105346679690,8.0,295.0,204.0,29.02037317851130
4ac3161f-79e7-494f-88e4-72a69ef1d96b,Tarina Fire ,35.38298,-118.80123,390.2395324707030,26.0,42.0,128.0,49.38465615562540
abe2311a-4ce6-4300-9716-4fb3fe538c75,Lockwood Fire,35.96275,-121.08753,329.8691711425780,1.0,190.0,181.0,8.709399263051250
d1ec9e43-04bd-4926-8362-5e04afe39c90,Topanga Fire,34.03941,-118.58624,35.124698638916000,39.0,195.0,209.0,56.254817946377100
6f2f8dc0-b930-435e-a622-d3585dcac067,Stokes Fire,34.10446,-118.70294,194.0921173095700,16.0,152.0,157.0,32.543568304077500
2b043a7e-234c-43f7-852c-21fcb9ddc200,Oak Fire,40.69554,-122.0122,538.2960205078130,1.0,335.0,182.0,22.517228215098100
c99fe9af-6d6b-435a-9084-2248905ad251,Brewer Fire,39.08382,-121.06656,494.5436706542970,19.0,102.0,123.0,61.746786510655300
64ef64a3-c8b0-48f1-8fec-9cacf8dfcd34,Lisa Fire,33.913089,-117.096233,466.778564453125,2.0,160.0,178.0,24.418699932853600
97d63e17-e546-49ae-add6-e3b5fa71cb4c,Desabla Fire,39.8629,-121.6268,609.2111206054690,21.0,273.0,245.0,132.9543650659580
3980fbbb-d17b-4deb-83a4-9af2290b5272,Spring Fire,37.4591,-119.921,724.18310546875,35.0,259.0,255.0,74.19651216196940
e3e75be1-8dea-4022-975b-34a0f25b57c0,Derrick Fire,36.269125,-120.620791,657.4337768554690,36.0,228.0,255.0,26.605064844889800
b51d7a8d-f768-453e-abb4-665b74998b21,Timber Fire,33.96896,-117.25411,535.8987426757810,3.0,251.0,188.0,10.902718107292700
d4f1fc5e-b877-41ee-b491-8e92ded4984f,Canyon Fire,33.91806,-116.99321,790.9482421875,8.0,90.0,155.0,22.20325201884870
2f97537a-1333-4dfc-b7a3-b7bf9400ffdd,Lago Fire,33.87739,-117.16215,495.222412109375,2.0,144.0,177.0,16.825051148624700
9668cfe5-b636-4147-bce1-da8e8b3fb5c2,Valley Fire,36.85596,-121.30983,189.31784057617200,1.0,224.0,183.0,14.175411676690200
ed40ce35-7338-4f8b-a5ab-e94af6fa7e55,Silver Fire,34.304722,-117.3125,1011.830322265630,26.0,10.0,167.0,35.1694341852248
36d953e8-265f-4b05-831e-42eb2298b208,Freedom Fire,36.81476,-119.51592,191.61260986328100,6.0,220.0,192.0,34.263483975755900
252345dd-886b-4bd2-90b9-161727a2fc2d,Jurupa Fire,33.99316,-117.48405,229.9043426513670,5.0,109.0,166.0,8.676244721538510
6ae3d56e-0258-49f5-9e71-5b5abe141479,Lakeland Fire,39.53944,-121.54722,114.09510040283200,6.0,100.0,162.0,47.55676031075650
f6970f10-0498-4f4c-8e0c-d4b7e4fbf888,Grade Fire,34.20599,-118.98603,55.45378112792970,15.0,186.0,185.0,21.601338898318600
60770d23-70db-46f1-a19a-a23eaa409125,Eagle Fire,33.85323,-117.48195,389.8895263671880,9.0,129.0,157.0,17.462281712174400
0a664214-c090-4889-8439-06836f89d830,Globe Fire,36.10858,-118.81979,270.93170166015600,7.0,27.0,171.0,24.97863951500450
b383e4bd-6815-4624-936c-be57715ce50e,Fay Fire,41.3975,-122.8428,872.0855102539060,2.0,75.0,175.0,18.51171512284890
f75027cb-2526-4524-989f-71d0d56353ec,Axel Fire,38.7803,-120.97111,350.9187927246090,4.0,286.0,192.0,42.99671934272210
b3a6b47f-105b-4f66-b12a-76c563457a5d,Lake Fire,37.64898,-120.4925,48.38019180297850,1.0,241.0,182.0,16.17695191074850
89f34aa8-eaf3-4d19-8ef0-005102e82831,Auberry Fire,36.95104,-119.65621,134.3591766357420,10.0,156.0,167.0,37.60199404643760
7d77d3d1-40b5-40ab-8a53-2550f2001094,Gold Fire,38.20176,-120.67848,302.3246154785160,5.0,285.0,194.0,28.384132358293800
a7509e35-3083-4306-bcce-ebf6d101b62a,Winters Fire,38.49521,-122.0251,54.70587158203130,5.0,185.0,182.0,12.735028585253400
ea019efb-52d2-4f08-8d04-20b680e2361b,Quail Fire,35.59904,-119.08312,231.356201171875,2.0,186.0,181.0,8.710946954595750
5a43b164-04d0-46ea-992e-ea5aa283305f,Alamo Fire,35.0179,-120.3223,176.2023468017580,0.0,265.0,182.0,37.44420862291080
1652d79a-f4fc-4151-a0d1-1b7366730f47,Hawk Fire,35.77896,-118.89627,391.5055541992190,22.0,282.0,246.0,36.19522948684680
eeef101a-3a50-4407-8e6d-cd80d0d07599,Daulton Fire,37.09773,-120.02027,113.07366180419900,1.0,330.0,183.0,3.86164872916065
bc89aab5-5f30-46a2-9881-6dbae22893b6,Christmas Fire,33.763304,-117.314994,627.675048828125,2.0,164.0,178.0,17.341155135608200
8816f0da-0818-499a-9ff6-ba4fd56ca7c8,Wall Fire,39.45352,-121.41222,458.98284912109400,11.0,154.0,165.0,46.88694333478790
67c20627-e6cb-4900-9f40-01e8da154a53,Bryant Fire,34.07612,-117.06765,732.87548828125,3.0,237.0,189.0,41.0179328840725
effeee13-51d7-4cf2-a62f-93b47b34605a,Tower Fire,35.346,-120.62825,460.7461242675780,28.0,279.0,255.0,92.7725120238759
932a3f2f-6c0e-42a6-b357-f333774b4ea8,Banderilla Fire,37.65963,-120.34802,357.4495544433590,12.0,308.0,211.0,24.366683345278900
248bba19-4fdf-4285-a210-1334454ad80a,Deer Complex,37.87808,-121.78677,269.4212341308590,30.0,8.0,169.0,52.376590271507400
2ec4e814-477b-47e7-a36b-4da26f94e277,North Fire,40.48972,-122.38619,210.3150634765630,4.0,12.0,178.0,18.608501324802100
dfd1e0d9-42b5-436a-aa83-ffcbbb7a6145,Whittier Fire,34.55096,-119.9494,430.35357666015600,6.0,358.0,181.0,53.060309329288900
f09f75ff-d9fe-4a25-89d0-75dc98d1fe30,Dode Fire,41.72163,-121.30451,1266.72314453125,1.0,218.0,181.0,2.4748968996221700
51bf0e2a-7f1f-4fe1-aeaa-70510ad42d0e,Orleans Complex,41.59,-123.501,513.6788940429690,20.0,273.0,242.0,140.9636782122570
743b2276-742e-4d25-be9b-60364ca880f6,Stone Fire,35.42433,-120.47322,483.636474609375,20.0,324.0,217.0,25.315077728910300
2adaf964-e996-4e55-a616-ac42375ee156,Willow Fire,38.02929,-122.25544,57.65606689453130,11.0,312.0,207.0,24.361289400847600
5a52750e-30a0-4d26-a75b-58f79e1e24f4,West Fire,39.06308,-121.303,128.42860412597700,7.0,199.0,188.0,16.674044852976000
fd82cbd0-ec25-461c-aef1-4c0c92060348,Rosado Fire,38.67474,-121.06088,273.893798828125,10.0,218.0,200.0,42.214357217708400
a21faf4f-3628-4e24-ac64-8471d9d12560,Parkfield Fire,35.86949,-120.57894,499.7149658203130,32.0,276.0,255.0,44.87400352210480
de1788c0-2996-40cf-9f76-2920b210d6a9,Benson Fire,40.29118,-122.42606,222.5602264404300,12.0,268.0,217.0,11.858752236378100
6ee351a7-9382-48bc-a161-b417f7560ff9,Garza Fire,35.93273,-120.20014,796.8973999023440,31.0,2.0,177.0,51.92347401822370
79fd7b45-381a-4819-9dc7-f80a98010809,Honcut Fire,39.37192,-121.53865,35.053184509277300,1.0,273.0,182.0,2.0163751396267000
61cc4072-7db6-4fd2-bc9a-652728780c67,Farad Fire,39.439722,-120.027222,1849.3114013671900,39.0,120.0,81.0,119.1347006931990
9a1a4247-479d-46ff-99cc-4251c5e333fa,Felipe Fire,37.25014,-121.68562,309.3929443359380,9.0,43.0,161.0,26.26572782967580
1be14ce2-5e9c-4cc2-89bf-f36cb1d1ccbd,Rebie Fire,39.50475,-121.33785,717.434814453125,27.0,19.0,154.0,86.47523092229020
a26038b9-df04-4ade-b918-0c4fb9a8dbcf,Mesa Fire,34.72379,-120.13249,298.2643127441410,6.0,67.0,162.0,18.345565241317800
1348f32a-510f-4ad3-971f-b75b9cf9f0c0,Bridge Fire,34.09773,-117.10567,566.7460327148440,23.0,308.0,236.0,34.4608862565254
04b54dc3-10a2-4fdf-bfa6-60a1fe2b0f7d,Jennings Fire,32.84796,-116.85396,360.7294006347660,37.0,245.0,255.0,93.7225309472886
f7b03fae-de58-4674-9f4f-d3e9d2762d84,Long Valley Fire,40.07045,-120.14013,1273.527099609380,1.0,352.0,181.0,6.664874900104170
580ce9d9-b8dc-4dc1-9f10-11bf48df9492,Lariat Fire,37.39801,-121.8179,232.98155212402300,8.0,182.0,181.0,91.99350081892750
6f9581fa-7c8a-45d1-988d-0a299fc15d62,Quail Fire,38.18303,-120.85322,188.3028717041020,4.0,301.0,192.0,22.685931972201100
bfa2d3e8-2ede-423f-b7db-f8e6f44a3c82,Washington Fire,33.62613,-117.07975,455.2668762207030,9.0,352.0,184.0,15.989604994744900
826b4661-020b-425d-84ec-9426c39839e7,Hidden Fire,34.149,-117.189,546.7871704101560,15.0,146.0,154.0,78.2369938317293
bf2e0a34-e600-4e21-9135-168e28c2893d,Spaletta Fire,38.08055,-122.77846,13.753225326538100,8.0,231.0,200.0,54.50155537805210
e6626b0a-428c-442f-9ec5-591effef172d,Navajo Fire,33.77896,-117.24091,465.67767333984400,2.0,79.0,173.0,14.56402143412660
13dedbc3-8b85-4f64-b3db-89ed81ed4f1d,Reservation Fire,36.66684,-121.74826,46.429500579834000,1.0,347.0,181.0,14.787488264354600
95cd2f17-1278-4cc9-90f4-000e4eba415a,Grade Fire,39.30125,-123.28825,458.2556762695310,5.0,170.0,178.0,101.00948568097400
9feb25c4-d3ae-4f78-9fc9-a1ad2b308e42,Detwiler Fire,37.61757,-120.21321,487.0059509277340,6.0,228.0,195.0,50.75174634422570
7f742021-ea49-4de5-89a2-f5b9d05d6bbb,Range Fire,39.13207,-123.10227,778.9970092773440,3.0,273.0,189.0,37.93866635767750
f44aec62-5d1d-422f-9ff9-dbef80e4e27f,Park Fire,35.95911,-120.55579,686.1797485351560,7.0,330.0,191.0,24.099293075394700
0726d9f7-2baa-4652-b1d6-cbab45783f64,Sand Fire,39.01224,-122.20127,181.83444213867200,26.0,335.0,214.0,28.189342703702100
2f9f1bf9-6188-46a2-b91f-f212cdd21528,Maria Fire,38.29113,-120.62177,589.0982055664060,12.0,76.0,144.0,38.46877148521600
f568b94d-f388-4231-8aac-ac2572ca872d,Centerville Fire,41.45589,-120.56933,1337.72265625,1.0,73.0,176.0,5.808529955873730
1ba1f29a-5281-4f53-857d-106ae5e7db84,Murphy Fire,38.86056,-122.62382,504.8046569824220,19.0,284.0,237.0,33.94460398142250
80844950-65c8-44ec-b63a-7e51412fea0c,Fox Fire,36.18815,-118.78928,578.993408203125,18.0,288.0,234.0,70.7669283155957
2f2a4afd-06f1-4b57-b3f2-db8e3d9ac05c,I-5 Fire,36.05187,-120.05404,158.27105712890600,2.0,52.0,175.0,20.0613683068269
82689e99-9158-4403-b8c5-bababc3c81f6,Sway Fire,40.39799,-123.57562,1183.47314453125,20.0,236.0,230.0,75.87517168062080
27759042-9df3-4d57-951e-f5727bcf013f,Hudson Fire,34.94373,-119.44751,906.4671020507810,2.0,299.0,186.0,27.50925853066520
3c61a039-cf71-40da-89e9-bcc5a62e2c1a,Laverne Fire,40.47106,-122.43608,238.49041748046900,1.0,90.0,177.0,5.3905516911063200
244961af-65d5-472b-972f-e02df96e9ccb,Ellis Fire,33.75526,-117.25075,473.6453552246090,8.0,70.0,156.0,11.405621080583700
7a317400-8838-4fd4-8c2f-b8c12add5d6a,Hogback Fire,36.64404,-118.99944,1002.0326538085900,8.0,130.0,160.0,48.92072512434530
eff9d678-293f-43aa-96af-c5cf3203b31f,Roadrunner Fire,36.0226,-118.94252,288.844970703125,19.0,43.0,141.0,32.06758822366110
1f8c73d1-2cb8-4e98-bd44-d6dccd601c7e,Twist Fire,37.90014,-120.36005,538.1698608398440,13.0,324.0,204.0,22.259517844704700
ce6fb2ba-9799-4b36-a64f-8bf02392d6ee,Gorman Fire,34.792882,-118.851943,1166.6072998046900,10.0,27.0,166.0,54.67304556701130
ee20b421-06cd-40d2-a22c-0f9e8ddeee71,Placentia Fire,33.81976,-117.18552,503.1593627929690,20.0,339.0,202.0,21.20296425740280
1eef0c21-122b-4522-80d1-edf08c82c777,Willms Fire,37.81827,-120.65764,95.70201110839840,10.0,4.0,178.0,22.625385870154800
510c877d-b80b-423f-b7e0-4276ce646f4a,Humboldt Fire,39.76243,-121.74121,296.6557312011720,4.0,279.0,193.0,38.66635790185660
a95302d3-8574-4900-9d2a-daa33c55b70e,Minerva Fire,39.9034,-120.9761,1587.7823486328100,16.0,213.0,207.0,82.04707033672170
51e42770-97b4-4204-af57-8ab56992eb71,Jacksonville Fire,37.905545,-120.408135,385.8186645507810,10.0,92.0,148.0,28.12652937900230
7dd19215-986b-4365-a40d-2267b4a05de0,Zenon Fire,35.06472,-120.5634,90.66405487060550,7.0,195.0,186.0,17.497372169726800
d9f83833-30c4-448d-b2ca-c5a63791b83d,Grizzly Fire,39.36902,-120.97586,837.4249877929690,11.0,190.0,186.0,47.35200074436160
2fd950a8-fadb-467c-ab59-88e7ea007738,Ranch Fire,38.559707,-120.70013,709.470703125,6.0,103.0,160.0,32.119439948698400
0d93e84b-8460-4d5d-946c-630ade76747d,Elephant Fire,36.22265,-119.06598,120.93802642822300,1.0,260.0,183.0,24.51296168948680
8cf9e7dc-74b9-4b97-9a03-f523f3eff56f,Latrobe Fire,38.5181,-121.104,57.30723190307620,12.0,326.0,201.0,11.920588086842300
7b95ce91-9581-4fe6-887d-ab1bf6420205,Weller Fire,37.44485,-121.84108,245.44113159179700,10.0,208.0,195.0,58.30431623759700
be5275b7-1472-4423-a9c8-0f2491179150,Marble Fire,41.478,-123.506,325.8858337402340,29.0,272.0,255.0,90.2494601492848
84c8a735-9e8f-4310-84ab-39079ad1ea14,Dollar Fire,34.20152,-117.14466,1568.1251220703100,33.0,215.0,237.0,86.16262037305390
918e4e6c-7814-42ed-9cd5-aa11d29367da,Lost Fire,33.34659,-116.66107,1104.2052001953100,25.0,241.0,246.0,48.39620124773000
a441e39a-1be1-4be5-8c07-b32bc6f07df0,Seine Fire,34.139,-117.199,467.2544250488280,4.0,163.0,176.0,41.548631143720200
855e28e2-753b-4c36-bf39-27ace518776d,Woodland Fire,38.69775,-120.73757,765.0223999023440,27.0,13.0,162.0,25.40854780888450
907cd7cd-cc26-4529-a9f8-cee1e1560086,Olive Fire,35.7751,-120.23656,501.8909301757810,6.0,234.0,196.0,29.041161471206100
ebcee501-5709-4382-8eab-d8595ba6606d,Spenceville Fire,39.06522,-121.3519,48.90301132202150,1.0,87.0,176.0,5.382523818314440
e8ebb6f2-16f5-4342-bce1-d36ff9c9422c,Castro Fire,36.96607,-121.55552,52.25752639770510,0.0,155.0,180.0,31.33578223782650
1d8a8aaf-f294-46e1-8224-6ea3e8c39634,High Fire,34.41204,-117.03031,1015.76513671875,6.0,21.0,174.0,39.86856270993030
a3bd6249-555a-4ee1-99c0-69333d71bdfb,Live Fire,40.1583,-122.3209,127.55331420898400,0.0,18.0,180.0,9.80546160145773
77ab4672-c61f-488f-a165-acb40eeac713,Greenhorn Fire,39.16826,-120.95498,671.890625,7.0,222.0,195.0,35.456901445720900
09f55a45-f261-492f-b496-8744d878ef57,Falls Fire,37.65986,-120.31157,346.7841186523440,2.0,293.0,186.0,19.257931155997100
00a13d84-415e-4106-aa31-2e664ed9eabf,Sky Fire,40.69259,-122.17384,250.47608947753900,8.0,65.0,158.0,24.660705663709000
e9862c12-da9f-4205-9993-91a3b1437de4,Hill Fire,41.9808,-121.9741,1424.1446533203100,5.0,104.0,164.0,45.25899197968510
fd0a69a3-91d5-422b-bab4-dc6a4b0de134,Largo Fire,38.538332,-121.039267,154.2613525390630,5.0,185.0,182.0,7.448586926271440
0f4499f5-846c-4791-994e-81df04fe691a,Garden Fire,35.543,-118.654,791.62451171875,27.0,157.0,149.0,116.79412682213800
75fb489f-1e3e-4929-a6fb-a288416b96e0,Independence Fire,38.70289,-122.90217,112.1657257080080,24.0,0.0,180.0,57.14124251909320
32a79e9b-8ce3-477e-b698-2eb16ef66aac,Mile Fire,34.19076,-117.26969,697.3260498046880,35.0,266.0,255.0,113.18507449818900
3dcf54bc-89f5-41b3-b797-5dcdf0e629e8,Rose Fire,33.689092,-117.396404,482.8759460449220,1.0,290.0,185.0,38.0248500379234
5367822f-b489-4da5-b90e-c5b2c8abf318,Sandy Fire,40.79902,-123.39253,320.7157287597660,1.0,307.0,183.0,129.01079842175500
47dd7f12-4141-473e-b2c1-2e625df3b784,Camatta Fire,35.4403,-120.2913,465.773193359375,11.0,81.0,146.0,19.369291227859700
a1554868-0f98-41d4-9132-1f0bbf10b22c,Red Fire,35.40357,-120.28037,611.275390625,0.0,42.0,180.0,22.30074833846600
dd6c5dfb-e5f5-4c1b-ab7f-aa9f3a4f60fc,Saw Fire,40.11794,-123.76099,696.2392578125,13.0,222.0,207.0,56.61006323688620
093bdb67-4c14-402d-a034-3714b7125c49,Bryant Fire,34.08492,-117.03826,975.9260864257810,12.0,245.0,215.0,86.22343061623150
9705ad0d-5bf1-4221-a7c3-3af6d99be3d0,Rincon Fire,34.23925,-117.85182,459.1376037597660,34.0,118.0,91.0,100.27896222708600
e1582691-805c-4627-b20b-e5e8ba110f20,Blocksburg Fire,40.27582,-123.64281,504.70159912109400,9.0,1.0,180.0,47.65313983411070
21714c67-dc5a-4d86-8794-79d85f87b71b,Bottle Fire,38.94599,-122.81135,535.3084106445310,15.0,279.0,228.0,38.82542039249960
58d62aeb-29f5-45f5-93ac-a657b0708149,Stewart Fire,34.009026,-117.239099,524.38134765625,4.0,161.0,176.0,30.629590848267500
e4834d78-fd4a-44b4-8669-52cbdc41113d,Calgary Fire,35.70639,-118.47307,948.3695678710940,7.0,329.0,191.0,48.434276700103900
d3213d2a-4b10-4eef-b8df-bdebc5cd948f,Chilcoot Fire,39.75371,-120.1397,1639.635009765630,13.0,27.0,161.0,44.89428973686820
93fe220b-0458-4e26-827c-93883093681e,W-2 Fire,41.11989,-120.74968,1531.134521484380,1.0,252.0,182.0,10.034895968974100
06664fe1-c56c-4a00-833c-f9f3f6d6d18f,Poslin Fire,39.888,-120.066,1696.44189453125,6.0,255.0,198.0,60.50250786524830
ab009bd1-6784-4fda-a931-532520742a8b,Reed Fire,33.57139,-116.8247,1002.2396850585900,14.0,250.0,222.0,49.05072251967240
e65c3e0b-08d9-43cf-b1ac-8e57d5f407fc,Country Fire,35.86596,-120.64584,433.3897399902340,8.0,281.0,204.0,18.96821063311480
9eb07177-e62a-4f5a-adeb-e95508e31959,Ruth Complex,40.17598,-123.36882,710.3942260742190,22.0,227.0,231.0,72.89347232258160
09e74687-85e7-488f-a5c8-8a11f75ab7d8,Rose Fire,34.92907,-118.9267,523.188720703125,10.0,336.0,193.0,60.58222244392870
a8ab00de-6074-45a0-9e3d-f43b090e8346,Tilton Fire,37.14653,-121.68165,211.42372131347700,27.0,40.0,127.0,47.80863593666900
a43d0b54-a91e-40ba-b121-2e0f067201b6,Paskenta Fire ,39.87983,-122.5415,240.8968048095700,2.0,45.0,176.0,25.71842182702880
4b885d8c-8951-46c5-a3d1-520cfd0ac964,Canyon Fire,38.49336,-122.2483,249.22938537597700,24.0,116.0,115.0,57.52173200536840
bae69034-3bf6-48c3-a642-d0242cf090f9,Nuevo Fire,33.797216,-117.124538,572.6135864257810,29.0,359.0,183.0,55.21770175307540
e6308517-0b7c-4efb-9369-b9aa3fe3ad14,Yankee Fire,35.7908,-120.77485,188.03729248046900,1.0,353.0,181.0,18.218285386597800
f0dbf1f5-9f21-4d11-a432-d32f7f18c412,Ward Fire,41.99279,-122.9401,1400.9764404296900,20.0,348.0,193.0,110.83473742156800
c57ff6c2-e5df-48c5-831c-1dbad73df5ef,Blaine Fire,33.98212,-117.30819,374.4629821777340,2.0,183.0,181.0,63.60094096859810
8779fe43-665b-4643-a730-6344c44018c7,Coronado Fire,37.62823,-120.30046,488.4479370117190,11.0,348.0,188.0,65.46987952058410
2995e2b3-f18d-44ec-952f-9f148b8354d9,Empire Fire,37.644,-119.618,2214.384033203130,12.0,88.0,144.0,41.4312615992037
b02ec4f1-ac5c-4b22-b7fa-5834af16d807,South Fork Fire,37.538,-119.598,1546.86767578125,4.0,200.0,185.0,133.89478882948800
c3ad74dc-6842-463f-8808-05161a8ba570,Mias Fire,33.95036,-116.88066,840.6085815429690,4.0,61.0,169.0,39.400485940159500
1b49e4e3-7506-4bf4-b86f-fd3ca93fd85b,Corner Fire,40.92602,-121.5935,1054.8388671875,8.0,247.0,204.0,57.322764747574300
a1b6ff5e-0533-408c-b02a-3061f60fb263,Hills Fire,33.87679,-117.00258,643.68408203125,10.0,240.0,208.0,39.77860517703860
f31a117a-572a-4956-9797-ad08e3933bb7,Beale Fire,39.1234,-121.32957,112.76274871826200,5.0,203.0,187.0,21.240690638187700
3becdf3e-b110-41ab-86ce-645e041d296f,Toll Fire,39.9864,-120.89746,1150.58056640625,24.0,157.0,151.0,89.81771370698420
490ae25d-c3d8-4a90-9e75-0ad85e0f629f,Eclipse Complex,41.841,-123.474,1295.83984375,19.0,355.0,185.0,78.35987987193780
345f6faa-9946-418e-8a60-d5cb9efb3af4,Indian Fire,36.257,-118.296,2398.26123046875,27.0,111.0,104.0,133.84196937952200
2f1b8cff-f7d6-4459-866b-7c84bd531dcc,Eclipse Fire,32.65003,-116.42907,904.3637084960940,5.0,138.0,171.0,33.87991130114870
687e2987-2306-477b-bbaf-0d5465eb1e7c,Young Fire,41.853,-123.676,1476.8568115234400,41.0,244.0,255.0,145.814981124504
3e005fd9-11a4-4145-a71f-8a4cf9a1341a,Parker 2 Fire,41.466,-120.321,1747.80419921875,25.0,239.0,246.0,86.15400186784910
89b5d4db-ce4e-43b9-8618-f89088d35ee1,Range Fire,37.72543,-121.90516,134.8616180419920,6.0,241.0,197.0,10.935052362063600
83d87ff0-be6c-46fa-ab96-b9845d5d4edc,Juniper Fire,36.099681,-120.443545,302.31561279296900,10.0,2.0,179.0,56.87171301111410
1f8d9fe1-e644-4f53-88ae-4418cc0b4451,Montezuma Fire,33.20988,-116.46989,1154.37646484375,18.0,29.0,154.0,62.58038392350210
bfc6b8e4-8021-44ca-8f92-58c724682ba1,Peg Fire,40.80968,-120.48641,1718.832763671880,9.0,2.0,179.0,29.516310432965800
becd0762-0e22-4c54-a1c5-3ecd3660dd70,Vestal Fire,40.29831,-122.70449,289.96612548828100,6.0,351.0,183.0,32.432190868545500
90473f02-6572-4a9b-9451-1a18a4bee1ed,Flat Fire,36.93332,-119.43376,524.9412231445310,10.0,185.0,183.0,69.25410128416980
399dba2c-02c1-4756-a76d-1198d0e838ed,Mines Fire,37.56181,-121.56425,683.5964965820310,26.0,204.0,213.0,63.08244430080950
d83bfb8a-f1e6-4213-b514-89fc16d2eb72,Bodega Fire,38.26294,-122.71998,35.23929214477540,7.0,45.0,165.0,23.970963631600300
78754c68-2800-4c5d-aff0-ab0b399ab5ce,Canyon Fire,33.6444,-117.3968,859.5834350585940,27.0,203.0,213.0,50.8916063782446
386b7562-fe70-490b-a92c-a3c21eece0c2,Hill Fire,36.7279,-119.28241,482.7789306640630,24.0,250.0,249.0,59.856879307932200
18a2b3d6-d86e-4147-ab42-d45b8792e98a,Translator Fire,41.02705,-123.63721,172.98641967773400,24.0,232.0,238.0,90.75310510763710
f3c1f59e-b0d5-4c14-976f-ae6c583b2224,Sandra Fire,38.34421,-120.72274,516.6580810546880,9.0,287.0,206.0,48.79713075645090
c8ebf0c1-e560-4e22-a946-129af8699dfb,Pier Fire,36.15356,-118.74103,641.6426391601560,13.0,183.0,183.0,127.0925339435080
f8cd3b44-ec6b-4338-9edc-ebd879a8aafc,Bradley Fire,41.222,-122.27499,742.9633178710940,28.0,252.0,255.0,71.96852598384030
7c9253af-4c43-41bb-b1de-44af15e0d83e,Ponderosa Fire,39.57701,-121.30209,704.5707397460940,6.0,120.0,163.0,69.96717036519420
9989e07d-5125-472d-9601-0d7158b13073,Railroad Fire,37.44663,-119.64622,1467.0072021484400,10.0,206.0,194.0,51.81324744533890
b77ff66d-d8ee-49c9-bd0f-92a4350a095a,Mud Fire,40.43962,-120.22215,1368.242919921880,1.0,304.0,182.0,4.448138689642180
62b8a6af-700a-4c93-85d5-a9b85a30faf5,Owens Fire,41.99483,-121.90077,1270.5926513671900,5.0,202.0,186.0,13.408064572670200
71ea2924-bc37-44f4-b454-47eff22e426c,Slinkard Fire,38.655,-119.55425,1885.5797119140600,22.0,240.0,239.0,60.46066573599240
5e01dba8-3d59-41a6-ba60-d78d874eba42,4-4 Fire,41.4844,-120.36659,1713.9034423828100,10.0,328.0,196.0,52.01221749053120
f571f91e-bc07-450c-8822-3ecc61a27863,Pleasant Fire,39.34292,-121.12004,565.26806640625,1.0,137.0,178.0,34.12830407904560
182f71e9-0f85-4cb0-8711-ee14c0b6b8f8,4-10 Fire,41.64469,-120.31814,1866.92822265625,5.0,276.0,194.0,48.32132524455200
4adae6c4-71c9-46d1-9743-e04f186b2c3e,Coalinga Fire,36.36113,-120.32685,155.83499145507800,1.0,67.0,177.0,6.995860688808480
62a6c794-97db-4b57-9033-958bcf2e5a99,Miller Fire,40.03697,-123.64214,791.9423828125,11.0,219.0,201.0,46.86984952336900
220a986e-6d2c-4893-9473-232d1e1abf0c,Helena - Fork Fire,40.76025,-123.10003,435.00537109375,46.0,63.0,64.0,97.21999500313260
1e9d7aca-8862-4dff-a8af-5f687afdfda0,Castaic Fire,34.52055,-118.62882,471.9465026855470,19.0,188.0,189.0,43.7546492666891
10a447c8-708f-44a3-8679-251500c761d6,Border Fire,32.6001,-116.76997,376.1256103515630,11.0,83.0,147.0,54.05727684049700
68328f20-5aed-404d-8c29-81b4b69e8439,Summit Complex,38.329,-119.782,2245.649169921880,34.0,294.0,255.0,207.68927263267100
99a7ed51-e64a-4aa9-b8ba-6a9ae4752db0,Ellie Fire,33.73547,-117.33364,524.73583984375,4.0,196.0,184.0,48.84578147762650
7f33fd28-9a93-438b-84ca-0e57e7c441f4,Creek Fire,38.12,-119.941,1996.2294921875,16.0,182.0,182.0,70.7274760151556
406e30d2-2ac0-4c0b-998c-761adde20177,Hopper Fire,40.71923,-122.02525,568.758544921875,13.0,176.0,177.0,46.50129871975430
340e471a-a37e-47dd-90da-6c9f35b7eb3b,Caldwell Fire,35.76,-118.406,1145.468505859380,42.0,281.0,255.0,145.54133197979100
c2bf9820-7e90-43c4-bd3d-1b26ef7ada51,La Tuna Fire ,34.22957,-118.2674,520.1268920898440,27.0,60.0,111.0,68.13204324352950
297d6516-ce4f-407d-93f8-9669dc6fd392,Mission Fire,37.21616,-119.48067,836.0333251953130,15.0,253.0,224.0,45.56069962750070
a983c540-b47c-4250-a65d-c5d3d76c9b3b,Parkfield Fire,36.09486,-120.52189,442.9615783691410,4.0,122.0,169.0,21.938253447760500
cfa04438-152b-4f4b-a712-4343af8c7fcf,Palmer Fire,33.97471,-117.09984,591.8855590820310,3.0,18.0,178.0,24.77475379207370
17cd878b-0d5d-49ff-b205-7e0203908f4c,Margarita Fire,35.31886,-120.50886,390.0655822753910,4.0,233.0,189.0,29.403085581889800
180ea977-b5c2-483d-b9f4-c2f8b8b05ebe,Mule Fire,39.01748,-122.49327,532.4403076171880,18.0,87.0,126.0,58.17427851078450
ba20d998-185c-48ac-8006-15aadf4d3106,Mills File,40.13278,-120.9204,1146.813232421880,12.0,6.0,176.0,64.77661266508100
7b02d757-4f96-4616-99d5-04e4eaa34440,Bally Fire,36.99092,-121.59899,134.12860107421900,20.0,126.0,131.0,80.30496768781510
c7a0a280-17c9-409b-85f9-fdda301b6ede,Peak Fire,37.37397,-119.83556,459.6088562011720,9.0,250.0,207.0,46.92700930912880
49757269-445f-4525-8698-858d8e0a5398,R-4 Fire,40.69573,-119.93499,1725.257568359380,1.0,116.0,179.0,16.702504220830400
92fc9725-ac49-4632-8bbf-e299483940b8,Cove Fire,35.76343,-121.04445,383.121826171875,26.0,245.0,253.0,32.72513286585370
59fae761-fd49-4f06-a2e9-1495c00eb7e9,Bradley Fire,41.222,-122.292,1227.224853515630,22.0,75.0,116.0,152.8951951994570
5ef75bbf-adba-424a-bef3-a5efed5b5e2c,Sandy Fire,40.804,-123.375,744.8712768554690,30.0,216.0,233.0,144.2219032189710
38c666cb-6545-428f-985d-a2589dfb3700,Table Fire,37.896778,-120.504134,360.8450622558590,3.0,3.0,180.0,29.512341776665300
d0b51e42-5558-47c9-8617-34f6f977ab79,Border 9 Fire,32.59252,-116.61609,650.7643432617190,9.0,201.0,191.0,66.39373151048790
98bf51ea-bf23-40a3-b95e-4b795baced3e,Linne Fire,35.5956,-120.56068,300.4452819824220,20.0,230.0,228.0,25.173092931464300
ed4e06ba-6d17-459a-831a-9b15a9bd116e,Pine Fire,36.17297,-120.87609,387.3882751464840,27.0,120.0,110.0,48.65553730407600
47988f74-d4bd-4ddd-814e-22ebc2ca5ccf,Eureka Fire,39.75312,-120.75485,1906.5050048828100,23.0,35.0,141.0,69.46708335676240
e1a5b757-2bc1-440f-b3d1-06cd41171775,Shaver Fire,37.10067,-119.32109,1694.4815673828100,11.0,85.0,147.0,57.06883848235040
089f95f8-8834-4cc6-87c7-15cb1aeca7b8,Skeleton Fire,39.44543,-122.85194,849.827392578125,26.0,151.0,143.0,57.93925254467540
01202971-a157-41f8-91cc-cf7c3b8f9473,Soda Fire,40.07613,-121.56858,1333.8634033203100,2.0,120.0,175.0,69.74371036431170
d43c681d-b57e-47e6-a6ad-e3ed08de9ff7,Miller Complex,42.039,-123.218,1541.7916259765600,32.0,278.0,255.0,122.92402438679200
81b26bc7-7d65-4591-9d27-4e698cab4f12,Skeggs Fire,37.41591,-122.3001,559.3492431640630,23.0,219.0,224.0,62.85547090353680
4a015862-8ac1-4c91-aa4c-c9831630b75a,Berry Fire,40.98352,-121.81623,1320.348876953130,26.0,127.0,116.0,110.22725997012800
59d6fc84-0d58-4e29-b910-1993dba51b3a,Hole Fire,41.98128,-124.01168,724.8619995117190,28.0,115.0,104.0,71.61678030475160
ea832344-b0c6-4443-b5f0-457c462d911c,Pacific Fire,39.44257,-121.60683,40.7696418762207,6.0,296.0,198.0,5.765314562497860
ab08cb64-67c4-4e7d-8081-b5574131f755,Slides Fire,39.42604,-123.03344,1061.6005859375,13.0,12.0,171.0,112.98680984950300
7cc06465-bf2a-4df2-a68d-5f330e1cea42,Buck Fire,40.2275,-123.03583,1282.9901123046900,17.0,343.0,196.0,124.70873775722900
f7a51800-b219-428c-aef0-ee5fa5de4d64,French Fire,38.5758,-120.915,213.2703094482420,18.0,42.0,142.0,26.900687307170800
32d7eab5-d948-4be0-af69-b233e311d2b9,Eastman Fire,37.14624,-120.015509,123.22956848144500,0.0,207.0,181.0,9.426888857835480
efa1dc61-85e3-4fb6-b6f6-04c3845d9ca6,Grape Fire,39.02482,-123.1362,166.941650390625,5.0,196.0,185.0,39.22020405612900
19ada70e-4932-449c-8483-d65685995487,Corral Fire,37.63358,-121.49925,158.78150939941400,0.0,148.0,180.0,27.221994758290000
a8567989-a0c5-4c31-9012-82f99d76129f,Murphy Fire,36.24653,-120.31598,292.40240478515600,3.0,108.0,171.0,18.581384511474200
e7cb239e-7d9e-440d-ba5a-c6881406ce95,Power Fire,36.94652,-120.90462,155.05441284179700,5.0,171.0,178.0,17.42483687142230
c64e288e-d258-45e0-8357-b7a7289c0b92,Huasna Fire,35.12269,-120.39387,241.6110076904300,3.0,204.0,184.0,17.68709378394380
04b4caff-a62d-465b-b9a7-81986f91c0c3,Dexter Fire,37.76888,-120.15846,984.056884765625,4.0,223.0,189.0,25.15161690554290
cf38fe5e-29ca-498d-bc9c-d3f2fd8ff883,32 Fire,39.8255,-121.7127,505.2544250488280,21.0,322.0,220.0,113.64132629199100
c9009967-c0c1-47d3-b2eb-47b2d7a5da0e,Estate Fire,38.4446,-122.0041,97.87337493896480,8.0,104.0,156.0,10.492517702992300
ab42234a-7930-4636-8af5-3fc11ca8b34d,Jasper Fire,39.03168,-121.40947,27.094762802124000,4.0,93.0,166.0,1.5535241398356900
c4f61042-d1ef-4d00-956d-785368ee34ca,Edwards Fire,37.77982,-122.169,132.6494140625,30.0,226.0,244.0,73.18296291868180
cb3599f6-751d-4072-8db1-6e366ac603c9,Poly Fire,35.3024,-120.65279,207.25466918945300,18.0,237.0,228.0,68.92847053688230
0176a674-c102-4854-92af-7d09aa3e1430,Canyon Fire,33.8668,-117.68598,183.9507751464840,10.0,297.0,209.0,69.81853571427540
f2e55878-e387-412b-a067-dadc649bed43,Lion Fire,36.27138,-118.48555,2280.621826171880,7.0,306.0,198.0,106.8881317474580
f839c34f-de3b-4e79-9b4f-e3502557d32b,Rucker Fire,34.67403,-120.4393,34.181365966796900,5.0,218.0,190.0,26.7448085945608
62a5257e-a841-4f7a-ae19-52aa89570bd9,Lakewood Fire,35.59302,-118.46734,892.1234741210940,25.0,26.0,147.0,52.71923048464820
58533f37-ed81-4ac4-89e9-b4088684d9e7,Melba Fire,33.74925,-117.10301,528.4786376953130,13.0,246.0,217.0,47.32385580681640
03d74bbd-627c-47af-a2e9-5351e6e16f6a,Timm Fire,38.43658,-121.97233,46.74335861206060,0.0,91.0,180.0,6.211085450328560
273d1f78-c432-46c0-8969-26c3f936cc65,Ramblin Fire,37.41231,-119.87465,610.3436889648440,1.0,210.0,182.0,31.447820495800500
bc12dbf6-db36-4dcf-86d6-84d3beb14cad,36 Fire,40.20077,-122.24731,102.10047912597700,5.0,354.0,182.0,9.188283580617760
2049dbb6-1a87-4d9d-abde-092d35072934,Ridge Fire,39.15016,-122.576,451.045166015625,21.0,6.0,173.0,89.5113587044994
6ab80358-cb3c-4e2a-85da-0cd77003fc12,Jones Fire,40.70627,-122.24199,273.774169921875,8.0,12.0,175.0,26.271423031347200
fc87e089-36dc-4314-8321-7d91e7eead21,Fort Fire,38.51937,-123.24713,61.8023796081543,8.0,279.0,204.0,43.46278505130790
e3ed6829-5211-436a-8e32-ec617c3ebc83,Freeway Fire,40.24789,-122.255,147.3837890625,15.0,287.0,225.0,11.5412015296819
e2c1718a-40e5-4139-a379-011c77f021bd,Blue Fire,40.88516,-123.96844,203.59104919433600,6.0,192.0,185.0,70.21620622522430
adf929a5-d508-4f69-8845-8fa1df8d4f95,Cherokee Fire,39.62496,-121.52966,429.9999084472660,3.0,293.0,189.0,18.859895365194100
676946dc-1b38-4a09-9bbe-9ce638cfed52,Atlas Fire (Southern LNU Complex),38.39206,-122.24367,417.2644653320310,8.0,179.0,180.0,38.90685775606690
82c2aafa-ef04-49f0-a172-0dfa8a15582e,Tubbs Fire (Central LNU Complex),38.60895,-122.62879,199.23927307128900,22.0,205.0,208.0,40.97951363229520
be79d28c-767d-4a0d-b168-e86a5842004f,Nuns / Adobe / Norrbom/ Pressley / Partrick Fires / Oakmont (Central LNU Complex),38.4041,-122.5209,229.1893615722660,16.0,137.0,146.0,58.481115686415700
36d55b1a-a2f4-4f40-b57c-48341bb2ace5,Partrick Fire (Central LNU Complex),38.31802,-122.39052,273.7462463378910,9.0,141.0,163.0,62.163994395866100
4ca0e06c-4e6e-4e00-a4a4-6813e3200bd5,LaPorte Fire (Wind Complex),39.39455,-121.40613,237.0713653564450,6.0,258.0,198.0,16.977306711240100
608ed849-d1ec-4b0d-a477-d1b8e9c7e6dd,Cascade Fire (Wind Complex),39.32198,-121.4021,149.59727478027300,6.0,65.0,164.0,14.494454755509900
9a2b8ac1-41f4-4f98-a4e1-9b5ddee37251,McCourtney Fire (Wind Complex),39.19325,-121.08406,722.0204467773440,11.0,91.0,147.0,20.43585289567510
c229ea5c-2ebd-4f80-892e-fc5da8a1eeea,Redwood Valley Fire (Mendocino Lake Complex),39.24873,-123.16635,272.67779541015600,14.0,186.0,185.0,32.568223242086100
f30518d1-83ef-440c-8058-d4189bfedab7,Point Fire,38.40234,-120.52953,831.6876220703130,4.0,223.0,189.0,15.456925157166300
fe6e94d7-7b47-4992-9a52-787e1fad8171,37 Fire,38.14242,-122.47301,5.048766136169430,1.0,182.0,180.0,9.454892700451930
f8ce12e2-e7c1-4922-b584-63e4421d0598,Pozo Fire,35.28738,-120.44448,472.4477233886720,7.0,4.0,179.0,65.10927070670310
fb042e0f-1aab-4ac4-9d09-947c9b9f14b6,Tank Fire,35.21556,-118.56578,923.6133422851560,22.0,247.0,244.0,49.00053917311570
0f32c2db-7d28-4cf6-85b8-44b53899c8eb,Sulphur Fire (Mendocino Lake Complex),39.01387,-122.64543,437.5516052246090,8.0,336.0,191.0,46.03975220833930
29c37ab7-3af9-458f-b6d3-72023a8c1046,Lobo Fire (Wind Complex),39.24549,-121.12792,598.7311401367190,15.0,213.0,206.0,38.0272257318246
579d5d2a-0e51-4058-92c7-37abd7fe4aad,Honey Fire,39.74679,-121.67261,157.63148498535200,6.0,303.0,195.0,63.49813567809560
969c721c-5f27-41d4-9a94-ffa12e351204,Canyon 2 Fire,33.87041,-117.70975,113.07115173339800,2.0,138.0,175.0,17.998888411561700
561d4f1b-0827-48a9-8034-e783d2761945,Wildomar Fire,33.60247,-117.34192,1062.0384521484400,24.0,144.0,138.0,78.06549834603670
09425074-8348-4fbc-b95d-4939750f9345,Tehama Fire,40.02261,-121.91425,349.678466796875,34.0,178.0,177.0,88.38447292155690
46d1ec10-be8e-474a-b98f-ba7cd3521ccd,Silver Fire,36.7528,-119.2288,521.0933227539060,12.0,211.0,200.0,33.18352898087000
0de36981-b31f-45c7-befd-1596f982e7db,Pocket Fire (Central LNU Complex),38.76549,-122.90939,423.00091552734400,30.0,269.0,255.0,64.02956178099330
b3627eac-9f2f-482a-81a6-681e60b5b24a,Bear Fire,37.18356,-122.07012,465.3020324707030,39.0,122.0,85.0,76.44380794558340
dcd7fb2e-3a4f-427e-9b13-1d2bcb0e8ac6,Wilson Fire,34.22551,-118.05545,1663.7635498046900,42.0,33.0,114.0,126.13911812815100
eb8b50ba-b6bc-4668-b3f1-dcdbfbe71b17,River Fire,40.46836,-123.51619,852.8369750976560,19.0,228.0,223.0,81.99124048320210
ec27a3bd-959b-48f3-872e-2c87047dbae2,Quarry Fire,35.19008,-118.76152,230.0482940673830,6.0,284.0,197.0,47.7145815533442
d720af5d-af7c-4052-92b3-fced863cb675,Wilson Fire,33.18716,-116.50897,1184.417236328130,17.0,249.0,229.0,46.83386965194820
11392e98-1571-4405-8f9c-d347caca28ce,Garden Fire,39.06414,-121.13737,489.80950927734400,2.0,350.0,181.0,15.953164978565200
0e9f14ae-01d5-4fbe-85a0-d0967233dc90,Ice Fire,38.77921,-120.46234,1031.0455322265600,18.0,168.0,169.0,80.26359400253280
61e9a1f4-a263-47a0-93ee-64b52ebd92a9,Portola Fire,33.50488,-117.02132,380.5435180664060,0.0,187.0,180.0,18.839866500053200
c5783ba0-227e-4ff6-9d7d-61532ccd469b,Meyers Fire,34.21829,-117.40625,624.9205322265630,2.0,195.0,182.0,16.841233212328700
eb87224a-f7da-4432-84ca-03a706ee3bac,Little Mountain Fire,34.16564,-117.33334,443.154541015625,3.0,199.0,183.0,27.229192092241400
33bf7f90-edd9-4bf7-a079-561d5dad25c9,Extension Fire,33.8826,-117.00589,596.8492431640630,30.0,154.0,140.0,40.48255726590610
50bd55cc-7c58-462d-a919-923b4bdcca15,Freeway Fire,34.13534,-117.4982,417.668701171875,1.0,358.0,180.0,10.950501699560200
733028fc-bf0a-4737-878b-78a29c9ee2ee,Rolling Fire,35.3091,-118.701,301.3175964355470,2.0,28.0,178.0,60.0821825012859
92a8a466-061b-430a-87f9-3b5192947578,Lynch Fire,35.78616,-120.96514,342.19122314453100,3.0,339.0,184.0,20.160315498111
2725461a-6ad1-43fd-8b83-5e219df4d558,Table Fire,38.848,-120.287,1928.27099609375,24.0,313.0,233.0,46.40635990453370
a7ecc679-7fbc-4370-9a55-8e17bf262a2e,Long Fire,39.0199,-122.57487,406.72662353515600,21.0,358.0,183.0,45.33532232932380
3f481060-1106-4857-8ac3-374a68763922,Oakmont Fire (Central LNU Complex),38.46123,-122.58152,496.0670166015630,39.0,338.0,223.0,79.3616131778825
c58da6fd-a2e2-4706-9a2e-ee03884c714d,York Fire,36.5858,-121.80377,125.98180389404300,14.0,333.0,200.0,17.971750329599400
e8c7f247-bc31-4e5b-bf71-fe903366d9e5,Fallon Fire,37.7393,-121.85663,257.8649597167970,15.0,197.0,194.0,28.70396313893160
081c7307-b328-4b64-869a-dce8718bab11,Buffalo Fire,33.402411,-117.402445,465.34765625,29.0,315.0,243.0,50.83434611850700
6418a3f5-8f76-4b47-9a46-64af91838857,Milton Fire,37.89532,-120.84748,55.9066047668457,2.0,149.0,177.0,5.148015637295850
1e11fa40-e850-45d2-b65e-05aadc9f02f1,Rye Fire,34.45283,-118.58188,380.1604614257810,18.0,137.0,143.0,28.916659194100700
a245b55b-3eb7-49dd-9a5e-909d53854055,Creek Fire,34.31283,-118.35863,683.4959716796880,19.0,86.0,122.0,119.62169824077600
d28bc34e-73a8-454d-9e55-dea7bdd40bee,Thomas Fire,34.41521,-119.09124,332.9154052734380,17.0,113.0,133.0,74.79681495693850
c425ed8d-1aab-44c8-bc03-39675ad2b0d2,Riverdale Fire,33.96514,-117.4764,204.6924743652340,1.0,236.0,183.0,9.688178953443220
eadd73be-51ab-4078-91cc-04784be3f17f,Roser Fire,39.81517,-122.28165,126.0956039428710,1.0,120.0,178.0,5.785722542615620
23353f29-33d4-4a7b-b78e-66bc761a55c8,Chris Fire,38.46111,-119.48284,2135.95068359375,34.0,299.0,255.0,153.77484479894000
d12bbce8-5acb-43ef-a259-4fbaf90d32ff,Loma Fire,33.38613,-117.46709,147.0185546875,5.0,332.0,189.0,21.98557775257620
60d9b4f4-7b48-4820-9adc-5be0b4353a5c,Palm Fire,33.90327,-116.50151,211.03257751464800,5.0,233.0,192.0,9.71745865672362
fc8f89b5-988a-4a23-b9e3-333cc690363e,Vista Fire,34.34949,-119.30918,242.1363067626950,29.0,78.0,95.0,93.0406368835014
494792db-3107-4323-b176-fde4c58cd647,Soda Fire,35.41112,-120.00353,727.0729370117190,4.0,27.0,175.0,10.41888897261220
c265dfe8-6217-4a0d-9ea9-37be3b38baef,Bitterwater Fire,36.38109,-121.00391,491.6275024414060,20.0,150.0,150.0,58.58791631100320
773795d8-5801-4f7c-a2fe-3f8d0ae18f51,Church Fire,32.64962,-116.37345,975.2982788085940,44.0,177.0,174.0,25.46149863551430
666b3951-76ce-4351-abc6-3e0518d44901,Oak Fire,34.035344,-116.940661,1402.1334228515600,5.0,219.0,191.0,51.713046410417200
fc4fcd00-8eee-43e5-b77f-bbd0c1669744,Lilac Fire,33.3237,-117.163,72.39517211914060,5.0,340.0,186.0,31.63306368069760
e1a8e4f1-ba7c-431a-a8c4-069fa3d3d36c,Liberty Fire,33.59257,-117.14979,472.2773132324220,19.0,329.0,210.0,32.11792615552080
d3f8db86-9947-4a4e-9113-0d7e4806417f,Longhorn Fire,33.88994,-116.91023,823.8638916015630,24.0,10.0,168.0,41.93512337999120
2aad53ef-d6c3-43dc-92e6-b2f9881ff161,Skirball Fire,34.09454,-118.48178,310.8807983398440,38.0,136.0,103.0,63.759851326849600
64779f92-8353-4187-ae56-2b83eb66d7ca,Drum Fire,34.71796,-120.27077,377.912841796875,21.0,331.0,211.0,50.49123007050640
2fa6f5ce-1c5b-4147-9f1f-9beb01c499af,Coast Fire,34.605358,-120.414875,68.3830795288086,3.0,285.0,189.0,36.61131245938690
e32c7957-8f4f-4ec1-a0f6-98085a2a7e89,Riverbottom Fire,33.9885,-117.38417,262.6055603027340,4.0,161.0,176.0,26.13610433748010
d20645f2-81b9-450f-abc1-433b81bd7fea,Holiday Fire,38.869036,-119.61865,1771.654296875,4.0,329.0,187.0,49.3319685012293
9d0be6f9-d61b-467d-be68-c8a48c0cf930,Haycamp Fire,35.96689,-121.28185,397.9448852539060,0.0,187.0,180.0,17.17336701672320
3d866877-330a-4a14-b5bd-48675955af64,Pleasant Fire,37.40208,-118.50235,1338.9864501953100,6.0,74.0,161.0,34.68868538715080
f78b2acd-fff2-413a-93d6-8479e138120b,Grant Fire,37.73835,-121.6039,145.9784698486330,8.0,168.0,175.0,18.409416707527200
693a86e6-8985-4e70-8ba8-869786ff538b,Patterson Fire,33.62924,-117.05992,491.6926879882810,3.0,142.0,175.0,18.7705431860052
8b34406c-93b7-4a40-a832-2fc525876e59,Tyler Fire,33.711263,-116.164058,-5.525167465209960,1.0,169.0,180.0,6.235405851919030
f87005f7-c31b-4135-989a-ee5611626b3c,Santa Cruz Fire,34.0232,-119.76576,386.67620849609400,27.0,65.0,106.0,74.18420560305970
958c8ac0-6111-4d29-b5ac-8ca0e7a2f484,Rock Fire,40.4635,-121.77419,1015.6725463867200,6.0,143.0,169.0,28.328480456873600
9a49cf24-0e41-4817-b0d0-966e7b5c7e77,Meadow Fire,33.86439,-117.48144,409.4851989746090,9.0,117.0,154.0,25.238483978636300
81cf4d22-336d-4035-b2c3-5b5a8cf2fcc2,Volcan Fire,33.12213,-116.58759,1561.095947265630,20.0,2.0,178.0,63.424686939065500
e84f2881-743c-4e36-863d-ddb37c2540d3,Shastina Fire,41.65935,-122.48556,771.5413818359380,5.0,339.0,186.0,17.449991975027300
fb8c9354-384c-45ab-b209-4a0f6d234516,Lago Fire,33.88744,-117.16232,570.4891967773440,31.0,130.0,108.0,49.34547385587050
508b3f52-3a8e-4572-99a9-73c28bbdfbef,French Fire,39.89075,-120.18499,1726.107177734380,11.0,218.0,202.0,41.74381729214350
1a08a7d9-47b2-42ba-94c1-a2e15415b887,Happy Fire,34.74245,-120.18236,306.4717712402340,9.0,296.0,205.0,22.79218488839070
f96cf1fb-78d6-4763-a754-23aac25a3b96,Jacques Fire,33.40178,-117.27467,205.36785888671900,18.0,244.0,229.0,65.00363344846310
32708961-025a-4bf7-88c1-8cd91bbc3cce,Alpha Fire,33.389425,-117.502405,88.14449310302730,6.0,223.0,193.0,34.44952987589340
92c441f3-4729-4ba5-890f-fb7693725275,Nees Fire,36.85156,-120.77206,116.80782318115200,2.0,47.0,176.0,14.80950128817730
57ef80d4-4674-4a3a-9fd6-3f1d792a1953,Tornado Fire,33.504964,-117.148204,319.193603515625,3.0,237.0,188.0,13.99233768701850
08a9481d-8742-4256-a419-2a59196e0a8d,Woodchuck Fire,33.467999,-117.003829,504.2242431640630,12.0,349.0,187.0,22.05293690036310
a339b368-ec58-463e-9a26-9af37c938f49,Moffat Fire,36.71537,-118.08449,1131.0740966796900,0.0,248.0,181.0,2.3161913146656700
8e840df1-b34b-44fd-8ade-0350a0113a81,Main Fire,33.67815,-117.32281,419.6038513183590,41.0,223.0,255.0,31.695492104683500
0d030a31-8531-4172-88f1-08ac34c3d805,White Fire,35.826333,-118.9821,226.1812286376950,9.0,286.0,206.0,9.675091996415980
e1ab6577-7ce9-4b19-bb29-68b5bdd699b6,Jelly Fire,40.31759,-122.21032,122.69884490966800,1.0,60.0,178.0,8.62298331231127
454ed7a0-3e17-47a6-9ff1-7a629471df5c,Ager Fire,41.791859,-122.513883,871.8660278320310,2.0,153.0,178.0,37.90768375246230
d77a050b-9928-49bf-92de-1159edddd07c,Plaza Fire,37.056944,-121.01638,88.64786529541020,1.0,15.0,179.0,6.900076088630600
03b0e3c2-7b65-4a7b-b061-d297ebd267f4,Bellagio Fire,38.16303,-122.23059,40.00522613525390,18.0,44.0,142.0,34.49242639351200
b9cd9a90-1983-4a0a-aad4-9c286382f158,Agua Fire,33.35505,-117.03134,248.7755126953130,2.0,8.0,179.0,41.79995685748930
f163aa10-1dd9-4fd0-9e5b-fda78ef5bcc6,Experimental Fire,37.0979,-119.75307,320.3469543457030,11.0,208.0,196.0,41.813388207002700
31c47bb9-1913-463e-95e4-86e48fadfda6,Water Fire,35.56922,-120.12441,559.8743896484380,12.0,36.0,159.0,32.28983557538810
737f9bb2-5a43-4730-94c1-4031bce6d626,Cobble Fire,36.75581,-119.42172,173.05567932128900,3.0,122.0,171.0,10.637492400651800
7f775329-242f-4211-b564-92f90062c227,Keeler Fire,37.21803,-121.76828,70.46184539794920,3.0,339.0,184.0,52.85044547553990
79dee087-3393-473f-aaa9-5d253cc5e1fa,70th Fire,33.53924,-116.10231,-63.1062126159668,1.0,78.0,177.0,1.1957074668743300
09f22e57-6058-4a87-972a-ece08f4527d4,Chrome Fire,39.65578,-122.58666,309.1232604980470,20.0,253.0,238.0,26.80964394732540
e596a67e-177f-4db9-a2d6-dda7da1678fb,Stuhr Fire,37.32744,-121.10903,55.29579925537110,0.0,77.0,179.0,4.32241573535697
4b641aa9-e8b4-492e-a181-f1bad47c4d6d,Vineyard Fire,35.71859,-120.64028,209.0141143798830,2.0,182.0,181.0,12.90400331413530
503cf916-4f56-4be7-8083-730122f686dc,Grant Fire,37.75375,-121.57918,85.95721435546880,5.0,107.0,166.0,14.854487965139700
4235f934-ed24-425d-821c-46363dcb16e8,Madison FIre,38.64953,-122.01762,67.97176361083980,1.0,89.0,178.0,3.1953637059240900
3db90629-694f-43d7-b46a-6378f6bc1472,Open Fire,39.46543,-122.65582,932.5390014648440,4.0,8.0,178.0,52.76744801837490
b48e83d3-eb05-47df-a198-185912d8190e,Plymire Fire,40.201826,-122.29388,132.86866760253900,2.0,36.0,176.0,8.319847394086210
abe0e447-8977-406f-9e13-5514f4e954bc,Glen Fire,37.99113,-121.86473,54.7859001159668,2.0,33.0,176.0,30.400771486220500
105b65f3-7e99-4cd6-8b0a-f78004c041eb,Aliso Fire,33.55132,-117.72044,44.8348503112793,1.0,151.0,178.0,24.269996425297500
c88bdcbd-2592-44d2-b44d-1c5a37593ffb,Jardin Fire,33.45014,-117.22215,367.66400146484400,14.0,135.0,149.0,30.276297887723300
af8fe898-e4a6-4b9f-86a5-e6fc3226832b,Coldwell Fire,36.10499,-120.55324,462.6648559570310,4.0,225.0,189.0,27.71339089715560
2d27a570-a8b0-4332-a40a-3afb8f2a575c,Black Fire,39.80827,-122.3307,120.17179870605500,2.0,166.0,179.0,18.16645734182170
a0b7fa30-74d0-419f-927b-de29b0d00018,Grande Fire,33.47413,-117.31468,181.3583068847660,7.0,153.0,170.0,54.72063006373560
368fb83d-2660-4d9f-b6ad-0a2ef5de1e52,Ethanac Fire,33.742,-117.28189,504.539306640625,1.0,84.0,177.0,12.495919905942500
39ace715-e375-4083-a05c-7fb7448e17b9,Fairview Fire,36.83036,-121.36446,130.33656311035200,2.0,302.0,186.0,10.008126923207700
0fd4a4af-b243-4e88-b983-648d0c127f47,Resort Fire,35.75737,-120.91793,323.0214538574220,24.0,76.0,109.0,45.54196645037630
a9d772ae-90d9-4f8e-9fe7-342b4266dd52,Martin Fire,41.58233,-122.33769,911.5693359375,3.0,260.0,190.0,12.28761723607540
8efb9edc-dbe7-4824-9027-22993569f794,Adobe Fire,32.78031,-117.06782,115.94464874267600,5.0,238.0,195.0,26.1336460608792
60041942-db7c-4c3d-8a94-151addbd9d20,Green Fire,32.75072,-116.92404,141.77088928222700,7.0,239.0,198.0,23.854581809703700
5340807b-1be1-4894-b446-c81c46456641,Stone Fire,34.5486,-118.31138,1010.5185546875,27.0,29.0,141.0,76.1147265924565
c48eaae5-afb4-472c-be65-7dfbb3c82f4d,Meamber Fire,41.64805,-122.98442,844.3444213867190,7.0,288.0,202.0,50.4137876397628
df2538f9-20c9-4d40-9a64-9d6334b6f7d6,Airline Fire,36.40755,-120.99322,534.7938232421880,7.0,155.0,171.0,54.15934019421720
5228fabc-64f6-4ccf-aedc-dc1e781277a6,Eastern Fire,36.378333,-120.901167,589.6729125976560,2.0,152.0,177.0,69.85988324392520
9662b158-b17f-4386-867a-3afa5ea28929,ONeals Fire,37.10181,-119.623981,375.8678283691410,12.0,224.0,207.0,61.70322813532860
9f926d66-2cfa-4e3d-b4a3-4ea3b4b23698,Panoche Fire,36.64832,-121.03253,596.374267578125,5.0,204.0,187.0,28.61264008792170
6eed6c93-14f3-450a-80c8-65c5450a8cbd,Pallet Fire,38.245151,-122.44408,3.905344486236570,2.0,148.0,177.0,1.599645908572380
a43a2839-d85f-4152-ac07-4a29c31723cf,Vista Fire,33.40769,-117.22974,141.63272094726600,24.0,286.0,250.0,28.520154893538300
9ededdf0-b250-49ec-999d-eb988dab08a9,Recycle Fire,32.63046,-116.46674,798.14697265625,0.0,91.0,179.0,13.948981675095400
7278467f-ca4a-47f1-b876-a6722b546f30,Liberty Fire,38.24033,-121.09199,62.31480407714840,0.0,163.0,180.0,5.721254729810360
cdd46073-0336-4003-8a06-161947985987,Bear Fire,37.33924,-120.24315,97.11319732666020,0.0,123.0,180.0,2.58220582607554
22fc8e84-ae8e-4a10-a9f3-828464616253,Apple Fire,39.94355,-122.3571,141.73406982421900,0.0,174.0,180.0,10.790537262445800
1d926fc4-0f23-47dd-a750-5e7fac4ad416,Chrome Fire,39.64978,-122.58218,297.9825439453130,24.0,286.0,250.0,25.70761374951840
5adaf6fa-0c4a-43e4-bd32-baa089a7f0b2,Mission Fire,37.97638,-122.5275,55.439849853515600,17.0,167.0,168.0,47.44121023323780
d6d4d085-1c3b-4ee5-bd2a-dd3779797e97,South Fire,37.97638,-122.5275,55.439849853515600,17.0,167.0,168.0,47.44121023323780
63e41793-2c9c-4dda-98e0-62b5069514a7,Sam Fire,35.9352,-121.11936,300.15350341796900,7.0,27.0,170.0,7.585825681543140
b3ab43c4-6f73-4ccc-a3ca-f2c54959f8b1,Beaver Fire,36.37532,-120.862579,943.2045288085940,7.0,314.0,196.0,88.90310466664340
d886d8aa-00b7-41d7-b48f-665f5c6cf01e,Vista Fire,35.663607,-120.670311,236.1738739013670,1.0,166.0,180.0,8.46403907673002
96781eb8-6146-4b96-a5cb-7457defea461,Santiago Fire,33.787838,-117.746625,221.90875244140600,18.0,33.0,150.0,28.746447624070500
e1c9dae5-a2d8-4c97-8e6d-65937ade5e79,Euclid Fire,33.925862,-117.654299,167.33653259277300,11.0,78.0,148.0,18.25211537090020
7307857b-b127-4b3a-bf11-ee19d07e0736,Portola Fire ,34.110516,-118.427886,334.0909423828130,24.0,318.0,230.0,45.22319891887590
994876ff-2369-4a13-9642-d2dfbd372ac9,Spring Fire,40.394073,-122.135924,193.74826049804700,1.0,249.0,183.0,27.97509075885270
764b9aac-411e-442d-a045-1bd02ec773c2,Bridle Fire,33.524412,-116.821724,1036.5911865234400,7.0,54.0,162.0,35.58530511475370
59b452f4-04fe-4251-8cf9-70dfc53ada0c,70 Fire,39.602703,-121.617698,101.64979553222700,5.0,298.0,194.0,10.830071828435600
f3d3e61e-4ab4-4155-a882-4e27de976659,Creston FIre,35.58354,-120.624135,276.1717834472660,2.0,307.0,185.0,7.188452432041520
b307b3b5-529a-4dd0-ad30-e678180a6174,Tumbleweed Fire,40.3768,-120.36403,1228.3902587890600,1.0,192.0,181.0,23.933269988852000
3de50f18-061e-40f4-8ee4-8a3d3ef25fb1,Planada Fire,37.39339,-120.34207,103.8665008544920,2.0,195.0,182.0,5.500413678465290
06ccdd6b-fd15-4cba-a9ed-6cb7c70327d9,Raymond Fire,37.14663,-119.91223,194.9144287109380,2.0,152.0,178.0,19.170931536310600
42bd7e44-5bfa-4e25-961d-941a18bc00d0,Boyer Fire,37.47677,-119.84299,814.0585327148440,24.0,240.0,244.0,52.249538325448200
9b6b1707-4342-4b38-b4a2-1056c202a32a,Oregon Fire,39.549167,-121.521111,138.628662109375,9.0,190.0,185.0,75.3160381499368
af251be5-4fa6-4ced-954c-a0e0aa34a517,Creek Fire,38.886518,-122.476381,727.3432006835940,7.0,24.0,172.0,29.09076562299420
0ffbb118-8070-4220-95a7-cdef27b0a7ae,Willow Fire,38.015323,-121.998967,84.25940704345700,17.0,216.0,212.0,36.77581039790140
43d24c96-7841-423f-9e14-bc9a7ff49416,China Fire,38.265645,-120.892404,144.12359619140600,19.0,100.0,122.0,30.302557330645600
bd149eaf-5a3e-4eac-9973-243e78862b35,Upper Colony Fire,38.834395,-119.416746,1638.717529296880,20.0,28.0,151.0,107.12135112440700
1f49d4b1-f08f-4fce-8b55-48ff0e521a2f,Vallecitos Fire,37.627119,-121.806775,213.40646362304700,19.0,8.0,172.0,37.92200579911510
fc911680-49a8-454b-be0f-d78cd957bd29,Dinosaur Fire,37.05876,-121.176354,209.36964416503900,13.0,138.0,154.0,66.22835327868320
8f98a50c-fac6-4dcd-844f-76c49891f0f6,Wheeler Fire,37.707234,-120.199162,510.1792907714840,14.0,151.0,159.0,23.883574608332300
2bee561f-fd8f-44ad-9c25-ccdc671029bc,Iron Fire,37.779209,-121.908976,222.1237335205080,17.0,266.0,234.0,31.285427783506300
b2adde70-a40e-4b81-9f5f-8f6b96042af2,Ranchita Fire,35.77017,-120.57833,427.8195190429690,9.0,77.0,153.0,24.15213618969470
d963ff00-9c98-4bc6-a3b3-4856d8192e87,Yankee Fire,35.73629,-120.75593,324.0751342773440,15.0,236.0,220.0,23.760294774980200
d752892a-9bdf-4b91-83f0-2d3f94c3f370,Creek Fire,35.05747,-120.39295,273.5666198730470,22.0,96.0,113.0,31.535385608081500
9fe34773-10d3-419a-a6f5-4ddb2d43a145,Bascom Fire,40.52909,-122.17457,194.91944885253900,1.0,276.0,185.0,12.145610147328600
299d84d9-ff65-4669-bcd7-cb5abb191c75,Lane Fire,40.35068,-121.77867,1017.8845825195300,10.0,350.0,186.0,93.61517231554430
75ad696c-b094-4919-89e3-f879361f5151,Sierra Fire,40.12791,-122.19792,87.93091583251950,1.0,198.0,181.0,1.60827589938203
72999057-198b-4cd2-a316-2e854ef9a7f8,Stoll Fire,40.18395,-122.27574,125.76078033447300,5.0,33.0,171.0,7.832387932412450
25574325-cf1d-4191-bc3d-c50ed0a15f9c,Pawnee Fire,39.0674,-122.59848,360.553466796875,3.0,280.0,188.0,32.85192149493670
c8c8905e-4ff4-4563-8ad8-3838a8d0a3bb,Canyon Fire,34.53765,-118.75495,361.92962646484400,3.0,260.0,191.0,75.51908634129160
b4377461-c17b-41b1-8dc2-9722f8ead519,Stony Fire,39.2976,-122.512012,409.9738464355470,1.0,68.0,178.0,6.486838903490710
d7365a2a-a113-4693-92d3-152f52b0d743,Sheep Fire,35.1234,-118.72905,863.9840698242190,8.0,170.0,176.0,42.26222740129990
b900fe52-8900-4578-9745-58036920a1ab,Creek Fire,40.50318,-122.42308,153.8156280517580,1.0,180.0,180.0,7.490420551076890
28d55249-7c63-4213-a7b4-c0796dbb18ca,Flat Fire,37.80785,-120.30187,311.80615234375,17.0,25.0,159.0,97.41998932148470
f2d02439-f682-47e7-b6e9-6e51ca068c86,Horse Fire,37.95766,-120.68902,272.86065673828100,8.0,208.0,192.0,13.81530599642120
bda69d0e-716e-439e-9a18-49f44d449086,Romero Fire,37.08529,-121.09354,180.562744140625,12.0,93.0,142.0,34.08936701015460
eabc7fc2-d02b-480a-9472-7c7677e812cb,Peach Fire ,39.038859,-123.38493,185.10516357421900,13.0,195.0,191.0,64.75710118260780
4efc7855-ecbf-4507-8435-399e23a91fef,Waverly Fire,38.052055,-120.945482,79.52848052978520,2.0,193.0,182.0,8.719431195286790
465ed1e1-89be-4556-b616-834b65746005,Llano Fire,39.6139,-121.954098,34.60779571533200,0.0,218.0,180.0,0.6501731752021550
70ff3ebc-0d1f-43eb-ab56-1ff13fe9c9e3,Flat Fire,40.60402,-122.9144,596.4835815429690,17.0,223.0,215.0,72.44899115238250
8811a5f8-b99a-454a-9af5-6753579c8d45,San Ardo,35.95515,-120.86256,150.8873291015630,2.0,270.0,185.0,24.77378128404060
b17eb5bf-c44a-4e13-99d0-bbdf5e8f8f67,Lions Fire,37.571,-119.118,2625.370361328130,25.0,198.0,204.0,52.31563705897100
595f6f52-a55b-40e7-8aa6-b409ff9a7a5b,Anchor Fire,36.696879,-119.304499,161.41903686523400,1.0,221.0,183.0,9.093818972488510
a3ba8fc0-37f7-4c1a-9386-627d3369a03e,Shippee Fire,39.59872,-121.78208,40.44531631469730,0.0,27.0,180.0,0.8267104488917990
91b94b02-cd05-471a-a4e7-5168d56c46ba,Fox Fire,35.33916,-120.71488,173.56729125976600,10.0,342.0,190.0,26.04145817290690
218619b5-ad0c-4238-8e31-ab6d98932a73,Hyatt Fire,40.316137,-120.45053,1243.92529296875,3.0,97.0,172.0,29.501130742368400
5aa13874-fb24-44f0-969a-d12dbc7edca8,Cherry Fire,41.83359,-122.99272,646.97998046875,14.0,206.0,200.0,84.45291675708590
cbf84797-7cc2-40a4-8157-d74c89792e9e,Par Fire,39.491737,-121.637759,53.80745697021490,1.0,84.0,176.0,2.504894155870870
c8060137-4a83-479b-9f36-429a698aac06,Grant Fire,38.595865,-121.17693,85.90327453613280,2.0,274.0,187.0,2.905411864815860
53770321-4d20-4db9-bfad-754f9eeabc2b,Valley Fire,37.94714,-121.9921,116.3839111328130,3.0,117.0,173.0,35.96417153875300
a4d4923c-cf9e-43a9-b62e-dc9c04f0ec24,Tesla Fire,37.66074,-121.67144,250.48497009277300,3.0,307.0,189.0,12.0382454833821
d4618db6-e417-4590-8c1f-9b5ace341bb3,Creek Fire,34.17711,-117.15381,1016.229736328130,4.0,266.0,194.0,76.8013401276847
97ff14e8-6d08-4214-ad3b-847fa3a0e84a,County Fire,38.80583,-122.18183,103.141357421875,0.0,123.0,180.0,5.347150984997420
28599f05-c64d-49a5-be59-23879eecb980,Benton Fire,33.56349,-116.732032,1161.6365966796900,3.0,236.0,189.0,18.603735320703000
15d8c9e7-7029-4027-85d8-95f308f83790,Lariat Fire,40.00293,-122.44008,269.2225952148440,3.0,57.0,172.0,19.183866840217100
f5d14543-5d98-41ca-99f5-09c1197161b2,School Fire,37.22791,-119.50461,810.9610595703130,4.0,299.0,191.0,21.44556839442540
6103c099-a3eb-481e-8a76-1296f5fdb25d,Petersburg Fire,41.085,-123.051,977.04248046875,15.0,106.0,135.0,57.98947654702840
2a1c14d1-2a88-4564-bd09-585e09ffc9a7,West Fire,32.833674,-116.7311,654.80908203125,2.0,305.0,186.0,62.55526024730610
f7bacdf4-ba33-436a-ad94-549395286fc2,Buckingham Fire,37.86339,-122.12351,211.34909057617200,9.0,270.0,209.0,25.91987638180790
59c697e4-5083-4f45-b03a-ef580f6618dd,Building Fire,32.619855,-116.764733,444.3118591308590,4.0,8.0,178.0,18.85176223452090
29a5f777-bea5-411e-9139-fe0d094616b0,Shingle Fire,38.539806,-121.059979,141.84226989746100,6.0,243.0,199.0,12.359327102035600
d7e7eaca-5716-48b3-bd34-37acea282634,Klamathon Fire,41.893332,-122.534655,634.546142578125,1.0,176.0,180.0,36.53136524606860
be804253-e994-4f40-9e07-5c215533231c,Irish Fire,38.42623,-120.95408,170.57997131347700,9.0,71.0,155.0,11.623133410626900
b90be7b6-e9ec-4a18-a910-957f700c6ed6,Valley Fire,34.095568,-116.958806,1362.1431884765600,5.0,263.0,196.0,130.55844572999200
656c37d9-6876-47ba-bf8e-ec6c351c3595,Eagle Fire,41.29363,-120.11461,1412.2181396484400,1.0,13.0,179.0,29.349909600884900
76725105-a814-4e8d-bd5b-d0f2f1879dae,Holiday Fire,34.463889,-119.831389,85.98473358154300,5.0,152.0,172.0,38.332645658819400
8d5856ff-4cd4-4b88-afb0-c6df08f548a8,Bridle Fire,37.06367,-121.53586,167.62794494628900,25.0,164.0,159.0,81.13817650489810
3c17be70-66f8-4df2-97be-873fe924d99c,Stoney Fire,39.77124,-121.76859,98.34732818603520,3.0,183.0,181.0,41.65434755570510
8ff78ab4-378d-4e1b-9ba0-b90d8be07a06,Gray Fire,34.171786,-117.35606,470.6479797363280,1.0,148.0,178.0,10.606041336898200
29d15973-a999-409e-adf4-486854df44ed,Ferguson Fire,37.6549,-119.88581,455.5068664550780,39.0,337.0,225.0,115.95209817362700
22171870-baaf-480f-902a-45ec9282df35,Lebec Fire,34.86022,-118.87881,1023.0089111328100,3.0,55.0,172.0,46.11987339633280
c2dc8734-e165-4fa1-9a1a-f393516bd5a5,Dark Fire,39.66492,-121.51772,302.2943725585940,23.0,93.0,109.0,43.70165702573540
01018620-8f10-4de0-a7e6-78cc9a77cc9a,Curie Fire,37.22545,-121.79189,84.20111083984380,16.0,1.0,180.0,50.282465732089400
a125058d-abfe-4593-bd53-503ceea3f4f0,Hale Fire,37.163594,-121.702547,93.7435531616211,1.0,289.0,185.0,34.47391517045000
20495cc8-cb22-4fd1-9bc3-0b9c654d12a0,Kelley Fire,41.50105,-120.61108,1342.4835205078100,7.0,76.0,159.0,34.86119607385840
68957772-711e-4874-99f2-2b9267dbe725,Panoche Fire,36.65351,-121.0454,583.9872436523440,8.0,26.0,169.0,41.24532779806660
09395db0-1c76-43c3-a3db-d18081b31a35,Georges Fire,36.6734,-118.21881,1670.3203125,6.0,47.0,168.0,35.45583840181540
9636bdf4-8754-4745-80c8-90a5fcd90ec2,Vista Fire,40.62693,-122.23449,158.62059020996100,4.0,229.0,190.0,20.775167881283000
7e24911d-5dc9-4449-ba08-f718c094ac9e,Bruce Fire,37.79718,-121.85311,228.4618225097660,20.0,145.0,146.0,25.616371556278100
d0e1cdc0-9dea-467a-8ae8-040e0f94178d,Grant Fire,37.75646,-121.60646,107.3783721923830,6.0,102.0,161.0,16.252815494520200
a9386b8b-8d40-44ea-ab84-1593ced5f9fb,James Loop Fire,39.05391,-119.82242,1508.3177490234400,6.0,122.0,165.0,34.85909126030200
1a4aeaa6-7f90-420f-ad6b-6942658a7fee,Box Fire,34.22526,-117.40967,650.1279907226560,4.0,130.0,170.0,32.21915567710290
dc55524d-c29f-4990-8f73-2974348c7fc7,Cornerstone Fire,37.19817,-119.80414,291.8913269042970,9.0,342.0,189.0,31.43322461424500
78eabcbb-32b9-4438-ab84-8eb65c044db7,Spring 2 Fire,39.06715,-122.59789,362.5860900878910,4.0,256.0,192.0,31.95249386718530
3b576efa-90b7-4b87-983d-b38630e10576,Dale Fire,40.33682,-121.93908,727.356689453125,14.0,148.0,157.0,99.05519395016910
a0b16523-d6f9-4a21-809d-4f2bdbc2bea7,Idria Fire,36.59036,-120.82355,366.7623596191410,2.0,79.0,175.0,11.330128775330600
b89ae0bb-4b8b-47f6-b7c6-5e689a265288,3-2 Fire,39.99309,-120.02137,1424.357666015630,11.0,307.0,208.0,65.26941081591140
052acbfd-0552-47ac-8be7-6f79b4aecf0e,Steamboat Fire,41.70877,-122.47293,789.9041137695310,1.0,285.0,183.0,26.978452091841000
8d7302b1-605f-404d-9641-a890720e8657,3-10 Fire,40.95234,-121.21597,1199.858154296880,1.0,230.0,184.0,24.45247393574990
8c94a8f0-1d63-4ea7-88af-52fee196a9a6,Johnson Fire,41.34453,-123.85404,53.11431503295900,30.0,213.0,230.0,116.83087293801400
f141dba0-ae4b-4972-b926-81d1595d0917,3-18 Fire,41.08583,-121.05722,1316.4227294921900,1.0,209.0,182.0,7.123856012629250
62b14189-aea8-4dcb-8702-a1dfc11abda7,3-16 Fire,40.94666,-121.27049,1144.5589599609400,19.0,266.0,240.0,13.750713230226600
02ebd2cc-c4da-4508-92f6-30446d041ae9,Tuscan Fire,40.27754,-122.11375,290.0199279785160,1.0,318.0,182.0,9.195026690336210
d3ead5e1-12bb-4d27-8c1d-c723c0747265,Mill Creek 1 Fire,41.07944,-123.688056,107.31877136230500,3.0,240.0,187.0,53.22901418881190
0194a44a-0c12-4e47-a053-f3b9b2382858,Camp Fire,35.70086,-120.97339,290.0686950683590,8.0,20.0,172.0,49.61706387372650
1dad019f-12c1-47a0-a20c-2408d942f1c4,Border Fire,32.557566,-116.8663,533.2163696289060,12.0,286.0,216.0,67.27724137854150
14207c18-f9a3-4a69-9f3a-d778d2f6960f,Lott Fire,41.632373,-122.37985,831.1078491210940,0.0,175.0,180.0,7.135173423299210
756cceab-80e1-47af-8c85-9e650352b48e,Cruces Fire,34.54305556,-120.31805556,347.8225402832030,17.0,328.0,209.0,33.06402108121320
e51ff5f0-09d5-42f3-8bed-c1c6eb85d245,Eighty Eight Fire,38.59694444,-121.99388889,59.43305206298830,5.0,125.0,167.0,7.833960561862240
d56aeb11-09a3-4854-b422-9a1e41f18a51,Simmons Fire,39.57202,-121.43131,376.4798278808590,35.0,227.0,255.0,107.32111946782400
e4c8aa24-e396-46d1-ae6e-bc9c7889967a,Ben Fire,37.28365,-119.97546,299.8287658691410,9.0,106.0,154.0,26.665772061153500
05fb81ea-7e85-4d0d-9587-64c907a45561,Cinnamon Fire,33.04898,-116.78928,606.8051147460940,11.0,203.0,194.0,51.14848739514300
022bee6b-1559-4792-a2d2-014d3adfecad,Skyline Fire,33.836101,-117.607577,383.122314453125,9.0,357.0,182.0,79.24732468711530
9626db35-9c2a-4431-8c91-00e0bba794fa,Highland Fire,40.741186,-122.649626,789.7064819335940,31.0,103.0,90.0,120.39107531293900
389e3075-51b9-45a8-ab9a-a75b03225c8d,Windmill Fire,34.62412,-120.22298,109.1294937133790,1.0,228.0,182.0,20.951665391969000
d7745759-07bd-40a7-a66c-003b174851b2,Carder Fire,38.91152,-122.86854,501.3194274902340,2.0,223.0,186.0,22.40024798678150
5b5274df-2cb7-402e-b002-778cce00ac1d,Rock Fire,35.68539,-120.95157,256.968994140625,12.0,144.0,158.0,46.19129754829090
a710f41c-aa03-41e1-813f-a98812aea01b,Mustang Fire,35.64917,-120.71907,309.1343994140630,8.0,48.0,162.0,32.402865467934800
0dd9bca6-35b9-4a75-8f3b-a5e57e1b90e7,Country Fire,37.449425,-121.88807,15.015989303588900,2.0,163.0,179.0,42.94847130141940
fb7f7795-ede7-40cc-acf6-3ee6e761d0a9,Heart Fire,39.279833,-123.258319,286.3060302734380,5.0,119.0,166.0,65.13642849630100
f6693336-817b-4424-8aea-1c966fae5e23,Horse Creek Fire,36.42638,-118.70443,1786.47314453125,18.0,322.0,214.0,154.71977484865700
240b1f55-0f4e-448d-a4ce-3ecfec7a6c9d,Carr Fire,40.65428,-122.62357,398.1267700195310,13.0,270.0,222.0,60.195467850697700
6e0b516c-9da1-4ff7-a0ce-3251b2cbabb9,Pico Fire,34.38039,-118.60441,469.4049987792970,8.0,331.0,192.0,42.98169536522520
e18c9556-706f-4bb7-b908-e7b44293923d,Martinez Fire,33.56921,-116.154398,-47.811279296875,1.0,113.0,179.0,4.421595597946030
9b9b6d81-9590-48a0-a750-fc7da05bfecc,Ridge Fire,38.981389,-122.97222,665.494140625,3.0,88.0,172.0,92.1075485339575
2fdf2c14-77b4-458c-96fc-bd883dec3ad3,Crestline Fire,40.824,-121.90215,840.8621215820310,3.0,333.0,184.0,33.585017257766300
a18ed51c-1083-4f48-ab1b-6ae0c5454073,Roxie Fire (Formerly 1-1 Fire),40.34822,-120.82497,1612.750732421880,6.0,332.0,189.0,38.46973407481990
655b2bde-09c6-43b8-9cdb-43096bcf1155,Church Fire,37.07793,-121.600023,84.00929260253910,1.0,79.0,178.0,1.9795528178263700
df681456-a50e-4400-a95a-77533a0978ba,Marsh Fire,37.89612,-121.85847,198.0808868408200,7.0,256.0,200.0,60.02244916084330
708b3dde-3f1a-4813-8501-8a52bf3b1d9c,Hidden Fire,36.796,-121.40604,164.20516967773400,17.0,289.0,230.0,34.82855961551310
f306893c-d6b5-4d68-a2a3-4a306822e041,Patterson Fire,37.71173,-121.55604,111.3079833984380,6.0,344.0,185.0,12.174086239428400
9d63cbd8-7dbf-4b2d-918d-036e3a282d2d,Western Fire,38.8802,-123.0496,141.56822204589800,3.0,127.0,174.0,53.62398918610630
2b56b06d-46d6-43f2-b474-2598dd163e82,Pasqual Fire,33.07892,-116.91845,359.1921691894530,12.0,287.0,216.0,113.73423656396400
1f942827-c242-49a1-bccd-f2375be91ad9,Ribbon Fire,33.571763,-116.500058,1332.0152587890600,6.0,336.0,187.0,61.057070343617600
190306eb-357b-40d2-9871-92cdd8784332,Parrots Fire,38.08424,-120.46078,548.9356689453130,8.0,329.0,194.0,29.83009693425540
deb9364c-ab73-4661-b287-2ffc1797296e,Wagner Fire,37.69965,-120.0545,680.6255493164060,30.0,187.0,192.0,87.58962321642060
6bc7ef6f-2d81-4bdc-ab41-9db6af9d4abb,Creek Fire,37.533026,-121.79733,635.771728515625,9.0,234.0,202.0,47.09815068066580
676aa48b-d962-4026-a354-db047f14233f,Tarina Fire,35.37444,-118.83556,276.7776184082030,10.0,323.0,199.0,20.99322390672620
90b0daf7-5d84-42d9-bb35-bb78d4faf950,Ranch Fire (Mendocino Complex),39.243283,-123.103367,427.2646484375,15.0,186.0,185.0,63.86403121770870
e775e724-0a1b-4156-a477-623031c09b0e,Balch Fire,36.21634,-118.82989,618.9247436523440,4.0,146.0,174.0,17.023880280902900
af30fe23-6cfd-4fd6-b2d9-91648eeae814,River Fire (Mendocino Complex),39.04786,-123.11971,301.4912414550780,5.0,156.0,174.0,86.14607880415130
53a9be88-6d10-483e-8dc7-59cb84326ab8,Breckenridge Fire,35.387408,-118.817934,325.7614440917970,6.0,289.0,199.0,25.78342445782540
684ded31-5a60-4c05-bbdb-2fb913ca0041,Whaleback Fire,40.633536,-120.868091,2103.738525390630,1.0,316.0,183.0,50.292215601280200
9bc283c4-6011-4488-b8ec-a85db51dc137,Natchez Fire,41.95113,-123.54642,1448.31689453125,39.0,312.0,255.0,154.28765195059200
c62fc5e2-2340-49b7-b3d8-b883a266827f,Donnell Fire,38.349,-119.929,1510.8846435546900,18.0,85.0,125.0,113.14674498972400
574b0b35-4c66-44ac-8797-3eadf09e495d,Owens Fire,37.735461,-118.970443,2291.113037109380,1.0,303.0,182.0,8.03737038743712
45845135-0abc-4964-9038-db1e26fa9b22,Sobrante Fire,33.85852,-117.43521,398.01507568359400,5.0,13.0,177.0,11.780621550173500
e3406861-3e7f-4a4b-b16d-6004f3edc5e6,Rock Fire,33.41476,-117.24044,109.12198638916000,22.0,248.0,242.0,35.14360135322860
ea58640a-7837-4d93-a145-96e48b7df8ee,Butte Fire,39.186144,-121.792885,65.72683715820310,1.0,59.0,179.0,24.12934613809720
2410754e-b988-4f4f-b7ee-21f954c2bbf2,Steele Fire,38.51943,-122.18353,206.3482666015630,19.0,23.0,157.0,46.94346977028750
fa745e18-be7a-42e0-b3c7-30333ddcf3aa,Eel Fire,39.82877,-123.08489,490.9400329589840,18.0,147.0,150.0,92.43056299770540
46f35b6b-9c64-41e3-a7e2-f76dc6719145,Corner Fire,40.95673,-121.6002,961.3944702148440,1.0,239.0,184.0,5.565505132877350
6832f18a-6515-4436-bf3b-553bf6302de4,Reservoir Fire,35.30151,-120.64398,186.5688323974610,24.0,41.0,133.0,59.37752234748110
775494c3-ae61-40aa-82b0-667a3ddcbdcc,Casner Fire,33.05737,-116.77154,710.9124145507810,4.0,177.0,180.0,40.86986332798840
d8de1c4a-9b2c-46ad-aab4-3b2012571e4a,Bumper Fire,38.645,-120.874167,512.5089111328130,2.0,220.0,185.0,26.19079859257310
6e4ecf7a-2864-4fc6-85cb-9b2a0ac324df,Omega Fire,38.82128,-121.03918,384.8997802734380,16.0,256.0,230.0,48.97363813621690
4f3f4f66-871c-4d50-bd3f-f641210552c9,Sunset Fire,38.82426,-121.451307,19.39792823791500,0.0,272.0,182.0,0.8238420632292500
c7152819-8f07-489c-a219-b58bed82733e,Turkey Fire,35.847778,-120.343056,428.9981384277340,1.0,181.0,180.0,13.19435337227090
5b9e5ea7-1f63-46dd-aabd-8cf407c6f4ba,Holy Fire,33.69888,-117.52055,898.1154174804690,53.0,29.0,110.0,142.32123444636600
dd114f40-6fcb-487b-931e-7a9107371daa,Terra Fire,33.759722,-117.460278,311.8360290527340,3.0,246.0,189.0,24.74795767180220
a1e73f5c-68e2-4109-b741-046eb7349265,South Fire,38.061298,-120.872244,93.9279556274414,9.0,286.0,207.0,12.848238228705100
b9f703f7-18bb-4845-a480-ce7d63b5f57a,Murphy Fire,39.996944,-121.27,865.73876953125,34.0,39.0,116.0,184.76036895101900
0ba9a90d-6615-4fa8-9a10-3efb660437ca,Five Fire,35.97896,-119.98329,170.8228759765630,23.0,72.0,112.0,24.691279978512100
471980a3-9ffb-4b1f-8e51-eabb9736b51b,Pine Fire,35.56888889,-118.80138889,890.8203735351560,8.0,193.0,186.0,29.784079073143600
cb647b06-1772-4d65-8087-0b841fcfb502,Hirz Fire,40.896,-122.219,421.5519409179690,29.0,208.0,222.0,108.7120660647510
f81830b2-ece2-4f59-87c7-fd43193bd996,Land Fire,33.946896,-117.066643,694.2265014648440,6.0,131.0,166.0,29.504055960831600
8dddf572-84de-4b20-b740-f5c7847cec3b,Rangeland Fire,33.076239,-116.902985,348.9413146972660,7.0,40.0,167.0,49.09329065327860
ce93c72c-eb9c-4176-a2b6-7750a4a6bb20,Hat Fire,40.99344,-121.52225,974.4414672851560,25.0,217.0,226.0,78.16302128005890
1bdf7030-adc6-442f-ab31-d182e53b4a73,Syar Fire,38.27229,-122.26389,35.918678283691400,9.0,275.0,209.0,27.948139766633000
f012f0ea-4102-47dc-9c6d-609ebac85142,Alhambra Fire,37.99618,-122.14097,163.52230834960900,10.0,195.0,188.0,41.50749228895820
db2344ac-f195-4f94-8999-e8c8ebb4a7a2,Snell Fire,38.69601,-122.44468,197.32449340820300,9.0,98.0,153.0,41.02251919407020
2ce8de99-7e66-4de8-9426-48a4fc8500ac,Nelson Fire,38.431278,-122.043747,183.942626953125,18.0,158.0,160.0,44.63144655761350
b03ec37e-8596-4e7e-8826-729957a794f8,Marcel Fire,35.17156,-118.51651,1306.720458984380,29.0,89.0,92.0,124.68062569014300
b2695350-87ea-49f4-a579-ce0c4cf7f926,Oak Fire,39.10494,-121.07039,624.795654296875,2.0,317.0,186.0,28.24884401437970
791a3a00-2c51-4679-b4b7-27cc77ec699d,Cloverdale Fire,33.0971179,-117.0242529,133.05638122558600,5.0,78.0,165.0,30.037055577733500
3bb731cc-eb21-421f-b5f5-4949346dc316,Gulch Fire,36.00912,-120.82226,391.40863037109400,19.0,334.0,207.0,43.05693001287550
b83feee5-a799-4481-bd25-1d4cc3befd7d,River Fire,35.79012,-118.7393,1001.3780517578100,14.0,35.0,155.0,36.82313485525030
58e6dde2-eeae-4a9e-be1e-bfd654d4405b,Stone Fire,41.38544,-121.04386,1307.00830078125,24.0,247.0,248.0,47.27025094133470
a2fbfcae-d658-41f4-88c6-98239d08ff29,Castro Fire,37.69926,-122.02805,119.94762420654300,13.0,187.0,185.0,48.29703891652640
5eab06a3-5deb-4934-98a7-7c42eb86cbf9,Call Fire,35.51777778,-118.6525,1174.7459716796900,29.0,324.0,232.0,202.0726965418470
5dbbbc9f-deec-4c33-a172-19614492d860,Gorge Fire,40.36888889,-122.89055556,675.8280029296880,15.0,289.0,223.0,43.158491837860000
8dd81979-48ba-48db-bb24-e4f1bf85d262,Front Fire,35.11416667,-120.09222222,383.63671875,9.0,204.0,191.0,54.63999277031540
23f8d2d9-0e9e-4f07-b830-8c02cf74b5d0,Keller Fire,33.627006,-117.171731,477.8703918457030,1.0,112.0,177.0,12.452152050810100
eeb859ef-dc44-48e2-a2d7-dce44bc47d01,Eastman Fire,37.197039,-120.002619,135.00534057617200,3.0,227.0,187.0,22.84145723221550
2bdeaf01-fe98-4f63-b2e8-4857815bc87c,Country Fire,33.97902,-117.20534,759.3417358398440,7.0,101.0,159.0,43.25103276485200
f6555118-f01e-4524-a14d-e01303a482db,Redinger Fire,37.179167,-119.431667,906.8140258789060,24.0,173.0,172.0,157.22966463958800
ef9c8f82-8607-4c53-9bdd-5196e6a1071c,Cache Fire,39.02017,-122.57496,394.2911682128910,21.0,48.0,132.0,44.33398433970510
e69be637-e9e9-4964-96ed-4d6a1a1c159d,Winchester Fire,33.640051,-117.085354,459.77587890625,2.0,106.0,174.0,9.997232010184550
9bffc947-2f15-4486-98df-9a632b2038a7,Fork Fire,34.2325,-117.846111,462.8155822753910,40.0,52.0,88.0,90.28015549222290
c203606a-d2eb-4ba2-97cc-2ee7403432b1,Grade Fire,38.8275,-122.3625,520.7123413085940,6.0,133.0,167.0,52.79647490363760
c9001401-a2b0-4cae-9e03-e60509342a53,Ogilvy Fire,34.576944,-119.61416,527.0625,3.0,10.0,179.0,55.69704142533050
e9d48e43-940e-4151-9ffb-20881d03c151,Essex Fire,41.52123,-120.72362,1498.087646484380,1.0,223.0,183.0,12.634292286246400
0683b4a7-6a8c-4339-abc1-dfbe64dcb5a1,Sterling,34.15475,-117.244366,424.3385314941410,4.0,229.0,189.0,31.94825968548850
ba818380-4001-46a2-ac04-d5f322cdf3b9,Delta Fire,40.9425,-122.43,350.61236572265600,22.0,330.0,214.0,62.911137150512600
1a3ccacd-e743-4a0b-97ab-4d99a133654e,Kelsey Fire,38.91842,-122.85276,461.9622497558590,2.0,120.0,175.0,16.671482834514600
d8235a76-7b43-4e23-8f60-dc308c250fab,North Fire,39.268611,-120.658333,1439.7742919921900,9.0,322.0,198.0,32.94333837910940
94e0a869-04f6-4265-9c1f-c53fbdde98ad,Sliger Fire,38.94388,-120.92611,558.9762573242190,6.0,227.0,195.0,96.14215878686930
20b57ee7-b0b7-47db-8a12-e5fcdb114459,Ranchera Fire,40.678889,-122.400556,250.72708129882800,8.0,331.0,193.0,12.356187997603300
849ad1a0-472b-4cc6-a513-030491fa1ffb,Tulloch Fire,37.83388,-120.61746,211.47802734375,13.0,236.0,213.0,31.56044574107470
3506eaf5-e815-4a7f-9c52-816fe5eee7d5,Kerlin Fire,40.616251,-123.52019,942.9898681640620,30.0,33.0,130.0,115.70272944231100
a81f5149-5ac2-48de-a189-609e46f5fad8,Boot Fire,38.347395,-119.45186,2122.427001953130,6.0,281.0,198.0,38.36618140630090
7fc0b9c8-dec7-430d-9790-1bbebae404eb,Metz Fire,36.35502,-121.1563,244.6523284912110,8.0,75.0,157.0,20.30843149910060
65689d5f-910c-4e00-9bf3-e5626cd1361c,Irving Fire,38.02447,-122.727,184.73622131347700,24.0,101.0,107.0,82.96276322072850
f694c74c-adad-459c-b357-4cd2f10f16df,Water Fire,34.91482,-118.92485,671.2217407226560,38.0,64.0,82.0,120.850846810459
d5885e9d-1310-4f84-a658-d972d17ecad9,Soboba Fire,33.80406,-116.93188,645.1607666015630,30.0,248.0,255.0,149.8174092817390
9ea41d38-ee7c-4394-9ea8-cbf33e788f13,Meyers Fire,38.7448,-120.65672,1034.955810546880,5.0,240.0,194.0,39.88569867113400
4fa2e1e0-a920-4991-beb6-3c080b6c1500,Charlie Fire,34.48229,-118.60858,338.6780700683590,9.0,266.0,210.0,26.716771803906800
6b6dff76-8fab-4852-a71c-e735f87bd6fa,Oak Fire,37.38789,-119.68912,940.3204956054690,9.0,236.0,203.0,48.166629322335800
b9d64431-d96d-413f-84df-ef3b381d3002,Copper Fire,40.33642,-120.93005,1557.1370849609400,1.0,233.0,182.0,25.92578084177810
d0ae0a7f-dd7b-4cb1-8f4a-2a784a17d6d4,Wilson Fire,40.34256,-121.43025,1610.1258544921900,5.0,235.0,193.0,43.90380413025410
b181e69a-5864-44c1-b5b4-f4c5832a4539,Silver Fire,40.5939,-122.17173,165.42868041992200,6.0,124.0,164.0,23.022258181365900
04100255-b014-4a69-92c2-5388c7f9b9d6,Quimby Fire,37.33563,-121.75815,277.9996337890630,15.0,23.0,162.0,97.87195182390050
9856efb8-4d41-4276-9d4e-a5b29d912996,Nimshew Fire,39.84151,-121.62168,736.3313598632810,7.0,263.0,203.0,63.16467010937160
2c41731e-1e13-494c-b7f7-928b89bb7d32,Keenbrook Fire,34.24138,-117.42431,799.1504516601560,41.0,93.0,63.0,71.19789978313280
9d69b6cb-1dee-43df-83ca-b2b5485006d7,Nacimiento Fire,35.97677,-121.24898,345.4887390136720,20.0,7.0,173.0,37.26861147400810
8c4b830f-be4f-4469-9448-f0e98ea1d189,Eagle Fire,36.938674,-119.3127769,582.0248413085940,12.0,272.0,217.0,130.86740997272200
8f633ae7-b5f0-455f-a60e-13d9566e5844,Sun Fire,40.22027778,-122.18,122.86907958984400,13.0,10.0,174.0,17.139807636174700
f19a49b4-9d0f-4c61-83ea-9b4a741b0bef,Park Fire,37.1769444,-121.68694444,94.7745132446289,0.0,0.0,180.0,10.43422550250250
28725d54-51bc-41f9-99ed-aca0396be12a,Iron Gate Fire,41.94046,-122.43933,788.7176513671880,16.0,136.0,146.0,33.99078561706970
e9c8c0aa-4d21-4f09-9858-890ea163d580,Winters Fire,38.45673,-121.94658,36.005592346191400,0.0,21.0,180.0,3.468934395275820
8a79c31d-0df0-4448-a855-b04cfc384825,Priest Fire,36.18401,-120.69955,695.9678344726560,1.0,302.0,184.0,24.70852980705670
a8f54d41-fc8c-476c-9122-f1357aa166a0,Tower Fire,40.49618,-122.51597,304.96417236328100,5.0,53.0,168.0,15.984972484056400
83c539f5-64c1-4156-86e5-ac6cf4c947d5,Masonic Fire,40.60866,-122.38366,201.841796875,13.0,342.0,193.0,16.707299908673000
b8dc21be-0807-4434-9536-45a4a660ed83,Powellton Fire,39.93427,-121.54103,1145.8809814453100,14.0,133.0,149.0,51.602589635564900
a728d915-1c00-43b6-bd5b-228be34a38fe,Camino Fire,35.17693,-120.48861,398.6393127441410,21.0,254.0,244.0,81.45627180263810
87760805-5b1a-486e-91c4-590557929182,Market Fire,36.47766,-119.10433,163.17860412597700,1.0,270.0,182.0,31.17576847627010
7ee82e4f-f5e8-4278-b4e7-e82c390b395e,June Fire,39.36529,-121.51707,41.49072265625,2.0,151.0,178.0,12.0174079821553
7d1f523d-6940-4b64-bc5a-7ecb5a63538a,Rincon Fire,37.0125,-122.046,95.12522888183590,37.0,51.0,96.0,53.43531030373290
10d67079-faa9-4034-a4d7-8346b450e7de,Brushy Fire,39.62194,-123.28774,879.2324829101560,33.0,238.0,255.0,106.0788130629320
75dafe80-f18a-4a4a-9a37-4b564c5f6014,Camp Fire,39.8134,-121.4347,579.9781494140630,20.0,177.0,177.0,136.8929143442730
8030a870-0453-48e0-b243-86dbae075434,Adams Fire,40.346652,-122.308479,142.2002410888670,0.0,0.0,180.0,8.301683680113010
79968306-21a9-465e-acbe-4ea715c70ab5,Horn Fire,40.83116,-120.19336,1637.9193115234400,4.0,296.0,191.0,7.419794657995090
b8fe54be-15a8-4088-b0bb-16992df93a7e,Nurse Fire,38.21396,-121.9424,39.46516418457030,10.0,349.0,186.0,29.001855504328400
bc95da49-28a0-4e56-88d9-72e7455063c0,Hill Fire,34.22685,-118.93444,87.0075454711914,26.0,80.0,102.0,61.64412084679600
92d7aeea-7abf-47a4-bf76-a4fe0fac65c6,Woolsey Fire,34.235,-118.70128,560.2598876953130,6.0,193.0,185.0,55.8816535760596
6004d3e5-66f8-487a-80a4-689d3852378c,Pilot Fire,40.61805556,-123.67555556,996.2807006835940,13.0,166.0,171.0,102.12073911969700
e83e7346-5b83-4e3a-845c-867fd84d17f0,Morgan Fire,37.81111,-121.7944,647.1301879882810,7.0,69.0,159.0,42.29938009657980
116fabb6-7440-4d6d-aa89-668989c028db,Green Hill Fire,40.888785,-124.001849,23.22618293762210,4.0,229.0,191.0,29.812558604418700
d18da394-5ed4-4004-8dea-600e15d398e4,Sierra Fire,34.18075,-117.43184,601.7821044921880,2.0,132.0,175.0,13.714890796960000
03f49769-b928-44a5-be82-236d3d341eba,Niles Fire,37.61158,-121.94182,163.0718536376950,18.0,259.0,236.0,81.99433229436850
c003df4f-d19c-4e21-a90f-81d3f14aaf99,Briggs Fire,34.30166667,-119.09916667,101.2443618774410,4.0,304.0,190.0,68.95161105333530
c3b66e33-ef00-4874-a29b-b36640c16122,Peak Fire,34.26734825,-118.64381589,439.9139709472660,3.0,356.0,181.0,76.60987778840300
b6fb27e6-073c-4092-b8a8-51e96be987a4,Bear Fire ,37.12857,-122.12036,147.7549285888670,8.0,165.0,174.0,44.72309740085740
31cbc968-6d9d-412b-8bc3-6846ca398fe2,Scott Fire,39.24678,-121.32399,145.32989501953100,3.0,341.0,183.0,35.04473164080790
85bdd89a-4ce5-4539-a274-23fa2b030e7d,York Fire,35.81778,-120.09715,225.4544982910160,1.0,112.0,177.0,5.53196062666408
34abbc65-5bbe-474b-85c8-16d07bb5b503,Cana Fire,39.83958,-121.957,54.77627944946290,2.0,274.0,188.0,1.9309406346733200
d3beabf6-63e9-4cad-a17c-58bb36abd7ac,Woody Fire,35.65189,-118.92545,342.2160339355470,12.0,284.0,218.0,14.81736195711720
398bb669-190d-4dbf-9af0-6ccb27817c13,Meridian Fire,39.85484,-121.905,78.1685791015625,1.0,224.0,182.0,4.083444983810660
ee290ec6-3815-4c44-a96a-edb331fcc925,Vulcan Fire,35.03855,-119.19454,237.1195373535160,1.0,342.0,182.0,15.373691491592100
6f329208-5aa0-45fc-a4ec-db9caf865ca7,Refuge Fire,35.72057,-119.62762,68.2679214477539,0.0,57.0,180.0,0.3892235283956850
0888bb9d-0d9b-4a49-bf3d-a55a7c40a707,Sugar Fire,39.11536,-120.76088,1193.942138671880,3.0,23.0,177.0,33.536915885988200
a81e03a3-de18-48e4-93bf-f8da83a17927,Border Fire,32.557566,-116.8663,533.2163696289060,12.0,286.0,216.0,67.27724137854150
e98603d2-f44e-4a9e-b83d-5e9f94766b53,Shady Fire,33.650237,-116.172534,-29.851581573486300,0.0,227.0,181.0,1.5430747349538500
aed86291-4631-4d79-ba5f-6b2c8ca399c9,Paskenta Fire,39.98097,-122.30737,145.05657958984400,1.0,76.0,177.0,6.415604652380340
9d7c5ad0-6682-430a-b4d1-d39cfea73a29,Foothill Fire,33.81678,-117.18194,473.1924743652340,4.0,155.0,174.0,25.701617898170300
e2d77e59-b831-4267-a50b-89ede499a885,Belmont Fire,35.30759,-119.96498,593.6782836914060,0.0,156.0,180.0,1.3809754281636400
72cb3684-c194-4180-bdfe-22775f86a594,Hill Fire,36.66909,-119.3046,141.54544067382800,1.0,286.0,184.0,4.647324566665310
e354cde8-d0e6-4150-9f6b-1c12045e77d0,Diversion Fire,33.69078,-114.57265,84.96280670166020,0.0,32.0,180.0,0.7218656998993400
329ac0b8-a2c1-4a72-bd09-dd86c477162b,Canyon Fire,37.45899,-121.22093,303.9676208496090,35.0,248.0,255.0,66.55456887263820
b4616173-5807-4c04-a416-5374139f3fcc,66 Fire,33.57039,-116.1466,-51.08481597900390,0.0,151.0,180.0,2.0945065799733700
812a492e-35cb-4bb0-9e5a-1ec181d8b97e,Spruce Fire,36.28001,-119.10974,123.90508270263700,2.0,242.0,185.0,37.263380740232800
11e0324e-e8ff-4591-b592-9e704ade60d6,Citrus Fire,36.18479,-118.99229,195.9136505126950,10.0,16.0,172.0,55.77387113393430
db2a5b4c-260b-4888-aeb3-663b8bf41106,Yokohl Fire,36.23012,-118.85712,813.0349731445310,12.0,127.0,151.0,93.21310400383170
e1f34f39-beea-4a6d-9ba6-64b6b55ff567,Bear Fire,36.14246,-118.80582,333.49932861328100,12.0,174.0,176.0,62.182585007035300
107dd529-31b8-4b5f-ab09-4aa79c770d4b,Boulder Fire,35.343761,-119.913717,682.87255859375,2.0,263.0,186.0,18.72773719720600
2e71d51a-49f1-4e86-82e2-054637efd1a5,Willow Fire,38.02503,-121.9763,95.88623046875,5.0,64.0,167.0,34.445921422213800
b433dceb-f5b4-4b46-8eb3-2aae9fc2d45a,Nelson Fire ,38.21416,-122.12214,2.792932748794560,1.0,160.0,179.0,24.66030081421960
24997ef5-a558-4ea6-8a96-b3cdff79fe2b,Watt Fire,38.75263,-121.39259,28.17530632019040,1.0,171.0,180.0,1.801291001732290
8edf51ea-1e4f-4e73-8e04-e168417ed39b,Stuhr Fire,37.25988,-121.09375,70.59376525878910,2.0,44.0,176.0,8.743280616014160
3fd43a39-4e82-4b7e-a642-be86b5c73522,Levee Fire,39.15641,-121.56363,23.87537384033200,2.0,181.0,180.0,2.5128578772085400
1760d7f8-57a2-4a04-b7e5-0861cc0ee963,Sand Fire,38.88978,-122.23922,129.46572875976600,0.0,223.0,181.0,19.05554431094140
78c1dacb-653a-42fe-b025-ab80ec4996bd,Ink Fire,38.63047,-122.47282,334.2782592773440,17.0,6.0,175.0,82.21419916184970
23cee99c-662f-4409-80d0-b9eb3a6287b3,West Butte Fire,39.28926,-121.85906,19.52333641052250,0.0,120.0,180.0,1.0120056074860100
88a285bc-0dc7-4c51-a35a-5026850b0a6d,McMillan Fire,35.66318,-120.41128,350.2835388183590,33.0,204.0,220.0,31.99893019895300
6f509c42-9d2b-45df-b705-02dcb9147dde,Malech Fire,37.21638,-121.70768,336.41571044921900,6.0,280.0,198.0,64.82131769505770
0cd5a369-2f91-4786-9df1-98ece3e9e78c,Calaveras Fire ,37.44422,-121.84082,242.30987548828100,8.0,336.0,191.0,56.15303069131810
20ccd7ec-de69-4967-9877-db5e143fe99a,Ardo Fire,35.97059,-120.88241,135.0301055908200,0.0,53.0,180.0,3.3055144312125600
b671965d-2369-4107-98fe-432eab6ffdc0,Springs Fire,35.89593,-118.94106,227.7787628173830,11.0,71.0,147.0,6.879700637844350
e1e4dad4-7ea6-48ec-b34d-3128cf55cc43,Bitter Fire ,35.57376,-120.11738,526.488037109375,2.0,194.0,182.0,23.800485299231300
77671ac0-0868-4cc9-a699-26f0131cd493,Pauma Fire,33.30267,-116.97772,252.9658050537110,2.0,219.0,184.0,23.331770305058200
921a69d2-ddde-4fd8-a874-f5ba15a4edd2,32 Fire,39.76242,-121.73659,310.5814819335940,5.0,229.0,193.0,56.97624649542190
45cad03f-97e7-4301-92e2-e63a0040913a,Rocky Fire,41.64895,-122.35962,854.1775512695310,1.0,242.0,183.0,3.64631414651109
fe63d965-9069-4a96-b9da-99d5fefdaa19,IronGate Fire,41.94622,-122.40157,794.2392578125,4.0,286.0,194.0,21.138208674776300
779c4b9a-19bf-487f-ba65-6589aea27420,Weisgarber Fire,33.39684,-117.29665,216.04368591308600,16.0,14.0,168.0,57.53757388534720
48d3b3c4-fcf5-47d9-920f-3b3c1b0f6fb1,Lumgrey Fire,39.28926,-121.85906,19.52333641052250,0.0,120.0,180.0,1.0120056074860100
8c666963-1f9d-43c6-bc3a-cab623d81f27,Jerry Fire,33.919507,-117.103765,493.9948120117190,3.0,175.0,180.0,29.137844254468400
bc5d73ab-3100-4117-9978-a99b8e3daf5c,Mountain Fire,37.75427,-121.57382,69.68011474609380,4.0,299.0,192.0,13.384521913671900
50328016-5e03-4e90-bff0-95d36942728f,Paskenta Fire,39.97083,-122.48277,225.05227661132800,12.0,19.0,169.0,10.84401180709280
937f9f26-8d23-4ee7-a0f3-61313dcc63f3,Scott Fire,39.24678,-121.32399,145.32989501953100,3.0,341.0,183.0,35.04473164080790
4edb5c7c-08d6-4ae0-b8b3-7bb471e26d8e,Rock Fire,37.46577,-121.28312,388.1011962890630,19.0,37.0,145.0,56.35139508721060
35ba5eb8-520f-4660-af60-9e0e00e7b42b,Lonoak Fire,36.28426,-120.94771,294.1092529296880,19.0,233.0,227.0,29.348099733792700
2f3e47bb-8595-4c9f-bfa6-6fd76e465c12,Trinity Fire,40.41404,-122.66779,266.97088623046900,2.0,80.0,174.0,16.357905441623800
7a0029c7-64c8-442d-8c7a-080a553e2b8e,Mines Fire,37.494136,-121.534827,719.7743530273440,7.0,38.0,166.0,48.25980227767740
ac723863-413e-43f8-b4b6-2311e81e36ae,Dyer Fire,38.73817,-121.39419,31.24199867248540,0.0,0.0,180.0,2.493287190124840
c6e38284-336a-4435-a3a1-b2b91ee84a91,Nuevo Fire,33.80493,-117.15738,431.6182556152340,0.0,171.0,180.0,3.14569672626817
b38c0563-b321-431b-9174-6336c5a0d449,Long Fire,39.40972222,-121.00055556,603.9380493164060,34.0,137.0,112.0,117.55475667279300
c51a2db5-6d0b-4b4a-8692-a6d73714829f,Otay Fire,32.62305556,-116.91416667,171.49465942382800,2.0,8.0,179.0,21.63655464111860
24d9c2ae-8b11-4536-9b9c-5f4e0d476af0,Wolf Fire ,33.911,-116.980528,789.0840454101560,2.0,194.0,182.0,14.06825636028400
cc06431a-5153-4f66-8ada-07af53c175c3,Merced Fire ,37.312877,-120.242411,91.47793579101560,0.0,255.0,181.0,1.655007549567480
42e2b6f0-2d63-4fbf-bbb4-4fc2eda4805d,Mayberry Fire ,39.32889,-121.23431,666.5673828125,11.0,160.0,169.0,46.29344163441250
be4489fb-f51f-4109-8132-c7a28e0d9995,Coyote Fire,37.18904,-121.694968,103.60871124267600,2.0,221.0,185.0,21.156871937505900
89db8bb4-6e3b-4de7-b7d9-287c1a9032c0,Hollow Fire,37.63206,-121.538382,194.4558258056640,1.0,208.0,182.0,49.51707526191900
65e8fbe1-5300-4c90-9f48-0e7bfe55b1bc,Bikeway Fire,37.469,-121.3697,769.0254516601560,13.0,130.0,149.0,60.3971266290932
bc3e7037-5022-4e6a-8a1f-925c7e9aafc8,Fellow Fire,37.99837,-122.16201,89.22652435302730,16.0,197.0,195.0,47.12442302667930
65330473-c21f-446b-a6f4-7bd76bf0ebdc,Ranch Fire,40.41741,-122.767256,420.6697082519530,7.0,273.0,204.0,30.95889396605240
0f965f2f-3977-4ba5-bf7c-29feef27ee82,Snowstorm Fire,40.679318,-120.392768,1559.160400390630,3.0,165.0,178.0,31.397518425966400
2d3b577c-7b58-4ee3-9e21-cbec5abd8ce4,Far Fire,39.06066,-121.35014,54.4669189453125,6.0,268.0,198.0,6.223982305634640
6be8378d-9a89-40a3-bc66-4fc0ab22ebc2,Lake Fire,37.524378,-120.296551,134.81500244140600,0.0,0.0,180.0,31.642450585009200
1fd11e53-a132-4b89-bc8f-f7061f685ad3,Gillis Fire,35.6311111,-120.2691666,533.7256469726560,15.0,11.0,172.0,25.123076231001700
f32eaf92-82dc-4c31-8a05-76c21845f078,Sargent Fire,35.95191,-120.8092,255.27691650390600,33.0,195.0,206.0,37.16221932265330
6564081d-5ce7-4330-8ad7-2d1d976d778a,Gibbel Fire ,33.69055556,-116.953889,513.288818359375,2.0,214.0,185.0,34.77125285351710
8c46fde6-7a1c-482b-97cc-afff1bc5d27c,Border Fire,32.566389,-116.7525,177.3670196533200,5.0,165.0,176.0,32.77629382203750
6311a921-f8e9-45c1-b10d-fee8be8dae29,Lincoln Fire,33.56938,-116.07896,-57.92097473144530,2.0,328.0,183.0,2.0220589172825100
3fc9ae75-8844-43a5-8330-6956cdb6e3a7,Mid Fire,37.093243,-121.586846,93.22234344482420,2.0,228.0,185.0,4.286779993809680
ab6d9c8e-5fbb-4a0d-a206-30e83ab51877,Horse Fire,40.463936,-122.435492,241.87538146972700,1.0,122.0,177.0,7.967452135406660
777caabb-3850-4db2-ba02-2d95fda38db6,Orange fire,33.8128372,-117.1228851,469.9089965820310,2.0,310.0,185.0,13.873271406423000
3086ac2b-bbb3-4321-81e3-3cfdb9e571e9,Jasper Fire,39.631945,-119.769881,1552.973876953130,6.0,96.0,163.0,34.93371103806480
0ab090de-1ec9-41db-b6cf-c7acd370626a,Doyle Fire,40.072739,-120.158273,1280.600341796880,1.0,359.0,180.0,10.73110374785540
c1574fd4-92ca-400f-84cb-b10f18ebb4bd,South Fire ,34.366111,-118.96,106.2568817138670,1.0,306.0,182.0,6.447213930669800
a03c52ec-7366-43c5-965e-52e2b73df452,Milton Fire ,37.944751,-120.84372,76.38228607177730,3.0,167.0,178.0,6.612237480497030
42dab7c3-458f-4838-b70f-d5bb3d0f0b80,Aborn Fire,37.32555556,-121.76444444,171.91261291503900,4.0,229.0,191.0,51.42909100614040
f2629bc3-1c8c-4a97-95fa-7d08566dc246,Madera Fire ,37.016944,-119.934167,111.7386703491210,1.0,235.0,184.0,2.355789923513840
72384606-035c-4d00-8887-84a9da7d0e57,Meadow Fire,33.514658,-116.7884,1045.2572021484400,1.0,336.0,182.0,11.4331448051109
12528e0f-03e0-4598-8df0-e3017fa7382a,Whiskey Fire,37.962557,-121.468074,-3.3113973140716600,1.0,195.0,181.0,2.091038134602160
d5ebf295-49d5-4a6a-ae13-47a921355e19,Goose 2 Fire,41.909,-120.306,1544.76318359375,13.0,263.0,221.0,61.1918408337341
06fa2750-afea-4f88-b1c4-48b9bc21f4eb,Vista Fire,32.794768,-116.839743,210.21157836914100,5.0,225.0,191.0,53.95091066248910
900997e0-f30a-48bf-9358-971ca2afa1d6,Rains Fire,37.420988,-121.371276,346.7625427246090,15.0,289.0,226.0,63.43698088449350
17596a7a-31fc-4270-8aaf-efe1df3ba848,Whiskey Fire,38.115224,-120.78068,237.91053771972700,16.0,208.0,204.0,23.607715619994100
f8a2fd4a-286e-4688-8a5c-fa2ad98751ab,Valley Fire,37.241427,-120.027731,223.69400024414100,10.0,80.0,151.0,19.028283921780900
49dbe286-1cfe-4e03-a872-13185aae767a,Tejon Fire,34.9008333,-118.9183333,929.9679565429690,35.0,261.0,255.0,154.71205420774000
26676376-4e61-4d68-a28f-5fd8b4501acd,Canyon Fire,38.481258,-122.143942,389.9186706542970,25.0,219.0,228.0,49.232505652775500
9e6b72f0-5f8a-41fe-a60d-40d7bc2f5637,Milpas Fire,34.42386,-117.10318,1051.0992431640600,5.0,5.0,179.0,32.15357156092410
7955a367-99da-4047-9f69-cc60ad3208e6,Moms Fire ,39.423833,-121.579738,37.89131546020510,0.0,41.0,179.0,3.311866407347900
f0577ec6-5504-4460-83ce-d9bd91624e0a,Marshview Fire,38.158333,-122.118889,44.30751037597660,14.0,100.0,139.0,38.58307107832260
a8c2bf1e-bb0f-4eec-a435-36d7723dfda6,Sweigert Fire ,37.433192,-121.807258,506.9067993164060,19.0,326.0,213.0,65.94444559937800
63b69be6-bd39-4bb4-aee1-7b59dbf7c360,Thompson Fire ,35.004722,-120.435278,91.9810791015625,3.0,344.0,183.0,12.148319274847600
4ba68199-b45d-49da-91e8-bee9921b621b,Tree Fire,41.834366,-122.656569,789.471435546875,23.0,181.0,182.0,152.53389024627000
ee681e0b-54a3-48ad-900c-8037eeb88159,Community Fire,41.838,-122.845,655.0013427734380,20.0,197.0,199.0,80.01210236937160
5edb4ec4-615c-45fb-a236-9a4225eedaff,Usal Fire,39.831762,-123.846013,4.41809606552124,2.0,114.0,174.0,54.97168885505680
d79e71f2-d827-465d-95a8-d80b6e54456e,Star Fire,33.997528,-117.769766,331.6015930175780,14.0,139.0,152.0,32.353891685023300
2939928b-0308-4d76-b232-246f064ddd11,Tucker Fire,41.79591,-121.260305,1576.9915771484400,17.0,32.0,153.0,31.57696631839250
5a633180-7b70-4fb6-b859-b5826775b5fc,Dehesa Fire,32.767649,-116.796032,364.2237854003910,29.0,322.0,233.0,92.59811732722190
bc2edb86-fb4b-4dba-a9e0-5339f27d9bce,Range Fire,34.665699,-119.94974,437.9324951171880,28.0,90.0,95.0,32.16720837551890
540b19a4-b84c-4d9c-9cb3-746b53a094b7,Lake Fire,35.908333,-120.984167,350.98126220703100,8.0,322.0,196.0,39.87572922834410
233708cc-ed2d-4b85-ba8c-60cf71c912c8,Mill Fire,36.008889,-121.466944,873.5760498046880,37.0,143.0,115.0,107.31359801640000
6ac64fee-1420-420c-bff1-1d4908b059be,Carson Fire,38.757636,-120.75664,716.0906372070310,9.0,234.0,203.0,39.83150692779530
1f0d1a35-bf41-45d8-b3b8-26cca8d2d83e,Mesa Fire ,35.60989,-118.41204,989.1937255859380,6.0,14.0,176.0,66.56622411646250
ca65fae0-e6d7-4600-890c-62da03753131,Caliente Fire,32.575556,-117.026667,137.83023071289100,23.0,269.0,251.0,19.5767751947036
12e44df4-d425-4f09-96b9-25256ffbdcb2,Browns Fire,38.3525,-121.123611,45.95413589477540,3.0,36.0,175.0,5.968335748961990
a0d95805-48db-467e-8dd5-db761eb5ae74,Prairie Fire ,38.622058,-121.114095,121.34870910644500,3.0,25.0,177.0,6.842055524580150
2f735b66-c275-4557-a8ad-0ff60e0552f3,Meadow Fire (Not a CAL FIRE incident),41.43783,-120.23976,2170.802734375,6.0,200.0,187.0,44.67436635135240
1f576988-2ad0-4a7b-afed-f650caafc579,Marsh Complex,37.908362,-121.872941,290.1883850097660,33.0,184.0,187.0,48.06559172058510
ed5e111d-e34a-42c0-9ce7-818270037c2c,Five Fire,34.677864,-118.752395,1023.2070922851600,30.0,71.0,95.0,78.32156913111340
4433d477-a962-4ad9-a306-71f0f79fff65,La Barisa Fire,34.202883,-116.4449,1099.2054443359400,2.0,33.0,178.0,18.00749358873500
0f3326bd-4a0f-4351-b978-38eb29f4d490,Gilbert Fire,40.55924,-122.25409,173.85548400878900,21.0,2.0,178.0,10.201837575695900
fbe088d0-2a17-4d04-aac7-0e32ac8a1ef7,Caliente Fire,35.287373,-118.623651,415.3953247070310,12.0,192.0,188.0,35.55655316726220
0089d3c4-c554-46e1-8eb9-af95e4dfae0c,Toro Fire ,33.740219,-117.333728,586.6986694335940,19.0,248.0,235.0,52.37468196968820
e338f506-b9fa-44c0-ae64-324ed0e590d4,Sellers Fire,37.968494,-121.678172,11.2320556640625,1.0,10.0,180.0,1.628710995611180
5f7b19a6-5f22-49ac-bf0e-ecef96385d37,R-1 Fire,40.886677,-120.336977,1623.91748046875,8.0,172.0,177.0,21.206114533023800
9a9bc21f-36f5-4092-b98e-c0d584d198db,3-2 Willow (Previously H-1 Fire),40.900458,-121.320838,1293.2000732421900,5.0,47.0,170.0,36.06731929402200
280f9652-7843-4275-9016-b95296fbf571,Golf Fire,38.99174,-122.7751,926.1824340820310,40.0,320.0,255.0,166.1654618797240
3e020c0d-e35b-4e01-96b7-a3c8e40fd281,Preston Fire,37.949747,-120.420058,436.8254699707030,1.0,214.0,182.0,17.192684684205700
94cdd032-ea04-4713-b54a-dc3476635684,W1 McDonald Fire,40.943799,-120.275298,1679.991943359380,1.0,75.0,177.0,16.13783453905400
4affde91-31a9-4588-bf14-7201fc5c548b,Harte Fire,37.708743,-121.841879,137.45640563964800,4.0,210.0,187.0,21.445962085821800
e3d66b1b-3b3b-40a3-96ec-574c1a27cbe9,Ward Fire,42.033,-122.175,1110.1522216796900,18.0,260.0,234.0,23.93829501811860
f044a406-06ab-457d-8a93-c52bb1930604,Heavy Range Fire,39.171091,-121.423281,56.14756393432620,3.0,290.0,189.0,8.120974159274570
073d3328-3d8c-459a-8ac8-5dc6095511ec,Radio Fire,33.909792,-117.004667,801.0883178710940,5.0,289.0,196.0,40.42702456662690
618ca03c-28fd-4d66-abf3-d065d72d8cb4,Lower Fire,40.46968,-122.54364,324.23974609375,3.0,31.0,175.0,21.66687605776880
c8f94c30-d0ee-450a-8501-30678aa37c0f,Moose Fire,39.005262,-123.195306,397.8388671875,28.0,153.0,141.0,112.86851967270100
eb975e90-a689-40fc-8f44-b13c774de0e8,West Fire ,34.91,-118.254,806.3550415039060,1.0,112.0,177.0,12.639526373381700
ce97fe6d-a635-45f1-bc18-cdd1698673c2,Timm Fire ,38.455,-121.969167,47.25773620605470,2.0,95.0,174.0,6.62056207984619
22c3cb30-55b1-4fcd-9606-6a0dcedce4ef,Greenstone Fire ,38.703889,-120.890556,441.8429260253910,6.0,36.0,169.0,19.939709821692300
f2a78d1c-66be-40f8-a2d8-5756eb265162,Spring Fire ,39.088333,-122.309167,255.80409240722700,16.0,268.0,229.0,42.403846037952900
0deca389-4481-4d91-8765-40caba3ea31c,Bayliss Fire,37.219717,-121.761974,67.66685485839840,1.0,267.0,184.0,31.71387830321590
2443f637-15d7-4cf9-a405-133cf1748300,Cottage Fire,40.484329,-122.159393,165.39276123046900,3.0,171.0,179.0,16.694615850702700
852f3058-ccaa-4877-8e8e-f5b8a9649936,Hunter Fire,37.532028,-120.208019,337.4297790527340,1.0,282.0,183.0,11.745555523791700
e094035d-ac9c-4ea9-a23b-bb55321a64d6,Border 9 Fire,32.57394,-116.760465,199.1890563964840,14.0,160.0,165.0,56.69336545143480
2760040b-e17b-430f-b581-a81694b450ac,Patterson Fire,38.652475,-120.826165,349.0852966308590,5.0,169.0,177.0,48.31862542072590
74b94fe9-3524-40ce-ac18-ee637bf66f15,Border 8 Fire,32.573437,-116.658735,,,,,
547b7d19-9b75-4c11-8b88-56adb6460a3c,Gaines Fire,37.536069,-120.177018,442.2075500488280,3.0,85.0,172.0,24.628618109941700
d35fa87b-0f19-4dd8-8739-4bdbc92d1361,Patterson Fire,37.71734,-121.55867,155.64906311035200,11.0,211.0,198.0,12.251492677533000
1bf3e829-5fb3-43d2-9179-6c337709df19,Mountain Fire,40.715556,-122.241944,279.5509948730470,3.0,143.0,175.0,22.70076046162160
46896a04-8502-403c-b362-e4adc9e7ad4d,Yucca Fire,33.4506,-116.857817,650.580810546875,9.0,98.0,153.0,26.366802247308900
97c4d72f-c1e9-425e-9dcf-44150047af92,Horse Fire,40.562,-120.544,1612.546142578130,4.0,86.0,167.0,68.26233511853650
2ce810c9-88f1-4efe-9254-8cbd339d2397,Long Valley Fire ,39.892222,-120.029722,1413.492431640630,5.0,135.0,168.0,28.25901582531210
cb87a6f4-a560-41a5-81c0-1064d0c368b6,Ivy Fire,33.77777348,-117.487578,308.4002380371090,4.0,45.0,171.0,22.556453665006100
19343958-2921-41d2-a3f8-501badcd0bee,Jamieson Fire,37.034183,-121.45597,298.971923828125,0.0,18.0,180.0,31.209269450148300
808c34bb-4e64-4eb5-9c3e-2a1e58195074,Border 10 Fire,32.557546,-116.873955,308.9642944335940,35.0,272.0,255.0,102.10980236947600
faf6064e-fc50-4289-8486-1235f20289d7,Sage Fire,33.463991,-116.914799,514.4237670898440,5.0,262.0,195.0,21.402604614173000
4ee8f023-1c92-4266-bb79-d41fdb3a5826,R-1 Fire,40.593,-120.581,1584.93115234375,5.0,92.0,164.0,20.07244081871380
40ce99a7-fbca-4b41-b3bf-e2f863fdcc7e,Carroll Fire,37.718636,-121.657011,314.1138000488280,18.0,342.0,197.0,46.70309894791380
8faaa845-634f-4f94-b25e-f5ae78703da6,Creek Fire,36.40193,-119.030621,189.5554656982420,27.0,182.0,184.0,46.56017217632120
954bfbe7-424c-49e0-9611-23e9f7a475a2,Jolon Fire,35.906482,-120.992914,341.3557434082030,4.0,359.0,180.0,38.44568355303920
1b6cdbc8-4ab9-49e9-b6ed-e38d55e263cc,Snail Fire,34.71011,-119.3547,1114.8729248046900,2.0,157.0,178.0,23.36901687878410
de9cacb4-0be2-47d1-8cf2-7a25aabacfae,Mines Fire,37.545167,-121.596667,945.2198486328120,33.0,216.0,237.0,77.19857184098750
ebdceb89-fa30-486a-94f8-3eff8eedbd67,Antelope Fire,36.600167,-120.8405,380.34478759765600,1.0,79.0,178.0,7.412867788097370
a5331bf6-d695-4309-a846-96808e41d757,Telephone Fire,34.353667,-117.343833,1076.17333984375,2.0,29.0,177.0,20.352120042229100
89008310-149d-480f-946f-4ce5a2a71c3f,Country Fire,38.898915,-120.946657,498.8289794921880,2.0,183.0,181.0,21.81234553649190
23f65de3-bf4d-4edf-a5eb-b21299195b0f,Deer Fire,37.178353,-122.07743,368.44439697265600,34.0,266.0,255.0,68.77089767496580
3a48b649-8714-433d-9952-ff2bf9e8c90a,Walker Fire,40.061389,-120.680556,1152.590087890630,15.0,26.0,160.0,102.18647367260300
f68808fb-a705-4083-a136-1a45c61c7f74,Tenaja,33.528469,-117.273157,548.1455078125,1.0,31.0,179.0,14.662668898735200
da7fa4d6-cbf3-4cf9-babf-1cc79aa2f536,Glass Fire,38.910498,-122.642572,470.3991394042970,12.0,43.0,155.0,36.06081004703340
d8c705d2-2820-43d2-bee4-8335354bcab0,Foster Fire ,36.732866,-121.39478,316.2611083984380,1.0,132.0,177.0,61.53287673465220
14ad161c-bfc6-41ae-af84-a464084a4142,Red Bank Fire,40.12,-122.64,524.0540161132810,17.0,86.0,127.0,21.57441628907400
3d4c2809-cd37-4f07-b86e-68dcd52c7434,Flood Fire ,38.017138,-120.945044,65.36683654785160,2.0,275.0,186.0,7.277259899113990
791059a2-b50f-4ab0-924a-bfdac001e4b9,Henthorne Fire,40.062304,-123.222196,1139.5458984375,22.0,60.0,122.0,85.31970658162330
38d46a2f-d1f6-4ed8-a502-e57e393844ea,South Fire,40.109,-122.789,942.1913452148440,20.0,70.0,122.0,155.07903014102700
226da8c8-26c0-49d7-b5ef-952cd969f918,Springs Fire,37.826,-118.872,2655.061767578130,4.0,12.0,178.0,30.77442307174730
81977367-45ad-4962-92f3-ae30f22ef723,Lone Fire,41.748,-121.056,1414.5450439453100,1.0,263.0,183.0,4.143520914541570
c3b236b9-3a1d-481d-b1eb-b0aa77c5b462,Cow Fire,36.284,-118.228,2915.516845703130,13.0,70.0,141.0,75.59817854695020
737ef617-abaa-44a1-9bbc-f46240468b8f,Broder Fire,36.151,-118.185,2473.607421875,21.0,261.0,243.0,77.51280737373850
e7ea56c5-4290-4406-b0a5-c9d1718e9700,Taboose Fire,37.034,-118.345,1846.49951171875,10.0,79.0,151.0,48.829442590756500
2de3ab6b-60c5-4400-9bff-74c79ed7d553,Forbestown Fire,39.470333,-121.412333,582.01416015625,2.0,306.0,185.0,65.31558233816100
5c74d3fc-eaeb-4a75-9a07-5f8af961237b,Lime Fire,41.862237,-122.662258,894.7468872070310,23.0,288.0,246.0,112.24965406460800
69b0cca6-c0c6-4a96-8f61-07ebb0ff9dc7,Kidder 2 Fire,41.4929742,-123.2129356,1187.789794921880,44.0,314.0,255.0,222.207882524806
b24dc89c-632d-46a1-8984-2ce037e37834,Rams Horn Fire,41.150392,-122.634108,1025.2750244140600,26.0,162.0,156.0,85.6122437930739
25e65946-2e28-453b-bcb4-617b623be750,Oak Fire,38.955024,-122.833831,434.33740234375,2.0,311.0,186.0,25.842338057896100
63a43984-64ce-40aa-bbc3-98330a46353f,Swedes Fire,39.45296,-121.412619,449.296142578125,14.0,149.0,158.0,47.75051765177370
efba4d61-2027-4b05-8506-04d9858154ca,Duzel Fire,41.512917,-122.740333,1578.98388671875,19.0,193.0,194.0,81.38817843206560
a14c1f49-8e49-4709-a21b-6c06471a1002,Sycamore Fire,33.9369,-117.3063,477.0595397949220,4.0,94.0,167.0,10.940236183154900
4cebaf5a-70a7-4262-864b-fb3fe3b1d84d,McMurray Fire,34.630919,-120.187368,133.45204162597700,3.0,108.0,170.0,22.94485365698390
5a4639e4-0d1d-4cee-8215-0aa1d53a5160,Bailey Fire,33.496633,-116.631106,1175.654052734380,2.0,34.0,177.0,5.977659499339240
8f6c8f60-1daf-4c04-8507-dcc81656b8c5,Stuhr Fire ,37.32585,-121.110146,55.91768646240230,0.0,70.0,179.0,4.504706231908040
b277af3b-3785-44c1-bdfb-c5a5ba766d2b,Redwood Fire,33.854597,-117.270144,489.8041687011720,3.0,71.0,171.0,19.421210908138300
a8b79d35-dab7-4513-ac65-25fd99541662,Bridge Fire,37.492002,-120.401028,96.6353988647461,2.0,304.0,186.0,15.334618987559600
c9327432-b3d3-4ea1-b810-d339dc9e25c3,Horseshoe Fire ,33.4853,-117.043723,384.0214538574220,14.0,80.0,136.0,19.37326664205040
8b4a5b95-3f51-4038-a7ea-b5ed3c73c2e5,Bar Fire,41.749667,-123.000833,642.4603271484380,22.0,147.0,144.0,91.2326802283565
980c4c7d-dcc9-45b3-b5c1-181c1cd445e9,Bautista Fire,33.635,-116.801111,898.7797241210940,19.0,313.0,223.0,76.88903985803900
ebc468e3-c2ec-43ff-95e9-c319a7ec3d40,Baseline Fire ,38.751648,-121.432636,22.561443328857400,1.0,225.0,182.0,1.1742941219931900
3934f762-ba99-471a-b1d9-dc064276c383,Reservoir Fire,37.467744,-121.842751,485.8447570800780,37.0,178.0,176.0,57.94771900399110
840010ca-aef0-4f91-b771-3bf196317d03,Lopez Fire,35.214364,-120.455883,171.30783081054700,1.0,179.0,180.0,42.93661759084890
7b283f4f-c613-4840-aa90-1f6e9fa1573a,Kennedy Fire,33.900994,-117.170588,489.8182373046880,3.0,321.0,186.0,34.81644130153120
9fc12331-47f4-4d79-bffe-914f13658993,Lynette Fire,38.20177,-120.827386,214.89425659179700,2.0,89.0,174.0,20.592780772079900
e7910549-a5ca-4712-bd04-349c49c1ba15,Tulloch Fire,37.838333,-120.625556,171.4901885986330,4.0,156.0,175.0,23.65388794634480
f24e0e23-63ee-4038-a04d-41fe70cac747,Cow Fire,40.612556,-122.039167,366.6372985839840,1.0,258.0,184.0,17.87032990307600
94cd8534-defa-4a82-b1be-42a2704c13d2,Dehesa Fire ,32.787656,-116.806941,436.7774353027340,20.0,239.0,233.0,43.66295516959790
755df0b3-ad02-406b-af5d-738b67d8c755,Electra Fire,38.332083,-120.67131,229.0158233642580,3.0,161.0,177.0,95.65795490673770
abdb011f-15d8-475b-b08e-4df583700411,Willow Fire,32.87833333,-116.88,142.08937072753900,3.0,339.0,184.0,68.24152434057850
178b2af3-340c-409d-80e6-21ac119969f0,Mare Fire,38.07944444,-122.25611111,41.8460807800293,9.0,0.0,180.0,22.02917755379490
b8e5a940-0fb5-4c63-93ab-a855cfdc4e0c,Hwy Fire,39.622137,-121.693472,63.53214263916020,3.0,282.0,190.0,7.596357656671580
48f89096-4641-42cc-8ec4-9cba635e79a1,Chaparral Fire,38.538467,-120.965105,194.5792999267580,3.0,79.0,171.0,27.78830118595180
1e85b2a3-0d55-4c3a-9fbb-5208d615cccd,Warren Fire,33.703546,-117.033598,458.3463745117190,0.0,258.0,182.0,28.46461884418100
05b9432b-a5cf-4a8f-bf0e-9b95a04bbdde,Frame Fire,36.154184,-120.634179,598.4288330078130,4.0,109.0,168.0,44.1031092969505
e2a0252b-2da9-4967-ba33-7abe3ced1efa,Ranch Fire,35.189783,-120.1755,493.0132751464840,15.0,233.0,216.0,36.70453103577040
2e4017ba-5c18-4de6-8098-54b2a6caf5bd,Del Fire,37.429506,-121.336465,299.0538330078130,11.0,267.0,215.0,59.8732520421641
082bd2d3-457b-496b-a469-0d2550aac7ef,Elk Fire,41.70611111,-123.4375,440.68109130859400,34.0,199.0,214.0,95.78233437007380
1dd6f339-956d-4ec5-bac5-713ba3cd53d4,Wilson Fire,39.613783,-123.458782,455.5255126953130,15.0,256.0,226.0,59.2028345241203
e7aeb204-15af-4a2a-8f2a-bfd2c8dbe411,Briceburg Fire,37.604638,-119.96606,357.156494140625,15.0,28.0,159.0,115.95418957187200
74c3d01f-8809-40bc-a0e2-b1cc24bf1a7d,American Fire,38.165873,-122.211671,83.87283325195310,3.0,248.0,190.0,48.22221631165030
25e80e7d-5790-4192-9cf0-a190f36158f0,Point Fire ,37.066483,-121.219163,413.5602722167970,1.0,274.0,184.0,12.829808788913200
a4bd4cbb-53de-47c8-972f-cca4c36aaf74,Dales Fire,40.314187,-122.070055,185.54299926757800,2.0,279.0,186.0,10.974565351054600
a87ab8be-3da9-4cb0-a72c-5125acc001ef,Little Fire,37.606,-121.853,127.16398620605500,13.0,131.0,149.0,15.33777878520820
207f72f7-1453-40dc-919e-3551f7041b22,Cross Fire,35.79069,-120.73102,191.4423675537110,5.0,91.0,165.0,9.970767989019520
18fe1e24-799d-4aa9-a7ec-fa8e331ae3e9,Corning Fire ,39.847708,-122.1604,66.22232818603520,0.0,35.0,180.0,2.6891327773049000
d6114db7-8a39-4b86-92a5-5c3dea1f348f,Inghram Fire,39.847708,-122.160416,66.22232818603520,0.0,35.0,180.0,2.6891327773049000
19578ef2-6101-45b0-a82e-db3004c3a8a5,Merrill Fire,37.828267,-122.103867,222.5822906494140,17.0,146.0,150.0,40.81950986911420
6e93b252-99a3-4214-9921-238373b17535,Eagle Fire,33.827979,-117.499619,256.2310485839840,10.0,285.0,210.0,29.527598198573800
8739a46c-9d9b-464c-87d0-31738601d96f,Reche Fire,33.975405,-117.207068,744.796875,8.0,35.0,166.0,43.23719746076110
7ff84b11-c3fb-4f5c-8a00-07243d4a4e33,Sandalwood Fire,33.9925,-117.059167,730.5719604492190,1.0,265.0,185.0,16.079564944077100
f20ba27e-4c6c-4ca9-a356-ef88c4f788bb,Plains Fire,40.4988,-122.19911,155.02310180664100,2.0,309.0,186.0,7.275675301180940
d37acb3f-94c8-47ef-b3da-6eb0d7353aa7,Wolf Fire,33.8615,-116.897333,891.2982177734380,18.0,241.0,229.0,41.026572960157700
fd21c9dc-a89f-4a29-990b-33b95ae2adc9,Wendy Fire,34.156389,-118.950833,253.15338134765600,5.0,323.0,190.0,44.94408964364780
c52717d6-0297-4c5b-a0f1-f17abcd7ac27,Saddle Ridge Fire,34.32988,-118.48161,485.7281494140630,5.0,236.0,193.0,123.07807149938700
fd1bc30a-4377-45f6-ba2b-b4e1c7e65ee7,Bitter Fire,35.709176,-120.312856,351.8626403808590,3.0,183.0,181.0,22.98747842620170
451c3012-2831-44c1-8fc7-146fd02d2ce0,Caples Fire,38.724,-120.145,2246.59912109375,9.0,133.0,160.0,66.8370529540106
02e6023e-d306-4a67-a09c-b9224b98661e,Olivas Fire,34.23955,-119.20187,18.045677185058600,0.0,26.0,180.0,3.7070529759526500
72c6a0db-a014-4cd9-9788-926707ef839c,Horse Fire,40.387772,-120.304341,1243.16748046875,1.0,204.0,181.0,14.49880649401850
8bf75401-999f-42bd-8c0a-8db508591545,Johnson Fire ,33.45148,-116.05898,-61.83584213256840,1.0,105.0,178.0,4.0870829340221
0baff961-3ce3-45ec-80f1-a72957f2f3f4,Nustar Fire,38.045866,-122.245186,16.60100555419920,0.0,194.0,180.0,28.767865100153500
2a516d14-36ce-43b0-b34c-7483759a9c84,Fairmont Fire,32.762706,-117.097441,73.44393157958980,0.0,252.0,182.0,15.73423030961290
baa2a51c-40bc-420c-9f88-db4783872d65,Real Fire,34.484722,-120.190833,185.3712158203130,25.0,167.0,163.0,95.42370668934300
df7805d1-682e-4a3d-b917-1bbab5e078ef,Grove Fire,38.88913,-122.604425,425.1251831054690,1.0,21.0,180.0,16.293421451196400
ff8701f0-a12a-4b40-baa9-b58c4e2e31f3,Mud Fire ,36.319291,-120.460189,1161.68505859375,21.0,223.0,224.0,84.79156909725820
6ad5dc4a-bd52-4cb4-9664-2ab606289d21,Beaumont Fire,34.033117,-117.21545,405.235107421875,4.0,43.0,171.0,48.254688334890700
24eb323e-b97f-4087-886b-7efae8937bae,Palisades Fire,34.055768,-118.554091,78.36034393310550,8.0,226.0,198.0,78.5288590874905
809d101c-8aa3-4a53-bf20-f38ae7ec7941,Kincade Fire,38.792458,-122.780053,703.14453125,33.0,137.0,114.0,86.82829144543210
956f8cd5-f4fb-43d7-8a34-1bb5db551995,Old Water Fire,34.183624,-117.274276,577.66064453125,22.0,121.0,122.0,68.80783275550260
16b1921b-f753-4a36-85bc-d903555f0af4,Muir Fire,37.896231,-122.636471,35.6534423828125,12.0,281.0,216.0,67.60195470414740
6890469e-78d7-4dac-b162-6c23498fabcc,Nelson Fire ,39.551423,-121.800538,34.27664566040040,1.0,250.0,182.0,0.6693201241649050
020310d3-7834-4f57-a125-eff0eb3f54e5,Tick Fire,34.472778,-118.368056,632.31689453125,18.0,277.0,235.0,36.96103490397860
ab8109fd-e8eb-4690-9f5c-3a8c9c47ff48,Cabrillo Fire,37.166674,-122.361112,15.499866485595700,4.0,138.0,172.0,26.32698955486400
87404846-bc30-41b8-82fe-31c9aedb9ef7,Mines Fire,37.62782,-121.68598,392.09173583984400,3.0,308.0,188.0,26.55421350796280
a6701bb9-7086-4dbc-ac5f-8c98eeb0279a,Sawday Fire ,33.055124,-116.742508,779.607421875,4.0,275.0,193.0,35.744828369116100
7ff229e4-be94-4319-8916-19eb43753843,Miller Fire,33.259861,-117.027333,485.669189453125,5.0,11.0,177.0,16.75477042334110
828b2492-fc44-4fc0-97fa-f0b439e6fa0d,Rawson Fire,40.00171,-122.25421,100.01139831543000,1.0,91.0,178.0,4.480858233665280
d299dec7-b09f-47f7-80c9-859ddd1ecef3,Cypress Complex,37.99136,-121.64118,5.231414794921880,1.0,278.0,183.0,1.1571122347398800
64104ca2-a187-4b11-bb43-e22253bbcb52,Sky Fire ,38.03545,-122.2241,113.08432006835900,29.0,202.0,213.0,40.27241377283500
c9f9ded3-170f-4b04-a50e-2c03153c663f,Glencove Fire ,38.07205,-122.22463,87.01348114013670,15.0,262.0,227.0,29.48564038754780
9cc1af36-29f2-4af5-afa7-23b9ce17630e,Burris Fire,39.22431,-123.12887,718.726318359375,10.0,249.0,209.0,60.264626931779500
b36ed23e-a3de-4aff-bdbc-d6ebf8d8f077,Forest Fire,37.97911,-122.11092,120.38587951660200,28.0,251.0,255.0,29.80664440560200
e693477a-37d2-4aba-9e73-a63421a2b3a6,Getty Fire ,34.098191,-118.478717,231.5037841796880,2.0,177.0,180.0,62.02337234091270
00e6d6d5-f168-45fa-817a-f7758a5170b7,Easy Fire,34.282179,-118.803389,218.10812377929700,2.0,53.0,176.0,23.346925195122300
8f23653c-1a4c-4609-bfb3-72b1665eab69,Hill Fire ,34.01778,-117.4625,264.6379089355470,1.0,155.0,178.0,35.8624133193708
e59fa47f-0f47-49a9-a2c5-092cfaf68ed5,46 Fire,33.985972,-117.414111,228.72702026367200,0.0,254.0,181.0,2.28283742949553
e471b23c-f00c-44bc-afc1-6ab02b0af4c3,Copper Fire,32.564583,-116.834583,409.887939453125,40.0,69.0,72.0,155.19121670019100
dfc32e06-b88e-4d30-ae3d-22bc18792f5e,Hillside Fire,34.183,-117.285,491.3568115234380,10.0,124.0,154.0,93.27622173791920
31852a71-e639-496f-9e7d-0968d1c218b3,Maria Fire ,34.302212,-118.997115,206.39892578125,5.0,124.0,168.0,24.36418045822440
305f30f5-622d-4c55-8813-45ffbc15aed0,Sobrante Fire ,33.849906,-117.461363,427.7096557617190,1.0,117.0,177.0,16.231369376242700
69d98a94-4980-4dc0-b388-61c37c635f32,Ranch Fire,40.036379,-122.637837,513.200439453125,16.0,200.0,197.0,40.23842877543590
600d608d-6279-435d-bc9b-99aacaa5e80f,Eagle Fire,39.100408,-122.496548,952.2481689453120,21.0,252.0,241.0,76.3303490069311
77d64e4c-a50f-4f4d-a750-e6a6f0ddadc9,Foothills Fire,38.838992,-121.325842,38.88032150268560,1.0,331.0,182.0,1.9616414257934100
7555692b-f672-4660-8f15-d0dab068a193,Cave Fire,34.5025,-119.785,763.152099609375,29.0,159.0,149.0,114.8489194514120
94f20083-2412-4058-bc16-afa6b45c3935,Bear Fire ,40.511092,-123.6378411,1041.6795654296900,5.0,47.0,168.0,76.47992957955310
c9bb59f7-be32-4296-8c11-3f1233116827,Antelope Fire,39.6923001,-120.3291855,1491.1025390625,0.0,302.0,181.0,1.5647496747445100
f6e7a62d-4796-452d-8e41-66ed1aef6d63,Beegum Fire,40.33583333,-122.84722222,490.05072021484400,2.0,337.0,183.0,49.55246665617080
edd2012d-0574-46a1-97d5-9ca42e7c5912,Wood Fire,40.62155,-120.49392,1546.02880859375,2.0,46.0,177.0,13.386429088972600
ad9ab6b9-53ed-417c-a490-6b594974f110,Baseball Fire,39.75638899,-122.94111111,1135.2940673828100,18.0,272.0,237.0,118.05770707699100
405d5f3f-66c9-4b69-8660-82780fa582b5,Grizzly Fire,39.774968,-122.384532,154.91783142089800,20.0,151.0,149.0,12.789136453356900
e1298aaa-1337-412e-ba09-7b29e87dad8b,Mann Fire,33.96957,-117.51793,190.2266845703130,1.0,6.0,180.0,6.5182205442669100
083f1638-4369-410f-9b57-d53cfaa938f7,South Main Fire,33.65263,-117.40906,798.5722045898440,4.0,222.0,190.0,41.33471141937370
a87d4713-817a-47ac-9fa5-427c474cf9a5,Carter Fire ,32.93432,-115.5865,-23.91101455688480,0.0,109.0,180.0,5.425450010876170
3eff88c0-89ee-4abe-8f6d-f74b90c42f30,Red Fire ,40.09554,-122.43905,155.1997528076170,4.0,341.0,185.0,12.69811792189390
4b1b0f5b-a4f9-4965-ad6a-029c9d89c68c,Bar Fire,40.63442,-122.97693,525.7483520507810,10.0,239.0,206.0,74.90360090705590
18b88d88-2c76-41cb-9b07-5c9dda8f56d9,Byron Fire,37.82066,-121.595225,6.723808288574220,0.0,17.0,180.0,4.680444012756300
2dac9fb4-1c2a-405a-93be-92ed7788a1d2,Interstate 5 Fire,36.075003,-120.106407,187.3453521728520,6.0,46.0,167.0,25.64637930947930
d0dbf515-0e04-42d9-a46b-8ea21d18374a,Hollister Fire,34.47438,-120.29379,20.90884017944340,3.0,329.0,185.0,52.34041305738100
9a8425a9-f3ba-4afe-82d2-d9a9776959aa,Candy Fire,39.42208,-121.47273,173.25283813476600,3.0,307.0,188.0,14.324499695848800
3788f0dd-0d61-4458-95a2-ebda03b815b2,Gilman Fire,33.861054,-117.024114,474.29144287109400,3.0,220.0,186.0,25.51304316825930
0fa5653a-c3c8-4aad-84ce-8d1dd74f211b,Acres Fire,37.11715,-119.982359,123.41912841796900,1.0,346.0,181.0,8.9963679098892
adbbc326-9f9a-434d-b18b-67a44f3906e5,Spanish Fire ,38.697834,-122.403634,174.88101196289100,7.0,311.0,198.0,42.38064560626160
53d70cde-ef0f-49c1-80a9-dc306a8cc043,Range Fire,35.34237,-120.70524,162.9668426513670,7.0,200.0,188.0,41.8785675403232
57f40970-22b5-4d75-a8f2-2482a18f5bca,Harley Fire,33.83167,-117.34934,464.3128356933590,3.0,283.0,189.0,19.99137264636090
7a979a96-aeab-4afd-b55f-532882f36a6b,Scorpion Fire,34.01389,-119.74577,300.5958251953130,34.0,152.0,133.0,97.71117154003310
8ad07f5d-c8eb-43c3-94d5-547ee9c0e5cd,Acres Fire,37.11806,-119.93221,172.61558532714800,3.0,21.0,177.0,11.12855295155850
a47ae21e-d488-4978-ade9-aeed0db63fa6,Amoruso Fire,38.824371,-121.390862,28.564760208129900,2.0,328.0,183.0,1.6103064258224200
0b723ec6-680d-464b-ba30-b444506ceb44,Nash Fire,39.1296,-123.48018,112.0156021118160,1.0,223.0,183.0,47.91094453401700
0eca3343-e9f9-4d09-9fc3-95ab90b153ae,Horn Fire ,40.809323,-120.288882,1617.9207763671900,0.0,81.0,179.0,0.2503479890589020
94b147a7-68ac-4e60-ba42-81fce8facd30,Smoketree Fire,33.782532,-116.524014,234.70220947265600,40.0,339.0,223.0,102.13090811047200
2672d8d0-6523-40da-ae4e-6ae6d48e810a,Wildlife Fire,38.232281,-122.042199,2.419418811798100,3.0,29.0,176.0,0.6682038535643320
0416a81f-0a17-4835-b05e-fe59a6e7379a,Silver Fire,37.329163,-121.726223,633.00927734375,5.0,7.0,179.0,63.1086811033693
a5085c95-252d-4d1c-9e8a-6657a74b7ed5,Brock Fire,40.837885,-122.097933,572.9751586914060,7.0,20.0,173.0,78.3173920800608
3837f75a-208d-41d0-8d89-5719a11912ef,Colleen Fire,37.229703,-121.851895,172.7685546875,4.0,114.0,168.0,39.59607236192130
57a6f6b7-eba1-4ed7-ba7b-6b078b06731d,Karchner Fire,38.98487,-121.340239,36.54187774658200,1.0,294.0,183.0,4.549249834820570
db5ad2e7-dc3d-41f2-91b4-4019857ee51e,Lakeville Fire,38.224849,-122.549816,134.70230102539100,14.0,253.0,222.0,25.26131733498590
5698ae57-d61f-421b-8b75-623e9aa6debb,McGary Fire ,38.196893,-122.156313,34.017093658447300,4.0,167.0,177.0,26.49959081479330
e3e89516-4647-44bf-bd24-3293303f0776,Gulch Fire,38.216134,-122.536406,147.05247497558600,6.0,228.0,195.0,24.64300638722880
74b04a44-7cc1-4c8e-bd9e-9f3efa631df4,Quail Fire,38.470809,-122.038208,89.4280014038086,16.0,150.0,156.0,35.449609525977800
b5527f83-ebbe-4b09-a701-4b4fe6d37b45,Willow Fire ,37.994368,-122.002811,56.91093826293950,6.0,106.0,161.0,9.157976775146650
9247b89a-38f0-4e14-ac4a-59386cf867b4,Bitterwater Fire,36.2644,-121.0781,132.7978973388670,2.0,300.0,185.0,40.9092004512397
876b63ff-62a2-4584-8aa2-d99f027c0e9f,Hunters Fire,37.61955,-120.215454,483.8492736816410,12.0,227.0,208.0,52.20968191411660
5a6e0c14-2906-4547-8024-e7b33071104b,Sperry Fire,37.463636,-121.16483,46.24917221069340,1.0,64.0,177.0,6.323396521427690
8a4b6636-55b6-4999-9de4-7b0cb22390a2,Grand Fire,33.638067,-117.37581,780.1971435546880,33.0,320.0,244.0,127.71212354411300
6b50bab1-7dcf-43c8-b4d1-afada595dd32,Bradley Fire ,35.94979,-120.81509,224.40147399902300,3.0,341.0,183.0,40.60212076935010
125e30fa-37fb-46ea-86ab-13058518aab6,Sierra Fire,33.82925,-117.46036,421.5076293945310,7.0,197.0,187.0,14.698678659257300
fdd59b55-6aa2-442f-b788-e1291bb49cb1,Oak Fire,33.78275,-116.89655,554.084716796875,2.0,256.0,185.0,27.04839123155500
d77e9eeb-a4ed-41b8-adff-9dd99aac5971,Cronan Fire ,38.827755,-120.988571,268.17822265625,7.0,125.0,163.0,33.18436912324730
dc1f8080-9c95-40e3-859b-71f6a080f05b,Vineyard Fire ,38.89695,-123.21318,282.7423400878910,6.0,60.0,163.0,40.04208355112020
21f49b4c-a5cd-4f17-90fd-b9f464b823c1,India Fire,33.37579,-117.47166,118.88651275634800,1.0,319.0,183.0,31.2736959297621
c3c10b8f-a073-4ca6-bb7f-fdc57cf82b4c,Elizabeth Fire,34.29475,-119.17808,117.21239471435500,5.0,147.0,171.0,26.924598618351900
3e6e0977-3563-442d-8bf3-d87c97b49880,Soda Fire,35.35146,-120.00521,612.330078125,0.0,196.0,181.0,3.7621509781639800
4561c1c7-f447-4450-9ea8-f9717ee19f8d,Lime Fire,34.46182,-118.77347,504.276611328125,8.0,123.0,160.0,95.79560750829190
36e3b13b-c2d3-44f5-ba9f-23c1e9f73878,Skyline Fire,32.73044,-116.7862,719.6682739257810,1.0,316.0,183.0,49.00175476735110
203115aa-8ef9-436c-9d18-32613f9fa286,Border 7 Fire,32.580882,-116.690712,1081.896728515630,34.0,345.0,207.0,112.53195794379700
e86309b6-2223-4448-a7a2-bb83d4bc8352,Watt Fire,38.733421,-121.378879,27.86043930053710,0.0,354.0,180.0,2.915120537673800
86e91f38-4e2e-406f-ad97-5a3b47a9ce76,Grant Fire,38.520981,-121.201927,64.3004379272461,4.0,176.0,180.0,5.957999093872110
50adb8e9-d672-49fa-95d0-657879169302,Hog Fire,36.82276,-119.36572,175.94529724121100,4.0,106.0,169.0,30.99655266967410
44bf7479-689e-4203-9f38-8b05917db66b,Cornetts Fire,37.40827,-120.08522,370.2343444824220,3.0,317.0,186.0,12.67961073270480
90d7bf99-5b46-4a48-a07c-7468829e50b3,Dawson Fire ,33.776033,-117.461925,386.2481994628910,2.0,328.0,183.0,37.46387558252190
b19c7e40-eac0-4c33-9414-590752f5c100,Drum Fire,34.63309,-120.28867,127.3931884765630,1.0,67.0,177.0,23.87208496682530
4382036a-3c19-479e-9a78-325007c1de3b,Avila Fire,35.17977,-120.69959,35.66592025756840,7.0,328.0,192.0,38.4259005391032
2190e4db-2b64-4d98-a5f9-00cc6221eec8,Bitter Fire ,36.3011,-120.92925,281.5638427734380,0.0,285.0,182.0,49.1875436792109
2250dea8-20a0-4e5e-b86e-bfe7821892c2,Riata Fire ,35.40953,-120.56823,301.0144348144530,22.0,39.0,138.0,35.89256662641670
55a8e286-c088-45dc-8010-5c604dba3b69,Walker Fire,38.07741,-120.72958,378.2392578125,4.0,210.0,186.0,36.000680865357
fc3411f0-f9e0-4d0c-86a3-71afbac23f4a,Nelson Fire ,39.52408,-121.60037,62.72727584838870,1.0,116.0,179.0,5.983771143966150
7fc52805-21d4-4a56-b711-859d8c39e704,Liberty Fire,38.23432,-121.20828,26.6299991607666,0.0,0.0,180.0,1.3420972520488200
5a06793f-5f95-411b-9cce-b340ddd72061,Gyle Fire,40.000132,-122.205628,89.15737915039060,14.0,263.0,224.0,1.7019016158752200
0cb8b199-ab94-42a5-a441-db7f272b170c,Ridge Fire,35.9497,-121.42113,1023.1710815429700,15.0,245.0,223.0,65.9175332730483
c276a99a-8208-4402-b538-1e50aae50d63,Baker Fire,35.27678,-118.6894,497.0072326660160,11.0,116.0,150.0,35.112747550831100
2a79a833-693d-4dff-a199-c93b5a3ebe39,Nelson Fire,38.89178,-121.33956,37.21732711791990,2.0,85.0,175.0,1.5075846737193100
0fc1bc5b-7ac5-4a2c-8048-9ed74623b838,Fork Fire,36.37085,-118.845123,582.7189331054690,8.0,229.0,200.0,50.91140071898260
036cc8f1-ab4e-488c-8c46-86ebbb176d3e,Teddy Fire,39.37577,-121.45372,106.7062530517580,4.0,28.0,175.0,9.516561356843920
0413caad-a48e-447b-8ed8-1c8933360f21,Springs Fire,35.89133,-118.8613,354.0946044921880,1.0,121.0,178.0,18.38900308148490
a1959cb6-24e4-45e6-bcca-b792abe932ce,Honcut Fire,39.36894,-121.53976,34.104827880859400,0.0,271.0,182.0,1.6964061073267000
d7f02c71-a8b5-440a-b4a8-b8e011e214e3,East Fire,41.5017,-120.54161,1346.4276123046900,1.0,30.0,179.0,7.397413894498060
641c7a44-b74a-4dce-bd7d-44078847003b,Quarter Fire,38.08264,-120.20316,1149.06298828125,10.0,173.0,177.0,74.9029043164367
c50ced87-e83c-406c-b349-49cad87e680f,Hunter Fire,35.90835,-121.08753,256.86212158203100,1.0,221.0,182.0,32.099222920134100
d0e31652-2b1e-4316-a1e0-c18ecb4ddbd7,Stage Fire,36.69845,-121.57407,57.840782165527300,1.0,313.0,182.0,7.616433418866970
e7d05a34-0fdc-4db2-b713-0e10119d105d,Grade Fire ,36.5537,-119.19677,148.46185302734400,4.0,143.0,174.0,34.37647530480570
cf392ebe-9c69-4a28-b52b-3772c06b493c,Rico Fire ,35.9789,-120.87858,141.98536682128900,1.0,275.0,185.0,7.308831160039780
58e5665a-7aff-4f14-8ebe-490e73d3d37a,River Fire,35.62906,-120.68326,210.4508056640630,4.0,270.0,193.0,14.898449054753200
c5071feb-80ec-4fbb-9d2f-eee1f1cea68a,Sycamore Fire,36.97511,-119.33439,486.7383117675780,5.0,158.0,175.0,75.93759103178240
7d7f682a-0266-4758-93e6-795488af0687,R-2 Fire,40.43203,-120.28147,1381.72998046875,2.0,72.0,174.0,16.083146182498700
54364494-e201-476a-8dc7-fbf2e0f94f60,R-3 Fire,40.44793,-120.04635,1537.0556640625,1.0,326.0,182.0,15.452173604168200
5b8b9b63-9cc6-4d55-9502-87009d75732c,58 Fire,33.27665,-115.96594,-25.493896484375,1.0,51.0,178.0,6.564464872504020
64b9cf19-314a-4986-ae35-cf89f1f8bc2a,Diablo Fire,37.46265,-121.18355,77.42097473144530,4.0,333.0,186.0,28.616643164546600
d10cd103-f627-497d-a338-6430438ed7fb,Bend Fire,35.30742,-119.88048,637.8635864257810,1.0,228.0,182.0,8.406021942267630
5b2b1489-ad5b-4104-b267-fdd61c0c48e9,Aurora Fire,38.22554,-119.00289,2530.895263671880,9.0,149.0,165.0,61.41128400258270
b13b3fea-fd2f-4c14-925b-63737df97f2e,Indian Fire,33.565093,-116.750925,1145.024169921880,2.0,126.0,175.0,16.66316703422250
4db7101a-8097-4211-ab16-544f136dd35c,Poeville Fire,39.32596,-119.81098,1548.7757568359400,1.0,92.0,176.0,36.897425262438100
a9397846-b830-4a42-a7e6-d2be9684a989,Pass Fire,37.06641,-121.21912,413.5040893554690,2.0,191.0,181.0,12.829808788913200
a6c54f7f-20f5-4c3b-a27b-745d7274def6,Gage Fire,35.69993,-120.96759,353.3802185058590,12.0,242.0,213.0,57.63502864568260
58a3d354-a532-440e-bfa8-aca414cf4cd0,Muck Fire ,41.0336731,-121.2199939,1351.5535888671900,2.0,269.0,185.0,8.238569144282050
fd24cc01-1057-4572-a83b-1775d49f42f7,Avacado Fire,39.3784,-121.4319,147.44732666015600,5.0,233.0,193.0,19.00651642007180
49378c25-ecdb-406d-829b-755f2b248fcd,Flat Fire,40.791509,-123.437051,329.72491455078100,20.0,176.0,176.0,149.12325133164500
14042a79-1fd0-4e82-b17d-1b201306de22,Bena Fire,35.310132,-118.702732,299.23785400390600,0.0,350.0,180.0,56.060347931503400
ba60e1c4-d812-4b33-9a2e-b240a1b29408,Rowher Fire,34.542742,-118.324601,868.1495971679690,13.0,250.0,218.0,52.84822999787770
f969420f-82a1-4edd-b7d3-28672e9d74b3,Bonadelle Fire,36.9678542,-119.9252132,97.08021545410160,3.0,115.0,173.0,2.5914090875901000
ac5dad8d-89f2-4f3f-b710-34661754ebb6,Soda Fire ,35.393889,-120.053275,632.1239013671880,0.0,184.0,180.0,3.6319006700711600
b564196f-6499-4e1e-b896-7b6211d97f90,Mount R Fire,34.182436,-117.124353,1128.6922607421900,13.0,148.0,158.0,111.09094970897000
43289809-2636-4d90-8ed2-0012575d9e1d,Sheridan Fire,37.536015,-121.876277,302.69171142578100,20.0,218.0,219.0,64.091138807747
90f61641-f44c-4180-bb82-9238b1effeb7,Lake Fire,35.351065,-120.00485,612.107666015625,0.0,201.0,181.0,3.801209835060310
7f3042f1-3e76-4c3e-82c9-a0761c1c8b90,Park Fire,37.166733,-121.567505,570.8983764648440,25.0,52.0,120.0,36.21279881623320
a7138f52-b933-4054-ae63-5f8e1e950be3,Cotton Fire,37.091637,-121.086625,193.9108428955080,35.0,114.0,86.0,34.55725531695570
cd2e7a3b-7b00-4da4-8612-a19a22c88fca,Kings Fire,36.750186,-119.116536,676.0818481445310,3.0,230.0,188.0,56.607513242866700
304a6ef7-53f6-4d2d-8d11-be431a7d75e8,Crews Fire,37.034839,-121.501532,197.652099609375,4.0,303.0,190.0,62.42565725400130
2102ace4-f67b-4060-8795-f3cea12917e3,Soledad Fire,34.467915,-118.328877,731.5171508789060,1.0,287.0,184.0,38.74342594520090
fc988bbb-4f93-478d-8a6c-b1be51d436c7,California Fire,38.02996,-122.25471,56.58647918701170,4.0,324.0,188.0,24.569034308888700
ce7dddd1-7a79-4aa4-b6bc-f4181aa2ac05,Patterson Fire,37.71984,-121.53524,86.23705291748050,6.0,106.0,161.0,10.979310470788100
deaaf3fb-e0b2-4430-97cc-10d6d626df27,Mountain Meadow Fire ,38.21614,-122.12447,4.035530090332030,0.0,196.0,180.0,22.42597851695460
f398ee10-0c99-4096-be61-7c1611035ce1,Brandon Fire,38.58488,-120.941267,233.0616149902340,15.0,71.0,137.0,35.246362386534400
a378ae17-9133-433f-8b63-23a1a7c6a4c6,Nail Fire,39.35498,-122.65813,507.9156799316410,6.0,354.0,182.0,40.94622787627670
b4413d75-dc78-4810-9db3-c644a1afc5f3,Tripp Fire ,33.551838,-116.7464168,1122.6353759765600,4.0,233.0,191.0,14.748875471060800
49be3366-f2b6-4ff5-8541-a25ad9bdc607,Alum Fire,37.37731,-121.79349,288.1404113769530,2.0,227.0,185.0,76.24606249548820
1d6a3faf-2e35-4c7e-9efd-54339ad56ed6,Power Fire,37.1487,-119.50307,305.36553955078100,7.0,322.0,193.0,61.26454955359510
2865a54c-f7c1-4595-b4b9-1c8082df22ce,Elliot Fire,33.623968,-117.108421,452.0433654785160,6.0,223.0,193.0,24.148528068610100
dd705c7f-d18b-49a5-be60-c828d5c047fb,Robinson Fire,39.43227,-121.37994,421.2427062988280,6.0,300.0,197.0,36.16793774218760
777f38a7-7d43-4641-998f-8524c692980c,Casino Fire,33.48429,-116.83552,879.0462646484380,2.0,281.0,185.0,24.76526151260660
ef5e4d08-bf3f-4df1-90b7-92e4e2a2fc91,Mineral Fire,36.09493,-120.52193,443.3995666503910,5.0,100.0,165.0,21.938253447760500
03459423-a538-4952-ba0c-c020face9151,Coyote Fire,36.653,-121.04401,583.5286254882810,7.0,24.0,172.0,39.63309733819540
79575aba-0ca4-446e-a28e-39bafbad368e,Ben Fire,37.42319,-119.95807,459.72210693359400,3.0,210.0,184.0,34.479371635118300
d268fd6c-a177-47b2-b13c-2ac26a02289e,Valley Fire ,39.10112,-121.33589,87.03693389892580,3.0,225.0,187.0,11.011856546630000
a417d993-c3bf-4c5b-a01a-7d56a209a12d,Hollow Fire,37.64044,-121.59374,257.1243591308590,4.0,60.0,170.0,63.34200632461180
4035078f-8136-447e-8daf-3a63462a73d9,Pitzer Fire,34.39464,-116.97557,1132.057861328130,5.0,9.0,178.0,40.91554666469220
9520d0cb-1a4f-4dc0-bd38-967f5ee353f0,Badger Fire,41.79319,-122.69296,733.4403076171880,9.0,316.0,200.0,56.04138905180070
fc0b7761-54a3-4275-a550-313d2b604f5e,Hog Fire,40.420886,-120.86375,1666.0048828125,2.0,175.0,180.0,27.02020428727880
c4d60e70-ee95-41f1-9e6e-4df4bdae3748,Platina Fire,40.462621,-122.792645,824.5848999023440,35.0,179.0,178.0,109.7856945938870
9d4f56ae-b319-49b0-9a77-10088a2defda,Gold Fire,41.11037,-120.923293,1344.535888671880,0.0,304.0,181.0,22.98236446012350
1c0e692a-8afc-41e9-8ac7-d27b977f0cdd,Milepost 21 Fire,41.1849445,-123.6986222,103.9242935180660,30.0,345.0,203.0,88.1195798353079
64390cd6-42d4-4e9e-8dd9-1077f5191243,Feather Fire,39.506597,-121.604579,62.008056640625,1.0,126.0,178.0,4.557618533960660
cac8f4bf-d269-4f13-b59c-07670b34f81f,Holland Fire ,37.977309,-121.620238,4.012136459350590,5.0,16.0,176.0,1.1541969536968700
f66fb4e4-cd4c-4410-9c00-43fed5882fb4,Easton Fire,34.135626,-117.192142,454.64056396484400,25.0,133.0,124.0,31.19135880004370
8146a328-05df-4b38-b11e-1c6fcedb1df7,Rabbit Fire ,37.118075,-119.932391,172.4628143310550,1.0,352.0,181.0,11.12855295155850
1505ac89-a71c-4c77-9ae4-fb3eb34dbc66,Iris Fire,37.518879,-118.711135,2563.131103515630,16.0,299.0,225.0,95.68233852252170
c002a55a-95ef-4286-b358-daa8fd3ad086,July Complex,41.699,-121.477,1466.7957763671900,24.0,97.0,108.0,60.2092274796847
22bb346a-660e-46cb-8c54-dbcda18fc4d6,Jack Fire,33.93327,-117.033124,719.2569580078130,26.0,6.0,172.0,17.90639756226020
0364a8dd-0971-4f24-a020-6f4e97ccbace,Hill Fire,39.013591,-122.359663,335.4151916503910,24.0,76.0,109.0,25.60914946620680
4d799b0d-240a-40fa-9ca7-f64aa1cd4002,Karen Fire,34.028116,-117.429598,315.25604248046900,7.0,97.0,157.0,53.31621523313510
1cffff17-9678-4f17-837a-e4e11ae77c1b,Ione Fire ,38.420382,-121.044895,58.02477645874020,1.0,245.0,183.0,1.8294625503641500
9810b7b8-b865-4413-a60c-5f47e8945eda,Cottonwood Fire,37.083806,-121.101634,182.16616821289100,4.0,195.0,184.0,27.511611755129800
dfc476d5-b274-4bfb-bf55-4af5ef611f5e,Ridge Fire,34.75844,-118.72004,1106.7139892578100,16.0,18.0,164.0,81.30195632688770
4751b58f-771f-4d9c-b742-4aad10ef45eb,Lincoln Fire,40.78804,-124.19954,3.2733373641967800,1.0,89.0,179.0,3.143810338165610
66f80cfd-55ff-4f8b-b971-708bef8c6d87,Border 11 Fire,32.62212,-116.77048,439.85986328125,7.0,42.0,166.0,29.0662056086251
b7cf91b3-e441-46c7-8214-a2ce84a21a3d,Branch Fire,35.35146,-120.00521,612.330078125,0.0,196.0,181.0,3.7621509781639800
71cf5cd0-78c3-482c-b0d3-148bb24c4853,Brook Fire,34.25143,-117.45479,747.3568725585940,4.0,160.0,177.0,61.279621836284900
3481e6e5-c6e8-4891-9e65-fdc3147ae579,Clay Fire,38.40329,-121.17197,41.24224472045900,1.0,57.0,177.0,3.0859059727410100
aa193e22-7d46-42fa-8638-8ee1e1cbaa2c,Rabbit Fire,33.934137,-117.034461,707.14404296875,11.0,299.0,209.0,19.44110311396720
2806bdb9-c1d2-4ace-b602-734e24282852,Dam Fire,34.17363,-117.889503,482.836181640625,40.0,89.0,64.0,152.20416202386800
04013e6f-d207-4043-8d3d-00aa5d332d85,Sheep Fire,35.14357,-118.7933,250.67840576171900,0.0,318.0,180.0,57.68357308209440
eeb8174a-f5a7-4fb1-b611-45e85c858326,Stump Fire,40.34659,-121.6415,1473.59619140625,3.0,237.0,189.0,44.54496976761490
00f6ca27-183c-4c2d-99f4-0362ddb522ae,Castaic Fire,34.51853,-118.59699,510.8959045410160,7.0,313.0,195.0,55.69413767360070
5f88019a-39cf-43ff-921f-d5442e47f98d,Pond Fire,35.43128,-120.47346,470.3170471191410,7.0,14.0,175.0,25.42643377405750
dddf569c-7540-4822-8bf4-bd15d5c4473e,Sophia Fire,38.686478,-121.103299,134.11093139648400,3.0,275.0,190.0,27.578082844229600
f05306b4-6281-4140-9d63-ea077c080ce9,Water Fire,33.924086,-116.641846,412.4479064941410,3.0,177.0,180.0,47.66196659316240
91f3f77d-6b4a-47fb-bc79-a0250cded29a,North Fire,40.36764,-120.44811,1250.84814453125,2.0,47.0,176.0,8.761171329636130
7482a8eb-a31c-4556-b8d5-e6f86c4f3904,Sites Fire ,39.31313,-122.48525,371.1700439453130,3.0,200.0,184.0,19.3992505262309
8d4fb3c6-8522-491b-a388-afad50660bfb,Post Fire,34.04447,-118.21608,97.63093566894530,1.0,254.0,183.0,9.022888072124900
8b1c928f-99e8-4778-a988-445e154a00e3,Beale Fire,39.11307,-121.38178,40.598243713378900,2.0,344.0,182.0,3.167010204042920
e2d97d53-bcff-4f0d-8b94-0ccfeb100f15,Elsmere Fire,34.3428,-118.49731,644.3215942382810,4.0,92.0,166.0,59.09101270163750
e2334135-81c5-44a5-b20d-c3a9b1301531,Stagecoach Fire,35.43044,-118.53361,1057.1021728515600,1.0,143.0,178.0,17.84602489491590
2b313120-5794-40d5-aa39-c7e621856d14,Trimmer Fire,36.90933,-119.2439,299.239990234375,15.0,80.0,135.0,86.04676481011790
7ece0a57-ab39-4d98-83bd-2a09f32b5242,Pass Fire,35.61521,-120.40457,377.4666748046880,4.0,120.0,169.0,16.271267479802400
a79536eb-5ceb-4219-9b96-fa0632c4a289,Fort Fire,34.93929,-118.92967,473.719970703125,9.0,327.0,195.0,21.70266817025900
c4e48556-0c23-45e6-aebe-d1bcda4e52c5,Mina Fire,39.82454,-123.262437,431.7446594238280,0.0,73.0,180.0,37.75406690188080
56e82924-7e7b-4cd0-9221-7f299718b493,Duluth Fire,38.81111,-121.318472,35.40584182739260,6.0,258.0,200.0,2.950293310927080
3d5e2cbc-f2f3-4cd3-b6cc-0b2483940f8d,R-1 Fire,40.590714,-120.549595,1957.527587890630,2.0,18.0,178.0,66.38275335209010
14e1721e-3907-4b2f-b9f9-3842a7d7106e,Soda Fire,34.962524,-119.444977,883.8297729492190,5.0,307.0,194.0,31.86768482012270
49ef4e59-6a57-4219-a29b-d75f1297e356,Lake Fire,34.679,-118.452,990.1063232421880,8.0,219.0,197.0,50.8776289408923
d6ac2ead-0f03-4c79-bda7-a7a2f11050b6,Carrizo Fire,35.308259,-119.987565,596.1834716796880,0.0,122.0,180.0,1.2465697169130300
5258de73-6c10-44ac-99e0-88602a8a83f5,Meiss Fire,38.474502,-121.172572,43.00580978393560,0.0,184.0,180.0,2.6650927595635500
5671f6fd-7689-48e6-b792-03e3cfe95ff2,Ranch 2 Fire,34.160265,-117.910498,227.4644775390630,1.0,35.0,179.0,76.10337892033860
0707e044-ba48-42eb-9263-6e2aff583b33,Clark Fire,39.647686,-121.633994,95.79158020019530,1.0,154.0,179.0,6.182225982289580
ab24840f-90e8-460c-bc88-d25091d7b61f,Loyalton Fire,39.702438,-120.143473,2454.064208984380,18.0,261.0,236.0,98.09130933065650
36aa4641-bb29-4b34-baad-e96406b4f702,Whale Fire,35.472114,-120.856731,80.90107727050780,17.0,219.0,213.0,40.955112332925300
3a48ec04-0297-4561-bb64-e6461acde361,Hills Fire,36.09876,-120.427342,342.3827209472660,20.0,61.0,125.0,45.05193180104280
f6f24a2c-2072-4736-bca7-9a615af3156d,3-2 Fire,35.519723,-120.801074,332.7578430175780,5.0,290.0,195.0,49.55005787449010
119469ac-fe6b-4934-ac17-36a73cefe958,Elk Fire,39.52452,-122.427358,280.4002990722660,24.0,73.0,110.0,39.46862472371310
ff4d7735-a5d6-452f-8775-3b208eb046b2,River Fire,36.60239,-121.62161,15.993057250976600,1.0,140.0,178.0,8.187367250054890
b8f267be-9911-44ee-8a73-7a0537fbd6fa,August Complex (includes Doe Fire),39.776,-122.673,1347.6407470703100,9.0,91.0,152.0,85.1224221424355
a7b2fc4a-18ce-4a89-b192-24c1389c014c,Jones Fire,39.29241,-121.100352,373.8465270996090,22.0,318.0,226.0,88.9083988009023
625e0c82-b8a2-4acc-8ff5-19787ca65b69,4-8 Fire,39.555943,-122.5012461,449.0254821777340,24.0,212.0,220.0,50.21738919995410
f5d17ece-121c-4426-8235-d898b6aa1fa6,Holser Fire,34.438759,-118.758965,249.46658325195300,3.0,165.0,178.0,34.541668774856800
1b0a862b-8fd9-4aa9-8ac7-f6ca6b3cbd39,Murphy Fire,38.840068,-120.876546,529.99951171875,3.0,82.0,170.0,15.044336362704800
d19ac7c7-c899-4600-82c9-fe24dc29f3c9,CZU Lightning Complex (Including Warnella Fire) ,37.17162,-122.22275,296.97265625,5.0,264.0,197.0,40.936366090419600
22c6ea3c-304c-4b3b-bfba-7c9dfc63d9da,SCU Lightning Complex,37.439437,-121.30435,218.07907104492200,4.0,111.0,170.0,74.86734935945150
06f4e066-b0d2-4af9-91a3-518aef4d0197,Carmel Fire,36.4463,-121.68181,192.3053741455080,9.0,8.0,176.0,61.95137861748560
c387f9ae-a783-4dab-b9b7-12866c8a6a34,3-19 Fire,39.276,-123.013667,905.3214111328120,25.0,267.0,255.0,61.26610861126340
ef9d3424-5838-466e-bb92-ac5dc23be5c5,Salt Fire,38.027921,-120.763258,313.46734619140600,6.0,237.0,195.0,23.35516454756400
1eadad68-344e-4728-8390-b0d31b96333d,Creek Fire,39.8174372,-123.2111007,419.2210083007810,0.0,218.0,181.0,15.834291773555500
9645c55f-2b11-40ab-9ae7-df424d685a2d,LNU Lightning Complex,38.48193,-122.14864,331.9194030761720,29.0,218.0,234.0,66.45256873653400
f6aba342-3b28-460b-a88a-96ccbdcb3c14,Butte/Tehama/Glenn Lightning Complex (Tehama/Glenn Zone) ,40.09571,-122.4393,153.23146057128900,3.0,314.0,187.0,12.552612412666000
7486c76a-019a-496f-9d5c-f4b962906fe4,Flint Fire,38.03106,-120.85258,116.2713394165040,2.0,136.0,175.0,8.996416657714270
c57a1d32-216b-443e-bb67-87be3232bf8b,Moc Fire,37.813779,-120.312565,291.2051086425780,11.0,25.0,165.0,76.41085253891640
d09da426-ed85-4909-892b-2505c4813d93,Volcano Fire,33.454896,-117.328234,157.04432678222700,11.0,188.0,185.0,28.468733868343100
a453303f-cb87-430a-9a3c-d9b2f0b7ceb2,Coyote Fire,37.18725,-121.68465,127.06285858154300,0.0,304.0,181.0,46.3439537171496
6edfd658-def5-451c-86bd-83cb2280e34f,Sheep Fire ,40.274,-120.757,1614.4827880859400,9.0,247.0,206.0,63.94590144175880
60c2ba16-9296-4fb9-aba2-1331c25129c6,Woodward Fire,38.018089,-122.836701,172.10743713378900,21.0,319.0,223.0,55.550250425371200
354cbed0-3717-411f-b95b-c26137b4a2a4,Placer Fire,35.4335197,-120.1243296,612.8167724609380,8.0,249.0,204.0,20.167897429639800
a89673de-1c0d-43cc-9a96-bd83f632bf65,R-8 Pinecone Fire,40.773,-120.536,1897.4326171875,7.0,140.0,166.0,37.106079549549100
3826c0d8-e78d-4608-889c-b7c4f6c37a25,Perry Fire,38.8825,-121.10411,306.4032592773440,1.0,119.0,178.0,34.43337039789360
1a62a4b4-ad1a-4e12-b8ed-a3a50e3d1722,Johnson Fire ,34.65979,-118.36411,1060.6385498046900,2.0,114.0,176.0,39.155779227137300
5937fad1-a332-4d92-ba83-c8022173b5ba,Hensley Fire ,37.08053,-119.88673,129.45498657226600,8.0,118.0,158.0,8.393789006996690
44276cce-9fe4-472d-aac6-4d08e9d01365,Catholic Fire,39.012743,-122.637037,498.6700744628910,26.0,38.0,131.0,49.102667678397700
7e359448-0344-4407-a289-e4fb7823ac3c,Creek Fire,37.19147,-119.261175,1367.393310546880,17.0,10.0,171.0,114.02139819489300
5367d20e-b24c-40ef-acd1-93c05e4b73b9,El Dorado Fire,34.08056,-116.98669,1764.5181884765600,11.0,248.0,212.0,83.3551661336311
9277ab02-734d-4b01-ac35-c27ba62c2af3,Valley Fire,32.765615,-116.692705,745.7120361328130,15.0,129.0,144.0,42.90601529766940
6fd76607-08af-4c44-9e40-edde0bc9d6cf,Oak Fire,39.4935,-123.3965,589.6975708007810,15.0,219.0,210.0,54.839641538745500
7442faa1-3681-4b85-8ed7-229e34ee3011,Willow Fire,39.3637,-121.32361,403.927978515625,2.0,87.0,173.0,34.12939268543840
a7f3e6f3-3e15-4350-a0f7-2a5392e0708d,Sperry Fire,37.46377,-121.18018,71.71402740478520,4.0,10.0,178.0,24.30363297982750
2cdf609e-de06-4e0b-a2bc-527ffde51064,Schoolhouse Fire,41.68229,-122.84057,971.872802734375,14.0,308.0,216.0,60.499126557017600
8ffb7148-7668-452a-8fbc-3a2b49b753ea,Shackleford Fire,41.575549,-123.021635,1265.216796875,21.0,180.0,181.0,121.03022890072900
aab65b54-103c-4101-a70b-5983533d49e9,Bullfrog Fire,37.135474,-119.027309,2702.207275390630,9.0,109.0,154.0,60.34948286999540
4f2c2a0b-d187-4e11-8841-3a014cadd739,Fox Fire,41.211022,-122.847359,2004.5439453125,5.0,314.0,193.0,77.33366375857150
55684e7d-4312-408d-8538-51e2006581b0,San Antonio Fire ,34.773809,-120.491594,104.11985778808600,29.0,317.0,240.0,62.31074375099460
0e83ff21-5cb8-4f2f-b059-58a77d39b502,Snow Fire ,33.88831,-116.68386,405.88580322265600,5.0,52.0,167.0,103.02587862144500
d6b00a56-682d-4908-bf07-45eef54c9198,Glass Fire,38.56295,-122.49745,111.23097229003900,12.0,157.0,166.0,78.86711615847200
f0a3f022-0d5a-4d47-93c7-2a73cb081740,Zogg Fire,40.53927,-122.56656,504.1495971679690,13.0,186.0,185.0,61.88104655821130
26f0d1c5-8df4-4201-810f-0b136677e4c6,Martindale Fire ,34.563,-118.4,827.7166748046880,42.0,129.0,86.0,87.74886896924340
eef565af-d64a-4c72-a4a2-6a9d13e6211c,Candy Fire,33.764357,-117.374419,751.413330078125,28.0,148.0,135.0,42.83828271505020
fdae8b5d-95f3-4eaa-bd71-35cd402a94f9,Copper Fire ,38.49375,-121.003602,132.04180908203100,4.0,249.0,193.0,13.007296437713800
745a276b-488e-40e6-b62d-065111a98139,Pony Fire,38.464074,-121.039236,77.68170928955080,3.0,307.0,187.0,10.851087187263000
8b25feb1-9eb7-433d-8abf-d6ab554c9fe3,Lambert Fire,38.424016,-121.006635,69.82499694824220,1.0,194.0,181.0,6.00407787788538
b341b09d-2024-4b2a-a439-f39409abb432,Fields Fire ,39.181047,-121.450982,36.21000289916990,1.0,184.0,181.0,3.495528753991190
65b0ce28-b5e6-4dfc-b569-96716e556c90,Irvine Fire,37.821737,-122.104314,261.69927978515600,9.0,241.0,206.0,48.32819761141270
4a85b108-3756-4b00-9767-56591a517c8d,Diamond Fire,37.98337,-120.64541,306.7061462402340,4.0,247.0,191.0,46.079837311935700
45c76674-7d01-4fff-bb00-a08013019a86,Bruder Fire,34.014728,-117.138078,675.205810546875,25.0,111.0,108.0,28.294136771357
cbd8fd0c-8d0f-4df3-aea3-1355a685bb96,Cameron Fire,38.659387,-120.964726,414.6455078125,2.0,13.0,179.0,20.81338607808480
64ea3d93-de8b-41fc-b5eb-af37e8ac1f95,Ferry Fire,39.51694,-121.54475,80.7824935913086,4.0,276.0,192.0,17.168140657800600
673a098f-d4f2-43c6-96c7-7712dafd20ec,Redwood Fire,40.55823,-123.88658,748.449462890625,27.0,148.0,137.0,57.08206704800480
67cd9b6f-a40b-4f0d-8efc-2dbe4fd9d990,Pope Fire,38.56184,-122.37828,285.0647888183590,7.0,232.0,198.0,52.49209294859460
f6e28549-a711-429d-a4ed-9df6530a9a2a,Point Fire (Shasta and Tehama County),40.38869,-122.39033,158.33538818359400,1.0,176.0,180.0,7.499006586445190
18a15a5f-ddde-48e9-92bc-1d40813a7794,Dersch Fire,40.47646,-122.18102,156.06654357910200,1.0,320.0,182.0,13.512323834242700
fb6cb221-c303-4573-bd63-0c8b1468d4a2,Olinda Fire,40.41486,-122.342,215.6570587158200,0.0,19.0,180.0,7.936266622769150
a2b27cff-5d89-423a-853e-3a78e63f79ef,Silverado Fire ,33.73614,-117.65719,338.3837280273440,5.0,22.0,175.0,28.934095575391500
21b0622c-8b4d-439b-8175-d4ba20507d02,Blue Ridge Fire ,33.877257,-117.675067,186.21551513671900,26.0,72.0,105.0,44.70006346994550
4be72b8c-5aeb-426d-9af5-2acebca88fb0,Cypress Fire,34.03343,-117.51476,259.03564453125,0.0,344.0,181.0,6.849933519685480
e9482561-8193-48a9-a152-2ff8d993ce06,San Dimas Fire,34.146195,-117.778561,467.927978515625,43.0,178.0,175.0,117.26480766708400
c5b45f76-3b72-4f3d-b651-7c7bb0f156b7,257 Fire,41.4435,-120.87054,1314.8572998046900,2.0,237.0,185.0,3.257691898644760
2b6aedb5-87fe-447c-a772-bec58abb8820,Airport Fire,33.893351,-117.62109,158.67283630371100,5.0,41.0,170.0,6.973363638140410
14c21ef6-b5b7-44a3-858b-666b57b750f3,Cerritos Fire,33.773754,-117.051463,530.2440795898440,2.0,205.0,182.0,40.721640620636800
a2665121-7dd7-4a4c-8c6e-0731ed9e1888,Bond Fire,33.743842,-117.674967,344.88787841796900,29.0,356.0,187.0,32.30284237163750
ad807579-4f4f-4a5a-a17a-7ca299aca978,Thomas Fire,41.591948,-120.374514,1525.18017578125,5.0,320.0,190.0,25.692961826298000
e8721404-3d22-4b27-b152-8a7f4a97a8e5,Cornell Fire,34.33622,-119.078,70.26766204833980,0.0,108.0,179.0,12.887431395789200
0dad0a68-239b-41b5-bfe0-033e6a216fac,Sanderson Fire,33.93244,-117.03459,715.2581787109380,7.0,279.0,202.0,21.35451670001370
2347b6fb-8468-46bb-9917-d5cea3f1efdd,Erbes Fire,34.20955,-118.83967,290.7110290527340,2.0,168.0,179.0,22.1391708515352
68c11904-f38b-4aa0-ab90-b3c805c4e8cd,Manzanita Fire,37.25086,-119.51982,870.3157348632810,4.0,88.0,167.0,28.29709571320070
929a21bc-65a0-49b4-bc90-bfa5457987e4,Bonny Doone Complex (Previously Fanning Fire),37.08931,-122.10509,223.34161376953100,18.0,117.0,131.0,83.4169503908995
2657090b-ec47-4fbe-bc4e-400cd50a8d55,North Butano Fire,37.18259,-122.28823,435.8631286621090,6.0,356.0,182.0,73.92000964684980
9b2b5a16-52cf-4f2e-bc8a-a3af75b28522,China Grade Fire,37.17749,-122.1756,292.726806640625,25.0,253.0,253.0,43.22870639826970
75711186-5792-4c41-9309-48dbac8e667d,Wolf Fire,34.99432,-119.185309,440.86529541015600,1.0,283.0,184.0,24.67159826473170
b38fdc2c-3108-4273-8a67-8d69bdbfb6bb,72 Fire,33.52871,-116.10723,-61.79756546020510,1.0,78.0,178.0,2.430906040186820
79aca6f4-ee40-44e8-9dff-069c36c36fc1,Towsley Fire,34.3585229,-118.5553174,413.4563293457030,2.0,284.0,185.0,33.16590474777560
7be84564-edf7-4724-99ba-5c1ee7f86e30,Panther Ridge Fire,37.18381,-122.13372,277.4070129394530,33.0,149.0,129.0,60.68342679423600
1ebddf4e-0190-4363-a858-ac789206b5fd,Freedom Fire,36.98767,-121.83627,112.03592681884800,8.0,192.0,185.0,25.521098534387000
21a360ea-3a4e-4267-986e-3bb1416ca05b,Grapevine Fire,35.5819816117628,-117.5910734433330,906.4749145507810,3.0,260.0,190.0,20.58904299174480
762d7abb-ec4e-4e50-9137-617c8445b0d1,Refuge Fire,41.927772,-121.627082,1243.1092529296900,0.0,277.0,181.0,18.17271459493000
0c3c5916-b391-4916-ad16-059c094da426,Line Fire,37.813464,-120.131236,910.2315673828120,16.0,295.0,226.0,22.794392549661900
da35c08b-9f0a-42b2-9e1f-b6e9a545d3fb,Woodman Fire,40.6758842,-122.0536419,368.6439208984380,4.0,177.0,180.0,29.0609142045334
1f31ac02-436e-4555-b7d1-32b636c11c17,Westwood Fire,34.30277328465360,-118.70009500551300,385.0362243652340,9.0,185.0,183.0,47.18812561219040
02ba1be4-fecc-49a6-927d-8da38d215851,Paso Fire,32.958961,-116.582369,1499.020263671880,9.0,72.0,154.0,40.72244848986300
6a7cee19-fc90-4f87-a306-48ccd9cee200,Turnout Fire,38.99914,-123.35838,136.23562622070300,3.0,257.0,188.0,15.786702490252100
81d9dc1d-9cff-4a22-a6c6-2a4f94cf30ed,River Fire,38.9743823,-121.5896697,12.530694961547900,4.0,244.0,191.0,2.0263766644980100
92aa05b8-83d8-45ec-b079-86d7698086a5,Luis Fire,37.0953436,-121.143154,166.67799377441400,0.0,0.0,180.0,20.992216216483500
4f4775e4-cd91-4f78-a1de-9c15213ebed2,North Fire,34.449686,-118.616276,312.2822265625,4.0,152.0,174.0,12.636070584054700
5f8ebcac-e1f0-4659-9f38-f3e862a3a440,Sky Fire,38.88437128468350,-122.51771555326400,548.6181030273440,18.0,293.0,232.0,68.12328440123970
4567cb5b-ef86-4630-81ef-f442fc07dc3e,Campo Fire,38.223179,-120.856628,174.8346710205080,4.0,180.0,180.0,27.697726013294000
63892d1b-fd0d-4120-be74-242857e211ee,Salmon Fire,38.773294,-121.034998,144.5088348388670,9.0,149.0,165.0,48.64968583956080
89467f5f-2562-47dc-99b6-cb8ec90c3a12,Southern Fire,32.987532,-116.443391,632.9429321289060,1.0,245.0,183.0,13.417851798563700
fb63695d-fd59-47dd-9247-e5a7099b5fce,Creek Fire,33.532246,-116.767011,1073.20751953125,3.0,139.0,174.0,15.284949343564600
c3f573fc-ece2-4b19-a67e-069bf3fc0c16,Bridge Fire,33.86972,-117.044072,450.0152587890630,3.0,206.0,184.0,40.5617765069543
25d0bdd9-c422-459a-bc12-d9cae4843518,Gunnison Fire,39.85479,-121.91936,70.69786071777340,1.0,180.0,180.0,3.478024058146610
baef627e-c3ba-4c3c-8a55-a168839aa2c8,Granite Fire,38.03106,-120.85258,116.2713394165040,2.0,136.0,175.0,8.996416657714270
0b59568a-ab13-4acf-965a-18e9b18ae223,Dillard Fire,38.28328,-121.45965,5.419635772705080,2.0,211.0,184.0,0.8758460290704430
ee1dc476-97d4-4da9-a2ba-d3e9f5116309,Quail Fire,39.2510745,-121.361339,148.18067932128900,9.0,329.0,195.0,32.72791859471630
3bd5d90f-8131-48a0-a02f-1677e5394ce1,Pine Fire,34.454231,-117.663815,1174.1077880859400,6.0,31.0,170.0,24.77169165446160
5afc3e64-eb8a-4aad-9bb5-1f9a20f84bb0,Fields Fire,37.560209,-120.419624,96.0361328125,6.0,239.0,196.0,5.254274603789860
0c1abd92-b131-40f4-bcf7-f6d1871af6a1,R-1 Fire,40.971612,-120.094517,2036.3092041015600,5.0,79.0,165.0,25.07162812567620
8c1bfb66-4002-498a-ae39-62b584718519,Palisades Fire,34.079046,-118.558938,307.5485534667970,14.0,311.0,214.0,88.07782011315040
1882364c-9710-47ab-9871-349a76a60173,Davis Fire,33.8948,-117.1116,437.5818786621090,1.0,148.0,179.0,4.598824232830160
e8b4ee36-20b5-4d20-93a4-831ef2e5c659,Parkside Fire,33.50994,-115.917099,-59.54977035522460,1.0,164.0,179.0,16.62238320118300
aefbc94c-63b5-4767-aa12-a8bc8ed80d87,Settlers Fire,38.56101,-121.01365,182.66030883789100,3.0,247.0,190.0,12.586518858456700
a5bcf6ba-3e09-49f8-b4c4-1b134aa5c83f,WeeVill Fire,34.7591895,-118.5044868,887.2374267578130,1.0,351.0,181.0,10.99478482208200
53d124c0-3cc9-436a-8c35-87a9019a3d24,Tomki Fire,39.384319,-123.23205,596.1050415039060,5.0,124.0,169.0,69.18085343990120
9116b7e9-66c8-417b-a1f6-b9b078e240d6,Lake Fire,33.965596,-117.471517,205.6943206787110,0.0,253.0,181.0,8.55546425259454
4f6bdd52-abdc-4c93-a48b-7d7adae05cfc,Live Oak Fire,37.45646,-120.00392,519.048583984375,7.0,169.0,176.0,40.44728210622760
cfdab623-d2b2-4d61-a227-be32ebb3fac4,Mile Fire,37.89346196853140,-120.8391587117290,53.79618835449220,0.0,188.0,180.0,6.230948482543040
6cdd3c1b-2ef3-4a77-aef2-82ff170cd227,Sargents Fire,35.932852,-120.854096,218.8695526123050,16.0,189.0,188.0,27.194703779847900
81777c5a-cf1d-4161-a261-97c55a8393c0,Slope Fire,36.86201725309290,-119.3484121800290,386.9015197753910,8.0,170.0,176.0,45.971009600312300
033ee676-f2f0-4ea8-bbc9-b0bb02de3462,Smalley Fire,37.1619216,-119.5166045,407.2822265625,5.0,123.0,167.0,59.51487869970850
c8ae5d37-89ac-4d57-904e-720ef7012edc,Scott Fire,33.631955,-117.089849,445.4878845214840,2.0,155.0,177.0,15.16237543261010
760bd55e-7296-44c7-a8ea-917e1751d811,Coyote Fire,33.895007,-116.90145,720.0198364257810,5.0,48.0,168.0,49.8803474777008
1a1a9275-f16f-4a06-abe6-3ba18e5e9b33,Buck Fire,37.24484944019160,-119.86047836209600,357.96636962890600,5.0,321.0,190.0,17.170899765922700
63d1e4af-4112-4d67-8db0-4dec23b3674f,Intanko Fire,39.084872,-121.333346,69.27764129638670,12.0,334.0,197.0,9.494301595095820
1eea5329-95c3-4a41-974f-7b3693441b1e,Farm Fire,34.383247203440400,-117.41835464122200,1187.5963134765600,1.0,49.0,177.0,15.431328708227600
b6391e06-889a-4d69-ba3e-8491af004029,Sierra Fire,33.315711565249100,-117.34832277422000,27.09712791442870,1.0,150.0,179.0,12.433612204606700
09996c3f-3186-4c5d-8006-ced791b3ff40,Creek Fire,38.899722,-122.238889,139.2059783935550,5.0,355.0,182.0,33.705117309875500
ddcef5cf-9417-4c41-b64b-910e096522fc,Flats Fire,33.5812044,-116.4518615,1234.3040771484400,1.0,17.0,179.0,24.009973860110200
0e78a6e0-9315-4b29-8a1c-894d4b06a64e,Goose Fire,38.3046414,-120.9608439,88.14472961425780,18.0,160.0,161.0,17.806720611072700
92fd111b-2d3a-48c8-bc43-d505eaceb423,Beale Fire,39.1956433,-121.3587065,100.84294891357400,6.0,267.0,198.0,22.97788665791050
8d9ee304-6918-4f74-b7f1-ec8441020bf9,Silicon Fire,37.24042,-121.76309,82.92044830322270,2.0,152.0,178.0,17.954768289734400
08a000bd-2c35-4409-abe9-961da323bbe2,Kathryn Fire,33.67127,-116.94956,519.532470703125,3.0,241.0,189.0,10.63093423841880
2b42f885-f296-4659-98e0-c33585215fa9,Rock Fire,40.61468,-122.49164,279.7317810058590,1.0,116.0,178.0,18.96402203037840
e86265b9-2ac9-471e-bff4-deb2f46b7b7d,Dairy Fire,40.10806,-122.16025,77.32012939453130,1.0,94.0,177.0,2.5163221329292100
26ec9c89-912e-4c23-a6c9-04b5dcb31970,Equestrian Fire,38.79988,-121.01273,424.1862487792970,17.0,173.0,174.0,43.30077810091760
83e251e4-196f-4db5-b5ba-bed8e300380c,Pomo Fire,39.16338,-122.916,407.40924072265600,10.0,258.0,211.0,3.699946995955690
6672b6ad-981e-43e8-b4ad-a75285ab9f90,Park Fire,39.77144,-121.76629,99.75978088378910,0.0,205.0,181.0,42.91244136104500
2947b64d-5835-411b-a603-afcbaf8d53d8,Alabama Fire,36.59717,-118.20355,1973.9912109375,7.0,77.0,158.0,84.7892541012942
587e51fd-ad97-4894-b53e-300a78e4dc80,Antelope Fire,36.47887,-119.10788,162.15992736816400,1.0,295.0,182.0,26.377858267706500
8e8e1a5e-0855-4751-8ad1-70730007657c,Success Fire,36.03223,-118.85799,262.5251770019530,5.0,33.0,172.0,60.55896032760590
ecdd77c3-2919-44d8-9ee9-c176271b04d0,Nettle Fire,36.03887,-118.76857,387.7398071289060,8.0,127.0,161.0,99.37393649205240
961a9b24-0bad-4c53-9809-14fe98d515c4,Willow Fire,36.151231,-121.558858,536.1878662109380,11.0,35.0,161.0,63.26762636361980
f5d44748-ed74-4660-ab1a-b94f483ab5df,Crane Fire,34.83498,-118.86258,1085.337890625,1.0,68.0,177.0,29.184321100613
8992a229-a245-431d-9a61-11f8d545d93b,Overland Fire,32.903917,-116.233056,294.11822509765600,2.0,96.0,174.0,11.895613553618900
cfcf1a2b-e358-4dc0-ab39-93ebe94fc843,Bautista Fire,33.551747,-116.707967,1218.6064453125,1.0,192.0,181.0,18.610410506290400
68b1630c-10e7-4d99-9c61-baa592f1dd83,Inyo Creek Fire,36.6000177,-118.1420738,1613.44970703125,8.0,203.0,190.0,58.64079860109170
37385589-19f2-43fd-96fb-6a5cd28c607c,Cow Fire,40.53297,-122.12107,252.8507843017580,2.0,153.0,178.0,13.377325748036100
c9ccf962-449a-4fe8-a1ec-42672f023868,76 Fire,33.499081,-116.1147496,-49.8770866394043,3.0,101.0,171.0,4.229890791222000
32ea3306-088d-4779-9009-2763c7f8a38c,Clevenger Fire,33.09183,-116.9543,132.92930603027300,9.0,49.0,160.0,27.62483569578050
1702e4de-4414-4604-a70d-e0f54df154bd,Watt Fire,38.728881,-121.39247,27.77712631225590,1.0,332.0,182.0,3.903857665462010
4c9c4b27-d45d-453d-82f9-39da5ccfe176,Antelope Fire,41.583949,-120.729446,1562.1434326171900,1.0,220.0,182.0,5.798779866606120
348304a5-5d65-46bb-a9f6-4e8ce6ca985b,Panoche Fire,36.63228,-120.987172,653.2883911132810,43.0,86.0,58.0,69.22512702734990
691ca75a-6419-40ab-87d7-bbe92796307c,Pine Fire,40.475558,-122.481055,272.97369384765600,0.0,90.0,179.0,16.24599189721390
9bacadf6-c7e2-43c9-b8e6-41be7a79579b,Mesa Fire,33.337282,-117.095858,492.7713623046880,14.0,261.0,224.0,86.0500991158117
e9761340-1808-42f6-b773-fb7047a2a638,4-3 Fire,41.562302,-120.497502,1467.6815185546900,1.0,107.0,178.0,5.476958078994830
909624c0-d36c-4b9a-8f34-a9e02961b883,Paseo Fire,37.118582,-121.584194,165.94313049316400,8.0,278.0,204.0,54.00792599772970
b3136d0f-6ef3-46ea-9342-6d6b0d82d274,Steins Fire,38.659971,-120.876096,455.9541931152340,7.0,228.0,198.0,37.19287144247240
9d7c19c4-f146-4b3e-a4c3-5ea9c3247208,Lava Fire,41.459,-122.329,1315.11865234375,16.0,288.0,227.0,38.41311160643490
eddffab0-51af-490d-b60e-640300fe6085,Canyon Fire,35.442533,-118.793912,234.3990020751950,44.0,130.0,85.0,137.89127654266700
62f7b39d-1213-47c2-8118-88eb98908af7,Shell Fire,34.919,-118.891,962.8734130859380,18.0,41.0,145.0,152.12737595914200
9128e6fe-a114-479a-a43c-64ea56411eb5,Sky Fire,40.039,-121.406,1817.2469482421900,17.0,252.0,229.0,75.89315074729610
4376d68e-4093-4d4c-aa6f-e0df6d50e9fb,Vulcan Fire,36.932,-119.735,90.43653106689450,3.0,354.0,181.0,10.447733228444000
d6b89198-5fd8-498f-8429-3d2994f496f9,Peak Fire,34.20849,-117.280416,867.5352172851560,31.0,199.0,211.0,116.28679183798000
2aaf4aba-1155-4f25-a5a6-fd6ee8d66f8c,Stowe Fire,33.740058,-117.050236,460.8073120117190,1.0,54.0,178.0,15.721383211587400
0794cd0a-12e3-4576-8692-45603ad6b246,Lilly Fire,41.665191,-122.054254,1477.5029296875,4.0,180.0,180.0,15.688456207448200
3a83c4bc-28cc-4792-849b-fedb5629e4bc,Tennant Fire,41.665191,-122.054254,1477.5029296875,4.0,180.0,180.0,15.688456207448200
9692e02d-4a87-48b7-b261-f83f4a951642,Beswick Fire,41.917209,-122.374848,788.5089111328130,2.0,89.0,175.0,25.270684608265100
ac0c072d-d926-49f2-8a3d-c18ea5d32010,Blue Fire,37.02865766813300,-119.25484409482200,1178.7562255859400,16.0,18.0,166.0,33.01777955038230
b07cd929-6dde-4ad9-b845-a2fdc5ba3f97,Salt Fire,40.860525,-122.348956,414.36767578125,10.0,144.0,162.0,56.20672889140570
dd8d424d-e416-48a4-87e0-ddc26d4fdcb3,Ysabel Fire,33.119448,-116.677511,896.03076171875,1.0,83.0,178.0,30.82670945031210
421fd9f2-1fbb-4bec-bf19-3318fa4830dc,Main Fire,36.10007,-119.017899,156.17221069335900,3.0,192.0,182.0,45.07886983411350
882f419d-ff9e-4533-b8da-a428ffcfec6e,Beckwourth Complex,39.83203,-120.3415,1496.21044921875,0.0,209.0,181.0,22.26628609731130
a7d2c14e-66e8-4ac6-9538-ad9612dce2d5,Tumbleweed Fire,34.808751,-118.87933,1303.7041015625,11.0,263.0,214.0,56.4752717181359
be285500-c0c4-4f7e-83ae-1f9a991578b1,Fish Fire,36.802809,-119.393795,158.20864868164100,2.0,158.0,178.0,50.53149002180510
5eaaed19-b38a-49f1-84f8-78d9f8c76656,Juniper Fire,41.80728,-120.638464,1553.2122802734400,1.0,263.0,182.0,3.2268201361907200
8c512c44-7ddb-44b4-bf03-bab00c0c0c98,Broiler Fire,39.253647,-123.224377,254.2183990478520,28.0,39.0,127.0,31.44340126556950
82af1b59-858c-43c4-9f4f-842605e6c0c1,Basalt Fire,37.06047,-121.05758,86.10466766357420,2.0,299.0,186.0,9.722371504581780
3a4d4c77-ff87-458d-b906-e203fc098aa5,Coyote Fire,41.28523,-121.77593,1410.38232421875,9.0,296.0,207.0,22.304219381387600
f4c4de41-d8d4-4c66-9d9f-4f1ba285bf59,Road Fire,32.82731,-116.6253,1041.027587890630,5.0,75.0,166.0,21.61435029858890
215529d8-6c0a-4dfa-8d6f-342a5666e1f2,Diablo Fire,37.865193,-121.667665,36.31614685058590,3.0,191.0,182.0,13.053339979785100
4fde57bd-089f-4c24-b224-b60306e1648d,Bear Fire,34.85178,-118.81448,1096.191162109380,5.0,158.0,175.0,54.18698916597410
2acb95c8-7a0b-4bfc-9174-6da944037bf2,River Fire,37.350823,-119.869785,412.3689575195310,4.0,167.0,178.0,42.929130824610800
a191b2bc-5dee-4511-b34b-ca06ef62b5ab,Bradley Fire,41.25272,-121.82403,1206.5543212890600,0.0,105.0,179.0,3.330162640311160
4b66f232-6ab8-4e00-9f8b-957296920ed9,Dexter Fire,37.8024,-118.8745,2692.186279296880,4.0,206.0,186.0,46.54350414447900
00016d5d-1647-49e4-a02a-abf46b8480ae,Dixie Fire,39.871306,-121.389439,965.1340942382810,23.0,101.0,111.0,204.90290084334800
925dcb5b-1885-407d-b441-10765a31ce97,Cannon Fire,40.1703,-122.64768,432.6331787109380,15.0,132.0,145.0,25.788128003403900
f62a9df9-8661-46de-88de-0b76128e0673,Dolicini Fire,38.0975072,-122.7418335,86.37400817871090,1.0,324.0,182.0,20.6654361930752
511f1793-96a5-4866-a993-1d271e03b076,Henry Fire,38.4504695,-119.7512546,2743.5517578125,18.0,254.0,235.0,109.8690007323380
354a2576-907f-43a2-b152-46355e2bf94a,Border 13 Fire,32.578481,-116.634023,553.082275390625,4.0,17.0,177.0,24.98114568907570
3a281cd5-4d2b-47a7-89b7-1194e921805a,Tamarack Fire,38.6280042,-119.8591887,2312.190185546880,23.0,36.0,139.0,46.90691009496630
396abb9e-a291-4183-b0f6-798a5438868c,Fork Fire,39.999396,-122.55195,285.5062866210940,4.0,271.0,193.0,28.76324775254300
35d04cb5-0455-4d36-b857-d7952670aef0,Chicken Fire,40.86955,-120.45187,1616.4051513671900,0.0,176.0,180.0,2.5935218172123400
3989e25c-3790-44d5-bf6d-50ca3fd04d95,Quail Fire,33.889516,-117.070814,460.3622741699220,4.0,197.0,184.0,21.560759866897100
fc8bd27a-c3c8-405d-b13a-d9a1396206e3,Peak Fire,35.41153,-118.46461,1370.8370361328100,34.0,171.0,164.0,92.74659411553110
8f768137-0c58-45e5-a8dd-1df9ecc7870f,Frenchtown Fire,39.383922,-121.24684,491.27337646484400,5.0,224.0,190.0,27.90671192424260
c8991faa-8d15-4d4c-b3a1-92f58f784420,Mountain Fire,39.976,-123.505,912.1198120117190,14.0,33.0,157.0,102.1676410185720
caf0f448-cdb3-4dc2-a247-35f6f4b41cb3,Park Fire,36.199833,-118.722167,1330.2989501953100,22.0,299.0,239.0,120.57986600417000
200d07c4-0457-4421-875b-4140d482a03e,Pinnacles Fire,36.476664,-121.224797,595.9671630859380,13.0,339.0,195.0,30.5634222628472
ef12ac40-d6fb-4871-97ec-c06d0ce51efd,Evans Fire,40.183504,-120.8468224,1207.081787109380,13.0,253.0,218.0,109.61037526781800
d0174b70-8652-4242-bf7f-b00e98a48319,McFarland Fire,40.35,-123.034,1070.6744384765600,29.0,356.0,187.0,79.02109603237480
47070a62-2ef3-44a9-8b98-a20e0e574f97,Robie Fire,38.054116,-120.867498,91.22138214111330,1.0,259.0,183.0,9.296600865380190
161f6906-6799-45ae-b6ca-c1d470050d81,Hungry Fire,34.7479248,-118.8217926,1007.85791015625,3.0,127.0,173.0,33.7679936256107
f9322f4b-03e1-4558-a920-f7318909de93,Tobin Fire,35.65927,-120.560856,297.5355529785160,2.0,257.0,186.0,8.870303781735200
dc3380c7-ff32-4062-a4e8-be99b655f2c6,Antelope Fire,41.5289901,-121.9154934,1600.619873046880,14.0,261.0,223.0,41.17520197364010
61f3264e-f89f-42cc-820d-0e0a5ee29cdd,Hiding Fire,40.466364,-122.482826,272.97808837890600,0.0,184.0,180.0,17.948371296093600
1d1bb813-5955-438a-a2cd-0e2d46074f1a,Monument Fire,40.752,-123.337,1153.4571533203100,30.0,282.0,255.0,139.81304172684500
9284625d-a9bd-447b-b215-a40fe4a52697,River Complex,41.389,-123.057,2109.020263671880,28.0,137.0,123.0,115.82144845276300
bd71d34c-3ce0-419d-a2fe-2ef46a750e06,Antonio Fire,34.23604,-117.65989,1280.0289306640600,3.0,265.0,191.0,111.4906788148880
1704f47a-b2bc-43fc-8c49-e62ffaf6021e,House Fire,40.604986,-122.506112,328.0479431152340,20.0,61.0,128.0,51.03122135965120
178aba5f-4c67-4830-891d-b8fec84706da,River Fire,39.08805,-121.01468,709.2639770507810,10.0,225.0,202.0,33.13606286708450
2ea37798-e198-4f1c-92c6-81c42beff3de,Hambone Fire,41.68499,-121.53946,1620.6663818359400,8.0,357.0,182.0,56.93829445983210
0249ff45-1a71-4a4f-88a7-6c1fc7a9aa20,Nelson Fire,41.034362,-121.89008,677.6328735351560,11.0,189.0,186.0,60.2683848402005
a26becf4-249f-451e-b8a3-e55032e6df61,Glen Fire,39.403918,-121.30845,600.8318481445310,7.0,225.0,197.0,49.56037312262470
262f815e-e1b4-42d8-8889-6bb4638703e4,Middle Fire,38.250596,-122.727542,99.9141082763672,5.0,218.0,189.0,22.444190184385400
e8842a17-4f53-4803-9350-838ec34e66e9,Coyote Fire,38.826123,-122.581257,361.5916137695310,3.0,190.0,182.0,36.333289944386200
3657f103-fe9f-4bfc-a09e-9aa291301266,Bell Fire,39.834099,-123.637032,439.6600646972660,1.0,166.0,180.0,89.40768456067920
a21c4d1f-87ed-4db1-85ea-eae41c90a0ac,Caldor Fire,38.586,-120.537833,1037.4285888671900,26.0,324.0,226.0,62.56556319741250
2eae3252-74cd-4e96-b25a-20ed828395e2,Walkers Fire,36.268,-118.555,2251.724365234380,35.0,207.0,228.0,119.153394727593
8e3e3fe1-669f-4cf8-80ee-c8df14929a22,Cache Fire,38.928133,-122.601395,443.7052001953130,2.0,165.0,178.0,22.73239119855150
87b59fb2-01f9-4469-8578-87c55b090eac,McCash Fire,41.564,-123.404,1086.724853515630,25.0,253.0,253.0,124.88832938871400
46498648-eff1-492f-b88f-1826ecd224a6,Rock Fire,33.474823,-116.659688,1300.4539794921900,7.0,120.0,160.0,73.43825531678370
f19d2b70-1d83-4abc-a173-7b00584e1c49,Mule Fire,40.616416,-122.514391,450.7701110839840,20.0,183.0,184.0,56.9026264999544
7b6a10b8-58fb-4906-ad11-dc88fe5b7872,Airola Fire,38.038795,-120.454797,319.875,0.0,0.0,180.0,58.30961149440610
4cfd11fa-b33f-4de6-8d17-bbaa27b2c9cb,South Fire,34.186147,-117.440263,626.5501708984380,1.0,113.0,176.0,38.235305354105900
8cfa988a-cf5d-418c-8d4d-e0be072e397c,Westward Fire,33.918089,-116.877776,696.0662841796880,1.0,145.0,179.0,12.719880967596900
69c42b3f-a4ec-47d2-a856-e4f8bc71c6cc,Bennett Fire,39.216752,-121.040771,771.2607421875,10.0,209.0,195.0,30.3580742336079
726eeb97-b91c-4555-a180-be16e599466f,Washington Fire,37.962933,-120.402221,468.5886535644530,4.0,240.0,191.0,37.95520196108790
9f0d7a3b-ae47-42a5-b360-ea2f4141cad4,Roadside Fire,34.25145,-117.4546,746.9202270507810,2.0,107.0,174.0,61.0805891557715
64a7c61a-5634-410a-a1c4-aeb97b2283e0,Chaparral Fire,33.484721,-117.39309,619.807861328125,26.0,189.0,192.0,44.02933959692560
cd7d799d-cc81-4ffb-9d55-4e2b18b92d34,Railroad Fire,34.34,-117.466,1153.2822265625,5.0,223.0,190.0,59.135155258370000
d7b908db-7184-4f9e-923f-f811688cf4eb,Knob Fire,40.8652,-123.6744,868.13623046875,30.0,110.0,96.0,112.88021522345800
af05ba27-9105-4776-83a8-8ea786117476,K-Rail,41.03877,-123.52733,1071.8128662109400,18.0,344.0,196.0,103.54772987249900
254e4d5c-a750-41e0-bea3-9eb4597b0a13,Lassen Fire,38.0591827,-122.6131992,497.03521728515600,16.0,271.0,231.0,104.18108356668200
5ddee2f6-f32b-4664-a416-5cf4996290a5,Lawrence Fire,38.529123,-120.731748,674.8206176757810,2.0,86.0,175.0,17.99987009777500
ff71cd3b-2261-4248-92fa-f24733cfdcfe,Bridge Fire,38.921239,-121.036613,261.5525817871090,26.0,253.0,255.0,87.44213302749880
257ee7b8-fe14-45ac-ba58-4fae7003f6de,Aruba Fire,33.380079,-117.111157,303.1563415527340,27.0,10.0,166.0,77.77124513615660
6a36efca-0cb1-465f-be4d-06b3e3b528c1,Caballo Fire,34.6776,-120.09009,322.1889343261720,8.0,212.0,193.0,16.72821493204550
d3668f70-4e85-4962-8e8a-a0b8f1465500,Route Fire,34.569383,-118.688821,780.6714477539060,17.0,215.0,211.0,36.09436914834510
b7a4e6df-7cef-4920-a585-031324b404f4,Hopkins Fire,39.232362,-123.202039,205.02964782714800,3.0,96.0,171.0,21.31628321793260
f4be7c50-4b42-4534-90c7-82c52e4fa3cb,Childrens Fire,36.89365,-119.792528,113.62222290039100,1.0,352.0,181.0,13.772044550930400
e208c4a4-1477-4bfd-9fcd-c2d10271e617,University Fire,34.164501,-117.333215,439.9699096679690,5.0,116.0,167.0,28.63544073242970
460ab87e-07e7-4931-8390-bd3fe60677b2,Fremont Fire,38.269863,-122.416983,23.76342010498050,2.0,342.0,182.0,13.810262331819200
1052ac46-526c-4ca1-a75c-7e91920ee6cb,Fawn Fire,40.729811,-122.320243,294.6501770019530,2.0,200.0,182.0,25.1179282261625
ffb98e82-9a8a-44fe-9d91-45ce3db74ef5,Maxwell Fire,40.649917,-123.02375,752.2236328125,13.0,19.0,167.0,75.10173026937630
66eaca2a-9aa7-41cf-a850-88f963cbf723,View Fire ,40.287225,-122.436754,232.144287109375,10.0,182.0,182.0,10.30572140888700
23a7e559-d8b9-4333-bddc-ccf7cb2e7b3e,Kettle Fire,35.983649,-119.960099,129.08395385742200,9.0,39.0,163.0,20.51938437337570
8622a38c-551f-4ef0-9b25-0d0280ace921,Newell Fire,38.170366,-122.241128,35.17130661010740,6.0,228.0,195.0,21.403371489262300
de52a8d2-2c0e-4481-8d6c-9e4b7c2b9428,Alisal Fire,34.553,-120.136,172.60833740234400,13.0,38.0,155.0,25.15659389973540
55df2f9c-3232-4643-970b-0286a1039507,Gravel Fire,41.862388,-120.358206,1438.46630859375,1.0,313.0,182.0,40.896295732324600
5f34e7bc-b627-4baf-9e6e-ded2eec3c77a,Estrada Fire,37.013464,-121.752106,235.81655883789100,21.0,245.0,240.0,62.75282043292370
8e7dcc1b-718b-4388-9e20-bef4b9b94385,Hollow Fire,37.62879,-121.52692,186.1326446533200,16.0,136.0,145.0,42.04725301640520
24117f47-d8e6-4f62-8077-d5bb6742eb9c,Arlanza Fire,33.952633,-117.487947,276.4344787597660,6.0,90.0,161.0,14.912287302631600
f3558310-247c-4913-a08b-68d568abdf4b,Colorado Fire,36.396461,-121.880533,171.06268310546900,25.0,238.0,244.0,77.10649838470760
83db2882-a7c1-4e62-86f8-c9470e8a0c87,Emerald Fire ,33.558085,-117.805666,108.11164855957000,32.0,108.0,89.0,65.69492981656170
0261dfa0-f1c5-401b-abf3-91184cd2ac2c,Airport Fire,37.369355,-118.371813,1255.8887939453100,1.0,278.0,182.0,1.8784274827746600
ee27ed9e-44fb-4133-a2c9-f16a90fbeb46,Alpine Fire ,38.46234,-123.015106,139.97933959960900,17.0,145.0,150.0,98.23411838503130
719127a0-5d9b-42e6-985f-ce3e6a718c0e,Flanagan Fire ,40.67671,-122.4073,259.7118530273440,5.0,209.0,188.0,22.274613937112400
d9f40570-e594-457b-bf33-9bb2eec13d50,Hollister Fire,34.4687419,-120.2770391,43.050758361816400,7.0,133.0,164.0,73.64433814669700
264c5249-6933-4d8f-a270-25462d14a407,Gulch Fire ,41.9525087,-121.9015432,1294.782958984380,0.0,307.0,181.0,1.9438901962067500
09f9ff54-30ba-48d7-a8f3-9dd6a627fafd,Evergreen Fire ,41.4455854,-122.3685584,1066.6114501953100,4.0,69.0,170.0,18.29436342137250
55b09ba6-f06c-41fa-b940-2438100bb452,Whitlow Fire,41.234712,-121.692093,1281.507568359380,2.0,129.0,175.0,14.617591771930000
4a03c163-2598-4adf-aec1-5c3dac41fa23,Platina Fire,40.44412,-122.690559,466.4259338378910,10.0,300.0,207.0,35.19605591355650
f904489b-0488-4764-9a98-bd3b818d1756,111 Fire,33.510716,-115.916687,-55.66099548339840,5.0,225.0,191.0,17.386883659037200
05a22a51-f594-41d7-8cfa-ff8811b145c5,Pyrite Fire ,34.018021,-117.462367,265.4889831542970,2.0,160.0,179.0,36.52801654913530
09a71f96-1215-4fc6-8b9a-da44930af8c4,House Fire,36.974622,-119.443013,335.99676513671900,10.0,124.0,154.0,53.874475808326900
b81c84b9-bde4-49c8-aded-914d170ba9ae,Coastal Fire,33.509464,-117.744398,167.19190979003900,50.0,349.0,206.0,67.82274728227800
93c25ae3-115d-465b-8994-c15b1b81b466,Coyote Fire,33.886637,-116.900635,807.9111328125,4.0,299.0,191.0,86.59068942091150
c20ca686-9666-4f4e-861e-bb6085d0e889,Poplar Fire,36.051411,-118.98167,147.0955352783200,1.0,229.0,183.0,4.460622696416430
56efbe7f-664a-42f7-b9b0-5c290d8ce3cf,Edmonston Fire,34.935583,-118.873889,421.2730102539060,27.0,315.0,238.0,61.453341745806100
b211e55a-9b50-4e22-b014-55a6e4b27001,Willow Fire ,38.015611,-121.998735,90.49398803710940,10.0,247.0,208.0,36.49302149362200
5947bdd0-c00a-49a3-bea2-c0208cbd7e6f,Dunnigan Fire ,38.824462,-122.049621,108.9039077758790,5.0,65.0,165.0,6.130642707527370
6dc17c08-d206-4ca5-a53c-cf26d2d7cfd3,Owens Fire,38.8733747,-123.6641833,0.007585234940052,0.0,124.0,180.0,17.208794602577600
c87b3af5-8bb8-4e20-8b8b-0e035635f8ea,Quail Fire,38.467322,-122.051923,80.35822296142580,2.0,125.0,176.0,28.362596106427300
3564711f-73f7-4aae-b550-e2c51f81b780,Wilder Fire,40.150329,-122.275649,118.4142608642580,0.0,209.0,180.0,4.150132000096360
98953233-d2bd-4704-a6dc-122d14e388f6,River Fire ,39.2333948,-122.0246463,17.722339630127000,0.0,186.0,180.0,0.5432421589225350
b22cb518-4c4e-439b-a8e8-5597fe45789e,Bull Fire ,35.0155237,-120.3564497,250.72378540039100,6.0,196.0,185.0,48.846531974721800
61c7f0a0-3f9e-4665-92b0-3f135987907a,Elk Trail Fire,34.090619,-116.447636,1162.896484375,4.0,346.0,183.0,31.760881719186500
e0d1fd77-071f-4892-9738-49baba9658f3,Lost Lake Fire ,34.010838,-114.484173,101.00355529785200,0.0,89.0,180.0,19.54823847995490
51a14af6-7c52-4666-8805-da3f0d07923d,Old Fire,38.370078,-122.270417,130.2925262451170,6.0,223.0,194.0,63.80223539682170
ab7f7bfd-8c3d-4199-8caa-bfc192dc29a4,Range Fire,35.199501,-118.721683,556.2467651367190,19.0,10.0,170.0,132.97690815005900
4c22250d-5076-4a2a-aaf8-58565c49f314,62 Fire,33.59823,-116.23339,-24.05701065063480,0.0,76.0,179.0,4.813836245067170
34303301-ad09-441b-a2e5-91d206a66218,Eagle Fire,35.72373,-120.56019,311.4536437988280,10.0,235.0,205.0,14.298589801230000
968e2f0c-5255-4a21-b166-c9a06a645825,Hesperia Fire,34.31267,-117.34635,995.4649047851560,9.0,9.0,176.0,28.458073115127100
d63827d6-1fa3-4a9d-8a21-a5d2549adc5a,Marsh Fire,37.895892,-121.696808,31.92876625061040,0.0,94.0,180.0,3.142382687324340
9e92e949-1e1c-47b7-9a46-71664466a15c,Park Fire,39.385829,-121.431372,149.63133239746100,11.0,120.0,151.0,24.172472945846300
58ba3463-14d8-4ac7-86c3-aaeb920de442,Graham Fire,40.05,-121.776,597.6966552734380,27.0,156.0,147.0,69.78421268361680
f7f9f401-e8b5-423f-b0da-13011200b213,Plant Fire,34.9324042,-118.9253809,513.7161254882810,18.0,260.0,235.0,48.21423077787030
cc000d68-f79b-447c-b67f-976d820ec702,Brandie Fire,39.319804,-121.392285,164.68580627441400,4.0,233.0,190.0,17.65460005455730
d0c68cde-731a-4409-a810-32c7d326ce54,Sheep Fire,34.355593,-117.61508,1751.422119140630,7.0,20.0,172.0,54.76275862203370
3eb84741-bc4e-4beb-aeb3-6f485fca145c,Barrett Fire,32.8134303,-116.5882585,1207.1314697265600,1.0,178.0,180.0,39.62054852032330
954eef2a-0cff-404d-a2b4-d0acbcf8d3de,Border 13 Fire,32.614832,-116.737119,456.2828979492190,13.0,139.0,155.0,71.58854611293250
2c095f28-ae55-4a23-9378-2a74989e889f,Rancho Fire,40.00919,-122.45621,204.8249053955080,2.0,356.0,181.0,29.732710645981300
f8587978-ae8b-409d-8540-0c4aaa952d54,Border 16,32.567333,-116.750667,191.2157440185550,34.0,162.0,149.0,37.70328788010460
eb1d79f9-a00a-4fc8-b979-5fb00e24da0b,Edgewood,37.459222,-122.27742,234.57521057128900,8.0,33.0,167.0,31.527918693903100
49ce10fd-94f9-48ee-890f-3b63b1aa84ea,Thunder Fire ,34.936618,-118.889446,415.2563171386720,6.0,273.0,200.0,57.41144496196120
78bea37e-7334-4f49-a8dd-1c9a593b47d1,99 Fire,39.37879,-121.68694,28.687820434570300,0.0,291.0,181.0,0.3555040263382400
5fa0ad1e-4624-4257-bb31-3eb5af1e6116,Scenic Fire ,38.046255,-122.191103,33.153263092041000,19.0,193.0,193.0,42.25237433857560
974e000a-7b64-4542-aba7-e0c33117870a,Canyon Fire ,37.642217,-121.903018,151.95188903808600,13.0,63.0,145.0,78.2986977558728
769b01fc-2018-420a-92b2-5e2ccb296894,Tesla Fire,37.365652,-121.556086,706.7548217773440,18.0,68.0,129.0,79.52008752060320
3f3fd217-c2b6-444c-bf90-a2168bf9b40e,Timm Fire,38.42619,-121.97785,51.83148956298830,0.0,28.0,180.0,5.287521256569590
13541b69-799a-4a8b-ade9-0bdefc254f73,Romero Fire,38.42619,-121.97785,51.83148956298830,0.0,28.0,180.0,5.287521256569590
88867d1f-eb64-4966-b86d-115c913cae39,Kirker Fire ,37.97689,-121.908735,173.38803100585900,35.0,132.0,104.0,58.15744451692390
06deb062-3940-44f0-a984-f9cb80ed1e4b,Union Fire,33.968307,-117.462524,226.7603759765630,4.0,290.0,193.0,11.829705467424500
78fccf47-afdf-4e7a-bcd3-10c574b5dad2,Ridge Fire,41.317476,-122.359698,1214.666259765630,16.0,75.0,134.0,78.18619970524110
2ea11a5a-70bd-4cea-bddc-466de28b4a8d,Roblar Fire ,38.323263,-122.796221,55.45919418334960,3.0,349.0,182.0,36.16563795826120
5316b89a-f041-498b-8ff9-af00c89c2979,Redwood Fire,38.163521,-122.574563,22.645044326782200,3.0,89.0,172.0,38.618179308343100
b3b6407b-cafa-4f42-bc9e-6e0e286717c4,Burrows Fire ,39.713372,-122.55002,265.472900390625,1.0,107.0,178.0,10.064747481357600
5d545430-bff5-4c5e-befa-d3139e19da30,Camino Fire,35.136141,-120.437395,204.24534606933600,8.0,199.0,188.0,43.914101062207400
de8403a1-4f40-499e-a83e-de3261c57b37,Rices Fire,39.319145,-121.192271,401.1487121582030,19.0,51.0,134.0,96.51155229849530
d87c11f9-0995-4802-91c5-f99f7e97d75f,Nelson Fire,39.524038,-121.650851,49.11531066894530,3.0,254.0,188.0,3.865345776080570
90b3f3dc-c374-4376-876e-6aad196a05f3,Sandra Fire,39.480813,-121.366789,639.2658081054690,9.0,247.0,206.0,39.604330074214000
b57e64d6-701c-475e-a048-b81d21bef97d,Table Fire,37.013878,-119.576797,368.76751708984400,4.0,213.0,187.0,25.404758996522400
8877e37e-7656-47ef-9881-dfd9653f36a4,Garrison Fire,35.8640822,-120.819059,184.11459350585900,4.0,7.0,179.0,36.29490503713550
157977a9-25b9-4550-883e-13847244b92f,Jan-Dar Fire,39.42972,-121.430071,185.7786407470700,3.0,208.0,185.0,30.40836614353590
67d518ac-2edf-4809-bb0e-748ebe27f9a7,Nome Fire,39.8166571,-123.2055576,420.8175354003910,0.0,208.0,181.0,17.38262715787830
39d88789-80ba-4a50-b96a-bddefd6593a3,Bay Fire,39.300253,-121.372749,184.93765258789100,10.0,85.0,148.0,13.309256657654200
776de6ba-3e3c-4388-b257-44e8c9231a95,Washburn Fire,37.499,-119.614,1676.4400634765600,18.0,344.0,195.0,57.72491534901730
6835535e-9016-4297-a743-c657e76e39d3,Porter Fire,39.020051,-121.344587,41.5764274597168,1.0,258.0,184.0,6.099551608345180
7a9b1646-9b86-4721-b99d-9cfe02ba1fec,Harbison,32.7947379,-116.8460273,178.98165893554700,5.0,116.0,167.0,45.37801534429530
d52a1e49-8d6b-4982-b931-29032439e870,Herman Fire,38.0936839,-122.1347757,39.88744735717770,1.0,223.0,183.0,32.693732038051200
0539f658-3625-4601-a3d3-9f0e887c2415,Peter Fire ,40.4411992,-122.3182313,147.07177734375,0.0,185.0,180.0,13.953160843346400
aa364bd9-d718-4583-97f3-18d0fcd0ce4a,Grant Fire,38.5570067,-121.1183895,59.07064437866210,2.0,49.0,177.0,7.090517610506810
632bea0c-612e-42fa-8b27-b3514c734da2,Rainbow Fire,40.010233,-122.433855,237.0439300537110,16.0,54.0,140.0,25.66952989111350
a1c796a1-d98d-4420-acb5-f30924c7966d,Riosa Fire,38.9848309,-121.340201,36.68403244018560,1.0,200.0,181.0,4.47188386772224
6a5cd16b-55a8-4104-aa28-0e0490b4aca9,Border 27 Fire,32.6077664,-116.6077664,725.3982543945310,12.0,271.0,217.0,28.34274428210820
398d0989-c034-4da7-854c-79e392d081b2,Bell Fire,39.90557,-123.598273,1107.544677734380,5.0,50.0,167.0,60.37345742814790
5e02c4ff-003c-42a9-a3c5-6e104ecabb02,Agua Fire,37.481701,-120.02107,596.6963500976560,4.0,223.0,189.0,46.36762568674810
7fbd8cd4-bd0d-432e-910d-a8c353667946,Winding Fire,39.314076,-121.27693,643.0889892578130,5.0,152.0,173.0,37.450752330757800
50a7f34c-aa67-4227-bc71-238e85a3ff85,Meadow Fire ,39.058043,-123.33756,671.2764892578130,6.0,16.0,175.0,52.577624382461000
f83fad03-336e-4edb-afc6-c77b5f924506,Flynn Fire ,37.719206,-121.656106,289.5248413085940,26.0,52.0,119.0,44.48870856767190
2786397c-0bd0-46f8-bdf8-3f749d061593,Slate Fire ,37.935092,-120.4422218,415.9144287109380,2.0,203.0,183.0,17.858629531203200
367d210d-571c-4066-a078-44f3e162d8f4,Anzar Fire,36.8927679,-121.604728,115.5083465576170,1.0,206.0,182.0,42.63749400302580
487f18a9-7af4-4702-ba36-78aaef812e80,Casner Fire,33.0819687,-116.7626279,838.1444091796880,3.0,317.0,187.0,28.092848671913000
c7cb91c5-4423-4965-8f6d-ad9c711a376d,Apple Fire,39.323167,-121.304167,384.7427062988280,20.0,226.0,224.0,57.72814211672340
deef1971-c9d4-4070-ae37-1a3ad350e977,McKinney Fire ,41.833813,-122.894782,608.5846557617190,17.0,73.0,131.0,69.2838355250626
1445f422-faa3-4a74-84db-bb3e6b3526b2,Highway Fire,34.312437,-117.3463886,995.1142578125,4.0,251.0,193.0,30.654331307321000
5a71b67d-308f-4767-9f10-7cab21332ae4,Mesa Fire,35.5745007,-118.4125811,1085.4957275390600,14.0,228.0,214.0,85.14839125819980
4d357743-0767-467c-9d27-585e4466bcce,Shackleford Fire,41.5734543,-123.0213226,1152.599853515630,16.0,219.0,212.0,120.69412893903000
974cf91d-0e78-4aa7-b7d3-99e4834fcbc2,Pebble Fire,36.6760553,-119.1902259,384.0792236328130,3.0,42.0,173.0,62.78254918761040
64cc517f-a935-4abb-b35a-b40516174f3b,Kelsey Fire,41.6430162,-123.1193265,774.18212890625,38.0,324.0,246.0,110.39995891606600
f4b5f0c0-4b3f-4715-93c8-eae87b2cab17,Meamber Fire,41.640867,-122.988315,817.3189086914060,4.0,263.0,194.0,27.69864883972790
3d3dc0a6-0c44-4786-a543-896e3c0e1b59,Marmot Fire,36.378236,-118.853671,526.0751953125,5.0,271.0,195.0,71.3447681372476
bb08947c-f887-4538-bb5e-1d5750b54249,Springs Fire,37.84349,-120.50806,324.2969970703130,12.0,146.0,160.0,17.190135373167600
e17479af-0314-4162-9c57-bbbf602b6f64,Smokey Fire ,41.9708541,-122.7825581,938.4358520507810,3.0,130.0,173.0,91.4886069746718
136a1828-ec7f-487f-9aa1-7f378e51322a,3-8 Fire,41.060445,-121.211449,1403.6964111328100,1.0,223.0,182.0,26.752957247624600
0f52278a-7102-48c5-a904-c9153187a3a2,Sam Fire,34.765322,-118.732882,1029.0213623046900,2.0,348.0,181.0,48.891448754621300
b2407838-9dd2-45b8-a956-899bf6891b98,Rail Fire,35.2882644,-118.6292243,401.6705322265630,2.0,347.0,182.0,43.771057761667300
ad465a00-5520-4188-9f91-3c5568adb40e,Oak Fire,39.04941,-120.9526,615.1583251953130,24.0,201.0,207.0,22.75723382523410
606930f2-4368-4e78-bb43-4ba33db70f11,Wishon Fire,36.17768,-118.71829,1178.3607177734400,17.0,151.0,154.0,128.18547551615700
9416f961-c5f3-40ec-805f-87bb8b09c5f6,Eden Fire,37.70049,-121.97822,233.42202758789100,16.0,230.0,218.0,33.97527828983360
baa65866-c909-42c4-a414-63c31d1bb3cb,Quail Fire,34.48202,-118.60811,342.1161499023440,1.0,238.0,183.0,27.38954206873370
8d4e0591-dd62-4c04-82f3-10eb76556cde,Pleasant Fire,39.2805,-121.1329,604.6537475585940,6.0,285.0,200.0,39.84249838422970
1e84bb2e-0fd6-4002-bcd2-3cb2f622be6a,Point Fire,38.9494,-122.6556,457.4720153808590,5.0,320.0,190.0,48.868200721021200
092ae456-6322-4f6d-b9f1-ed2c55a1fbc6,East Fire,34.2338842,-117.8004523,532.8574829101560,1.0,231.0,183.0,81.31670587795950
4612ddda-90b6-4733-a0a5-6bdeb622614b,Still Fire,39.0543,-121.1103,389.95501708984400,4.0,67.0,167.0,23.2644639342913
68202561-738b-4e30-a004-7ed156939fe8,McCovey Fire,41.4672,-123.9277,468.7674865722660,35.0,262.0,255.0,166.8606123535490
2632aae9-5451-4021-b9ec-3c68909133a7,Ranch Fire,41.4626,-123.9477,99.10773468017580,41.0,37.0,109.0,132.9034401229230
599c4952-beda-4ec6-a636-47c92444a443,Gulch Fire,34.2026,-117.8608,432.8860168457030,39.0,350.0,200.0,76.2604351846223
40b5cdc9-57db-40da-b52d-6f4c53375bc1,Route Fire,34.5255,-118.6479,480.93072509765600,2.0,180.0,180.0,43.850498371789500
68dceec6-55b8-4c87-bfa8-f80e4d7118f4,Border 32,32.612181,-116.707395,267.2569885253910,4.0,188.0,182.0,56.522717248511500
1a839916-324c-4106-b32e-753ff8a0b048,Branstetter Fire ,40.5336,-122.3975,152.29702758789100,1.0,219.0,182.0,20.45622249581650
80ceeedb-4349-44c9-b061-2f9855d6efd6,Walker Fire,39.3669,-123.3159,483.6587829589840,7.0,140.0,165.0,19.05953264322290
f0e786a2-78d4-411a-b55a-b756c4189ffa,Woods Fire,37.968,-120.4013,555.6355590820310,22.0,230.0,233.0,54.47128897286090
47bfc3f3-04f7-49ab-a901-77770b85a7cc,Mill Fire,41.4303,-122.3852,1058.340087890630,2.0,165.0,178.0,16.918764509820000
bb24457a-d2ad-4efc-b816-e5df69ce8e71,Tower Fire,38.0182816,-120.7489517,329.4898681640630,4.0,19.0,176.0,25.401098444511700
0f74249b-6f78-4266-b3f0-c61b5626d6af,Mountain Fire ,41.459009,-122.627469,1139.7896728515600,30.0,150.0,135.0,54.80651126490810
a30a1a3f-e586-4351-a177-109e2108bf9c,Sandia Fire,33.432924,-117.246996,169.34078979492200,20.0,192.0,193.0,53.18166968645350
555f187c-f8af-4a8c-87b1-2a849cf34b7f,Caesar Fire,33.064629,-116.811345,594.95068359375,3.0,146.0,174.0,40.226822709691200
7a58bd4b-886d-40ee-b895-03e6473be505,Fairview Fire,33.717062,-116.893227,582.3801879882810,2.0,336.0,182.0,22.595594989833500
d90dcd39-baef-4d4c-8774-16a02ca557df,Hill Fire,39.1252,-120.816083,1118.4034423828100,7.0,256.0,201.0,47.4273720423431
d78ddcad-57ab-4cc4-8910-6f55da123bc1,Radford Fire,34.177,-116.882,1875.681396484380,16.0,231.0,219.0,80.75377826990730
90ff8cb6-8361-4442-8646-b8846bf2f7ea,Rosa Fire,35.580125,-121.012313,79.9246826171875,4.0,162.0,177.0,46.10022751667090
00b88ee4-06ed-4f40-81ac-3e23fcb1bc64,Power Fire ,37.080478,-119.485927,613.4486083984380,4.0,163.0,177.0,35.69847116403050
a305c68d-db56-4c9f-ab9c-5089c25f3fba,Mosquito Fire,39.00591,-120.7447,358.2799987792970,0.0,0.0,180.0,103.18247279238500
2497d2b3-31a4-4dc5-a628-2a059036e6c2,Fork Fire ,37.21945,-119.50881,841.1810913085940,6.0,148.0,171.0,37.998938026293600
899421c1-661c-44c1-a988-a0fe5043e6bd,Coyote Fire,41.8739166,-121.839853,1825.9609375,17.0,175.0,176.0,68.94825300171370
0f669596-90b2-4625-ba6b-f2bd1ab59f3b,Forward Fire,40.44109,-121.81822,797.2225341796880,16.0,149.0,154.0,32.1913738794504
e97ebb75-7d6d-4925-a27b-2bb9daec9fbf,Dutch Fire,39.1902,-120.8266,1064.19873046875,15.0,168.0,171.0,59.08654497599700
4b8ffb4c-e539-4cfa-82a0-2aa148b43ee9,Garden Fire,39.9929,-121.2122,1455.4456787109400,35.0,86.0,77.0,185.47427250144200
a5373b17-81bc-4a24-a844-148cb5de6b10,97 Fire,41.4987,-122.3414,1027.5665283203100,3.0,282.0,188.0,26.77117795111420
866407b4-2434-4d13-8a43-fa61f2d6a38d,Pleasant Fire ,37.38939,-118.50091,1341.4185791015600,0.0,56.0,179.0,14.327492409063000
a56115f1-5eca-4dc1-b576-cbeb67ed4b5b,66 Fire,33.569342,-116.092746,-57.56602096557620,1.0,256.0,183.0,1.0834468790463300
c2deabb9-7935-4a0a-8fba-4d4005e4bf1c,Point Fire,40.417676,-122.47542,215.3413543701170,4.0,91.0,169.0,11.88443029346880
e44f5b6b-c6e6-461a-a9ab-d442e08de3ea,Ramona Fire,33.823424,-117.033714,447.8430786132810,2.0,358.0,180.0,3.927475093320860
8b46c737-a036-4e58-9d8c-4de0b9879e68,Pistol Fire,36.9466,-119.6801,147.28607177734400,8.0,209.0,192.0,35.50252121424500
9f20e88a-c95e-494f-bc38-7708bac1b7a6,Sicard Fire,39.2349,-121.3475,104.94783782959000,7.0,281.0,203.0,20.89382561562770
4511ebf3-f3d7-4c2d-9299-ec8ff974582e,Orange Fire,36.678,-119.2971,235.3039703369140,20.0,320.0,219.0,86.64776767732730
cc8b9e35-5e0f-48e0-81da-15fab9bfaee2,Panoche Fire,36.7536,-120.8991,324.2704162597660,0.0,160.0,180.0,57.28696854544590
a788f3ff-73ff-49e0-b65c-95bbb851df2e,Valley Fire,36.0322,-118.8582,263.22955322265600,6.0,23.0,173.0,61.57821372334570
bbfed8a2-9c91-4e38-92cd-374d6fdee02a,Range Fire,36.4647,-121.3319,104.40354919433600,2.0,226.0,185.0,25.443183709809500
5907b233-4523-4bdf-aef2-e02c1f8c4d68,Rodeo Fire,36.70984,-119.304258,183.13629150390600,2.0,295.0,186.0,57.01159254919680
17f58280-2631-440e-9bca-cbdea1e5e373,Gulch Fire,37.4404,-120.1499,526.9921264648440,19.0,239.0,231.0,108.37411358626900
c6d831a8-19e0-40a0-807c-26e542c8f43b,Geology Fire,33.896,-116.0533,1086.46435546875,2.0,1.0,180.0,23.799681410702200
48cc8ca5-b512-4dc9-bea2-a7bce86009a0,Summit Fire,36.319167,-118.650278,2800.144775390630,20.0,140.0,140.0,95.97139709469490
7634b4c2-6a78-4aed-9e5b-d11c26faf384,Henderson Fire,39.023,-122.7145,417.8937377929690,13.0,107.0,143.0,84.79978621754740
7b626e88-ef6d-4669-b7b7-d36e0ecaaf14,Frank Fire,40.2869,-122.5955,235.6782684326170,4.0,40.0,172.0,25.983798139510400
f37b0f27-4097-482c-a948-71c62940911e,Scott Fire,39.3256,-121.3686,267.83709716796900,11.0,260.0,214.0,25.55463961993520
6b4212c5-b9c5-4813-9b45-50620406071e,Snell Fire,38.6994,-122.4379,191.2630920410160,2.0,356.0,181.0,49.066065807704700
c57a1ed5-5b24-41ed-aca4-703339726e05,Rocky Fire,36.3002,-119.0828,185.02825927734400,9.0,161.0,171.0,61.15477864527370
5bdb8a5f-58a5-4fb3-b1d3-5487a7acdc05,Slough Fire,36.5737,-120.188,53.56089782714840,1.0,201.0,181.0,0.7579531271597400
4898fc42-90a5-4d10-8c7d-f21150e6f0c9,Black Wood Fire,32.734788,-116.34461,1390.8330078125,7.0,88.0,160.0,19.64047520518960
03aa73f8-24a4-49f7-a634-a705d1632a21,Garbani Fire,33.656034,-117.201092,462.8114318847660,1.0,12.0,180.0,11.780340632095300
bc067439-ea43-4ce0-b4ec-66d20bae7804,Viper Fire,33.984167,-117.138268,527.954833984375,3.0,5.0,179.0,34.15917372522610
d9778b37-9886-453d-a5ea-0772b1b33073,Harney Fire,37.8558452,-120.3728742,314.0180969238280,10.0,243.0,209.0,44.73542399078490
cdc613c3-c746-4f0d-b295-f15fc7e67277,Peoria Fire,39.258,-121.3801,115.7427978515630,10.0,165.0,172.0,27.35461695548070
fa24f204-d45e-479f-8437-4ce009874df9,Balfour Fire,37.9143,-121.7676,78.33441162109380,3.0,195.0,183.0,20.704676732458700
417b7148-f644-4919-880f-8d529e1f8b95,Crane Fire,36.8675,-119.0137,615.141357421875,39.0,107.0,72.0,137.8208973676390
1c823bea-8d80-4560-9888-91fe81366451,Juniper Fire,33.787329,-117.330286,678.963134765625,4.0,340.0,184.0,21.429265947041200
c56682cd-d6d6-47fe-bcaa-e0f77339f604,Nice Fire,34.0568,-117.0957,701.02490234375,21.0,319.0,223.0,61.9567870073568
7ee1424d-3aab-465e-9094-280e5cd5b83e,Champagne Fire ,34.9516,-118.4252,1202.1898193359400,7.0,163.0,174.0,37.26776400101840
5d6d342e-3696-4de4-a730-a89de03df378,Gann Fire,38.114444,-120.798285,225.3772430419920,28.0,10.0,165.0,23.43926955531180
f20ef989-476d-4e60-8b32-b61d9f211e1a,Peter Fire,34.516944,-118.193056,1025.0399169921900,3.0,118.0,172.0,47.0278569817506
67943cd3-69db-40b5-ad6f-64eff64cbb1e,Roundup Fire,34.38695,-117.186767,1386.96484375,9.0,170.0,176.0,43.05094528134140
8c3a32c0-30c7-4837-94ef-cc27f9783df4,Bernasconi Fire,33.838928,-117.153554,470.2569580078130,2.0,134.0,175.0,92.65688347577570
7452e778-443b-4a4d-8cfd-8972832332f2,Lincoln Fire,33.583941,-116.078906,-51.86040496826170,0.0,202.0,181.0,3.0237819777290900
1c29b20c-8287-49e7-88da-a057174c5b25,Day Fire,33.837311,-117.278984,514.9353637695310,2.0,227.0,185.0,9.297493563335330
155dba26-11cd-4f55-8cc5-09c93ce7155e,Frog Fire,33.479,-117.0575,416.7906188964840,4.0,130.0,172.0,20.080311110780100
ef08a1c3-8626-4881-b25c-64b7a913d174,District Fire,34.8866,-118.9033,896.41162109375,27.0,200.0,209.0,107.21689055354900
1d1c4ff0-544e-425a-b558-f5e3ca586bea,Park Fire,32.6003,-116.5836,827.4412841796880,4.0,220.0,188.0,19.812896246688200
5fedc370-e53e-4751-b259-1f52dc429ab3,Vineyard Fire,35.8,-120.8169,300.9773254394530,1.0,212.0,182.0,22.248816406814200
93936963-a4c7-406a-9d8e-8ee11aa68e40,Rider Fire,33.8302,-117.2616,476.755126953125,2.0,33.0,177.0,13.581217646156700
13c0aa67-6f1a-4471-8f05-0d8810bd55e4,Carbon Fire,38.43948,-120.98731,128.76426696777300,4.0,248.0,193.0,19.54150885771090
d2ced711-9481-45ca-9d1b-943352d05fac,Snake Fire,33.7505,-117.348,659.4385375976560,8.0,142.0,165.0,24.16477056815890
a62c68f5-5a19-4dec-87f5-215a97726276,Spring Fire,33.9364,-117.124,540.3186645507810,19.0,115.0,128.0,30.501062909735800
9d067cfd-3688-464f-916f-95cb7793169b,Liberty Fire,38.2387,-121.0089,64.1009750366211,4.0,108.0,167.0,12.905869388791300
d8c6de46-8d1b-4e04-b3fe-c9212ce92fd3,Avocado Fire,33.505725,-117.300098,622.6923217773440,8.0,298.0,201.0,35.97099580972140
bbd4db04-faef-41c7-9422-ee1393ca1b1f,Pulsar Fire,33.821929,-117.068009,772.2827758789060,5.0,271.0,197.0,48.90822894387250
e8f155bc-20c6-4344-b5dc-69ce1d0b8613,Highland Fire,33.907342,-116.946498,754.0853271484380,0.0,115.0,180.0,18.625139270408200
472e88dd-7121-4fb6-825c-91af4d5ed373,Rabbit Fire,33.889467,-117.070916,460.206787109375,4.0,196.0,184.0,21.36746011822800
e013877e-7837-435f-8bb1-692b68a37f8e,Gavilan Fire,33.817004,-117.358124,547.2845458984380,9.0,92.0,151.0,28.950411470490800
b57f434d-f307-4055-b47b-e49337374dd9,Lodoga Fire,39.2694,-122.466,422.7705993652340,4.0,260.0,193.0,46.58653715967630
471a442e-3c6c-49d3-a1da-c6539336f975,Stony Fire,39.6685,-122.5259,195.2545166015630,4.0,128.0,170.0,22.982603671113800
33f3bc95-bab6-445a-95d0-58b7cd247431,Juniper Fire,36.1132,-120.5689,493.3971862792970,17.0,85.0,128.0,39.53145691661670
eb2196cc-8ecb-49f6-ae21-a832da54a663,Reche Fire,33.9835,-117.2169,640.48681640625,9.0,302.0,205.0,50.25295415670700
8e5b1375-7f14-4731-aa73-86e5db2e7f70,Idria Fire,36.490487,-120.801732,585.7269287109380,1.0,22.0,179.0,18.94194973127150
4882ca86-e46f-429b-bc3c-194654bfb01f,Oak Fire,34.0182,-117.4261,283.7356262207030,1.0,157.0,179.0,13.110878324863400
3501b740-d8be-4b0b-a0c8-cf6c923ee810,Wonder Fire,40.7316228,-122.3232056,293.81134033203100,1.0,172.0,180.0,26.721734987453400
9e60d69f-373a-45db-b23f-cebb88b82aaf,Long Fire,36.6932792,-119.1521739,638.2334594726560,15.0,255.0,224.0,73.28944450638650
44518f29-7ba2-45c1-b6f6-13e3556ee941,Victor Fire,34.356691,-118.507954,465.396240234375,4.0,328.0,187.0,38.76975923540460
287f3a55-d3a6-4273-ad3c-c66910a12cb9,Agua Fire,34.438333,-118.326389,596.0787353515630,5.0,339.0,186.0,87.618322035944
6401556e-3e19-467b-8c26-af4a20864672,Turkey Fire,39.446994,-121.399989,396.9864501953130,17.0,137.0,144.0,38.09235571107900
9140903a-8dd4-45f9-aac7-70921d3f1948,Bonny Fire,33.4769,-116.7247,1308.37451171875,6.0,1.0,180.0,21.73799558089600
6444fb86-d180-4a36-98fe-e2959a14965d,Sunset Fire,33.9372,-116.9081,878.0281982421880,15.0,186.0,185.0,45.24471748635830
3e418d3a-f64b-48cf-9a0a-f6f893ddf75c,Scodie Fire,35.6967,-118.2148,838.4827880859380,4.0,325.0,188.0,45.012219074107300
09e1c7bf-e40b-4843-b245-917cb162130b,Flynn Fire,37.7356,-121.6065,121.45315551757800,17.0,157.0,159.0,20.750820315225900
6550e4e3-ef7f-4ebd-87ca-4a4244fdffd2,Shell Fire,35.458459,-120.334625,421.981201171875,2.0,88.0,175.0,20.949846973658500
44335201-1bda-408e-8bed-ec84b650c770,York Fire,35.191889,-115.317389,1567.0513916015600,4.0,138.0,172.0,15.1812595229717
1df129dd-265c-450d-a605-b46d82ca0436,Haberkern Fire,36.7611111,-119.988888,76.39004516601560,0.0,184.0,180.0,0.7196196087828220
5b23e547-15ae-4b24-a9dd-6d8a8298c0cd,Beale Fire,35.403564,-120.181725,538.9188232421880,26.0,345.0,200.0,30.14448995618470
55585f3b-648c-476d-bccb-e2939fd1a670,Nuevo Fire,33.7995,-117.11938,544.3544311523440,8.0,335.0,191.0,53.85070760279510
e9755bce-f853-4b18-82b7-cdf0921d62a5,RV Fire,36.9648,-120.8839,99.03270721435550,6.0,71.0,164.0,18.722561696970400
29d92f74-bbef-483e-9cf5-4f45aa82a8ba,East Fire ,35.490591,-118.875657,397.4834899902340,8.0,22.0,171.0,23.975844385804700
e595da7d-9cd4-48a3-9b11-5363cfd066e1,Almond Fire,33.91436,-116.76111,498.3465576171880,2.0,145.0,178.0,13.627025828137300
08b36383-406f-49a5-bf71-0c629c3c0010,Stanley Fire,33.602019,-116.84334,1103.2598876953100,11.0,179.0,180.0,27.50472406223640
b76fe4cb-c4c1-423a-a62c-49a9686033c3,Clayton Fire,37.368648,-121.464716,657.6692504882810,13.0,244.0,215.0,40.866618936389
8ae10edc-77d0-4df3-a398-846bea7acac0,Ridge Fire,40.735974,-122.624538,457.1394348144530,8.0,108.0,158.0,91.44976070163940
c19ca405-6810-4097-b078-13fa9a7a6119,Boulevard Fire,35.0990626,-118.2951023,1163.384033203130,1.0,161.0,179.0,78.63349938013520
128eaf5b-0947-44d0-9df9-fd7975d0fe9d,No Name Fire,35.78611,-117.8875,795.2482299804690,3.0,64.0,173.0,22.031878681257600
ac1b69c8-652d-428a-90eb-008eff0029d7,Almond Fire,35.614674,-119.835808,176.17958068847700,0.0,5.0,180.0,3.609728594753490
9f0e025e-d6d3-482c-81e4-d3e0f50c9e41,Pass ,32.68535,-116.3017,1154.261474609380,18.0,43.0,142.0,20.23452922750900
bdbc6903-5fea-4b29-9ddf-874bfd7174c8,Bunnie Fire,32.994676,-116.855731,417.1099853515630,15.0,153.0,159.0,32.04943179482420
0a2ff66b-76bc-4671-9afe-a2023060b6d9,Rock Fire,33.871189,-117.150639,485.8112487792970,1.0,275.0,183.0,9.209425714830780
4769737e-f0b5-48c0-9b39-90db40414a7d,Cemetery Fire,39.377918,-121.68793,29.250837326049800,0.0,88.0,179.0,0.3558469233975410
954a9ca6-3863-4a6f-b22f-fc6bb6fcef6c,Dry Creek Complex,36.5323,-119.0113,309.9111022949220,11.0,109.0,147.0,80.80103547541180
21d01f9d-fc51-4a0a-88ca-06f934ea2cae,Hernandez Fire,36.4392121,-120.9783812,519.6351318359380,12.0,57.0,149.0,52.67070504954650
2b5b710e-acec-4818-9d26-22062a75d793,Trotter,35.1387962,-118.6027987,1408.14111328125,7.0,223.0,196.0,80.27178191419860
db55b282-4079-4a2a-beb8-e85f42b0491b,Bitter Fire,35.4854,-120.0574,703.2772827148440,2.0,356.0,181.0,16.215042005911000
c9ed4253-40dd-4388-8988-d832d313a728,SKU August Lightning Complex,41.2477,-121.5041,1129.535400390630,3.0,211.0,186.0,3.7607819369557100
47a47e9a-ab8a-4f4c-91fb-3504843cdf45,Deep Fire,40.93686,-122.94871,1384.0360107421900,40.0,285.0,255.0,184.775923185137
b552934b-98f7-48dd-bbd5-33e1caf89817,Slide 1 Fire,40.036944,-122.855,2404.997314453130,30.0,334.0,220.0,84.46912604559690
d9e259d7-24d5-4e15-b9df-0c23fac25f9c,Smith River Complex,41.958269,-123.868447,869.3758544921880,35.0,62.0,88.0,88.04958340506210
ffa56129-0d5e-4ec5-bfae-3440757d9deb,Cochrane Fire,37.18725,-121.67208,299.70440673828100,16.0,226.0,217.0,66.69799813362210
1c3481f5-3d33-40a2-8f24-5edbebc17d6c,Thirty Five Fire,39.6194,-122.3287,106.6641082763670,1.0,194.0,181.0,9.809949042447370
243c4ae4-f7eb-44f4-b5e8-ff8c4baaccd5,Coyote Fire,32.6347,-116.6415,774.4132080078130,4.0,224.0,189.0,30.968090465090500
2b9ad272-c3c1-4de1-870d-d35b1e383912,Happy Camp Complex,41.777554,-123.045093,739.4075317382810,34.0,23.0,141.0,139.9657333026960
5608557c-4576-40ac-8f63-a8f428d62117,South Fork Complex,40.623606,-123.662677,1198.279541015630,19.0,177.0,177.0,92.24191343559030
e3297f9e-f753-49b6-9cdf-78700edde34f,Plant Fire,34.9190169,-119.73328,733.036865234375,3.0,351.0,182.0,30.20047094138570
ad8025a3-0060-49db-a048-bce567ee0a57,SRF Lightning Complex,41.017222,-123.611167,387.7550659179690,33.0,97.0,83.0,120.9774545052860
4adc26cb-281f-44ef-b6e2-f3509f1c03be,Creek Fire,38.903333,-122.601667,470.4337463378910,22.0,153.0,150.0,22.00447239020620
6d65a6f6-b12a-4ed9-94b9-7f90246c8615,Knoll Fire,38.18291,-120.7942,220.0688018798830,4.0,193.0,183.0,16.634954950108500
81a42060-b157-40e7-bbb0-a9371a2435c3,Alta Fire,38.3702,-122.1796,171.39015197753900,17.0,245.0,228.0,16.450867628733200
6c0acbd1-309a-4555-9161-3b757f38d2cc,Caliente Fire,35.2674,-118.616,651.072998046875,22.0,229.0,232.0,74.24205082048760
f9914d6e-0e0d-49ea-a754-5b380ce3cdf0,Meadow Fire,33.753608,-117.279764,492.0015869140630,2.0,83.0,174.0,13.69905497517020
c5c1319d-b98a-4b1e-ac51-65d2f1c2de6f,Green Fire,35.5421,-120.9739,158.86805725097700,23.0,8.0,171.0,42.64526261940360
28eb14f9-bffb-482a-bcec-fab0c149e6cb,Williams Fire,36.0295,-121.07148,460.781005859375,26.0,189.0,193.0,50.05835172673210
8cb88028-9b7f-49a9-be2d-6d81c7e06193,Wiley Fire,38.265241,-121.981732,14.530866622924800,4.0,354.0,182.0,3.3186939886762300
c577f6b5-b79e-4e61-b0da-f14fd1bc6dcd,Stanley Fire,33.592915,-116.857302,1116.4368896484400,8.0,332.0,192.0,31.66759545765220
e90b6420-76a9-424b-8e26-67422eadc6a0,Border 34 Fire,32.598,-116.9196,265.5702209472660,24.0,230.0,237.0,71.42921377717710
de8dad71-4393-449f-874b-8a6ce378f5b6,Highland Fire,33.438207,-116.82307,911.3197021484380,5.0,9.0,178.0,38.88389367119990
87f3453c-ba4e-40dd-930d-c666ce049af1,Lizzie Fire,35.2808,-120.644,162.30416870117200,17.0,235.0,223.0,93.96477995037050
1c646b82-e568-4051-a642-059744a09eab,Sun Fire,34.55742,-120.32318,269.451171875,31.0,196.0,206.0,55.18390165758220
f5489c15-8095-4a6a-a3c1-76f78cb9cb18,Lamb Fire,33.85008,-116.99867,623.4003295898440,33.0,307.0,255.0,67.22558703430930
7deacf45-3e46-48fd-b0ba-fdd89f65d574,Manzanita Fire,33.839416,-117.003584,456.2688903808590,1.0,63.0,178.0,13.818404111801000
b7cb31c5-bc13-4655-ada4-80d16a36437c,Adams Fire,33.809953,-116.246207,301.3143615722660,25.0,246.0,250.0,52.67346623293630
db81cfd7-c6f7-4fb6-9127-8d30939fcde2,Sierra Fire,33.8438665,-117.46406,434.1018676757810,13.0,86.0,141.0,20.656763370002800
6ebb5e9c-a73e-4685-8e58-2aa653e922f4,Sage Fire,32.723389,-116.891493,233.06930541992200,5.0,179.0,180.0,36.401604355806
d372cad1-7e39-4973-87fc-3e400acc081e,Border 38 Fire,32.5666,-116.7986,413.3058776855470,36.0,148.0,124.0,135.4708177870120
a17adb99-eed2-4669-91b2-aecc302fdab9,Elm Fire,33.9007,-116.7635,485.6172180175780,0.0,149.0,180.0,58.299096029978600
55e9dd9a-0f62-4f5c-b3e3-3d63c0bfedec,South Fire,34.327,-118.9938,367.63763427734400,21.0,225.0,225.0,75.24704578016560
93dec295-6159-4227-8b85-4ae3a7abe6bb,Pine Fire,35.5593,-118.8696,445.1092224121090,20.0,139.0,139.0,46.37368204900330
91e89644-a6fc-4216-a9bb-b7f52e8d3093,Border 42 Fire,32.6036,-116.7718,404.3917846679690,15.0,158.0,163.0,50.69154029035240
da0f58a2-b61c-4514-8439-c4ca4792718a,Palmas Fire,33.5103795,-115.82784,-24.15275764465330,1.0,197.0,181.0,17.56118086181100
c32fd360-9830-4ad1-9595-0b3a67257eba, Bryson Fire,35.81148,-121.084104,311.565185546875,2.0,147.0,176.0,32.646541733479700
22229c97-8035-4ba8-b1a2-1965107977ed,Cartago Fire,36.316401,-118.026767,1105.9102783203100,2.0,94.0,174.0,15.050042186801600
0563714f-e479-41f8-a2b0-59cfacdeffe1,Gardner Fire,35.153062,-119.39529,334.6432800292970,3.0,209.0,185.0,26.510605048458700
df1a7e0d-7fc9-49af-be53-4e2d5b818411,Pendola Fire,39.494086,-121.070752,911.2113647460940,33.0,261.0,255.0,42.03402314803700
3ea940e2-abab-41a3-b073-6aa3ce6f8f72,York Fire,35.817759,-120.097738,226.2609100341800,1.0,112.0,177.0,5.67762447638776
ce64ef4a-565d-46db-b94c-b0436644cf7f,Refuge Fire,36.730979,-120.360998,50.0010871887207,0.0,71.0,179.0,0.5451443123046500
deffd3c6-f488-48d9-8ec0-43cf23d26e44,Billy Fire,37.020145,-120.99063,155.63523864746100,2.0,2.0,180.0,21.215302439829600
9aeb7f9d-3672-400d-ba4e-2b490220f78d,School Fire,35.04847,-119.33179,224.69622802734400,1.0,359.0,180.0,8.835307686600500
b24e4e25-08ed-410b-87bc-4222a507158b,Dawn Fire,34.9117,-118.23,814.2483520507810,4.0,134.0,172.0,47.46169662709560
4aad6061-4f7d-4a62-b441-255a9c53b43e,Tram Fire,33.858369,-116.55819,205.70704650878900,1.0,40.0,178.0,19.89145254222820
af6e0e0e-af49-4dbf-98c9-c36b1028eed7,Virginiatown Fire,38.902253,-121.201005,94.01692962646480,3.0,130.0,173.0,6.555095671732760
d9d67720-8b28-47d1-a05d-3033c70b73a3,Magnolia Fire,33.9208,-116.807061,591.6953125,2.0,187.0,181.0,21.60284514290650
48e43173-82a0-4573-b842-06bec1d05ee5,Almond Fire,33.903392,-116.774124,495.9946899414060,1.0,125.0,178.0,56.90624339762660
c4439647-cf64-4a5f-bec1-3a228d5249f2,Sherwood Fire,35.7193,-118.9429,266.2132568359380,14.0,161.0,167.0,17.121747251785600
7f75a7b7-f2dc-4817-b321-bb570f6b4991,Dom Fire,36.362559,-120.340061,174.88534545898400,1.0,45.0,177.0,8.668220836480440
6605381c-d5d9-4dde-866b-ac56c51dccb1,Jayne Fire,36.137571,-120.192362,159.79202270507800,1.0,71.0,178.0,6.928669687658790
89242de3-daa9-449d-a350-36832b8579d7,Border 44 Fire,32.571374,-116.711161,687.8199462890630,25.0,294.0,250.0,77.65135406441300
c137330e-e0b9-4d93-b22b-835a1fb547e7,Red Fire,35.388107,-117.601135,1013.4271850585900,2.0,34.0,177.0,22.615235786639300
3ee4788b-f658-415c-879a-a11f00d10d77,National Fire,34.602884,-117.339379,798.8341064453130,6.0,246.0,197.0,16.869073670997200
dcf00ad9-98e6-44c8-b5f3-9693133814c5,Love 2 Fire,32.7754088,-116.8004,338.6044311523440,22.0,175.0,175.0,59.31248327444150
0e7ec8f8-87e5-4a70-9369-08b96059d3eb,Janell Fire,33.471139,-116.8539685,770.0730590820310,5.0,159.0,175.0,50.08528055427400
94509745-c6c6-412e-8767-2b511381fe84,John Fire,37.244144,-120.652034,32.81699752807620,0.0,0.0,180.0,0.4533442041923080
190200af-43ff-4874-8cd0-ea681b1582ae,Cow Fire,35.4759526,-118.7503007,551.1178588867190,26.0,298.0,250.0,130.49207401423600
9c4b2458-d757-41c0-86cb-9cec1e9b4f83,Ranch Fire,39.693268,-121.449913,680.6679077148440,11.0,104.0,147.0,50.246092778284800
75070ec5-7169-459d-a57e-cb39f1768062,Idria Fire,36.490486,-120.801731,585.7269287109380,1.0,22.0,179.0,18.94194973127150
37e3db45-6b25-4f7b-a92b-84f10d197437,Petrol Fire,36.2748148,-120.33456,430.355224609375,17.0,131.0,140.0,43.758026509343400
49095c12-ea76-4ac6-8034-ff1da7b6c03f,Mission Fire,33.984278,-116.583317,499.0447998046880,2.0,243.0,186.0,18.34818970354910
b7ca9cee-f5e3-4d5c-afd0-19ade7b24ba9,Wind Fire,34.96545,-118.99692,550.1246337890630,10.0,35.0,162.0,66.94366132760230
d52efcc5-01bb-4f2e-b838-7599a1f17c14,Hall Fire,40.014819,-122.129559,64.5538330078125,0.0,351.0,181.0,0.6364220439236980
2578f6da-a787-4269-818d-c1616b35de18,Elk Fire,39.598771,-122.476758,232.17916870117200,3.0,73.0,172.0,23.27731165845860
9967523f-061a-477c-9142-9660e9920a6b,Valley Fire,41.2449,-120.31,1555.790771484380,3.0,232.0,187.0,10.582197228516200
9fdbe919-5581-44a9-aaf6-307037193995,Knolls Fire,33.02113,-117.170895,94.954345703125,6.0,271.0,198.0,29.74859118432740
198dd536-7be9-44ca-b300-763e8927737c,Seven Fire,39.539678,-121.908346,31.156652450561500,0.0,223.0,181.0,0.5418680673680020
72e46bd8-232b-45c0-a715-46fec070b9e1,Panoche Fire,36.5097274,-120.8471351,531.9788208007810,3.0,30.0,176.0,51.0670304777969
f4fa469d-e2bd-41e7-bc84-86372acdcd44,Harford Fire,33.812223,-117.340976,641.58056640625,5.0,228.0,192.0,19.770993742747500
dd8e4500-bd34-4dea-acde-fd1b4ff00ca3,Shirleon Fire,33.895775,-116.901498,717.3674926757810,4.0,171.0,178.0,44.43760422611610
159367fb-6bee-4914-8815-84f629994473,Holiday Fire,34.8492868,-118.2554355,728.7276611328130,1.0,92.0,176.0,1.363236858362630
3dce248e-b14c-4816-aab1-3ceefc59b26a,Nees Fire,36.850279,-120.771299,117.4076690673830,2.0,75.0,175.0,14.193986482511100
e9e95a19-489b-4a24-b0d8-2744f72dc605,Central Fire,36.67799,-119.7858,84.69025421142580,0.0,250.0,180.0,0.513010586524267
3f03a89c-3bdd-4ef8-a89f-c68161ee84e4,Border 51 Fire,32.57583,-116.76972,212.3519287109380,9.0,226.0,201.0,80.63930626960820
4ee5e062-f374-4790-819f-21a9c6aca2d9,Flood Fire,38.017376,-120.944834,65.65422058105470,1.0,315.0,184.0,7.320922627605700
661cf1f8-a032-4812-96cc-ce45f8a0db31,Millerton Fire,37.01741,-119.689804,179.94036865234400,10.0,167.0,174.0,22.19670567338480
85074131-29f7-435f-8f43-8c9cf067bbd2,Vince Fire,34.50941,-118.05215,1008.5279541015600,10.0,20.0,169.0,27.60826070740750
caaf80b4-1467-48b5-8517-5b55e75f5389,Five Fire,36.43706,-120.393699,142.1863250732420,0.0,25.0,180.0,3.957061998718770
a8dbeeba-fe5a-4cc2-b1f5-c0f62d9c13a7,Hill Fire,34.8936966,-119.5572279,769.861328125,2.0,330.0,183.0,13.999137689198100
a4f1290c-c300-4ddf-a9c0-dcee4938e4eb,Pepper Fire,36.68768,-119.158199,541.6753540039060,4.0,17.0,176.0,77.63405311298910
367bb551-c370-4dac-9ce5-7ee4999878a5,Dillon Fire,33.925778,-116.600203,341.07623291015600,3.0,136.0,174.0,29.19259925024760
f1d428ec-c2be-4b9a-bd76-86bfd6193cdc,Clark Fire,36.501499,-120.389098,127.71648406982400,1.0,55.0,179.0,4.010946465772090
dd4afe59-3fa5-4505-b519-ae21aaf822a0,Mocal Fire,35.180776,-119.558308,445.0028991699220,2.0,35.0,176.0,27.155856476989300
82b3117e-68c8-4994-99e2-c863fe19f38e,Shirleon Fire,33.896179,-116.917099,747.0630493164060,2.0,80.0,173.0,42.20442720927680
9090538e-dcd6-451a-9641-fd08a8606707,Watt Fire,38.728881,-121.392475,27.77712631225590,1.0,332.0,182.0,3.903857665462010
a2d5f248-e4a3-4b3a-8327-83f2ba9b5be4,Mateo Fire,36.734329,-120.314598,49.85901641845700,0.0,180.0,180.0,0.334759815771979
83e1720b-4a7e-4402-891c-13a834b15d6e,Zediker Fire,36.617148,-119.520906,105.96307373046900,0.0,204.0,180.0,0.8263400067610480
8b16b848-b0c4-4a65-87d7-7222b774a7fe,County Fire,37.828925,-120.634375,142.28945922851600,1.0,11.0,180.0,10.562052785443000
7f2a842e-30da-4f04-9c47-7abf1847355c,Devil Fire,35.85008,-119.915199,109.58040618896500,0.0,157.0,180.0,5.64002975829375
b5746d62-f66c-4bc2-a8a9-4b91bce936b2,Bank Fire,40.089713,-122.398582,154.61257934570300,7.0,348.0,185.0,15.275480727049100
35ef0b0b-5682-47f1-a9c7-b2258f072fc3,3-9 Fire,40.636317,-123.5797,1695.9219970703100,14.0,246.0,219.0,87.26998734294860
24ea1259-3db7-44bb-9d52-ec12666d7c14,Howard Fire,33.56557,-116.718429,1206.410888671880,2.0,163.0,178.0,21.31907596625120
e7d90ab8-6031-4178-826e-69bbba7e8866,Great 3 Fire,32.99611,-116.44756,657.5952758789060,2.0,222.0,185.0,44.69534772935500
20df953f-6209-4537-943d-be4061a6cdef,Canal Fire,37.081421,-119.962104,110.10469818115200,0.0,271.0,182.0,6.209771081843680
28552125-1000-40d7-b0bd-f1433fe82de4,Hawk Fire,36.842961,-119.601701,131.90916442871100,0.0,309.0,181.0,2.0474265157432100
0262b8b8-a4cd-4dcf-a1e4-ad13c7569a0a,Firebaugh Fire,36.87565,-120.25511,53.80387496948240,1.0,177.0,180.0,2.5302897288318500
74f2dc61-32ff-4e11-86e5-d19112203bc0,Valley Center Fire,34.879647,-116.792378,584.4041748046880,0.0,242.0,180.0,1.0594674946118400
2cedf02a-5a4b-4a3f-b8e6-bb5f9157c546,Yer1 Fire,34.88011,-116.815632,589.4041748046880,0.0,358.0,180.0,2.410632734067050
6db79b13-4fbf-4f00-ae3c-f7da5e388a7a,Nby1 Fire,34.812972,-116.663042,558.3496704101560,0.0,54.0,180.0,51.75299921629360
de3e7a5d-9f8d-4c72-b60a-d40b94ac83c2,Rosamond Fire,34.72107,-118.25483,725.825439453125,0.0,191.0,181.0,1.874077624661690
82165e58-8aeb-41a6-9416-8e08ccc11efe,Tesoro Fire,37.01047,-119.7939,140.53851318359400,0.0,185.0,180.0,3.6068317834715300
8f5c5e63-78a9-42d1-a3d9-57ddb6c6a0af,Limonite Fire,33.975351,-117.505873,209.6970672607420,1.0,169.0,179.0,6.891187959804540
29be5ab1-03bc-46ca-b01b-5de2f4916c29,Red Fire,35.601284,-118.4733,778.330078125,3.0,19.0,178.0,63.64133202956430
46d80e55-328e-4dd7-9563-41c794e34337,Field Fire,34.9592,-119.698014,631.3936157226560,1.0,329.0,181.0,6.03720082143543
aeaaa127-7246-4a93-b7af-1a705002ada2,Fields Fire,37.565014,-120.425878,88.34786987304690,1.0,346.0,181.0,3.283785386456880
aa660305-cefc-41ce-8d06-f77dec63a8e3,Ranch Fire,35.442336,-118.82214,232.86294555664100,30.0,215.0,232.0,40.16113826392480
78c444a4-62f6-4a10-a6c5-82060428386c,Boyd Fire,36.573169,-119.238103,167.2296905517580,18.0,353.0,187.0,19.690159801130100
6a5bdbfa-a78f-45dc-a3b2-e417abfd9f50,Corral Fire,37.633908,-121.50259,163.38294982910200,11.0,195.0,189.0,30.016691079240500
6d453d50-3d81-4ec5-a2b5-9b207a809fe3,Border 53 Fire,32.577083,-116.806666,466.0284729003910,24.0,260.0,253.0,121.33378561865400
8272c94a-4757-4ee4-9395-69cf62f0d857,Raymond Fire,36.974519,-120.044449,84.84913635253910,1.0,143.0,178.0,1.2347243387599700
a952074a-0d98-4b47-a18e-f3265d778236,Park Fire,33.790804,-116.927045,498.52783203125,3.0,208.0,184.0,23.330779946380700
c1f2703e-94b1-4008-8f24-848ce731cf73,West Fire,34.91,-118.254,806.3550415039060,1.0,112.0,177.0,12.639526373381700
ef29e2fa-0e3b-4d2b-8a4d-710b4ba0c4b9,Shadow Fire,35.619008,-118.401334,942.5374145507810,8.0,260.0,205.0,76.97834403327770
6fd967b4-ccbd-46c2-a039-e9d5ab8bf0b2,Patterson Fire,37.714616,-121.568029,117.20291137695300,0.0,19.0,180.0,10.901929857933300
f9fafd72-6c1a-4a06-864f-dcd4ff15b5b7,Sorrel Fire,34.68341,-117.118935,1059.879150390630,5.0,200.0,186.0,37.68926504242430
d88897da-5b31-475a-981f-6d8367809aef,Springs Fire,37.842308,-120.524741,318.51123046875,3.0,217.0,186.0,9.14719625815352
b56fbb47-fef4-4027-b4dc-fb908dd86088,Russell Fire,36.916374,-120.657895,43.33355712890630,0.0,2.0,180.0,1.1711961723832100
9c71fa25-b34c-44b2-82a9-ba8748df5822,Road Fire,35.113531,-119.48669,470.3841857910160,16.0,292.0,226.0,22.60204360117470
8dc8f472-8478-4acd-abcd-53cff119034a,Lotus Fire,34.013717,-117.403656,309.1988220214840,18.0,72.0,127.0,70.27622572593000
3f7e4057-f059-4878-9da0-7ee294cd77ce,Bitterwater ,35.37367,-120.094361,625.35107421875,1.0,39.0,178.0,9.34094330329792
ea843ab2-4115-4cab-9ef7-3a2cb3af9a15,Crystal Fire,38.55954,-122.494472,117.4073486328130,27.0,220.0,233.0,62.37227877878990
fd38093a-e9db-4603-99f0-e760d7c92e97,Little Fire,36.777907,-120.729222,149.4937286376950,1.0,32.0,179.0,8.191629954078890
db080174-df55-40f9-b969-6f7c5109ece9,Devil Fire,35.85594,-119.94084,129.66798400878900,5.0,326.0,189.0,11.076050423614900
687f0b9f-3685-46d1-953b-38540b363b8c,Relay Fire,33.910994,-116.980503,788.5824584960940,4.0,162.0,177.0,14.324396878329400
5fbf1bfd-1767-4459-a8f7-eee8e83463e8,Gaskell Fire,34.82333,-118.30848,749.7194213867190,1.0,85.0,177.0,2.43022845944821
e7293335-36b8-4f37-b809-7fc5e0d7b7da,155 Fire,35.692183,-118.46771,869.5762329101560,8.0,21.0,171.0,77.4414857498084
2154a6a5-efaf-4c1f-a022-f9c9566a1a37,Lost Fire,35.735279,-119.69294,67.4124755859375,0.0,315.0,180.0,0.3104303124415750
198d519a-12b0-455d-bae4-42f078683a31,Pan Fire,36.786999,-120.764998,149.00254821777300,6.0,0.0,180.0,13.804040698268500
9ed61dc6-ca25-4cba-a9b5-f39c07a617b8,Albers Fire,37.904572,-121.765839,102.91922760009800,15.0,25.0,160.0,22.45393430765670
8f3b0140-1a30-4433-a147-e8574581db2c,Garlock Fire,36.991558,-119.514348,357.1535339355470,18.0,213.0,211.0,42.69414667494740
fa87ab64-243c-4b62-90b7-312c020e656c,Morgan Fire,33.487833,-117.052745,358.9887390136720,4.0,31.0,174.0,18.256195927453800
591daf80-c234-485c-8d0e-38c9c6049980,Poleline Fire,36.928296,-120.834941,84.66079711914060,4.0,58.0,170.0,47.68763691707110
6b829633-220c-4833-b6a7-f3bd61c5d97d,Koala Fire,34.520882,-117.451094,951.098876953125,1.0,6.0,180.0,7.750207090110220
f0c2d5f8-c9d2-41c6-81b0-9bef9d78b798,Springs Fire,41.474683,-122.520453,1393.19873046875,11.0,114.0,149.0,112.47810351135100
66cf145e-229a-4100-b7be-7d6514e3d897,Greenville Fire,37.72154,-121.702293,174.05686950683600,1.0,257.0,184.0,21.82333700133890
4cd301ff-b6a5-4615-b67d-d458beeefd6e,Cody Fire,35.64995,-119.031458,281.3270568847660,5.0,62.0,167.0,11.735734412563100
075f245f-4c62-4ff6-b1da-5ed9273da348,Aquaduct 2 Fire,32.84445,-117.08492,173.7865447998050,6.0,238.0,197.0,24.12941657535520
bcf1cd5e-d4c8-49bb-9635-230e0b1057b5,Rock Fire,35.774138,-120.772339,216.62564086914100,5.0,59.0,168.0,15.415459636193600
ed47f029-1282-4d6b-b00a-1abdc40418e5,Creek Fire,35.346667,-118.386667,1039.901611328130,15.0,212.0,205.0,58.18726122936020
32d9aad1-a755-4e28-8697-c593e45472b8,John Fire,38.00994,-121.91945,58.93448638916020,6.0,290.0,199.0,31.85318758001710
0059b627-3b2c-4f13-865d-246af0e62ee9,Forest Fire,34.51346,-117.785551,973.1851196289060,2.0,345.0,182.0,17.98292865366670
ce63986b-174f-46e1-9e29-38e7c848783f,Rawson Fire,40.111484,-122.232365,96.7206573486328,1.0,75.0,178.0,1.9444158764222100
add17318-bcac-4a2a-b413-1e225d62812e,Spenceville Fire,39.133016,-121.309465,113.37973022460900,2.0,43.0,175.0,18.08229485151630
24c4eb8f-5ee7-4fa9-ad87-b3c69d6580cd,Acorn Fire,38.1179241,-120.79181,260.7431945800780,11.0,221.0,204.0,20.68577711516530
410327d5-b412-4a81-99f5-bd10c9e9c832,Cod Fire,41.900664,-122.444022,832.947265625,9.0,12.0,175.0,42.78586447982390
d4696bb6-7e95-48ee-8573-477aa199a1c2,Flynn Fire,37.719182,-121.660326,307.6397705078130,2.0,97.0,175.0,44.12397329426160
06a7fc2d-2bf7-4595-8449-04bb3bcc3d5e,Jellys Fire,40.354308,-122.172379,120.27349853515600,2.0,296.0,186.0,13.643683383239300
ff39bc4c-ad87-412a-b9bd-542cf13e9fb5,Stoddard 3 Fire,34.72209,-117.16739,980.0828247070310,7.0,285.0,200.0,37.8573267147129
2ee0c53b-1f9a-461e-918d-b8a6dedc1bf3,Carmen Fire,33.91768,-116.75466,493.5947570800780,2.0,134.0,176.0,14.646850223030500
bb8c7694-46c8-4eb0-8fa0-0c9d4b45664f,Travel Fire,36.074598,-120.102025,179.1868438720700,2.0,24.0,177.0,25.634149943837500
7860b848-c83b-4f45-9359-91836fc1d8c8,Lincoln Fire,34.65729,-118.09927,754.2561645507810,0.0,189.0,180.0,3.1468253930276000
408d5919-b681-4480-8fcb-634bd50494fe,Hinkley Fire,34.89273,-117.188996,691.0768432617190,1.0,90.0,176.0,2.9797371768224500
c0a1383e-6793-4916-a4a9-9c338ca92638,Oil Fire,35.506667,-119.071667,226.03797912597700,4.0,223.0,189.0,11.65299573226880
4009f1e2-b3ff-407e-9aa1-a211930e6bff,Bear Fire,35.293114,-119.953932,589.9229736328130,0.0,201.0,180.0,0.6721912644634480
deb14d04-54d8-498d-8f44-7e318d1a194f,Grant Fire,38.59179,-121.17954,82.53905487060550,1.0,132.0,178.0,3.178183997901060
1e0cde32-bc40-4d78-a9cd-052f304f1103,Llano Fire,34.498542,-117.686469,1036.840087890630,2.0,354.0,181.0,12.488255188386500
578b4cc5-a0b3-4d99-b06e-69ffc53a6220,Johnson Fire,38.177683,-121.033739,74.25201416015630,4.0,272.0,194.0,10.640303229489400
cf71f1c1-3a96-4bc9-bb51-fe036b5c17c5,Peterson Fire,39.879737,-120.028888,1387.18505859375,3.0,9.0,179.0,13.494420311092100
e493c4b8-5848-4f01-ac3a-d577c393eb12,5 Fire,35.50256,-119.53449,87.74718475341800,0.0,218.0,181.0,3.093681529285970
03232795-7d5f-4998-b04b-98628cdb40db,Felipe Fire,37.28197,-121.73844,233.93576049804700,11.0,266.0,215.0,46.62439278955870
c93f7495-a345-4416-80b1-fb91996fa7dd,Post Fire,34.79208,-118.8521,1175.8248291015600,22.0,5.0,174.0,46.632776256034300
2e93fb95-8e13-4724-b358-ca3824e4a6ca,Junes Fire,39.369439,-121.518592,43.48379898071290,1.0,278.0,185.0,9.896504014996420
99234b51-ab68-4aac-978c-af52b5a2f575,Hernandez Fire,36.400976,-120.986676,533.891357421875,8.0,177.0,179.0,58.50936326089820
e25bfa39-b7c2-418a-9dd1-af0fa6677fab,Rocky Fire,39.548761,-121.355159,414.2441711425780,7.0,296.0,199.0,43.03703292624300
b82bba9f-0d5e-44a4-9547-190c7b147ebc,Sioux Fire,37.207647,-119.673538,694.6432495117190,6.0,273.0,201.0,9.41385555431073
520a9130-6e98-4f88-b654-0e77e33edb04,West Fire,34.73279,-118.29017,740.6035766601560,1.0,92.0,179.0,2.624284962267030
d110b1b2-327e-43e9-9c26-d49a1fbcbf15,Hesperia Fire,34.30769,-117.28811,999.8259887695310,4.0,315.0,190.0,50.28206227867810
2aad2b91-45f7-42b9-8299-1cdf3aacf1c2,Excelsior Fire,38.52658,-121.28408,37.96901321411130,1.0,177.0,180.0,3.322204423784970
38faf6b6-365c-45f8-9e45-a6d121a4178b,Lisa Fire,33.943389,-117.06443,736.9592895507810,38.0,351.0,197.0,29.92958465675740
8cc1df77-db00-4f1e-a167-66941973a5b9,Point Fire,38.705475,-123.012253,269.5489501953130,15.0,128.0,143.0,54.71810421056220
b1c20387-c024-40d6-bb7d-ed46655c4222,Inkopah 5 Fire,32.655183,-116.099983,888.3007202148440,6.0,94.0,163.0,68.04112219826270
e4775796-95cc-45ef-b47a-f07c84169590,Summit Fire,34.369667,-117.335667,1044.0703125,12.0,211.0,200.0,22.514216826126400
df73d9d0-1193-462a-836b-baca046bd399,Elgin Fire,37.097775,-120.635371,31.902671813964800,0.0,328.0,181.0,0.2505175457737080
b20598f6-8122-4d4f-bb49-1d9657b48916,Max Fire,34.67529,-118.27108,730.8656616210940,1.0,90.0,176.0,6.823510494824620
cba02f77-7fd1-4870-b4b4-e25a1d30cfe8,Hidden Fire,40.72052,-122.23967,291.2682189941410,15.0,132.0,146.0,24.94684286718310
b1345511-654e-48c2-a117-7c5c3322567e,62 Fire,33.984079,-116.583039,497.901611328125,3.0,133.0,174.0,18.272114981001900
2a44c40f-2777-488e-8830-bdb0c668b0b8,Tuscany Fire,33.847642,-116.569117,309.6596069335940,9.0,86.0,151.0,93.81738228962100
4cc240db-5c8a-4833-a4c6-8757772a858f,Slough Fire,36.996139,-120.383187,46.6206283569336,0.0,197.0,181.0,0.4836338820113110
a172c94e-6352-456e-b2fd-424844667ec2,Railroad Fire,37.010829,-120.056215,87.784423828125,1.0,216.0,181.0,1.8056268860500700
311ac02a-61aa-4a29-980a-998ce071f438,Sites Fire,39.31646,-122.46934,414.6212768554690,31.0,110.0,93.0,25.419031831061700
9f426988-5213-4e2c-931f-52517cb4d3e1,Stage Fire,35.942249,-118.946399,236.65061950683600,3.0,233.0,189.0,23.48948881388990
84856109-00eb-410f-b86e-908b8788fbfb,Coast Fire,36.311477,-121.855352,286.0063171386720,5.0,303.0,194.0,74.03280696705070
4c10216b-5a51-4a3d-ae55-700d44bd2bee,Douglas Fire,38.54166,-121.24438,50.133583068847700,12.0,90.0,142.0,3.308256491408410
ea7c5069-2636-470b-bfba-5aa621fb8a98,Aero Fire,38.031684,-120.684174,399.9811401367190,6.0,96.0,160.0,41.11476190476420
a53fc171-b27f-4475-8968-4789becbf807,Ingomar Fire,37.15858,-120.968478,28.68230438232420,0.0,0.0,180.0,1.135570944404820
120b981a-e8e9-45a9-aeee-f1f0d1aa2aaf,Spring Fire,37.843349,-120.50804,322.48614501953100,5.0,284.0,196.0,17.02114428367220
cd7aebca-2b90-4953-a108-2a0cab35a196,Sky Fire,35.32752,-119.462711,159.93002319335900,5.0,111.0,166.0,25.82114662739490
2d437393-53dd-43c7-93db-5822d65372b8,Scotts Fire,39.118221,-122.984408,442.7617492675780,8.0,109.0,155.0,52.65641115644910
cd369e40-e1c3-48be-8ef4-4561980bd9b1,Daytona Fire,35.382,-118.878444,213.9398193359380,0.0,3.0,180.0,10.580641773525600
5892dc0c-3c9e-481e-8be1-580a1f9c8bdc,Vista Fire,36.960029,-120.653749,36.12800216674810,0.0,270.0,181.0,0.4236545795443080
965204c6-995d-41ef-9df8-6e1ffa3f1538,Side Fire,36.016118,-118.828001,276.8065490722660,14.0,331.0,202.0,75.287162269366
ccba94f4-0300-45e6-9f9c-247ad68ef603,Kirk Fire,38.220139,-122.234173,49.4560546875,1.0,296.0,182.0,10.551818363997800
d379549a-4026-49d4-81f7-12eee7c3134c,Double Fire,39.458459,-121.303342,558.9482421875,15.0,142.0,151.0,68.02057843341070
f7853da2-4ea7-4d3d-8dcd-a032f1e68275,Pfe Fire,38.728881,-121.392475,27.77712631225590,1.0,332.0,182.0,3.903857665462010
61fcca17-72ce-4d55-ab63-b476f513d46b,Basalt Fire,37.060845,-121.057483,84.59260559082030,2.0,11.0,179.0,9.434281957385260
c393bae6-7c2f-49e0-8d83-e1bb77d887d7,Gulch Fire,37.313117,-119.791537,642.389892578125,9.0,64.0,154.0,37.69044009178070
bc72883a-cba7-40df-9188-54c801003b3b,Water Fire,35.60366,-119.96709,270.7638244628910,2.0,56.0,175.0,14.50313554800170
dc7cec75-1f29-498e-9139-01644df3b418,Jolon Fire,35.87405,-120.835545,151.22486877441400,6.0,45.0,167.0,23.50867743096390
3c562f83-c547-4567-a729-9cf73cdf83c4,Willow Fire,37.154953,-119.91267,229.95611572265600,1.0,73.0,177.0,10.591228123066600
0aa93bff-3d1e-43af-9958-fa526cd40c31,Border 58 Fire,32.58748,-116.894511,288.62725830078100,25.0,249.0,250.0,79.96431046679410
912ab9e0-9c07-47c9-8c02-c140d91722ee,Watts Fire,36.91237,-119.419517,550.93798828125,27.0,255.0,255.0,56.997034355498800
ad646835-4be4-466a-967e-7c6382f04bf6,Needles Fire,34.85092,-114.61131,146.72962951660200,0.0,146.0,180.0,4.86681468514646
ba97837b-0723-465c-8782-4b5168dcbe94,Valley Fire,36.274399,-119.090599,162.36512756347700,7.0,218.0,195.0,47.21814517772150
7dcfb7b4-7b93-4338-8969-ba1041ab9986,Oak Fire,33.653953,-116.927015,634.2260131835940,9.0,336.0,192.0,54.23407243169110
112e618e-f612-405b-8908-5df603790f77,10th Fire,34.974609,-118.137537,781.8153686523440,1.0,88.0,177.0,2.5721049171213000
1d36aec9-c1bd-4049-a40b-096c6b7dc0b7,Serrano Fire,33.89433,-117.55522,188.4801483154300,3.0,158.0,177.0,21.862879318263000
ef627541-e8c5-410d-80b4-d6216e4bbbcb,Muscat Fire,36.68179,-119.35579,204.08474731445300,11.0,285.0,213.0,23.84757811670520
972ad75a-fadc-4018-945d-6f5e8b10db6b,White Fire,37.42087,-120.00789,522.8009033203130,10.0,38.0,161.0,58.83604850597170
f2432688-2a7d-4030-b3be-94991c782cf5,Willms Fire,37.814796,-120.656478,100.41185760498000,2.0,262.0,187.0,20.145371535369000
ce429295-7bae-4567-b520-77c78773ece3,Amoruso Fire,38.82437,-121.3909,28.564760208129900,2.0,328.0,183.0,1.6103064258224200
bda3e0c7-b52b-43ca-9459-54fc1a490bc5,1-2 Fire,38.029246,-120.956888,72.2812728881836,2.0,289.0,186.0,7.736354952642520
31a75af9-c850-423f-9a3e-2d8be2bb5f07,Apache Fire,39.418598,-121.482631,153.43081665039100,5.0,291.0,194.0,17.827011563809300
dbcdf92c-2be1-4f61-afa7-e0eae6cec5c3,Bear Fire,37.557104,-120.171776,536.786376953125,14.0,317.0,209.0,73.85788627043210
f4e5e8d4-2398-42c4-ac64-42750dca4e7f,Lavender Fire,35.61181,-119.956633,264.68756103515600,1.0,356.0,180.0,6.522700571606490
26f3518d-8978-4220-b98b-42d51c89ef02,Preston Fire,38.845861,-123.019703,136.36660766601600,2.0,202.0,182.0,55.35647747109870
220ed40b-e932-487d-a206-fa99fb194849,Fresno June Lightning Complex,36.78113,-119.345863,283.81121826171900,8.0,207.0,192.0,31.473014005522
5da0884b-54c9-453c-9e71-54faa8ec0993,Anchor Fire,36.631882,-119.3226,128.8279571533200,0.0,115.0,180.0,1.3294214877169700
15fecb82-73d1-4cde-b30b-ce5e14cb8cab,Round Fire,35.48989,-118.93111,318.3096618652340,16.0,161.0,164.0,28.55139305656520
3ad0f5ed-bb4e-4289-bce3-72a1a843ecb9,Crabtree Fire,37.732422,-120.596351,69.6316146850586,2.0,118.0,175.0,1.7734338648491300
99c744c7-b28d-48d4-a5ce-55fc82f942d4,Pass Fire,37.744764,-121.596245,105.15271759033200,4.0,161.0,176.0,15.532792402321600
9226f0ee-ae1d-4ca7-8a21-9390b6215c85,Basin Fire,36.868064,-119.110336,682.0255737304690,30.0,56.0,106.0,109.51580065779100
9013c77d-b3dc-48c2-8169-5be382acd2e5,Columbia Fire,34.72313,-118.325308,763.6581420898440,1.0,63.0,178.0,3.878006978447030
fd62ec6c-4c45-4f1e-a6ca-243c424490cd,Clear Fire,41.884414,-121.239191,1383.9532470703100,0.0,95.0,179.0,7.034483488031840
57c216a3-72ab-4647-970a-163b1267b33a,Empire,37.933129,-121.777999,72.85427856445310,2.0,295.0,186.0,10.148858272029100
367eee05-f2fb-41ba-ac19-4a4f2a7784e2,Hollow Fire,37.672148,-121.457333,87.30670928955080,2.0,117.0,174.0,8.12370001458353
aeec4240-3b0f-44b8-b8be-21da8e9b5acb,Veterans Fire,40.477613,-122.544406,324.9056091308590,1.0,87.0,178.0,17.306843438743900
68755884-e4c5-4564-830e-94df1e45f9bf,Bar Fire ,39.5281902,-121.533535,124.46285247802700,8.0,171.0,176.0,18.691549578054
26de0e6c-5714-427c-a66b-d82d425f3842,Pizona Fire,38.000167,-118.49,2365.48046875,18.0,325.0,212.0,52.06745545453120
18a08d2e-68bf-46af-84eb-40cdb3e20e87,Spring Fire,40.402809,-121.994709,324.1825866699220,1.0,309.0,183.0,8.332018407950280
b12d1a65-9cf4-4706-af93-bed155dedb27,Lime Fire,38.197384,-120.80076,219.5562896728520,4.0,191.0,183.0,20.53592001133630
4d1eb95c-6e27-4af4-9133-d053b8310cbd,Sheering Fire,38.163167,-119.985167,2087.955078125,4.0,144.0,173.0,61.4356049049105
c65eb4f5-33c6-4472-90e9-d286270fad66,Adobe Fire,37.422757,-121.36663,326.3943786621090,6.0,8.0,178.0,63.403862183085200
0df347a3-2aa0-463d-bb06-2ecc2f5275c6,Cotton Fire,35.782724,-120.202099,579.42724609375,13.0,166.0,170.0,37.54800072018220
b626b2e7-7816-4152-9515-c8db804022ff,Frazier Fire,37.06783,-119.50857,595.7674560546880,4.0,183.0,181.0,21.624030430684500
d6fdb527-4cdb-47c0-8c60-58bb42dd31e1,Lonoak Fire,36.21923,-121.08223,151.3762969970700,1.0,242.0,182.0,12.36819361243750
e9b91c35-173f-4e81-a03a-cd63fac47e5e,Round Fire,33.94343,-117.061943,692.9877319335940,2.0,62.0,174.0,28.216282977148200
537d9c10-45f0-4cef-b936-580e9f08775c,Mines Fire,37.520283,-121.5458,689.9501953125,1.0,272.0,183.0,49.45545288442080
86c8ff02-a1bd-4de9-80d6-a6cfefa224eb,Creek Fire,38.895723,-120.930485,471.42034912109400,8.0,224.0,198.0,22.0630160681334
f64533e4-f034-4660-a6fa-31a36d5616e0,El Paso Fire,35.486517,-117.74823,963.739990234375,5.0,100.0,166.0,41.06376902522210
1a69fba3-9511-4978-b8ec-3392d6a64973,Indigo Fire,34.45733,-118.64093,369.5562133789060,2.0,177.0,180.0,24.23969296468500
ca49af04-92e9-4e98-809a-8607939a4c2d,Sierra Fire ,34.04119,-117.43441,353.9559326171880,10.0,336.0,193.0,75.53988433261980
3b60ebfe-2fd6-4f0d-9a88-22d1e0c0941a,Brentwood Fire,35.279739,-119.95363,587.0877685546880,1.0,25.0,179.0,5.065136221079700
ca854fbb-92a1-4142-8155-4efd9c0f3906,Canyon Fire,37.438803,-121.335653,299.5224304199220,17.0,314.0,217.0,64.08123694420160
60babd50-9806-43f4-abed-d2718bd70f7f,Kitchen Fire,32.717444,-116.47191,984.8333129882810,2.0,92.0,175.0,44.0577178117314
99f2e9d4-f771-40d4-8eb2-d56ab49ef211,Kern Fire,35.434012,-117.977028,1004.0618896484400,1.0,128.0,177.0,7.849344116806610
b0bd7da9-58b2-405b-ab35-bfd931bf4a78,Mccain Fire,32.660837,-116.231794,948.4002685546880,12.0,141.0,157.0,67.18554791711910
4a98e8c8-7580-4a5f-b15d-4f7190db358e,Sunrise Fire,34.432003,-117.834801,1199.71240234375,5.0,342.0,185.0,59.94526728301310
5bc3c8c8-d881-4455-8a7d-93811e70b0d9,High Desert Fire,40.408993,-120.52602,1276.4525146484400,1.0,192.0,181.0,15.909964989531800
a0512940-e935-452a-b4a1-bf8e6fbee93a,Toll Fire,38.63744,-122.585297,445.8590698242190,26.0,271.0,255.0,126.26200781569300
dd88859f-53c8-41f4-b697-5e7623f8eeae,Thompson Fire,39.53793,-121.5467,88.86422729492190,14.0,88.0,136.0,34.04093210234260
2bce08e5-efea-409f-a8c6-bc8f9254432e,Yolla Fire,40.386141,-122.760479,459.1820068359380,18.0,63.0,131.0,38.84839804500980
40dd06ef-4937-4646-8950-849397eba75f,Denverton Fire,38.242509,-121.91466,8.271602630615230,0.0,152.0,180.0,3.897773962265680
4190d31c-2571-40cc-9f84-bbc320ff9b62,Border 60 Fire,32.582559,-116.616755,561.9564819335940,6.0,208.0,189.0,13.788188540209400
ef4e05b7-9ca7-42a0-afbc-2c98accaf08c,Airline Fire,36.65921,-121.22114,489.1452026367190,31.0,266.0,255.0,51.92321493960770
b5803b5d-30ac-4638-8be4-b29eb4386d6d,Moccasin Fire,38.63826,-120.774929,582.5193481445310,9.0,240.0,206.0,94.31010991505260
f56284c7-82cf-4384-a344-61e133842dcc,Bowman Fire,35.608374,-117.899544,957.4066162109380,2.0,57.0,174.0,19.26734288660770
073a621b-0e81-4a52-9332-1b32a9400d21,Luken Fire,33.79682,-117.264072,528.1602172851560,10.0,311.0,205.0,16.441550085710400
475bb3e7-2ff7-45dc-8a88-ad819f7c6d7e,Power Fire,35.470889,-118.750959,375.0716247558590,7.0,108.0,160.0,147.84327944747200
6aa086da-4175-4eec-88a4-563e410f55a0,Sharp Fire,34.294625,-118.742209,371.6721496582030,27.0,205.0,215.0,36.77032141753510
5a0d9121-cb79-420a-bc1b-e0a897674944,Olive Fire,35.612809,-119.9569496,263.0103454589840,1.0,358.0,180.0,6.463517319802030
2e65fe33-1053-4be1-8025-ea4116b7b60b,Berry Fire,35.633333,-118.816667,751.9282836914060,10.0,157.0,168.0,39.46331031555070
798bb0b3-8d70-4d9c-a0b6-094c9013a4da,Shelly Fire,41.465297,-123.057551,1805.0733642578100,22.0,260.0,247.0,140.44389599380300
3400d0b8-e3e2-40a1-928b-47e56e243937,Orchard Fire,35.10995,-118.3970832,1248.549560546880,2.0,23.0,178.0,12.939784498711700
697597c5-38dd-4db4-8f1a-e9d53c56b2e5,Adams Fire,38.91033,-122.607362,420.0050048828130,1.0,253.0,184.0,20.633653465338700
4d60a968-e916-483c-89b8-ae7991b191a2,Watt Fire,38.736113,-121.392532,29.18307876586910,1.0,148.0,179.0,2.7926259054637000
da951cd4-b460-4d36-a4c7-f914f12ac31f,Olinda Fire,40.439362,-122.415486,236.09768676757800,0.0,0.0,180.0,2.732052309386540
4130ec76-340c-450d-996e-c4e2c71a2365,Little Fire,36.786172,-120.757128,153.5399932861330,1.0,322.0,182.0,12.198138420551800
cfed11d4-8e8e-4d81-b373-f96c756ee12f,Grubbs Fire,39.43511,-121.507399,116.89099884033200,4.0,214.0,188.0,16.013358419765900
2a21f77a-0db4-4cd9-b1a6-3af4ead89e8d,Slough Fire,38.493205,-121.161253,38.76097869873050,2.0,117.0,176.0,5.455851760145520
4a8ced50-3e3d-412e-87cf-37ee5045ddeb,Adrian Fire,34.573279,-118.1935,910.3245849609380,3.0,265.0,191.0,19.372105822987400
263df749-7279-4200-9c93-b36eb00526c7,Grande Fire,37.46973,-121.23728,182.8432159423830,32.0,321.0,240.0,82.90696202298700
22d0590d-60a8-488c-9ca9-605e686473a5,Sotelo Fire,33.72325,-117.23049,552.5997314453130,22.0,23.0,154.0,43.85658479219260
b60b3089-a801-462b-a3de-3ded5f8c72ea,Deer Fire,40.2003,-122.30328,146.4873504638670,5.0,209.0,188.0,8.57396065282058
289f036a-eb92-4ae2-9d1a-0356a259dfda,Highway Fire ,35.25322,-119.2071,96.07740783691410,1.0,357.0,181.0,0.7908077139620540
12b846f3-b12a-477c-acb0-14a93a94412e,Meiss Fire,38.483838,-121.074404,58.20494842529300,2.0,214.0,183.0,10.164520243081100
a96e7558-807f-481e-a8c5-ddadc9829be7,French Fire,37.50959,-119.9771,762.3275756835940,11.0,163.0,170.0,70.51171446777800
bb10e33a-6f40-44f4-875b-1f87694e87a7,Nason Fire,33.928252,-117.191529,510.17095947265600,1.0,162.0,179.0,15.460121879735100
86cbe59b-509f-4d16-bd7b-ac29e1145084,Sonora Fire ,34.50711,-117.5124,1002.8458862304700,1.0,37.0,179.0,8.429482332119100
94cb3aa5-ae82-4b57-8b25-b59309da9f23,Lumpkin Fire,39.54992,-121.35037,420.06097412109400,19.0,94.0,123.0,39.65584915623660
3dddbc43-507f-4b3f-ace9-14342e2ea5af,Rd 18.75 / Ave 24 Fire,37.09824,-120.206748,78.83553314208980,1.0,79.0,177.0,1.3521579083862200
e829b726-f797-435e-85d5-fd2b4fa5b2cd,Storey Fire,36.974414,-120.032252,87.34148406982420,0.0,302.0,181.0,1.1186493688731000
c850a914-f9f2-4e3f-9605-45c3c871ac93,Paloma Fire,37.396908,-120.460411,69.59785461425780,0.0,244.0,182.0,4.224484697563690
81fa266f-2ad8-4826-a316-faf872deae23,Dersch Fire,40.494374,-122.04948,374.4422302246090,3.0,223.0,188.0,18.13722923019250
2a35910f-6546-4f86-9314-846774ae7776,Hills Fire,33.757944,-117.113903,552.0185546875,2.0,140.0,175.0,38.29246066669670
bd450df3-28c4-497b-aa53-6bb4cf72c9ca,York Fire,35.82553,-120.05765,211.0195159912110,0.0,87.0,179.0,2.205283242649560
bc6db02b-254b-4857-9bd9-2ec52580960e,Lake Fire,34.785,-120.044833,826.3368530273440,35.0,324.0,241.0,104.34929116312400
a34d2d90-9bc3-4d2c-bf8f-66b01d3792c3,Plenty Fire,34.4792756,-118.506107,474.1093444824220,29.0,176.0,174.0,35.8443799362964
1fee6b10-8868-412b-973d-9af87fd96c06,Rancho Fire,34.173631,-118.853661,313.95086669921900,19.0,285.0,238.0,36.5233077992332
2b097232-3f87-4cf3-85de-169a64cddc14,Vestal Fire,40.200879,-122.539089,257.2817687988280,2.0,3.0,180.0,16.37785844910040
5c70cc79-8ef5-4306-97fa-74093ab5bd89,Pocket Fire,38.742834,-122.907373,107.17989349365200,9.0,129.0,159.0,33.60261359719060
e99e51fc-7eb4-40eb-82a0-22bc6989543f,Pay Fire,38.7231,-120.7549,782.5516967773440,17.0,158.0,161.0,47.222098622044200
b7ae358d-2766-4f99-a677-f231fae07dd8,Cahuilla Fire,34.5444065,-117.131163,925.9911499023440,2.0,199.0,182.0,17.563362145570100
7701bdad-0622-432c-a822-1d6bf6de8c2d,Lucern Fire,34.45196,-117.03341,901.5248413085940,1.0,91.0,178.0,3.2593507687751700
4377f847-6f0f-470b-8319-4cafd43eb902,Top Fire,33.964275,-117.3048,466.1732482910160,8.0,204.0,191.0,92.25286477635510
47d84716-507a-4630-af90-8ecdf542bc9d,Granite Fire,37.7133123,-120.325444,383.5396423339840,9.0,287.0,208.0,27.62297446428640
59096d89-7195-4b37-b4cc-6d02ab922848,View Fire,34.19518,-118.90918,195.4786071777340,7.0,122.0,162.0,24.885676918542600
c709ed98-7c0b-4b1f-880b-ca435696b8fa,Blue Water Fire,34.169517,-114.276308,118.84799194335900,8.0,190.0,184.0,9.097878801246800
3a6eccd0-40fa-4d68-97fa-e38f93f0458c,Vista Fire,34.292101,-117.606101,2020.7259521484400,23.0,340.0,204.0,155.94363176200500
ac4229e1-c4aa-498e-b407-4c19021a5cee,Post Fire,33.788907,-117.293584,552.4769897460940,8.0,237.0,202.0,21.00921676351590
f2edef16-123c-47df-8cfb-5822aaa4e6eb,North Fire,41.256864,-120.503588,1381.3502197265600,3.0,271.0,190.0,13.368867161186400
fb03fcdb-e84c-4edd-8457-126b805119f2,Royal Fire,39.2393,-120.4168,1581.476318359380,28.0,16.0,157.0,209.81821882392900
f500704e-ed06-4a63-8ac4-55dc34c688d2,Hilldale Fire,37.081199,-120.998125,54.20707702636720,1.0,61.0,178.0,6.3160193019935800
14837591-2b5d-43c0-bfa9-48d9ed8da226,Tesla Fire,37.66504,-121.696665,218.21429443359400,0.0,183.0,180.0,7.543348433610790
f030fe29-09cc-4912-91ce-4c47048f6fb4,Sand Fire,36.640352,-119.242623,164.7418670654300,2.0,142.0,176.0,21.29505291023480
d08b8b6b-585b-40c2-9b40-99ec5adf5513,Mina Fire,39.970543,-123.38746,656.229736328125,1.0,167.0,179.0,43.77046539652750
1d2f4147-5768-4f7a-b777-42f72c9d75b4,Bogus Fire,41.884429,-122.392257,819.6708374023440,3.0,4.0,180.0,45.288798926645800
50cb3627-a575-44c7-b740-498a14c33a1f,Franklin Fire,35.591462,-120.645939,262.8741455078130,4.0,313.0,189.0,6.267107738823060
6436e8b1-ccaf-427b-87f1-25334be1ab1a,Caliente Fire,35.273067,-118.651434,523.9561157226560,13.0,199.0,193.0,24.070574052225500
704f4c46-c67f-4cd6-ad76-1bb893764f0e,Cow 2 Fire,36.026333,-118.801528,311.1094055175780,1.0,240.0,184.0,68.34801607418670
8887929d-bf06-47d5-aa8b-c592cbe60134,Teresa Fire,37.201128,-121.736403,77.82532501220700,1.0,347.0,181.0,5.516215257577380
16fd6b9b-95dd-4fac-a4bb-43af69c55401,Todd Fire,34.7192091,-118.023431,722.980224609375,3.0,183.0,181.0,2.2290454091252000
24a84ad7-76f0-4880-94d6-15afe21ba92c,Panoche Fire,36.6067,-120.8765,407.0162048339840,7.0,28.0,170.0,18.260947498067500
45612673-c1eb-4b45-823c-58ac4cd9bf04,Woodland Fire,34.60698,-118.3211,1142.7532958984400,22.0,337.0,206.0,63.20307887205330
095a04be-5c4f-46bc-a26d-afee87fe3013,Poppy Fire,34.43725,-118.3404,616.1968383789060,19.0,156.0,156.0,75.41365727604650
fdb9b539-dbfe-4112-98b3-ce893d831e9e,Point Fire,40.11416,-123.7729,396.9380493164060,15.0,356.0,183.0,105.06949771560700
c9814313-be52-4d48-a846-266c8b156c38,Breckenridge Fire,34.400099,-118.783698,197.09344482421900,1.0,286.0,182.0,15.63860315509980
7c1116af-a5e8-4a35-95b6-6f46dddb7f7b,Ranch Fire,39.803617,-120.03505,1554.663818359380,8.0,146.0,166.0,20.223794213151700
e7249ade-ad19-4caa-a763-a2181e9658f8,Railbridge Fire,39.40436,-121.49395,110.90095520019500,5.0,69.0,166.0,15.191577083311900
56f348d1-578a-4495-afa9-045eb8d3181b,Carrizo 5 Fire,32.636552,-116.165773,867.8472900390630,4.0,271.0,192.0,72.59518123292990
2987a61b-04b5-46f7-9d10-a44a98f2c906,Bluff Fire,33.95319,-116.87638,868.5957641601560,29.0,224.0,240.0,58.01049126022300
1b0ccbca-742f-4831-a196-476252eaf7c1,Ranch Fire,35.9001968,-120.433304,465.5383605957030,1.0,247.0,184.0,15.175711188234400
adb3cd9f-c3bb-45c6-8ee7-7de9728408fb,Athens Fire,38.8364594,-121.332377,36.66720199584960,1.0,64.0,178.0,1.9692513503577
6ba3ef43-a6ad-486d-8df8-ec24dfdcbfff,Pauba Fire,33.485557,-117.02173,440.9847106933590,8.0,239.0,201.0,63.050345135852100
60b87395-037e-4e90-be9d-00f555a2bf2b,Indiana Fire,37.112938,-120.595644,31.323331832885700,2.0,135.0,176.0,0.636843891312379
b1e1dde9-05f4-46c8-b539-dccd6d54dbe5,Pilot Fire,35.2928626,-119.242617,97.35929870605470,0.0,138.0,180.0,0.7328647046040290
5d90917c-38cf-4ea9-86d6-e3a1d2728b0a,Hurricane Fire,35.199333,-119.695667,843.9135131835940,14.0,216.0,206.0,45.36962341842750
597e7925-6013-4b71-a67a-ddaeec31b92a,Soda Fire,35.009077,-119.531779,899.0220947265630,3.0,129.0,172.0,39.40183349063460
277af290-74fa-4b77-9f74-58b232a4f098,White Fire,34.963024,-118.533425,1571.6038818359400,25.0,2.0,178.0,106.64210025920100
bddf75c9-e5b6-4b7c-af80-a9f1dd57963b,2024 SQF Lightning Complex,35.986772,-118.311422,2251.071533203130,41.0,359.0,182.0,93.7466614264942
5c4423ff-da1b-4b58-a72b-1fbeb4522da9,Minor Fire,34.67478,-118.253976,725.6099243164060,1.0,350.0,181.0,3.511301654668180
6092d73f-828a-4218-b723-0449fb456861,Rancho Fire,35.10343,-118.746636,606.9457397460940,28.0,315.0,241.0,99.8761417132001
61215509-76e2-409a-b3df-71cb588e3387,Packsaddle Fire,35.9273945,-118.429923,2391.239013671880,16.0,286.0,228.0,95.47470370155020
5f6960bc-d915-41c0-8cf0-0a3b7f0af755,Horse Fire (Previously 3-7),40.9067636,-121.179979,1323.492919921880,3.0,248.0,188.0,30.54743369186020
0c244aa0-4712-4a7c-93d6-42607825a950,Rim Fire,40.90368,-121.160755,1336.9891357421900,14.0,294.0,221.0,43.350513266858900
8ff00a3e-f9a6-4c09-8aa0-5549f351312f,Quality Fire,36.576457,-118.057587,1124.979248046880,0.0,137.0,180.0,5.68291923922977
085e88f6-33b7-4aef-adea-cda9dc7ef7f4,Mcnab Fire,39.041985,-123.15297,173.32044982910200,3.0,88.0,172.0,38.98661402918540
e336a3ee-7318-4439-bb9d-b23f325782e8,Solar Fire,35.856649,-120.278024,508.6773376464840,5.0,170.0,178.0,29.36519509382790
52f6d338-b396-418c-bff2-17c8ba9412fb,Laura Fire,35.56702,-118.40739,1193.2874755859400,30.0,121.0,103.0,103.93208176423600
8a0cf23b-e02c-476b-83e4-11bafd022142,Dewey Fire,41.765149,-122.353169,1026.8787841796900,5.0,154.0,173.0,28.221430228493
cb115973-a1bd-4023-8445-3566116629e7,Pickett Fire,40.3464,-123.362,1732.6300048828100,12.0,14.0,172.0,71.86904384685560
60b0ba42-478d-4089-8a27-43b33accb9ed,Lost Hills Fire,35.636093,-119.669093,73.7054672241211,0.0,196.0,180.0,1.014930956334070
170e3b34-380c-4293-9b3e-d1bdd1763e6f,Holloway Fire,35.6453,-119.76107,128.33985900878900,1.0,248.0,182.0,4.842201160990900
89fb8816-bcd5-48ef-8ecb-7d762731225e,Paradise Fire,41.787938,-122.516407,865.467529296875,6.0,135.0,167.0,40.8141410092548
d226687e-93d2-48ad-a17a-acbee0ac4efc,5 Fire,35.784624,-119.779871,71.0309829711914,0.0,61.0,179.0,1.2741053654126300
92340f74-78cc-4fe6-960b-eac31e21340c,Point Fire,41.7975,-121.369,1269.57861328125,2.0,89.0,173.0,13.446883885730900
c9806a95-09ca-4b22-97ae-a9f822608e6d,San Joaquin Fire,38.979194,-122.684661,417.8916015625,19.0,244.0,233.0,47.310598047189100
915d22c2-22e8-4720-a486-196e23f31150,Hill Fire,40.7721611,-123.63975,1211.17626953125,37.0,113.0,81.0,129.40247059155200
f27ffd72-b167-4212-a4f9-a8f8099469e0,Willow Fire,34.92221,-118.257558,844.7714233398440,15.0,343.0,194.0,30.48827803417410
aeab6c71-3acc-4c35-b6e4-4c171a33af62,Donomore Fire,42.0083,-122.90457,1934.414306640630,24.0,334.0,213.0,70.11654227879720
d3a9b57f-dc1c-4640-ab42-727b3960b241,Sentinel Fire,36.759833,-118.663333,2464.72314453125,21.0,339.0,204.0,199.29672976573800
2fedc823-b47c-4edb-8993-600bf99e2122,Sloane Fire,32.773489,-116.803223,271.26513671875,9.0,5.0,178.0,56.41514963626720
b952f0cd-8fc8-4877-bf93-a45d80474372,Ducor 2 Fire,35.96289,-119.0507,145.85218811035200,0.0,343.0,180.0,2.4171150392329300
dcfb3ac9-baa3-486e-885f-d15bf6e27afc,Tire Fire,36.29538,-120.267799,152.3031768798830,1.0,48.0,178.0,10.8796265565019
888e269f-348c-47ce-8ed6-d95267d1dd9b,Dorado Fire,36.29802,-120.211458,107.61151123046900,0.0,251.0,181.0,1.569736941008410
f6ef4321-1db2-479e-a658-09174fb579cd,Panoche Fire,36.606754,-120.876583,406.9876403808590,7.0,59.0,161.0,18.041120229013600
fd9d5a58-d9d5-4904-90d0-0d85f3d6231e,Liberty Fire,38.2391935,-121.0869519,61.1854133605957,2.0,347.0,182.0,6.310015168695330
d24167a5-911d-433a-a1ba-cef5dca6aeb0,Deer Fire,34.5938959,-118.063529,784.6818237304690,1.0,359.0,180.0,3.117227066994190
73ee0e93-b35e-43a0-9475-8a45aacbae1c,Abbey Fire,34.083439,-117.139626,480.19732666015600,2.0,333.0,183.0,12.68307168186340
d3a2cf16-c3b9-499d-a6c7-4b8875998bb9,Fork Fire,34.239686,-117.76113,671.0863037109380,24.0,330.0,218.0,110.9175867415080
edcab1ce-ee89-4005-b636-4ec33a32bd3f,La Tuna Fire,34.23514,-118.30239,479.5196228027340,27.0,211.0,222.0,53.73285457310380
903c80ce-5474-4a5a-95f9-e5862b2856f1,Lehi Fire,38.8807773,-121.156605,235.6251983642580,10.0,175.0,178.0,31.603856403784400
e02d609f-2db6-42a9-b929-368c1ffe018c,Lookout Fire,37.3137,-119.6859,1383.8988037109400,8.0,357.0,182.0,83.90278548442430
01c86c23-8d70-4c4e-9775-1ca094dfbbc7,Ridge Fire,39.0329124,-122.457217,679.5377197265630,21.0,157.0,155.0,49.61277925382430
dec6ffd5-3d2f-4357-9711-dab662722c58,Tin Fire,33.847742,-117.461546,429.16259765625,4.0,98.0,168.0,15.07510089342530
008caaaa-8cea-4fb6-97a7-4cb95d750f0d,Rios Fire,39.635533,-123.344954,320.95721435546900,17.0,267.0,232.0,74.32898730195620
59ae65d6-def2-4848-8cad-5ebec969cc16,Coyote Fire,38.031044,-120.852597,116.2713394165040,2.0,136.0,175.0,8.996416657714270
ba712fe1-2523-473e-80ff-9bfbfdfa39dd,Peach Fire,36.1933173,-120.777302,759.5014038085940,6.0,196.0,185.0,58.65817868523360
56cc02b3-4dfb-4509-b3d2-c5bdb7481abd,Eagle Fire,33.824352,-117.502905,248.5050048828130,1.0,200.0,182.0,23.53422325582300
130dd62c-2276-4356-9524-562236bfaff8,Hawarden Fire,33.9278521,-117.3727011,316.2756042480470,3.0,349.0,182.0,24.30331906475240
ff69211f-e39d-4974-8396-c50a46821bb5,Canyon Fire,37.47012,-121.24303,114.8514404296880,14.0,339.0,197.0,61.42873280099530
88190b2c-eb3e-4293-9a01-a18df2517dae,Wasioja Fire,34.9842984,-119.782853,579.8605346679690,3.0,332.0,185.0,17.367254358407600
04939a1e-e735-4c6f-8148-4ca8a58e263c,Columbia Fire,33.999524,-117.32122,348.1497497558590,11.0,336.0,195.0,71.18094640452700
683af4f3-37ca-4c1d-81f3-5348ffbfee2c,Tar Fire,35.960403,-120.154889,378.5914306640630,19.0,63.0,128.0,29.49708388707660
8ef9f3d7-125c-42a3-8654-f11eacb30b9d,Gold Complex,39.726014,-120.535158,1438.942626953130,16.0,271.0,229.0,63.088185298410400
e3b62ab2-1900-45e2-a3c9-bbe45d96379a,Pencil Fire,41.80078,-120.519727,1516.677978515630,0.0,0.0,180.0,32.90551578957360
55bd9617-c8cc-4062-b75b-8ed05328605d,Juniper Fire,33.757839,-117.112942,551.7861938476560,3.0,204.0,183.0,36.587605079639200
5002319c-73be-49c6-bd3e-ee8a2275b437,Maria Fire,38.2856696,-120.656662,310.14093017578100,33.0,198.0,211.0,73.32309381216420
1fb7abf0-6d39-4453-8507-4ba02c7489b3,Border 63 Fire,32.59738,-116.568589,747.1876220703130,29.0,155.0,142.0,75.32230673843580
07237a37-5e0e-44f9-9255-7442bd596f77,Circle Fire,37.152487,-119.65963,424.6453857421880,7.0,227.0,196.0,35.551054382751900
4f825f9d-08d2-4ad6-87fd-d5152ad6b4ce,Metz Fire,36.3404047,-121.199629,81.39962768554690,9.0,234.0,204.0,35.9551381240187
f7ed042a-a219-44ef-b856-a6ec000fc194,Oakdale Fire,37.430142,-120.541611,66.65254974365230,2.0,205.0,182.0,2.987228658078930
852ed4e7-2505-41dc-9070-a71a0dce290a,Cow Camp Fire,38.300167,-119.074167,2420.2265625,5.0,5.0,179.0,36.406396956775500
46a2ab3e-8d76-4f30-8453-248c47b99624,Harry Fire,41.673939,-122.369802,840.4502563476560,1.0,55.0,178.0,5.15807765533943
6c0ae648-b287-4a3f-9c12-2c5f26494e86,Beaver Fire,36.362544,-120.802733,763.9959106445310,4.0,11.0,178.0,48.11174000138240
d524998a-1423-4088-a562-b5b511b6457b,Acres Fire,37.081853,-120.074549,94.20114135742190,1.0,282.0,183.0,1.7278358246286100
e35176e8-fbe8-451a-ba16-3bdddb7b83e0,Grove 2 Fire,33.409448,-116.741601,1021.6046752929700,14.0,249.0,222.0,45.37028564669300
da3ce6fb-d828-4f22-bff2-ca124a86db5b,Bullion Fire,37.51019,-120.046081,668.2620239257810,3.0,215.0,185.0,27.368729984842200
b15dcd50-3ff0-4910-b004-2f6842ebc8fa,Scales Fire,40.356228,-122.283667,135.8740234375,2.0,342.0,182.0,7.966308633107830
d9a0045f-b30c-490b-b181-5be460544947,Park Fire,39.7789,-121.76168,222.7765045166020,25.0,154.0,147.0,60.19159423062130
55424dca-0bf0-48c6-a7d3-e892b8e7fafe,Horse Fire,41.742143,-121.304529,1264.9893798828100,1.0,253.0,183.0,22.009946002686100
763e1a5b-4887-40e0-8289-1b5deb8feb10,R-6 Fire,40.914833,-120.0485,1967.136474609380,9.0,184.0,182.0,44.91496928260850
a40b4b2d-54ea-4aa7-8fa0-528c91bc8424,Flora Fire,38.590922,-122.768983,66.92373657226560,12.0,12.0,173.0,27.008690099355900
c1545163-959e-4258-848c-3ffde697345a,Pentz Fire,39.638817,-121.680996,66.95530700683590,5.0,149.0,172.0,11.012529213067500
20850293-7c71-4c60-8a88-678e79a05c7c,Hatchett Fire,35.99271,-118.934596,182.44454956054700,0.0,80.0,180.0,18.14779715620540
c6511dca-4499-4bd1-9699-d7ae0ab5a588,Acorn Fire,39.140133,-122.87667,416.9061584472660,3.0,321.0,187.0,38.29535850518020
1542dc82-a61e-40fe-b01b-33dc2dc26773,Lawton Fire,34.042687,-117.26745,401.69134521484400,5.0,48.0,169.0,36.55357391976700
0b9dcedc-4ba1-41d3-bd28-e3f794253336,Macy Fire,33.656742,-117.383235,428.7111206054690,6.0,9.0,177.0,78.85357723587900
2e22d229-d659-4405-ba5b-6218fa1d8e57,Flynn Fire,37.724532,-121.69605,198.36871337890600,31.0,122.0,102.0,34.6278340629966
dd43c38f-a57b-496f-a935-d4b2c2cee574,Victoria Fire,34.50523,-118.245656,971.7211303710940,4.0,110.0,170.0,35.25966120803060
87afc01a-76e9-4e5a-84d0-1b4aa0ee6808,Lammers Fire,37.7146,-121.4764,37.36640167236330,1.0,22.0,179.0,5.375683899226230
531acd37-ef6b-4b48-a8fa-27d325ceeb0c,Point Fire,38.02175,-121.99056,151.2821044921880,10.0,44.0,157.0,25.26767951833150
27b6f459-94a5-4f7e-953e-65ad6e5475eb,Creek Fire,37.515462,-121.830534,125.49952697753900,2.0,138.0,177.0,60.474061501613200
058435b8-9372-466c-8073-fb8d34ba5ce0,Dockery Fire,36.573716,-119.601794,95.41366577148440,0.0,260.0,181.0,0.6779481546041340
7f2f64d4-8a53-44a3-b2fd-043ce5857574,Cosgrove Fire,38.222987,-120.802822,336.01416015625,6.0,297.0,196.0,23.48568332040780
3f6feca8-33d6-4a2f-ac4f-163cd64c2821,Riley Fire,39.418982,-123.590238,381.9914855957030,1.0,344.0,181.0,56.24396978701980
c76f540e-925a-48a7-8451-ff02c3705b49,Museum Fire,33.856642,-117.204108,453.6253662109380,2.0,131.0,177.0,16.480414296415700
85f2400b-f8c9-461b-9a89-8e90dccd5196,Walnut Fire,33.826534,-117.257982,482.89544677734400,2.0,16.0,178.0,21.564351556307100
c3da896d-42a4-4fb1-abcb-cf17c701f03c,Walker Fire,33.731572,-117.393766,377.8923034667970,2.0,179.0,180.0,41.6469020341484
a7788f97-1255-400c-95de-3f73d38eff78,Border 65 Fire,32.576716,-116.699961,941.499267578125,23.0,330.0,215.0,123.83359033760400
07012184-4968-49bf-af0b-5781e699efb6,Simpson Fire,36.98268,-118.61484,2015.075927734380,33.0,2.0,176.0,218.7751331431850
c985d631-a65d-42f6-b4a3-5af4d804a21a,Sunset Fire,40.368506,-124.362017,9.813809394836430,2.0,316.0,184.0,38.263155640536400
a899bdb4-c0c2-45d9-8310-39de98c4892a,Nixon Fire,33.4773,-116.7805,1122.0361328125,3.0,134.0,174.0,25.10931903334980
67dfa6fa-3981-43a8-bed6-038556f64840,Cougar Fire,40.002008,-122.404759,207.72792053222700,8.0,102.0,156.0,13.523400013429300
ac21a214-0984-4fb9-98ed-0b812bd43bee,Carmen Fire,33.910649,-116.782856,524.4371337890630,2.0,160.0,178.0,16.0464280462347
17e1886c-3b88-4b34-8e60-95fb5cd349de,Border 66 Fire,32.5736,-116.6961,1062.7708740234400,21.0,314.0,227.0,96.0281539280338
2174967f-fd0d-4114-b887-f9d87de74dcb,Italian Fire,37.1336,-119.394,872.5717163085940,16.0,85.0,131.0,123.7302112117810
9962f124-7701-443e-97b3-d6f64f5e673d,Pedro Fire,37.689773,-120.31848,257.339111328125,14.0,64.0,142.0,42.23269101713450
6a7b4fc4-4246-4629-a001-f0a5e3bac50d,Plantation Fire,41.842269,-120.341894,1646.7332763671900,2.0,280.0,187.0,27.469842637772500
5036da8f-717a-4a81-88b2-8d719d2c19e3,Eagle Fire,35.7205881,-120.561774,299.8358154296880,15.0,88.0,133.0,14.115513747001600
cdbc2cd1-1679-4161-9235-df8e7137efa1,Borel Fire,35.515,-118.6836,612.5480346679690,41.0,332.0,237.0,134.9000440294750
a917a41a-20d6-4163-b82d-2568bcc94e8b,Pole Fire,34.413261,-117.172494,1122.34375,26.0,33.0,138.0,127.88524627260200
4809d048-58f1-4e0e-af5e-59eaa93dc61c,Happy Fire,36.850037,-118.738174,2456.08837890625,18.0,102.0,126.0,160.72980804492200
e5bfa9bc-cd0f-4475-8a2d-f48c1373a94d,Dino Fire,37.068124,-121.213195,412.2731323242190,8.0,336.0,190.0,20.137944416497200
382cdef0-e558-48b1-bccb-4997878962ff,Alamos Fire,33.582198,-117.166941,409.4582824707030,3.0,306.0,188.0,23.8819325826924
d34989e6-3964-42c4-a25a-05d0530bb505,Tahoe Fire,37.353634,-120.507495,52.68881988525390,1.0,122.0,179.0,1.1626053676300500
59e1a0fb-d5df-4c79-b35e-ff9bb3823b16,Burbank Fire ,34.172602,-118.475521,209.0977020263670,0.0,172.0,180.0,2.9801497503059500
67cb1820-f2c6-4b7e-a172-c23a87e84f3a,Franklin Fire,33.671261,-117.318087,416.7428894042970,3.0,335.0,185.0,27.156219162394300
c0cdfdc9-d5e1-44b2-b95b-a8a6d8f1686b,Bella Fire,35.633966,-117.970987,1304.2740478515600,3.0,203.0,184.0,25.3643323587975
04f84ac3-d09e-4cd3-a78f-1c3a8e44c0c3,Gover Fire,40.393586,-122.176593,114.15896606445300,0.0,179.0,180.0,13.094548184380300
d4df6b62-f791-4b72-a376-ff33d5c33901,Kimtu Fire,40.08453,-123.807764,104.39778137207000,3.0,313.0,187.0,42.22599892525520
ad2d133d-2af3-413d-9b4e-a916320b451e,Middle Fire,37.862367,-119.704567,2115.5517578125,23.0,318.0,227.0,96.01906102249160
b213ec11-15c6-495e-9e4e-01555ab35215,Edgehill Fire,34.1516679,-117.3043742,380.9807434082030,6.0,162.0,175.0,47.60204684244020
f4d1a569-fee6-466a-8973-ed1a3cb91966,Town Fire,38.217239,-120.833961,232.2305145263670,5.0,159.0,175.0,20.42075661381800
8a183a23-b0ac-4edc-9892-821b96b40597,Silver Fire,38.7027118,-121.020844,346.6211853027340,3.0,233.0,189.0,24.19727784796960
95290f3c-9c14-4249-9665-a14c14f29aab,Purple Fire,39.46018,-121.35725,567.5305786132810,4.0,233.0,191.0,33.64753968105020
4d9c178d-e086-42f4-b6b1-a931b5b2b2a9,Morrison Fire,37.9043,-119.615283,2432.416748046880,40.0,325.0,248.0,251.50037337584500
aad4f00a-f28f-414d-83d4-9e40976fea36,Valley Fire,36.954837,-120.291882,54.18064880371090,0.0,266.0,181.0,0.4008943632916320
f4b94fa8-a58e-4e0a-a566-71d35e3f8b6f,Canyon Fire,37.978113,-120.21464,793.0487670898440,30.0,198.0,208.0,121.53536001996000
b09307d2-1a45-473c-9734-9af5171a3e6d,Boise Fire,41.2522,-123.5113,559.7496337890630,25.0,286.0,255.0,102.4678991549430
9d3c785a-73a3-4654-b0e9-b467a2b4252e,Blue Fire,38.3073,-122.0501,248.7910919189450,19.0,84.0,122.0,42.375062639329000
32411b4b-22e3-442b-b783-dcacff114841,Cal Fire,35.0307313,-118.364146,1320.64404296875,17.0,110.0,131.0,47.68161624138770
ae054933-c432-48fc-8842-23614a7a3139,Mack Fire,33.822694,-117.282555,519.9815063476560,1.0,37.0,178.0,8.780725085298320
575b3dff-3c7e-4915-ac34-d7174ba7f555,Summit Fire,38.324942,-120.427903,929.4425048828120,28.0,68.0,101.0,69.42996450626270
cc78abb3-6b9f-4285-93c4-0466946916d2,Lower Fire,40.581893,-122.449341,225.52626037597700,4.0,326.0,187.0,32.15228025656930
d9b21406-7000-42b7-bed6-7bd26a8d64a7,Blue Fire,35.33324,-118.419612,933.9706420898440,5.0,124.0,168.0,35.98200379891490
6cd5af98-a8ec-4d4b-aa64-ec6248c58096,Mission Fire,33.640118,-117.292525,383.4122619628910,1.0,277.0,184.0,11.76538617302250
3e0f22ff-2ceb-4277-b4cc-cb5803cccea5,Meiss Fire,38.427179,-121.054386,57.36958694458010,0.0,247.0,181.0,4.955591599954680
ef1fb5c1-e8f5-4445-a2bd-1979a652c897,Turbine Fire,35.0200352,-118.3419912,1219.2113037109400,10.0,120.0,153.0,48.18762667439740
1b90265d-3400-4b35-a684-378a3acbdba4,Oso Fire,37.471329,-121.23737,215.2852325439450,32.0,220.0,242.0,73.7665975541709
379a65b6-ab70-44c9-bf5c-9e175516dddd,Reservoir Fire,39.07015,-122.509941,536.7894897460940,6.0,196.0,185.0,54.94063189604870
4e768968-bce1-45ea-b5f1-a28d75679300,Anita Fire,32.717599,-116.927749,272.92584228515600,3.0,240.0,190.0,59.36552297127660
198ef9d9-1f09-44fe-bced-8640414f3f5e,Queenstone Fire,38.043415,-122.562044,235.03659057617200,33.0,157.0,142.0,79.84044504396510
8fd639fa-cdc5-4a0c-8b8a-7ee7887d30ad,Quarry Fire,38.06095,-119.991667,1792.58447265625,30.0,317.0,242.0,49.47480833390030
5f07097a-1deb-44b9-bf44-4a7b78c54749,Papa Fire,33.3073021,-117.368598,40.99991226196290,1.0,197.0,181.0,12.324967628186800
b50cc0ce-29f2-4300-9014-747d94b7a5e4,Moon Fire,34.284624,-117.8406047,930.51904296875,34.0,107.0,85.0,92.0520124572644
5366f40a-04c4-4dda-859a-17cba19fade4,Coffee Pot Fire,36.38857,-118.768,2001.1636962890600,23.0,240.0,241.0,141.43833632469400
5e835ec5-e5aa-4fb7-bf45-0d437e73fcdf,Kahlon Fire,37.181034,-120.32559,66.21857452392580,0.0,223.0,180.0,0.6671666853720620
32a55d22-1435-4014-a3c9-9cdaaaadac9f,Bruns Fire,37.809344,-121.604861,17.716201782226600,1.0,50.0,178.0,8.001941000512290
8acc2c5c-d96a-4197-8b87-354bb9a6915f,White Fire,33.922735,-116.650391,393.05462646484400,4.0,167.0,178.0,54.64251417000360
6710ee55-96da-4c8d-9e8f-db171fbf0bf1,Zarzo Fire,37.630738,-120.313718,451.3639221191410,13.0,15.0,170.0,39.961770262172
a9a1a8e3-50af-4478-9190-48e0923623c3,Waltz Fire,37.349442,-120.238125,107.90814971923800,1.0,237.0,184.0,3.303378576795440
4440cc32-aa1c-4cc4-ab03-69f38c10775a,Marco Fire,34.475777,-117.463332,1039.4517822265600,1.0,24.0,179.0,9.980845761464880
4ebbd415-254c-4963-85cd-3d7a82833785,Pendulum Fire,35.4189737,-118.8709169,247.77349853515600,8.0,326.0,195.0,20.345682591531400
e78d33bf-bcc3-4312-8e67-75e226e7ad39,Cypress Fire,35.578845,-120.901571,672.311279296875,21.0,124.0,127.0,48.62818948792870
28fb4b10-eb02-4c62-ae6e-cd0a94816fb9,Marysville Fire,39.468991,-121.561366,52.120113372802700,2.0,342.0,182.0,12.655441383219300
a79b5e83-a63d-4200-be50-3ebcada9298a,Hills Fire,36.909429,-119.792619,116.12285614013700,0.0,73.0,179.0,2.074501648441300
e14709f8-b57c-4cb4-ab3d-1c8db55c1800,Grant Fire,37.740555,-121.585729,96.51742553710940,2.0,255.0,186.0,14.242274571059800
4f0d65a1-d601-4eb6-bd6e-3da7b6b272e9,Interlake Fire,35.8378,-121.038125,289.924072265625,2.0,266.0,187.0,26.411322011719300
0cc5c422-569b-45ed-b166-cfd3cfa5f074,Livermore Fire,37.665174,-121.740217,178.57958984375,0.0,347.0,181.0,7.724606647029110
9adc01e7-b88e-4c83-9be7-90e1c87a4ea8,Green Fire,37.7055278,-121.6971111,183.89376831054700,0.0,222.0,181.0,13.508063494320300
28e8a708-7f0c-48ed-a784-eba4e3b6d124,Railroad Fire,38.193824,-121.8572856,46.69000625610350,1.0,190.0,181.0,4.210974718568660
63bee7bc-19c6-43d5-b004-563ffefa95dd,Quimby Fire,37.333444,-121.7338333,666.142333984375,9.0,182.0,181.0,50.81630315993160
7de63eaa-38b5-4afa-a845-429ff6a1b18a,Bishop Fire,35.275553,-120.644048,138.29608154296900,5.0,240.0,194.0,74.13262237825520
91e1c5d1-1ff2-485c-9f5e-cf9925208700,Rancho Fire,35.704967,-120.582252,270.34967041015600,13.0,154.0,163.0,19.617813280410900
a23de8e2-c318-48bb-8056-b0256fc21cf7,Grade Fire,34.5337178,-120.195855,235.60877990722700,14.0,71.0,140.0,50.63889339526350
bc27ec48-5efe-4806-929e-abd03c053e57,Winchester Fire,33.71271,-117.08414,451.220703125,2.0,139.0,175.0,21.561119826719400
740b2301-9651-4a38-baa1-1a1a0d64448f,Amaral Fire,38.252807,-122.171501,41.73176193237310,6.0,183.0,181.0,49.15693053308130
2738e71c-0c75-42ae-b308-41237e5cd310,Turner Fire,37.372385,-120.959582,20.54199981689450,0.0,0.0,180.0,0.646933945499908
5daa1233-03e4-4b8f-938c-ccfd3971bde5,Canyon Fire,34.29046,-118.288398,463.3081359863280,32.0,309.0,255.0,105.91789171726100
578eabb5-afe7-4558-814d-040343bf69e2,Ace Fire,38.190649,-120.828003,201.7618408203130,1.0,146.0,179.0,12.501465178616800
17437fdc-6fd9-4132-95bb-7503ef251af6,Beach Fire,33.9689911,-117.49379,199.3060760498050,1.0,242.0,183.0,7.072333948291260
6ce41fb6-2d1a-41d1-abdb-678ada7d66b1,Edna Fire,33.9009,-116.869456,957.7685546875,31.0,4.0,173.0,129.20318035459600
e4cb8cca-8bc1-4b99-b442-2478d9ccc1f9,Walmort Fire,38.3809,-121.251908,22.307334899902300,0.0,268.0,181.0,1.34422785585073
b7c8c806-ca83-4f94-b343-6af19a3dac15,Far Fire,39.037213,-121.312694,122.1571044921880,4.0,228.0,189.0,17.491548917151900
dd8d3cf2-5fe1-4da7-9d5c-6a332b65f528,Chevelle Fire,35.805079,-119.053499,182.8857879638670,2.0,187.0,181.0,6.371703603400830
3072d494-4c71-4f31-af3e-6b20ab08421a,Refugio Fire,34.506,-120.064,139.734130859375,34.0,339.0,216.0,59.822488226118900
03ea04f4-53d6-47a1-a553-ab52eba0ef5a,Motor Fire,34.6592518,-118.7548048,825.1075439453130,25.0,61.0,113.0,45.180823477364700
cf3253e2-4f76-4773-b3fb-8165b83a3d41,Banning Fire,33.928939,-116.846198,666.3235473632810,2.0,119.0,174.0,16.848573079600500
b1dd28a1-5757-4b62-83e2-71ec6e3a36ff,Proctor 8 Fire,32.675679,-116.92502,229.64138793945300,1.0,117.0,178.0,33.722570434159400
245e918e-6df6-4096-be50-d9921df0e306,Benito Fire,36.730979,-120.360998,50.0010871887207,0.0,71.0,179.0,0.5451443123046500
157f43e4-79ff-4a63-a4bb-199894edc0f4,Summit Fire ,34.318425,-117.340037,1013.0452270507800,17.0,127.0,138.0,15.626486424476700
97a83444-c9d0-4fed-bf10-cf8650ce0efa,Wild Wash Fire,34.701134,-117.204094,911.320556640625,3.0,296.0,188.0,22.226542999728100
40dc98d3-a160-439b-ba3b-e969e0a201ef,Tenaja Fire,33.583553,-117.403313,706.9122314453130,3.0,108.0,173.0,26.594583036290600
c52a7849-5237-4015-9f24-c69764f78c07,Echo Fire,37.756167,-119.416517,2781.57568359375,19.0,320.0,218.0,126.37891110287900
e8b9c282-b3a6-48a3-ab48-e97a92615a25,Solar Fire,37.115241,-121.033398,54.67748260498050,1.0,88.0,179.0,3.113315379027060
783fc0e6-ffd3-41a9-8ce5-843f092a007e,Park Fire ,33.7580149,-116.9496357,503.1344299316410,5.0,247.0,195.0,18.872435446599800
a46ba8f8-21b5-4496-9f62-7544d63fe50f,Florin Fire,38.496413,-121.297565,32.585113525390600,1.0,71.0,176.0,1.969420947822730
32eb6c42-4a6f-4ce9-9b47-1ad496dddd45,Excelsior Fire,38.524067,-121.279094,39.95321273803710,2.0,215.0,184.0,2.1354015611830400
d9d0b205-3d25-47eb-bdc1-40f5b6636e04,Pioneer Fire,34.452109,-117.077204,931.1264038085940,1.0,43.0,178.0,7.585351061062130
78dac760-bdce-43dc-aa02-b1ca33472a30,Weller Fire,35.5497,-118.958785,241.02784729003900,7.0,126.0,162.0,25.758586781314500
5a5fd941-d2c6-470c-9403-fa632a127c0d,Johnson Fire,34.4045559,-117.559695,1328.11376953125,4.0,82.0,168.0,27.57428187534700
9617f448-9db9-4f9a-9192-688f939658cc,Keys Fire,33.2902,-117.0764,241.32711791992200,7.0,209.0,191.0,37.44460847215340
a176fc51-c857-48c5-bba6-35fcc907de72,Gulch Fire,38.233952,-122.520366,109.98474884033200,2.0,120.0,175.0,12.964681646961200
a3884db9-94ac-414f-883c-c71bcbf7c2e9,Silver Fire,38.361834,-120.499717,674.9926147460940,10.0,164.0,172.0,48.94285242030700
b59f9cb4-566c-491f-99c1-262bf5f75999,Way Fire,35.694044,-118.426716,836.75146484375,13.0,268.0,222.0,62.05759654929410
18203802-22ca-41cb-8a32-366c82948168,Two Fire,38.264246,-122.743925,47.73646545410160,3.0,220.0,186.0,24.55804285965950
03ab8b8e-1942-4f12-8401-e5af993ed822,Vasco Fire,37.777334,-121.71679,310.3652648925780,2.0,106.0,175.0,31.944648121903800
a8c7cd92-82ca-4482-bdfe-ec87a1f5b5c2,High Fire,39.993914,-122.560451,277.53533935546900,10.0,142.0,161.0,27.11966129994540
66410b74-8cbe-402a-9092-4aa366831702,Minton Fire,33.758036,-117.112489,552.7652587890630,4.0,158.0,175.0,36.90306557054960
9fe2d2a0-b5e4-49fb-8dde-7c623be9b040,Bichota Fire,34.25914,-117.856102,621.1105346679690,31.0,144.0,126.0,99.95150725437030
ec0d1ada-cec3-4876-a613-6c4b9b3cae89,Union Fire,35.655361,-120.533933,321.4222412109380,1.0,244.0,184.0,11.264308203980900
f54c82c5-4429-4709-8ab9-ddf874e851c2,Armstrong Fire,37.838349,-121.632921,16.45899772644040,0.0,147.0,180.0,4.540868624334910
88b1e67d-6869-4259-b9b7-7eaaf817e2a8,Robert Fire,38.207676,-122.156703,33.48459243774410,1.0,123.0,177.0,23.64926718949990
fed9e05e-5772-41f1-a4f0-9318519d2691,Record Fire,33.8126,-116.9476,545.4356689453130,39.0,247.0,255.0,150.31652723509800
68ebf089-c0a0-4d90-a0d6-366a6d4d78be,Argyle Fire,36.015369,-121.129602,484.2349548339840,42.0,113.0,70.0,40.57827923099490
5b4a7dbe-b514-4994-ad30-92dbffb34d52,Bear Fire,39.596704,-120.21859,1821.046142578130,25.0,100.0,105.0,81.84762774583550
f2bce455-9fa7-4957-a9dd-17f05d8186f0,Centerville Fire,39.73984,-121.69988,122.65579986572300,25.0,138.0,129.0,78.94815319793090
0d339412-fd42-4037-94ba-6d1ce25ac3e9,Gabriel Fire,34.122607,-117.953154,149.43252563476600,1.0,212.0,182.0,7.532407603354290
d83e6e6e-75c6-4deb-b026-50e59a5818a3,Hwy 152 E/ Rd 13 Fire,37.083449,-120.310758,63.69712448120120,0.0,262.0,181.0,0.7200262326578690
030f3dea-4803-45b0-8bca-bc9ad347439d,Hawk Fire,35.313339,-120.623763,173.2410430908200,4.0,86.0,168.0,46.84859439533130
97520779-99f5-4001-85ce-4c5f5f48cd61,Boone Fire,36.12175,-120.58848,530.7218627929690,37.0,206.0,227.0,24.25961529788310
b12acb92-61f8-43ef-8285-f243476588f2,Backus Fire,34.876586,-118.248827,744.940673828125,1.0,112.0,178.0,7.132228080603850
8417ba5b-e0ba-41f5-b811-71a9cb477a6f,Chapman Fire,33.472372,-116.651385,1266.112548828130,6.0,81.0,163.0,38.775689334110900
266dcba8-5dd3-467d-988f-a49f8166694b,Post Fire,33.773143,-117.297767,547.823486328125,4.0,53.0,170.0,50.98276955554940
8848b58e-de98-46b8-bf67-914b2bbf2587,Midway Rd Fire,37.055082,-120.750881,29.993919372558600,0.0,310.0,181.0,0.493533838324993
576ee459-903e-4b71-a658-214034e031db,Dorado Fire,36.13751,-120.24039,173.35302734375,1.0,247.0,182.0,7.216137125047380
cac520bf-e359-4f3c-a8ee-85510a476c67,Line Fire,34.121119,-117.154705,510.28411865234400,8.0,186.0,183.0,60.86921596210810
a8738494-879c-4588-a7c5-13a9419b2c9a,Pine Fire,39.351831,-123.186117,656.430908203125,20.0,72.0,123.0,64.80202076255750
74364d0b-b018-41f3-b821-ac5be7306645,Cove Fire,33.758174,-116.738699,1875.514892578130,7.0,72.0,160.0,43.06483560771600
45291c5b-03f9-417f-b120-480be9b60315,Canary Fire,33.44756,-117.40342,773.1272583007810,18.0,347.0,193.0,45.97900571541850
accf266c-8516-45cf-9570-8cf180c86ae1,Church 2 Fire,32.700797,-116.357286,1246.7974853515600,0.0,41.0,179.0,26.74198869180880
317db5a2-a6f0-43b8-b1b1-1e90a60124d7,Roblar Fire ,33.4088,-117.3623,341.9570007324220,11.0,21.0,168.0,63.34225347100210
6f67d619-6533-4889-a740-c0d018ae9cda,Mill Creek 4 Fire,41.1088,-123.6761,397.5123291015630,20.0,166.0,165.0,152.1360749239410
f36370f9-c5e3-4a22-840b-aebc4652737e,Cotton Fire,36.639321,-120.30277,50.55899429321290,0.0,90.0,180.0,0.2417843502014270
0d74ddd7-8a31-4014-8f25-d1e1eebca140,Boyles Fire,38.92934,-122.61065,461.00872802734400,5.0,151.0,173.0,22.855478144415000
81e678d0-6b80-4a16-b8a6-1ec5a4fe0ba0,Bridge Fire,34.2396,-117.7625,636.7727661132810,51.0,349.0,207.0,106.5891198101400
fff641dd-ef49-4e70-b423-e93ff0735437,Crozier Fire,38.82889,-120.6975,1016.6436157226600,29.0,99.0,93.0,59.64870232601080
0de2ba3a-b8de-447b-bd19-eced55f97497,Rice 2 Fire,33.353446,-117.135771,108.25737762451200,4.0,91.0,167.0,41.51468565681300
482388dc-66e4-408d-bc60-01ce780ed0d8,Wicklow Fire,38.361232,-120.814317,403.2682189941410,2.0,196.0,182.0,18.665428280648700
44d60d5a-522f-4c9f-ba55-ae09e9d2c973,Airport Fire,33.6676762,-117.566221,353.2635498046880,3.0,293.0,188.0,50.93029693083300
5d2a9d0a-2883-4ad1-8dfc-35d9e9b5402e,Sunset Fire,33.917991,-116.91162,738.8313598632810,2.0,176.0,180.0,10.561237034272700
aa8bcbc8-31af-4d8a-b0d8-9351974cf51f,Train Fire,35.2659,-118.62193,583.0140991210940,34.0,5.0,171.0,85.34221652802070
b84f3e58-3a60-4424-8ea9-3aa7a3d27c58,Apollo Fire,34.77011,-118.53335,871.1021118164060,1.0,321.0,182.0,9.576380508140750
05edf868-2c42-4981-a7df-9f66f98800c3,Coyote Fire,33.803944,-116.30113,56.90086364746090,1.0,156.0,179.0,10.473489125329300
a4abc467-5ae9-417d-b3e2-3d3469e698f1,Kelso Fire,37.7952949,-121.6060708,34.686676025390600,5.0,332.0,188.0,8.684256513851180
70f3bd6a-1888-4eb7-8a88-db21c81ba049,Willow Fire,38.0115396,-121.997014,54.215702056884800,6.0,245.0,196.0,38.84699370253250
02289a33-8abe-468b-93bf-55ef3ec7122f,Joshua Fire,34.50295,-118.045033,1022.418212890630,6.0,53.0,166.0,35.41023736378860
65e96e18-3c2e-4211-a0f9-798f59264ef7,Alpaugh Fire,35.863675,-119.536893,65.9152603149414,0.0,44.0,180.0,0.755578627239784
f5edaa5c-7880-4608-a1e7-12a6571a3e3c,Quincy Fire,39.48058,-121.42105,418.5846557617190,13.0,14.0,171.0,68.62134333465270
47f8f0a7-6f42-4979-8030-0b0b6c60a9f4,Bell Fire,38.545436,-120.840433,366.3271179199220,11.0,100.0,146.0,50.74752303876050
43d81aa4-9deb-4235-bfdd-332cb4d60f16,Cougar Fire,38.145843,-122.485218,8.421358108520510,7.0,59.0,161.0,12.46370729112290
61e2fd92-51f6-403e-8448-cc94014c5cc1,Ripple Fire,36.682583,-119.189459,335.62274169921900,2.0,343.0,183.0,27.385399881880200
0eabd5ea-c1e1-421a-a70a-12285cdaf62e,Rosa Fire,34.59556,-120.35679,197.60736083984400,14.0,102.0,138.0,68.81057871437330
77efe2f0-3028-4644-bb42-b2fa555fb32f,Executive Fire,39.93192,-122.307297,134.52549743652300,3.0,261.0,190.0,6.878100895353820
d915cd6a-951f-473b-89e3-d75c5f47abd6,Phelps Fire,36.15407,-120.259824,174.1962127685550,1.0,8.0,180.0,5.225137598332990
ab5d40ea-130e-400d-9329-be910ce20dd6,Antonio Fire,38.187148,-122.656105,35.31132888793950,6.0,209.0,189.0,34.413936128399100
2877ac5e-5f3c-45f5-bfdb-d39777b57f85,Plymire Fire,40.201159,-122.284309,132.57862854003900,3.0,353.0,181.0,5.874973787221350
824367fb-ae02-4b05-a8cc-9b85fd03995c,Meiss Fire,38.427179,-121.054386,57.36958694458010,0.0,247.0,181.0,4.955591599954680
2d3d58b3-520a-4751-8208-9e6266567369,Pinnacles Fire,36.493781,-121.147092,327.5931091308590,4.0,135.0,171.0,50.79689872108110
fbc44da8-44a9-47ac-8051-d7aa398df2e5,86 Fire,33.540008,-116.099893,-61.38016128540040,1.0,96.0,177.0,1.1553444793155400
7f988847-1efa-42e3-95b8-b9d736bdddbb,Chase Fire ,35.374332,-118.84398,252.99026489257800,4.0,148.0,174.0,19.37605558687170
9a4f6a74-807d-4be5-bb55-c072f7600b83,Cindy Fire ,34.5352699,-118.1176558,939.212890625,9.0,329.0,195.0,53.32176330963000
041dd61f-f516-421e-a295-8bdafe8fb5eb,Ridge Fire,34.50334,-120.274,305.6085205078130,18.0,173.0,174.0,82.67843587526680
e0d686b7-5bb7-41e3-af4e-e14123429236,Soda Fire,35.351479,-120.005229,612.330078125,0.0,196.0,181.0,3.7621509781639800
f32ee943-4fe5-4e0a-a1fe-ac02ea7501c6,Tiger Fire,38.4546979,-120.49265,836.7222900390630,42.0,200.0,222.0,116.10274584411900
a32d77be-a62d-444a-9872-68f997469297,Lago Fire,34.497433,-118.616267,355.12213134765600,1.0,82.0,177.0,17.498160607576800
f0d922b5-7a19-4fa6-b22e-356840bd12d5,Peak Fire,38.250731,-119.939391,2266.5986328125,4.0,197.0,184.0,56.53948539172950
9b8db758-3c0f-4e03-9bb0-de3c96a3154d,Bear Fire,40.471128,-123.654313,834.4781494140630,8.0,257.0,204.0,102.5838444543480
713872e7-d6bb-411f-a490-6a2fe8078c82,Felicia Fire,34.46437,-118.7641,572.561767578125,33.0,39.0,119.0,85.37306653818570
76ad692e-263c-4d74-95f7-01fc4308a49c,Ranch Fire,35.854009,-120.08283,264.7320556640630,3.0,186.0,181.0,18.147299477560300
2f239059-a2df-4589-bf92-de59e79b5754,Glenhaven Fire,39.026764,-122.718183,487.444580078125,35.0,167.0,158.0,102.73237563838500
cae6e64a-d5a1-4a13-9682-b49009f8aa63,Ruby Fire,34.957874,-118.190532,832.09375,10.0,91.0,149.0,36.65785960453980
253e08bd-21fb-4fab-8a2c-7aab9f700290,Central 2 Fire,36.69212,-119.5922,107.47328186035200,0.0,188.0,180.0,1.2094871374881400
ddf4e347-29bf-45c2-8e53-2120f3ceed5d,Wolf Fire,36.692574,-119.645931,101.3256378173830,0.0,177.0,180.0,0.7924776931286750
0ec4424a-581e-40e4-b2b2-1a92503b45a5,Dutch Fire,39.227018,-120.834831,1029.2408447265600,15.0,259.0,225.0,69.16163909850250
6fb9c69a-49be-4edc-8a5f-96d49df32cb1,Two Mile Fire,39.218344,-122.153187,20.47428703308110,0.0,128.0,180.0,0.6070283461902410
ccc0846d-97a2-4031-bf61-b02df50ca6b3,Tuledad Fire,40.887485,-120.144717,1642.4364013671900,1.0,247.0,182.0,3.601965801228110
93d607c9-fc8d-4e3c-b19b-3feb61bb224e,Hambone Fire,41.281183,-121.652642,1285.357666015630,22.0,254.0,246.0,14.74425956410130
1b69ebdd-1add-4f85-a9f9-47275bc5118e,Verjeles Fire,39.3574,-121.3681,211.45152282714800,7.0,248.0,200.0,30.41745826840270
100b8102-e9f6-411f-9440-26b92b8ebe94,Wood Fire,40.176118,-123.820482,577.3424072265630,13.0,7.0,175.0,63.52382171915050
f75ae145-52cc-4e4e-ae7e-37007a29eca1,Posta 3 Fire,32.723782,-116.424495,1044.2396240234400,15.0,162.0,166.0,29.51893925435980
684041c4-6817-400c-96f5-22fedfdaf059,Cemetery Fire,41.19492,-120.94668,1280.9967041015600,0.0,319.0,181.0,15.89537362445080
958b27e4-3413-461d-b2f8-0a866707c9f0,Piney Fire ,36.378918,-121.563092,473.2498474121090,2.0,236.0,185.0,48.351391590335
7930514e-cc59-4b33-b931-790e3c9d60bb,Bahrman Fire,33.555137,-116.683446,1203.86767578125,2.0,149.0,178.0,13.030464070671900
930c1a59-da0b-4b83-a3ae-af875cb8fd55,Shoe Fire,40.923444,-122.10167,506.5215148925780,39.0,124.0,85.0,67.78685884450520
e9d7f3de-d031-42d9-8a43-50fa01a145b8,Miles Fire,33.733233,-117.441832,436.5257568359380,12.0,102.0,145.0,27.75073040249860
41337847-3e75-4091-96cb-a992c9563a13,Marvin Fire,33.8185182621934,-117.076404666916,640.3318481445310,13.0,326.0,202.0,55.67354750930760
c687c452-39bc-4e47-bcc1-aa809fc2ef79,Jack Fire,33.9239548,-117.0375417,753.4195556640630,36.0,263.0,255.0,36.70169358614760
d5b0f558-7125-43f1-a400-bb5c8eb7fbe1,Canyon Fire,35.318949,-120.133664,483.0917053222660,0.0,51.0,179.0,20.855072671006800
db413a52-db59-4a89-9509-cfdc7082822c,Snake Fire,35.375211,-120.435273,604.4878540039060,1.0,305.0,184.0,26.367359571372400
a95ecf21-9dac-45c9-bb16-67b7796a3c6f,Maria Fire,34.98749,-120.430379,64.72223663330080,0.0,326.0,181.0,14.731573869204900
df887f12-c34a-4487-aeb2-ab0f3788237c,Hay Fire,38.3151744,-121.8584227,13.21811866760250,0.0,55.0,180.0,0.6243933712871510
a3d4d931-1eee-40ab-a990-4e907f4321db,Keller Fire,37.7741494,-122.1569455,125.739990234375,13.0,240.0,214.0,62.64764099900440
316917c5-f720-43df-8cd6-efe8d3a68fbc,Mission Fire,33.979878,-117.401904,229.8794708251950,0.0,200.0,181.0,21.444624308424500
ab92e028-2483-4b95-93e6-76ff79061676,Lost Fire,36.03643,-120.182476,231.06500244140600,0.0,39.0,179.0,2.8903008002229200
6115c00f-5f33-43e2-9c4b-9f964af393e2,Gilardi Fire,35.342748,-120.758104,48.933860778808600,4.0,260.0,192.0,17.323396063467200
886f0cf7-2fb7-4625-8fd0-5ee36ff32a3c,162 Fire,39.4643049,-121.965973,25.53978729248050,0.0,210.0,181.0,0.3876932718995020
cb4f3767-abd3-4c41-a36c-97e10a79a2b0,Dove Fire,35.45554,-118.1033,1335.6158447265600,4.0,135.0,171.0,25.20942557079200
b3daa0d0-d783-4551-8a29-c76e0f29a643,Pedley Fire,34.017513,-117.479583,257.11773681640600,6.0,167.0,176.0,40.47510534945140
6417486d-65c9-46ef-9c66-09a224aae0d4,Iowa Fire,39.293028,-121.48061,41.713863372802700,6.0,15.0,175.0,7.050586519137940
6a1188d5-5785-4ae8-b303-cc53d3f18104,Coalinga Fire,36.281579,-120.300799,243.58590698242200,3.0,130.0,174.0,12.738258918441700
a36e624c-126e-4ca7-9444-d5d0edaace57,Golden Fire,33.443458,-116.87992,578.23876953125,3.0,203.0,185.0,17.555537488242000
0fbfd3a0-c425-4a0e-a7ae-831220e20166,Riverview Fire,34.62078,-120.259123,113.50918579101600,3.0,114.0,173.0,32.62337291287560
eea01808-482f-4684-974f-a2b4e9608cf4,Lost Fire,36.048799,-120.164271,283.14129638671900,7.0,291.0,200.0,17.747272345346400
0e052869-ee1a-4358-8f0f-179baea54b3b,Alray Fire,34.35491,-117.467864,1337.0103759765600,22.0,94.0,112.0,50.573126476090600
cbff3a6b-6540-405f-a6ea-8e554042a20f,Campbell Fire,36.229517,-118.858046,814.7938842773440,6.0,274.0,201.0,90.80805178305840
3b90a126-3830-4950-8136-ef8684706a31,Hog Fire,40.24402,-121.972909,475.5737915039060,5.0,186.0,182.0,76.70982645572890
cea84acc-7922-4e0e-b8ad-1df4819eb573,Quarry Fire,32.69011,-117.01352,43.61748123168950,25.0,83.0,105.0,30.96265548871210
bb43ada8-6aba-4e9d-a1c9-b901804b5622,Montezuma Fire,32.77126,-117.09495,65.83373260498050,32.0,20.0,147.0,24.14832567213830
f5de79a3-7bf4-461b-a6d6-b16219a3027f,Gaylord Fire,39.925884,-122.132235,70.80506134033200,0.0,209.0,181.0,3.109585937950640
fdb3f801-7382-42c9-8377-57beef2432f2,Wolf Fire,33.886528,-116.90239,798.4137573242190,5.0,202.0,186.0,74.99544592024490
f78e6fd0-c260-486c-98b4-620938406a45,Mountain Fire,34.3189,-118.9689,282.3743896484380,18.0,192.0,192.0,34.30846825945060
698b289b-437c-4961-b187-c1f03a8edbe6,Broad Fire,34.033917,-118.704833,51.14754867553710,12.0,156.0,165.0,46.39469365007910
dbf89663-4a51-4869-aabd-9b3b49661af5,Lake Fire,40.342148,-123.420067,899.7744140625,11.0,126.0,153.0,43.64206965770230
57d63840-b05a-414b-ba25-27d8403302d5,Valley Fire,40.432155,-122.426405,239.3342437744140,1.0,69.0,177.0,12.532933622364800
98ef38c2-a266-4900-9430-bc73c8c36e83,Lemon Fire,36.393723,-119.011663,169.90176391601600,10.0,270.0,212.0,59.67182990041470
98160dda-7fdf-4765-995e-d8fb35460979,Horseshoe Fire,36.496333,-118.139117,2573.38525390625,30.0,109.0,94.0,197.52433294617800
18551530-3992-4731-9133-186480d092b2,Frenchman Fire,34.615371,-118.749654,661.2127075195310,16.0,96.0,131.0,105.94229641797100
4c5759f6-e259-43d7-91db-0d21828ffb07,Santa Lucia Fire,34.691118,-120.501728,48.48787689208980,5.0,262.0,196.0,17.593194465054800
df5eebdf-6814-41e1-ac31-0b4baebfd5fa,Garden Fire,33.33393,-117.18097,128.17872619628900,15.0,335.0,200.0,50.44505007446780
23f4bb39-1e52-4d25-8f39-8ac42edcdc8d,Resort 2 Fire,33.286514,-116.64017,934.5067138671880,1.0,272.0,183.0,19.057907664764800
ce14cca7-d5c4-4882-9008-d9b5493406fa,Waucoba Fire,37.0211,-118.007,3348.445068359380,16.0,133.0,144.0,113.3066330846190
c5c7b82d-ff26-4aaf-ae25-692c281396c0,Bull Fire,35.96313,-119.966199,156.3050079345700,3.0,170.0,179.0,14.699892429763800
042df069-7226-4d37-877b-3371902356a8,Eternal Fire,40.361854,-120.446162,1263.601806640630,2.0,41.0,176.0,17.142301250134300
01c51255-f075-4460-9639-6105599ed000,John Fire,36.862905,-120.781992,116.13348388671900,2.0,53.0,174.0,30.442191475163700
45775a15-671d-4ea1-868b-25ef4f487a28,Kamm Fire,36.531149,-120.485099,172.22691345214800,2.0,49.0,176.0,16.06750989872830
42e08471-48c0-426e-961f-07542259f9c0,Sandy Fire,35.956529,-120.654725,371.0431518554690,2.0,299.0,186.0,27.08861416514080
c0397710-317a-4c96-82e7-f1e409e94d96,Brauns Fire,38.205892,-120.730521,270.3143005371090,8.0,149.0,167.0,30.23911632699200
d3452156-04ed-47d1-ae1a-3bb6c5478310,Millar Fire,32.72754,-116.93722,149.84144592285200,21.0,17.0,162.0,48.475161535121400
e504cc42-2a53-48fc-bcad-a8ae6199bd34,Hidden Valley Fire,33.963907,-114.513662,96.02304077148440,0.0,103.0,179.0,10.769744059843300
93b20c9d-a07e-4127-a8c9-3c342d2544f2,Duck Fire,38.00025,-120.944749,71.33592987060550,1.0,23.0,179.0,4.973632975190930
ee8b1361-f3a8-4d56-a043-d54bbd3e3d4e,Michigan Fire,38.379304,-120.986172,87.5777359008789,3.0,184.0,181.0,5.621697587827560
f20ead25-443a-4527-8f1e-d8947f8b4e24,Broadway Fire,36.203824,-121.141238,92.80313873291020,8.0,179.0,180.0,3.52608084820332
18caa406-cd3d-4080-88c6-74ba37a456cf,Canal Fire,37.051003,-119.926528,110.41764831543000,4.0,114.0,170.0,3.113156415605610
5d5a2374-c01e-4d87-9cf5-71dd9cce0c9a,Border 77 Fire,32.5891998,-116.9079487,247.74710083007800,7.0,150.0,169.0,65.87991662309810
3d2b78af-b20b-4aaa-8f93-9ac3097cd705,Canyon Crest Fire,34.034077,-117.481178,306.59283447265600,5.0,339.0,186.0,60.94041593134910
6f1c6068-575e-4301-aa6f-d4b66d8c3da6,Derrick Fire,36.443544,-120.419992,195.81082153320300,5.0,22.0,174.0,18.91390702375870
54e9ee49-0c28-4477-8c29-b46738b07b78,Franklin Fire,34.06343,-118.69642,161.156982421875,9.0,67.0,155.0,119.34849487054000
79847059-1dc0-4c33-8dec-750d312742a7,Rogers Fire ,34.6492,-117.3543,774.2089233398440,6.0,48.0,166.0,12.93432613748270
d64ada14-14ac-4ef6-a77b-495b6b17136f,Addie Fire,35.27248,-119.61551,419.4236145019530,0.0,25.0,180.0,9.34347024188604
6d5fa9cd-13a8-4f93-8a28-de9895dc9a30,Soto Fire,34.002023,-117.440844,310.5403747558590,14.0,311.0,213.0,45.05388985472130
c991981e-892b-449a-b467-b5f742a4e9b1,Soda Fire,34.9868,-119.477,816.4409790039060,6.0,203.0,188.0,27.298298024411400
e2f7d285-7b47-40c0-802e-b7de9e51da56,Oak Fire,34.883723,-120.246601,366.24945068359400,25.0,224.0,233.0,74.0992058457513
4eef0191-65aa-46a0-8227-d1553896a5b0,Border Fire,32.59853,-116.82817,1013.4483032226600,12.0,2.0,179.0,97.85228411952310
abfed7a3-794a-4294-9852-43176dcbc18a,Palisades Fire,34.07022,-118.54453,408.453369140625,2.0,79.0,173.0,70.9792017704176
dbfa574e-1b10-4467-b5e5-7d1c06ebc8dc,Eaton Fire,34.203483,-118.069155,1202.0277099609400,35.0,0.0,180.0,135.45373720312600
ed36cf94-75d8-43f6-913a-d15646907311,Hurst Fire,34.32533,-118.478134,466.83306884765600,8.0,170.0,176.0,66.05236510601800
c3e0b57e-f5b9-41e0-b9ec-eb524797c874,Tyler Fire,33.706565,-116.164126,-11.680379867553700,0.0,223.0,181.0,5.616918607848630
c2159108-ab33-4b74-8ef1-3706df7aecda,Woodley Fire,34.17973,-118.47438,209.9636688232420,3.0,163.0,178.0,3.851795414397950
8ea1537d-2560-4d08-bfe0-060cf5275e54,Olivas Fire,34.244456,-119.2567768,5.239530563354490,1.0,252.0,183.0,2.9995913801924800
83adc92b-bd6c-458a-a2b1-43b3ee2c27b3,Lidia Fire,34.4408,-118.2433,789.1903076171880,20.0,117.0,125.0,68.93170569264240
3b0d8af8-f3c9-4629-8735-641d9f6af3e7,Sunset Fire ,34.1105,-118.3536,323.819091796875,35.0,139.0,112.0,68.09250754094600
98dad47e-805e-4300-8220-c908df687b4b,Kenneth Fire,34.185198,-118.66991,390.7021179199220,8.0,155.0,170.0,26.02309678591500
a93eab36-e8a3-4a4e-be4d-2372e3ba4957,Archer Fire,34.3087,-118.5111,424.764892578125,24.0,88.0,106.0,41.725042941214100
11055429-59f4-49dc-b759-a0c0d1225efc,Auto Fire,34.23661,-119.20224,17.09381866455080,1.0,229.0,182.0,3.0642385720298500
8a3dcaf5-4724-4176-83d4-08f96c79ffb6,Scout Fire,33.989,-117.3887,274.1898193359380,18.0,57.0,135.0,34.57684138411550
6c143c7e-d33c-4d0b-b434-d33a13705328,Little Mountain Fire,34.154384,-117.32064,406.7729797363280,12.0,149.0,161.0,51.67827235193000
db6f387b-2654-44a6-815e-20491c5a37a2,Lilac Fire,33.30932,-117.152114,182.32058715820300,33.0,91.0,82.0,69.93592344887300
74af6e1b-0ca9-4094-869d-ecae0a778cfb,Pala Fire,33.363226,-117.162897,117.44480895996100,8.0,245.0,203.0,32.40971689630320
6bb588ff-4f53-492f-9e3a-1ff5900f6345,Friars Fire,32.7702,-117.1698,52.98471832275390,31.0,164.0,155.0,36.53491408367930
8dcc0ed8-641f-4b85-b853-9ed4473f5e51,Ncfr3 4 Fire,33.299921,-117.174205,201.91928100585900,15.0,352.0,187.0,49.913862015974900
b8b66c83-2a4d-495e-b51c-6dc071ddaa5a,Clay Fire,33.96682,-117.47055,208.1384735107420,4.0,232.0,191.0,9.007524821296710
7eee0dc7-7020-4a86-9be7-82b084f105d9,Center Fire,33.001,-117.0887,216.3140411376950,21.0,20.0,158.0,15.286657114191900
bf194e6a-78cb-46bc-849b-567bceaabbb6,Hughes Fire,34.553008,-118.56687,574.27587890625,8.0,296.0,204.0,70.91112534858480
0434262e-c6ca-4232-a2b4-ad0f5589b036,Sepulveda Fire,34.0968,-118.47541,236.86415100097700,39.0,193.0,206.0,54.481632846147600
d45df9b2-8dc5-4d88-864b-f3a842c8a2fc,Laguna Fire,34.1655,-119.059,49.32120513916020,17.0,25.0,158.0,27.30497293816530
a9719e0a-db5d-48d4-895c-5b096ae1802d,Border 2 Fire,32.5947,-116.8437,1054.350341796880,23.0,117.0,118.0,95.436694084039
22ec23e5-b380-4ee4-942f-26c12a4576d7,Gilman Fire,32.8622,-117.237,86.08132934570310,19.0,98.0,123.0,15.870126907812300
a79b51d3-9ae7-4ec3-a8ca-9f733b89df9a,Gibbel Fire,33.708601,-116.964339,522.9534912109380,27.0,171.0,167.0,55.77865119212390
460e65e4-366e-46d1-8729-7d1756fca41a,Rosa Fire,35.303682,-119.982524,594.350341796875,0.0,95.0,180.0,1.309108698174800
6d86f896-f2e9-4189-b816-239b65f58d26,Cross Fire,35.945458,-121.117684,289.3018798828130,1.0,214.0,181.0,7.058627551801180
06a7c71b-03ff-4c7b-aff8-1d8bcf3c9def,Penny Fire,32.922111,-116.475667,1651.9371337890600,18.0,48.0,138.0,40.73355870701400
c59146ec-ab73-416a-b66f-e4b568f5208a,Scout Fire,33.250188,-116.688664,870.0369873046880,6.0,253.0,200.0,9.515553938146210
55e18040-1f91-4e09-9c4a-d46c149c917f,Ranch Fire,34.643056,-117.351944,778.64794921875,4.0,11.0,178.0,6.651904947575980
14822539-1d7f-48be-b38f-b19bcb0d742f,Range Fire,34.738888,-120.574436,99.75255584716800,1.0,277.0,184.0,5.009204971617820
d8b9c4f8-d96c-43d3-bf53-a97420332b75,Aha Quin Fire,33.732521,-114.510789,85.94807434082030,1.0,342.0,181.0,4.190412237627810
e9a1b964-9bff-443e-aa89-f8f933c66bd6,Buchanan Fire,33.525303,-116.100296,-62.7468376159668,1.0,266.0,184.0,1.4934177141135900
014151c4-c77d-4fe5-9ffc-d90909ed8f4b,Silver Fire,37.399684,-118.352523,1249.5936279296900,1.0,176.0,180.0,3.896138262510780
8f9c92f4-ea71-44cd-aeac-a88c3c358213,Wild Fire,36.72005,-120.387063,54.65900039672850,0.0,0.0,180.0,0.9787152607702360
d4fd55a5-d2bc-4b99-bc11-7284ece809a9,68 Fire,33.554725,-116.07895,-62.4681282043457,0.0,194.0,180.0,1.2855129393741300
59f47699-1014-4dc6-9349-7c1372e64221,Hillcrest Fire,35.38229,-118.90064,217.4829864501950,7.0,189.0,184.0,17.133031856383300
56ea5974-d922-41cf-9cf6-ef7372a32b44,Wildrose Fire,34.7001802,-117.1823536,1088.3446044921900,10.0,338.0,193.0,75.96680662701040
0001934f-901f-40aa-93f2-017d7debbcef,Lake Fire,41.869329,-124.185699,4.532238483428960,0.0,277.0,180.0,0.9059158394899170
7a358a73-e272-4675-9046-9cc2c9fca091,33 Fire,35.120005,-119.43823,339.29315185546900,3.0,349.0,182.0,24.414844198491100
6a2b37ec-72e0-4e4f-8836-7176f05a9f62,Boyd Fire,32.9021295,-115.2930033,4.571441173553470,0.0,271.0,182.0,4.210174660310300
b6bba77b-4892-4f29-832b-04a58a1ba9b1,Canyon Fire,36.991952,-120.908311,91.1264877319336,2.0,65.0,174.0,15.558721267137400
f6e3470c-a717-4e52-9c88-2be8d359631f,Dunes Fire,41.804082,-124.220177,12.83199977874760,0.0,0.0,180.0,3.287462908653290
00e82f13-a668-4fac-96e5-87db742562f4,Panoche Fire,36.656093,-120.876101,422.049560546875,3.0,242.0,187.0,13.578423420368300
d01f8246-e27f-421e-b342-58d949af2209,Sandy Fire,37.185799,-120.513485,41.34277725219730,0.0,187.0,180.0,0.5103137246444980
805b0f33-c6d9-4aa4-b3c1-e067b490bed6,Laporte Fire,39.516462,-121.19237,952.5228271484380,14.0,116.0,142.0,31.21455463277340
f2a9ea76-12dd-4bda-847e-44c747f70e08,Church Fire,33.638422,-116.142626,-36.89813232421880,0.0,189.0,180.0,1.3391623607837300
bdc85ac3-5b32-41f9-9731-2ed55ae7fb8f,Reef Fire,35.813704,-120.014805,192.58621215820300,3.0,104.0,173.0,18.281775221967200
e6656c72-2905-43bb-b838-74c36adcd257,County Fire,41.92216,-121.3501,1231.3853759765600,1.0,10.0,180.0,0.2722691251141180
3edb01e6-4e6b-4560-8309-857931f2d0d4,Felipe Fire,33.098585,-116.470729,688.6764526367190,6.0,130.0,166.0,57.22351145342270
eb2e3d29-afa3-4e95-8393-7a2580e337ad,Eastman Fire,37.2304128,-119.9868107,211.1172637939450,5.0,112.0,164.0,23.993603098376200
c48978b9-c4c7-4101-b9c1-1fb310574e55,Carroll Fire ,38.350603,-121.398847,9.532000541687010,0.0,0.0,180.0,0.4025811107378160
5227a3b1-2574-449d-a60d-2c3f3a791c19,Pioneer Fire,40.2367915,-122.4158944,231.6864776611330,15.0,159.0,164.0,11.97289398935350
29ba0d62-b0a1-456b-b45a-3a903e11533d,Putah Fire,38.492882,-122.004577,48.13689041137700,11.0,23.0,167.0,17.60923191392840
5798325d-b91c-42eb-a9bd-159d52cbd8db,Matthew Fire,39.067758,-121.273365,131.98228454589800,8.0,96.0,155.0,27.081470466826600
a7823000-b882-4363-8cae-d92340e14a8b,Springs Fire,35.817188,-118.954931,260.7260437011720,14.0,261.0,222.0,16.144652242430100
3a26f52a-e198-480a-98bb-6a6f1caf3fc5,Scarlet Fire,36.6034,-120.3885,61.01811599731450,0.0,67.0,179.0,0.7992511839408560
6f61252e-c7f6-4c2b-b445-ffb1a666515d,Anchor Fire,36.704866,-119.30285,182.13894653320300,4.0,349.0,183.0,14.310543458718100
059fbe95-ec41-4a58-9b48-475061f42517,Grande Fire,37.462643,-121.183569,77.42097473144530,4.0,333.0,186.0,28.616643164546600
e6937d67-d13e-4941-8079-559703c0660d,99 Fire,39.55236,-121.688719,42.5615234375,1.0,274.0,182.0,0.9918550429814200
34d330e6-6eab-4527-b350-3616b17fcff0,Cherokee Fire,36.4213337,-118.9149505,243.2935485839840,2.0,217.0,184.0,25.86399922373590
f9dd207d-0f51-449a-882d-7aa6aa1eaf7c,Pozo Fire,35.4018646,-120.1997983,522.2601928710940,3.0,217.0,187.0,13.286512512047100
01fa37af-7ca8-4d5a-bdfc-60888a4b444f,Catlett Fire,38.846183,-121.407882,24.49227523803710,0.0,214.0,181.0,0.9654471437951800
27d27175-c7e1-4a5d-8e98-b4b29201da28,Energy Fire,35.351787,-120.040599,609.1869506835940,0.0,185.0,180.0,1.6476967033413500
15127f35-1f17-42c2-8137-56ece7061ba0,Sapphire Fire,33.954739,-117.702445,250.5650787353520,4.0,10.0,178.0,44.03644095826640
d3ba42d8-d13d-4040-9edc-5c1f44522f44,Robinson Fire,37.498636,-120.44704,82.9122085571289,4.0,301.0,190.0,12.72479988722460
805b2240-1e96-4920-8bea-b4ae44005640,Hansen Fire,37.719785,-121.53522,86.23705291748050,6.0,106.0,161.0,10.979310470788100
a7e25ed4-93bb-423c-89cf-64b48afbd1e0,L7a 2 Fire,37.493638,-120.445783,93.4693603515625,5.0,58.0,168.0,10.751246506036700
55621216-5ec5-430d-aff6-0f93b203fbfb,Acres Fire,37.0815942,-120.0170157,107.2013702392580,0.0,174.0,180.0,3.1329984732921000
48f09db4-0701-48f1-88b5-12bcea02289e,Duck Fire,37.944835,-120.928401,46.42184448242190,0.0,313.0,181.0,3.950500852598650
f7e153f3-91da-4cc3-a33b-dd7783c36a02,Toro Fire,33.757845,-117.345037,650.75927734375,5.0,229.0,193.0,23.237303649892900
0ae5bd29-1d0f-4a1e-b1cc-400386f7d1b8,Globe Fire,34.886238,-120.593673,465.62939453125,18.0,215.0,212.0,80.32484631848630
68839891-cd6f-4a9a-9d7e-aef108232cf4,Baxter Fire,33.610162,-117.149827,450.8653259277340,10.0,188.0,185.0,12.905967262868800
7704bb91-db3a-4a24-b125-1b0e689fca4e,Acampo Fire,38.148511,-121.040983,77.64009094238280,1.0,48.0,177.0,6.465373090831480
1d662ad8-9166-4cf7-a7ff-cc2e6f8d35f1,White Fire,37.244386,-120.198126,89.90360260009770,0.0,104.0,179.0,1.3866149000178400
d70f377b-58e9-419a-bf5b-00117e270fac,Washoe Fire,36.652363,-120.460299,78.55892181396480,0.0,271.0,180.0,1.5013372520812500
d868ae36-7e0e-4d19-a189-ad934b180a95,Academy Fire,33.0859909,-116.9455267,154.3219451904300,15.0,253.0,225.0,74.21154857206920
b85fdc63-f8c9-4746-8091-f0e459a2e6cc,Kahlon Fire,37.187714,-120.333898,65.33901977539060,0.0,270.0,181.0,0.6707733946869090
c6b55ce4-48c8-4027-978b-b880b4dfd5b5,Nella Fire,37.0462978,-120.9680028,79.59319305419920,6.0,136.0,168.0,7.47055673192758
1191b16b-f398-4545-9827-674ed99b1f05,Idria Fire,36.543667,-120.835667,437.7384948730470,14.0,91.0,137.0,75.96505518506350
6e547ca0-c187-4a01-9ec8-4104fdd45566,12th St / B St Fire,36.630347,-119.320298,128.9430389404300,0.0,148.0,180.0,1.3368584772331900
35d0844e-0ceb-420f-b267-ab22d3afb4df,Jacobs Fire,36.639031,-119.313661,132.85855102539100,2.0,222.0,184.0,1.941400556484510
a6ce84c1-8ced-46b6-a5a1-501b7890dff6,Adams Fire,36.631825,-119.317698,130.02825927734400,0.0,229.0,181.0,1.4259735532672900
70033b2a-f28f-4545-b1a4-fd29950a3c9d,Grange Fire,37.6693899,-120.4395747,143.36036682128900,20.0,124.0,130.0,40.90337052933010
481e4ea4-bbed-4ac9-8d4d-a09787de9d08,Sunset Fire,38.824583,-121.349272,33.22771072387700,0.0,289.0,181.0,5.767999786484280
9666b843-8126-4a70-a753-93711f782529,Corn Fire,36.661361,-119.14466,627.7632446289060,3.0,119.0,171.0,55.07560273804220
d11d8cdb-f0c4-487b-8a1d-bf9e0a64b355,Panoche Fire,36.63874,-120.624598,146.43382263183600,0.0,55.0,179.0,6.306872301885670
b0eaba5c-1bf5-4123-aa6e-26c212bd596e,Democrat Fire,35.479027,-118.7094208,475.8049621582030,47.0,251.0,255.0,126.23890274683200
be3d405d-c19a-4c9e-9f17-5284a710d9d8,Walnut Fire,37.874694,-121.69861,43.251068115234400,1.0,93.0,176.0,17.828087223803000
e291bb03-c0ad-411c-b616-4327c9032095,Gunsmoke Fire,40.1624,-122.5868,328.0809936523440,19.0,240.0,230.0,31.92154858872720
ab3eab9f-862e-47f1-803a-243507ea128c,Jaw Fire,35.3158,-118.2225,1187.7509765625,15.0,126.0,141.0,41.94364019692830
7660065b-dc72-49fa-a5d4-c25f29f5f12d,Spring Fire,41.33512,-122.32687,1305.8359375,6.0,46.0,167.0,50.777354895196500
e3bc74fc-b0a6-4580-9a6e-4988f3e15376,Phillips Fire,37.03473,-120.818154,35.83799743652340,0.0,0.0,180.0,0.717526548233154
741b7993-0acd-4942-8bd2-7e6984bc48f6,Cunningham Fire,37.344921,-120.25151,98.19737243652340,0.0,328.0,181.0,2.2750081203396000
5ab32f4d-a6a0-4e9f-9689-f55b7a2c03cf,Crossing Fire,33.466549,-116.8260846,805.1611328125,7.0,31.0,169.0,43.86633662712150
45da254c-b880-463d-b7c0-8b3daa08d8a0,Sargent Fire,35.952527,-120.859456,154.68797302246100,1.0,216.0,182.0,27.106148636704300
5d4edc6a-7049-47c8-b977-11faf06889a1,Mission Fire,37.27341,-120.451639,52.68064498901370,0.0,229.0,181.0,0.7041674073143930
a92539ed-ed8f-4143-9f1a-2fb40672d144,Auburn Fire,34.590737,-117.465727,869.5234375,0.0,341.0,181.0,4.325070952960140
1582c12d-e5c7-4901-b173-9b41b056445e,Sierra Fire,33.847742,-117.461546,429.16259765625,4.0,98.0,168.0,15.07510089342530
6dcb6454-eea6-4f54-99c9-a8048d57f06d,Creston Fire,35.564837,-120.560704,322.3134460449220,1.0,254.0,184.0,6.596420756501300
3862596b-1d06-4879-98a5-764e88524db6,Dan Fire,37.244432,-120.670161,31.31700134277340,0.0,0.0,180.0,0.3605360305358170
9ba4bf27-e4d6-4055-8d65-9f2162ae9287,Midway Fire,37.71488,-121.561663,110.61003112793000,1.0,80.0,177.0,11.14322117698060
c8d4f29a-e833-49e9-a905-f02af3a6205e,Inn Fire,38.009312,-119.156506,2020.9000244140600,12.0,76.0,144.0,110.71610399341400
9962bc8d-5341-4f8e-a271-78d1d9a64c12,Orange Fire,36.624674,-119.322692,127.4871063232420,0.0,250.0,181.0,1.3840656091853500
117f74f1-b674-4ad1-90ac-de4958715559,Spence Fire,39.118918,-121.331078,98.36009979248050,3.0,209.0,184.0,16.54979282005820
8d927633-20e5-4938-871e-8903dec1045f,Guadalupe Fire,37.2106583,-121.8947894,233.96075439453100,8.0,91.0,155.0,33.567534723814400
0f25abe3-087f-43cc-8523-7f8830f359d7,Pluto Fire,41.573333,-122.295,974.7153930664060,1.0,271.0,184.0,8.85198125463687
1594de54-e7b8-48ea-8869-ece45db609e9,Southside Fire,36.77321,-121.345501,145.35255432128900,2.0,220.0,185.0,28.641354913531200
d882a22e-f9b8-43c9-a378-bfe462e34f4c,Rifle Fire,36.944525,-119.676186,125.23121643066400,10.0,153.0,167.0,33.211844718497200
810ed9c5-010c-4149-ad21-4afaa724d944,Milpas Fire,34.413935,-117.102917,1162.2471923828100,11.0,0.0,181.0,57.75167533164420
ca0402e9-9abd-4463-8187-074d9fcab146,Gun Fire,36.622453,-120.657656,180.13433837890600,2.0,23.0,177.0,40.32429756094100
abe10547-4150-4df1-b847-87af8feddf72,Lake Fire,37.648407,-120.492179,54.27350616455080,3.0,312.0,188.0,15.822076630424500
f5d6e65b-19e4-4ca3-83fb-f7c3f8bfafe7,Pecan Fire,36.611351,-119.43763,108.55570220947300,0.0,175.0,180.0,1.0414259152983900
f9ef205c-d2ea-4edb-9705-9840cb30cdb1,Cherry Fire,38.34346,-122.016511,94.06587982177730,16.0,206.0,202.0,33.28558667734950
3bad40df-622b-4172-8bd5-79f5b95816bf,Orange Fire,36.60254,-119.296,133.8719024658200,1.0,256.0,183.0,9.822012657281070
6b89b685-6a60-49dd-81ea-f33ec5dfa215,Run Fire,37.08447,-119.99113,109.52547454834000,1.0,287.0,183.0,3.1088628186575200
27998576-98a2-4a2d-bc1a-afdf09066ecb,65 Fire,35.46115,-119.08242,168.34466552734400,1.0,233.0,183.0,6.649297058383920
b95a33a4-0367-4ea4-95bd-08be90b94fa5,Belmont Fire,36.749107,-120.373279,50.88510513305660,0.0,350.0,180.0,1.060125944556880
78a75770-7abe-41cb-be5b-98b04750d43f,Juniper Fire,41.5892356,-122.3472513,893.3998413085940,2.0,4.0,180.0,8.65063747896853
f24fc520-d285-4223-ace6-e46b93bd26d0,Stadium Fire,36.613311,-119.322764,124.21080017089800,0.0,270.0,181.0,1.5019845655522900
5ae072be-edb9-4553-afd2-ef8d0108a63d,Paloma Fire,37.396908,-120.460411,69.59785461425780,0.0,244.0,182.0,4.224484697563690
588fcef3-7626-44c3-ab26-83f2ef19111c,Frazier Fire,34.8229,-118.9121,1289.75390625,8.0,179.0,180.0,85.1752213473058
06178d7d-8293-470d-86d4-98ffa4d97586,Grubbs Fire,39.444691,-121.45917,213.3248291015630,3.0,205.0,184.0,23.974319633305100
6292b9d7-ea32-4342-b869-c04244c71224,Hensley Fire,37.100283,-119.883749,145.00521850585900,5.0,300.0,195.0,19.2963507740047
a1a24bab-e19d-49d5-a3f2-46281022f261,Eureka Fire,34.0618164,-116.3269976,1370.3016357421900,7.0,252.0,201.0,28.438841811222500
dcafbf03-7e3d-452e-ba19-51f201392e69,Emily Fire,34.7561047,-118.46498,864.776611328125,1.0,79.0,178.0,6.337826383506560
1f30d922-c369-4462-b736-d7148c82c029,Henderson Fire,33.3803841,-117.0608758,231.13157653808600,22.0,78.0,116.0,71.87155418631590
bce3d832-a999-4314-8f5d-dec78b6b8a2a,State Fire,33.799855,-116.972054,463.9778137207030,0.0,19.0,180.0,2.589098252175070
66725740-7447-4122-97a8-185c6a949f9f,Coyote Fire,40.4095336,-120.526195,1277.8583984375,1.0,209.0,182.0,16.917525733782500
e8ea496f-b48e-4c0e-aa43-d7fee5dcd8f2,Mccabe Fire,37.125121,-121.088612,95.30838012695310,1.0,137.0,178.0,26.432901676592300
b3bc4084-0e2f-4f6f-8075-7bde64d7dc8c,Round Fire,34.709092,-119.336243,1172.98828125,15.0,198.0,195.0,28.941607788522700
c1e1567d-4ce5-427a-9070-7be99a793ce3,Cove Fire,36.63234,-119.3495,123.0292510986330,0.0,169.0,180.0,1.2724098929924400
bf459045-cd6d-46ca-b6b5-7c3383132dad,Rose Fire,36.60343,-120.178698,53.5405502319336,0.0,316.0,180.0,0.4117496990074140
be139824-1afe-4cb0-92fd-83eca05e577b,Cottonwood Fire,41.923333,-122.566666,674.6256713867190,5.0,242.0,194.0,48.97911759708170
04517066-44b3-4ba0-aab6-be990571c73e,Rector Fire,36.7665646,-119.238331,671.072021484375,18.0,177.0,177.0,150.7009582689730
6f67ec22-c9db-4f85-af9f-1d65c8102b7c,Vista Grande Fire,38.276076,-122.0643336,55.36635208129880,17.0,124.0,136.0,23.85768890734530
05855e72-f24b-494c-b816-1c4c54193111,Ford Fire,36.7485076,-119.3741071,189.8634796142580,23.0,75.0,112.0,86.63064516962750
8cce41e0-a556-4472-b351-9d835122e9dc,Quail Fire,40.542584,-122.274206,169.77796936035200,1.0,207.0,182.0,5.852315166563960
fb704e26-37b6-4832-a15a-b7630d6438b6,Fort Fire,34.8892431,-118.920401,940.3770141601560,39.0,124.0,86.0,135.24193055375200
4bf75173-5605-4990-8525-233af5de2f70,Juan Fire,35.386609,-120.1656,469.6138916015630,2.0,178.0,180.0,25.525975914057000
e46c8db3-3b39-463e-90f6-3a805431af3e,Fink Fire,37.39594,-121.145689,79.43604278564450,2.0,347.0,182.0,11.2681548699384
ebae5593-bef6-47e4-b2a2-5762997ad972,Grade Fire,36.520325,-121.757033,278.7811279296880,31.0,256.0,255.0,77.26508228209490
95855b3f-ff88-45cd-8de6-86fa973ac967,Jack Fire,35.708223,-120.157902,361.3404235839840,2.0,181.0,180.0,23.50352973781950
1d4b5639-9ac4-42de-8f20-9884ed8f6657,Sabe Fire,36.800358,-121.274403,241.6867218017580,7.0,177.0,179.0,23.39239530462730
d8c67864-71fe-44f7-b36c-0e18df46af61,Perez Fire,36.766702,-120.384115,50.83144378662110,0.0,82.0,179.0,1.0638497424333500
4c572138-64a7-4bba-ae74-4b5ed8e78df8,Reading Fire,40.6399341,-122.9447813,595.7640991210940,24.0,220.0,228.0,65.98556309897350
89f1e05a-5652-451a-8c41-4d65df907617,Feather Complex Fire,39.8913619,-121.2897146,1344.2706298828100,10.0,232.0,205.0,85.11800224211950
3f92262b-599b-4753-a002-f514ab1e36ab,Antonio Fire,37.353834,-121.554371,604.0562133789060,8.0,7.0,177.0,50.42884472988020
a826b1bf-cb1f-4f11-9d1c-e8c6a70b9419,Windy Fire,37.34,-119.327,1016.2701416015600,8.0,142.0,164.0,55.96818679587340
b0fbc28d-1c08-45a6-9fb9-85489e5db871,Cahuilla Fire,33.540872,-116.740299,1135.0738525390600,2.0,175.0,180.0,14.786713721232900
bd1877e5-4421-4e52-b4cc-4b863f708c87,McNamara Fire,37.228714,-120.457979,49.53224182128910,0.0,260.0,180.0,0.5910156417734380
5fbb7563-7dc7-4a36-849b-400b8488a9dd,Ranch Fire,34.3745,-117.1232,1352.748779296880,5.0,320.0,190.0,43.24336128359730
a2c5a778-4896-4812-ba19-1e966a2aa253,Bethany Fire,34.2,-118.309,274.03875732421900,6.0,204.0,189.0,63.461645998238800
65bba8de-90eb-4af0-853c-7920557d4303,Greilich Fire,38.454,-120.889,232.7009429931640,6.0,267.0,199.0,13.653285161961900
b8f95fe9-87af-4f12-a351-4fd38ad0bae6,SKU Early June Lightning Complex,41.716795,-122.345743,892.950439453125,3.0,296.0,188.0,14.025808143165200
fa5f5923-ea10-4b02-93d4-b0ed55684942,Letter Fire,39.8933,-121.287,1387.981201171880,34.0,224.0,250.0,75.41957280752590
66bbfc0a-d8a9-4bb3-b4af-e0b891083c48,Lake Fire,35.116076,-119.30306,119.5466766357420,1.0,10.0,180.0,4.995929190410750
7ccaece9-72e8-4e4a-9cd6-176dfae15511,Rocky Fire,36.301073,-119.089751,230.40505981445300,17.0,177.0,177.0,49.52027167875170
a503c875-cf30-411a-925b-d120439d5ffd,Little Fire,36.656093,-120.876101,422.049560546875,3.0,242.0,187.0,13.578423420368300
9259639b-d550-4ec6-9c54-89ed5d79ef8e,Willow Fire,41.812667,-120.245333,1598.2669677734400,0.0,0.0,180.0,3.581035941320760
9a83f189-c39b-49f9-a853-879593dc77bc,Dino Fire,37.066401,-121.219118,413.5040893554690,2.0,191.0,181.0,12.829808788913200
2695f2b1-10c4-4934-bdb2-60f90e8e9b9d,Miller Fire,40.436496,-123.409997,548.4764404296880,4.0,283.0,193.0,109.15754636773000
46f15a2b-23e5-4935-8fb8-918a5ab275a5,Ford Fire,39.302133,-122.488411,370.3395080566410,1.0,71.0,178.0,21.456670939319100
aa2daeb0-ecc2-419d-b413-915a32ad8d62,Lobinger Fire,39.943968,-122.211579,91.32044219970710,1.0,315.0,183.0,1.3438637030432400
f71c1c56-b75f-4afa-bb35-8d65ed87bc9b,River Fire,36.858259,-120.442537,44.91300201416020,0.0,0.0,180.0,0.5049945459092690
631c3c90-dfad-4cac-8859-06950210132d,Claro Fire,33.080796,-117.212509,175.54080200195300,10.0,198.0,190.0,58.54956983723560
6028f6f3-75b9-414c-a66b-a4cfec15ed54,Firestone Fire,36.0931954,-120.4557421,386.4007873535160,28.0,328.0,226.0,92.63909137166660
473966df-9c8c-4030-8d6a-3f99304e088f,Airline Fire,36.351124,-120.963426,427.104736328125,2.0,75.0,175.0,48.09159700064540
3ddaa74b-f795-4e8d-8e53-d837f98be748,Hudson Fire,34.9578,-119.403,978.8031005859380,19.0,101.0,124.0,41.96276442099880
080119cb-3fea-4f59-91bd-1cb0a3f98fe3,Rica Fire,39.27736,-121.479804,39.04846954345700,4.0,301.0,192.0,2.92321035068099
900dfb7b-90a8-42c3-b98d-88e84bd07b9e,Eagle Fire,35.78442,-120.926961,357.39501953125,22.0,53.0,127.0,53.02816670403670
1f34192f-55aa-4fde-a116-d65b56609fdc,Clement Fire,40.479167,-122.4495,243.75369262695300,1.0,47.0,178.0,6.910319936358640
0b1307ff-5e5a-4a3d-b27a-9e94e0558cde,Dogs Fire,35.6025,-119.0082,322.90594482421900,16.0,277.0,229.0,14.360592362390800
5f946e5b-abfa-4ded-bf89-4c8375cb1395,Linda Fire,38.4513,-122.0102,86.23899841308590,7.0,153.0,170.0,13.716382414516600
763c63d2-2f39-4e7f-8f24-5a2808c08389,Eldorado Fire,36.2548,-120.211198,122.04304504394500,1.0,30.0,179.0,1.888579415665300
052d91b6-4122-4d11-a0e9-9a8bdd6b20f8,Bitter Fire,35.543275,-120.155841,551.7327880859380,9.0,167.0,174.0,29.048436708365900
ae42afac-b38f-4d58-968d-d876d5e29ced,Riosa Fire,38.9750021,-121.3711948,30.476154327392600,1.0,187.0,181.0,3.121337871440070
9ebacc83-5d1a-4ef4-b62d-65792274abb6,Heaven Fire,41.829538,-122.655185,597.546630859375,8.0,317.0,197.0,85.37725773168980
ed4aad14-a112-44f6-8238-cf573ad1da49,Oak Fire,37.029083,-119.521241,422.9164733886720,9.0,315.0,200.0,44.41382262313530
d658643f-eaa9-45a5-9e45-67b9d9b3e01e,Vista Fire,33.817645,-116.865296,1014.153076171880,14.0,178.0,179.0,77.62799319345410
23e3e015-7049-4e65-bbc9-740f3f0c8763,Mission Fire,37.579302,-121.917569,329.4283447265630,13.0,27.0,161.0,33.412399264419300
62259ad8-31b4-4198-aed3-09f8294688b8,Elm Fire,36.285576,-121.288116,120.55377197265600,1.0,16.0,179.0,87.2053671285567
6655119d-7259-4e18-bc85-85f95e590d2a,Mission 2 Fire,33.304144,-117.222897,95.70638275146480,21.0,78.0,118.0,19.961086428571200
ed541421-5044-45d6-b1ea-d00b6a84a863,Flume Fire,38.002498,-120.428245,537.5650634765630,8.0,143.0,165.0,40.71092850181010
683d0fec-5b0c-4c62-a8d1-2863f2177f27,Maria Fire,34.338157,-119.068341,70.20587921142580,0.0,222.0,181.0,18.583459758954900
867acd06-a71c-4c21-b062-a8e4ddc71afc,Raymond Fire,36.982098,-120.03479,88.07183837890630,1.0,136.0,179.0,1.6329433682118600
48c29c55-5fe3-4551-84f3-26498eba7bc3,Howe Fire,34.390543,-118.788721,295.6727600097660,12.0,10.0,174.0,53.05903812239560
938c350c-e4c7-43aa-b74a-a60878fac303,Raymond 2 Fire,36.98112,-120.034098,83.4880142211914,1.0,125.0,177.0,1.554812019447660
be152584-dd03-495a-9f91-e0bf8ececbff,Tule Fire,36.024449,-118.803799,311.365478515625,9.0,166.0,174.0,58.07774796677760
04a5ac6f-f585-4327-8632-c9a152fb4f1f,Monte Fire ,32.8921885,-116.8435559,155.94505310058600,5.0,4.0,179.0,62.90645235053910
9ffc1d50-1031-4227-a4b5-4d000ae8f8ae,Bonanza Fire,38.65789,-120.88977,491.7446594238280,4.0,218.0,189.0,43.78310832751970
e3fe0bfb-f128-4374-94d3-6c5ea20c2610,Ranch Pl Fire,37.4097645,-121.8445081,114.17071533203100,11.0,233.0,207.0,57.43415446315530
a247e76b-059a-46f2-9f81-72296062ee01,Rider Fire,33.827937,-117.26152,481.7349243164060,2.0,356.0,181.0,18.78073344042330
18af619f-4885-40d4-8cff-7001f2b6130a,Band Fire,37.644013,-120.32096,332.46044921875,2.0,23.0,178.0,11.883721841383200
6d56edaa-f51d-4fe7-a478-db1e6e7f0795,Somersville Fire,37.981065,-121.850359,100.44618225097700,17.0,49.0,140.0,48.313244011807200
9bfdc8b5-0d7a-4d02-a19b-ceef70afacc3,Iverson Fire,36.527575,-121.41631,91.60298919677730,2.0,265.0,186.0,10.082636844992300
14cd1228-9114-43be-810e-867fc540bec4,Rancho Fire,40.405179,-122.314137,184.8257293701170,10.0,57.0,153.0,12.014380797331600
186bed99-513f-46f0-9b12-8eae54434060,Cut Fire,36.07288,-120.102299,188.728515625,4.0,81.0,167.0,28.63674531533320
3c0ac68e-5cec-4c96-a322-18bc6e43992c,Hawick Fire,32.828836,-116.8865217,280.2509155273440,10.0,340.0,191.0,65.96288963522940
5a3e58ea-ae58-40aa-842f-1742cb72ab50,South Fire,36.617484,-119.325847,125.26412200927700,0.0,247.0,181.0,1.494119227903840
c6873239-c5f6-4b51-834a-44f0d3644c07,Coal Fire,36.29538,-120.267799,152.3031768798830,1.0,48.0,178.0,10.8796265565019
990f3704-6b5e-4069-a709-a7fd401ae3fe,Ruth Fire,36.723722,-119.147595,696.2006225585940,19.0,174.0,174.0,49.95211386917390
c606c9b4-5e5d-4d54-8ae0-00ad4239a277,Camino Fire,37.759084,-120.464241,308.6160583496090,3.0,255.0,190.0,24.322056320888
0d2c4259-7d63-4c13-99e8-881d2d64c9bc,Pilitas Fire,35.351553,-120.496248,408.4775695800780,18.0,105.0,128.0,41.20837443623810
f4e57b28-c96e-45bb-bf29-d4844d9abc7d,Rush Fire,40.712794,-122.81401,577.505859375,8.0,249.0,204.0,48.05258118443990
a5bbfa60-7ac3-4bb2-95fc-3122598ea125,Raven Fire,41.883057,-122.439466,853.9304809570310,3.0,272.0,190.0,39.756308325857200
8fa12e35-097e-4de9-931c-2a2c111dcdaa,Happy Fire,40.486435,-122.393131,179.4304962158200,12.0,289.0,215.0,16.32250324185850
72824b38-fae5-4939-a262-8626d43fb202,Le Grand Fire,37.227475,-120.378832,59.77064895629880,0.0,233.0,181.0,0.7504144415646280
8a3c1044-8b32-40f7-8036-c87890c6d0b3,Clark Fire,39.619667,-121.628921,82.93206787109380,1.0,189.0,181.0,3.998294161864030
a347e4a0-e25d-4fd8-aec2-eeb90773fe53,Colvin Fire,36.470737,-119.167075,142.3314208984380,7.0,238.0,198.0,56.42283860409790
89a8a29c-d0d3-4091-b8ca-72ad757148f7,Green Fire,37.7378488,-121.6171198,168.8282012939450,7.0,350.0,184.0,19.98348006543920
38ad3e62-0bfb-44c9-b160-86e8fd9c3b0d,Benito Fire,36.730979,-120.360998,50.0010871887207,0.0,71.0,179.0,0.5451443123046500
799f9d83-3649-4b48-afce-a64ff2fa476e,Grizzly Fire,37.783207,-120.26613,504.1233520507810,34.0,239.0,255.0,83.95810812974110
2aa79a44-8202-4483-bee9-4e8315f8e76e,Ward Fire,40.396723,-120.42736,1238.8636474609400,1.0,229.0,182.0,6.162789034829210
72dd20ec-d741-40bf-b459-43a9ed28bc3d,Washington Fire,37.302318,-120.760519,28.82523727416990,1.0,333.0,181.0,0.5305105197427730
76c3740b-7a9f-48b5-b689-97a3595a96ad,Rodeo Fire,38.022773,-122.24052,52.97797775268560,7.0,169.0,176.0,33.86055464148710
13a5b063-02bb-4f53-b110-928f98d2fa27,Rock Fire,37.515906,-120.452933,75.3668212890625,0.0,214.0,181.0,4.288409212357900
110b2fac-26a2-41b3-8ce1-6333e009cbb0,Granite Fire,35.511497,-119.01354,280.2398681640630,19.0,240.0,231.0,23.67261875196800
dfbec069-f13b-4c6b-a906-18279d69fe85,Monterey Fire,36.486982,-120.370491,112.85958862304700,1.0,91.0,178.0,3.026187791295410
cc05df19-4f9a-419f-8c84-748a34a86303,Ariane Fire,32.80368,-117.193056,49.74539566040040,9.0,67.0,155.0,15.293550698845000
daf2547e-0b0a-4876-b073-58c2a9655725,Montana Fire,41.627217,-122.365602,847.2220458984380,1.0,302.0,183.0,8.874543027496200
a691fef4-eefe-4f79-bff8-64fa7e0fe8c5,Dias Fire,36.0498,-120.3988,340.2006225585940,19.0,275.0,239.0,29.942942489097500
89e8f675-02f3-4f55-897f-6ecc52be596b,Fleming Fire,34.023047,-117.47683,298.9057922363280,13.0,157.0,164.0,79.8387135245638
1d1fe063-d67c-41f3-837b-99d7da818aa2,Dry Fire,37.720963,-118.966856,2345.70556640625,3.0,48.0,174.0,21.06296079815560
a7ecc916-19c1-4b1a-b018-a0a656526752,Jasper Fire,34.4255821,-118.6586194,311.3798828125,4.0,94.0,167.0,37.06187686976260
ba050422-aa00-4d3b-8025-4169b9d9f84a,Red Fire,37.08604,-119.698787,323.7817077636720,22.0,302.0,239.0,31.50794314675220
208363bf-46b4-45e8-b40c-5913b5404df8,Orange 2 Fire,36.617488,-119.327231,124.65713500976600,0.0,253.0,181.0,1.443760200286880
58a0c153-985b-4481-961c-92af3023bb6b,Saddle Fire,36.400201,-118.944829,458.2475891113280,29.0,238.0,254.0,130.492630011303
f7b79536-9a39-4b11-b880-004d0b554cd5,Parlier Fire,36.611927,-119.516953,104.50093841552700,0.0,176.0,180.0,0.7014023511706930
d4c0aebc-cfdf-4b78-abce-dd7fbd3e7042,Springs Fire,41.5625133,-122.3668324,842.6392211914060,2.0,354.0,181.0,7.52407083565144
f0f3d279-102e-42f2-a8ab-824dd1240549,Llano Fire,35.489202,-120.720399,335.2275390625,13.0,85.0,141.0,28.855483227936200
5b3d8229-b45b-4625-8905-c35a3c471bca,Smiley Fire,34.005867,-117.192261,501.2427062988280,27.0,345.0,202.0,39.0469217409055
9163f470-265d-422f-92fb-5d8ea9ca1acf,Lake Fire,34.28816,-117.349169,1034.94580078125,2.0,196.0,182.0,66.97550675555080
4ba011be-8053-463f-97a0-225ae21d7ad9,Chance Fire,35.765157,-120.769914,254.5769805908200,7.0,313.0,196.0,12.506815388818600
492a3401-c34b-4778-82a1-924934025dd1,Marysville Fire,39.382915,-121.151358,705.1564331054690,9.0,168.0,175.0,103.97760681331000
c75674f5-5290-49b0-aafc-8d5c24add457,Kenyon Fire,40.54094,-122.40611,161.73641967773400,1.0,145.0,179.0,16.92055684010150
b7cfefea-e9ff-441d-b58b-4d4e113dbb72,Mandalay Fire,33.955583,-117.483115,261.39361572265600,5.0,104.0,165.0,19.606561908216100
818f89d4-5daa-471a-992b-626f26b21cec,Wolf Fire,33.88649,-116.89942,813.4909057617190,3.0,315.0,186.0,95.2503558396005
997830f3-c5df-46be-9f26-fa6d802bb6ad,Turner Fire,37.157274,-120.700946,29.21078872680660,0.0,320.0,181.0,0.2384686238313270
83cf174a-71c4-4590-acf9-3ba7a78d91ae,Mindy Fire,33.55768,-116.85995,1003.441650390630,11.0,88.0,147.0,27.891818407433100
f2ea3802-fc3e-4475-b248-7b8a5db23e20,Cable Fire,34.22809,-117.374501,758.9742431640630,6.0,248.0,198.0,77.53909493973670
08531865-4d19-4fe5-9eb2-11fbb173063d,Juniper Fire,33.801555,-117.325778,672.3734741210940,9.0,325.0,197.0,29.1793894495899
c5a3cf01-9174-47e7-b646-03834502dd4d,Blanca Fire,37.041595,-119.761885,193.9364471435550,2.0,282.0,187.0,9.523423570616620
60365bac-8607-4078-815b-bf227729da15,Sims Fire,40.142467,-120.185357,1231.829345703130,1.0,299.0,182.0,2.815167028414580
21999b62-a462-4885-a870-4409459e4e16,Cherry Fire,38.336187,-122.02472,73.88282012939450,1.0,144.0,178.0,26.516098036346800
1693e271-6411-4c4e-a83f-af66f94ca823,Quarry Fire,38.308538,-120.970323,65.55448150634770,2.0,230.0,184.0,9.478710372388030
9292651d-1137-42aa-8d50-982437246e91,Perch Fire,41.920673,-122.4204,823.8375244140630,3.0,275.0,188.0,40.37254218494590
67a0c1a1-175f-4ca1-85f4-9ba3245f6880,Peak Fire,36.523445,-118.894072,489.3059692382810,8.0,191.0,185.0,64.12155980073220
94ed6ea4-43db-40e4-bf0b-cad6fa718372,Brown Fire,38.430903,-122.045526,146.62672424316400,8.0,241.0,201.0,42.57941809513670
575264c0-167c-4a74-b2e6-f23756f19d0a,Oakdale Fire,38.673273,-122.017383,56.840309143066400,0.0,70.0,179.0,1.8348465696613400
01e7e83e-1a4c-4f14-bd39-9ef36136a91f,Madre Fire,35.099242,-119.982548,509.234375,7.0,3.0,179.0,46.22869559386790
96558c49-db9a-4e14-8329-6f5a487287ea,Horse Fire,40.87206,-122.55849,923.576416015625,24.0,167.0,164.0,104.50915553207200
4e07582c-e388-47e6-8408-cdc7142e7091,Green Fire,40.834939,-122.094146,650.44140625,3.0,20.0,177.0,65.10596846041700
cf48f92e-8154-4f92-a003-0df210ed8d4a,Heart Fire,36.210429,-120.085599,106.1223373413090,0.0,79.0,180.0,1.5864781597527600
dcbcd806-0402-4989-bc61-a3391604f956,Snelling Fire,37.471435,-120.501308,56.98936080932620,3.0,147.0,176.0,8.092914041600310
e93e606b-bcb0-4df3-8ae2-20e80bb43d87,Helena Fire,40.794628,-123.132571,770.0650634765630,10.0,120.0,153.0,117.50690345819600
bbecde18-3f28-4a67-bd74-7353fdc804ae,Ravine Fire,39.064532,-121.267354,139.1966552734380,7.0,201.0,189.0,23.508685655651400
f74ea816-839f-4d70-8b15-8977b8ea428e,Fairmont Fire,37.714766,-122.104671,100.21867370605500,4.0,101.0,169.0,31.758092820296200
90d8c1b4-9d68-460e-ac08-50d32436ccf9,Elwood Fire,36.811475,-119.383467,161.00425720214800,2.0,221.0,185.0,35.6342461437754
6cb52bf3-56c1-45c7-b79b-6141519f75c5,No Name Fire,41.7585,-123.2135,990.3764038085940,38.0,224.0,255.0,131.92324623322400
639d1196-4ded-42d0-a787-06d84bd8082f,Marble Complex Fire,41.52404,-123.13222,1959.1378173828100,14.0,241.0,219.0,126.19326926888600
69d2b787-9eed-431c-87d3-e584ca37e464,Sabe Fire,36.801216,-121.271644,236.4051513671880,1.0,56.0,178.0,26.488337896922100
5cec84ed-8b30-46ef-9ac9-f031ae689997,Springs Fire,33.919507,-117.103765,493.9948120117190,3.0,175.0,180.0,29.137844254468400
567159bf-77c4-44de-9d1a-c807d08fe78d,District Fire,39.4464985,-121.4836105,158.63613891601600,13.0,179.0,179.0,15.050587159610000
6f534590-a9fd-46e2-b408-e58a3d7261de,Cowden Fire,36.809334,-121.390959,101.8193130493160,1.0,314.0,182.0,22.034395416338400
7a8fc21c-498c-4704-8575-79eda2d34cf5,Grove Fire,39.3742124,-121.4139814,250.5972442626950,12.0,279.0,216.0,27.7838740891362
6d5a6244-9219-4c4f-b525-f0d248630af8,Walnut Fire,36.70169,-119.808899,83.47594451904300,0.0,271.0,181.0,0.485238185322089
41af5239-6953-44a1-b5f5-e51a296b0c43,Chow1 Fire,37.136643,-120.226007,77.60822296142580,2.0,163.0,178.0,1.2353451048319200
2c50aa25-713b-415c-b041-a866ab86c521,Sanderson Fire,33.787296,-117.006785,460.9710083007810,0.0,328.0,181.0,1.6800129331449200
77de68c2-06ae-486e-9624-5cb82edfe1b4,Pomo Fire,39.139455,-122.881426,408.9732971191410,0.0,329.0,181.0,21.327831199403500
e57e0893-279b-4e41-a896-7b164bc0f3e7,Cactus Fire,33.908497,-117.287235,476.4550476074220,0.0,36.0,180.0,8.518239681135810
89dd1be6-dc1a-4b44-8430-434c3e80fd4d,Ignacio Fire,33.543824,-116.918051,685.1162719726560,5.0,67.0,166.0,24.23155728254990
12a260cb-2f14-4527-ae9c-f8d5ffe19934,Hunter Fire,37.565899,-120.152833,848.5171508789060,12.0,132.0,153.0,58.2052825200052
78eb688f-34df-421a-a407-5bf1ec002095,Rancho Fire,35.532939,-120.622981,361.6762390136720,8.0,196.0,187.0,20.25337617144490
c883666b-ccbc-45ca-b800-bdd60443e6f2,Soboba Fire,33.786094,-116.923214,498.7774658203130,3.0,268.0,190.0,23.78252890065360
29275d9b-f736-4c1c-90c2-e13248e300a4,Sage Fire,33.929799,-117.186627,514.1409301757810,2.0,215.0,184.0,24.0104230191378
d8027cd6-0b3f-480c-a090-ce2e5360d903,Van Clief Rd Stevenson Fire,37.288251,-120.833366,24.50306510925290,0.0,294.0,181.0,1.053627697040850
79f430c5-2150-453d-931d-71bf0e777565,Zediker Fire,36.611938,-119.520899,105.01806640625,0.0,178.0,180.0,0.7365510444125020
3989ef92-24f5-460f-a90d-aa3f17035628,Morgan Fire,37.773964,-121.778644,282.1813659667970,12.0,110.0,146.0,52.44744786380710
6b40be2c-f184-4b2b-a784-a140a3cd31de,Bartlett Fire,39.165061,-122.613599,469.8190612792970,4.0,111.0,169.0,69.87985547852550
090cbdd1-ed88-4f1b-97a6-235cc420271a,Flume Fire,36.161296,-118.706452,741.12939453125,9.0,241.0,204.0,118.49057725150100
3502e42e-91be-4d4f-a164-a0b139383059,Bridge 3 Fire,40.172678,-123.60102,133.9231414794920,3.0,273.0,191.0,42.64084887013750
f5c8200f-94df-4fb9-bb8b-c6079bf67cea,Fish Fire,36.794181,-119.411635,157.84967041015600,4.0,209.0,187.0,23.482883113018600
f7341ae4-55b4-4fb9-bb59-353f8c7951e5,Tractor Fire,36.224616,-118.832595,614.7579956054690,5.0,154.0,173.0,17.78846559324390
d3fb8961-81d2-497a-ace3-e89d369ffddb,Nichols Fire,33.7198782,-117.36247,396.1548156738280,16.0,301.0,222.0,51.08467254663020
cfa8c26e-46ab-4186-9238-cce50f9d0ce6,Corning Fire,39.928283,-122.2985996,118.69735717773400,1.0,135.0,177.0,6.292840982367030
534d3171-a0e9-4875-af3d-cb7638dfd0fa,Birds Fire,38.1303671,-121.79616,70.77322387695310,9.0,69.0,153.0,13.68161029271120
35411052-3bc4-4ba7-a867-eec3fd57136e,Bluff Fire,33.950365,-116.880684,840.6085815429690,4.0,61.0,169.0,39.400485940159500
acf7159e-eb73-4cbd-ba94-20871e0edb11,Pyrite Fire,34.017805,-117.462368,264.5778503417970,2.0,180.0,180.0,35.79922683998410
536afa9c-eee6-419e-911d-a839680da5f6,Bert Fire,34.449864,-118.611317,331.6571655273440,5.0,277.0,195.0,19.9708092224584
94eb10cc-563b-41a7-917e-8ae3d1b8aaa6,Victoria Fire,37.655501,-121.659503,285.59326171875,5.0,8.0,178.0,17.829289212031600
b7168e23-a985-4e7e-b870-22006a55a069,Pickup Fire,37.244233,-119.731216,687.90673828125,6.0,242.0,196.0,37.25300400560230
5e349d97-2863-4b52-a2ed-0f4560d8b1cf,Steele Fire,32.733209,-116.914968,177.12767028808600,17.0,22.0,160.0,34.4238030405588
543374ff-d1c3-4c76-9ca4-3086a9598ad7,Button Fire,36.654779,-119.435896,107.79246520996100,2.0,241.0,187.0,2.6095456624422000
c1c21095-0f44-4ddb-8b34-6b9c06507f3b,Orleans Complex ,41.3255556,-123.4177777,571.7122192382810,45.0,308.0,255.0,160.8923425509680
3630f3bb-9d85-46d2-9a24-bbfd8286055f,Madera Fire,33.50064,-117.01089,389.31256103515600,2.0,146.0,177.0,66.33982601215490
406739ea-78f6-4255-9697-d6fc2e73ba59,Moore Fire,38.873631,-121.322879,41.98308181762700,1.0,150.0,178.0,1.5631531327208000
08cb4a51-41b2-4be7-bf9b-6dc1fab5169f,Reche Fire,33.95918,-117.191827,643.4873657226560,19.0,208.0,208.0,38.735399960373300
c594e5d5-06d5-4f9a-bd37-f2280f9af8f1,Springs Fire,32.7145184,-116.7478188,745.1907348632810,29.0,213.0,229.0,89.80557495722830
d6757966-5b8c-425d-8673-9c0d3f6c569c,Kirker Fire,37.982895,-121.898942,99.23604583740230,2.0,337.0,183.0,40.15851610773630
fb38fa74-9a89-4e09-a208-aaa84ad5656d,Parkway Fire,38.493586,-121.09374,48.6072998046875,2.0,228.0,184.0,5.8495334159062200
bd5030d1-9bee-402b-81c2-0509dc67356d,Stardust Fire,38.882558,-121.247136,80.80753326416020,3.0,154.0,177.0,6.035520028252810
22cea9ae-fd92-4502-8ae6-f3470dfbc8f0,Scavenger Fire,36.226722,-120.193833,128.66058349609400,0.0,70.0,180.0,1.5114305082554200
5672f0d9-db24-48c3-817c-e7b99cf25711,Canon Fire,38.2986878,-121.933483,31.6484489440918,11.0,267.0,213.0,3.543532451056310
f7583812-6b99-4429-9ee1-cb016865ba44,Island Fire,36.864545,-119.315821,291.5531311035160,4.0,231.0,191.0,66.13742458529330
686318b6-46bf-41f4-b9ce-c935c4e875fc,Ivory Fire,39.574,-122.707,1272.2470703125,12.0,317.0,205.0,86.67061059113670
dd9ec694-07b3-45ee-a17f-a1729ef2460d,Marie Fire,36.748969,-120.369387,50.68251800537110,0.0,44.0,179.0,0.8523064604315530
357031c1-f5cb-40af-a634-754e427f7fb0,Max Fire,36.9646836,-119.2280383,534.5074462890630,15.0,220.0,209.0,72.7135159438651
ad2c68a3-7e84-4da9-aa45-32831db93a91,Chowchilla Fire,37.098778,-120.265957,70.40231323242190,0.0,143.0,180.0,0.7747856505658890
0dfbed5a-c4ff-4d44-a777-ede21cc385ac,Fandango Fire,41.79792,-120.19432,1638.6939697265600,18.0,167.0,167.0,76.80064281115970
0ac52778-b57a-40d3-a456-a2695c8d1114,Jefferson Fire,36.654009,-120.315699,50.05899810791020,0.0,0.0,180.0,0.2897981021737230
b4d57fe0-8b23-4c00-9b32-140f485698ec,Piedra Fire,36.745812,-119.450866,127.47111511230500,0.0,132.0,180.0,1.8821976849110200
cb94c161-a4a5-4734-ac55-80bad3ccfc8b,Fobes Fire,33.636667,-116.634361,1363.316162109380,1.0,127.0,179.0,9.8854176366278
10b40268-289c-4fcc-a7ce-0e2d584b745f,Fay Fire,35.7349929,-118.3068082,1233.7490234375,11.0,249.0,212.0,47.81694609154370
0fe66384-ed74-40d2-8cef-f78ee5e7fbd8,High Fire,36.66331,-119.786,84.44535064697270,0.0,235.0,180.0,0.5216877408682900
a8e68f07-1d49-4baf-b6be-9807c5459bc9,Foster Fire,40.388446,-122.541885,208.01248168945300,2.0,81.0,174.0,13.885804328878100
adb9e4c0-569d-485d-bced-0cee394bc3c3,Dale Fire,33.51744,-116.78672,1044.75830078125,5.0,261.0,196.0,10.84394503983560
c3bac26e-e528-48de-ba61-d275d4382bab,Grain Fire,35.91106,-119.03899,169.28929138183600,2.0,269.0,186.0,3.4103190791345000
b595bc7e-fc8a-43da-afea-b84e20909a97,Baker Fire,40.3125,-122.578667,297.4839782714840,20.0,1.0,180.0,17.379062545253600
a5827766-cb05-47eb-b8e4-659ac49fd43e,Debbie Fire,40.092913,-120.111242,1281.2720947265600,0.0,0.0,180.0,1.6049553156964900
e34f6f9c-fd60-486f-96c1-c30aaaf52ffc,Little Fire,41.12607,-120.932333,1396.156005859380,3.0,123.0,172.0,26.083296432833300
68594725-8904-4e2d-83aa-ab833f666deb,Stetson Fire,33.729228,-117.076401,465.7528381347660,0.0,177.0,180.0,11.503159443062000
d652bbb1-ce43-459a-8dba-605eb426de13,Blue Fire,35.8649,-118.8175,462.9345703125,6.0,229.0,194.0,41.77238417555220
a587f706-5428-44f7-aa94-ead7be01edac,Willow Fire,37.118,-119.932289,172.84222412109400,3.0,14.0,178.0,11.12855295155850
784ab1c3-c83e-44a8-b49a-5f720b71c8a7,Pala Fire,33.342918,-117.114678,95.08604431152340,1.0,103.0,178.0,55.53374048947860
0f725e7d-48e5-4fdd-9671-c62a5e0ab18f,Coulter Fire,38.55184,-121.004153,171.0316925048830,4.0,119.0,170.0,21.189923647525800
36182a86-5cd4-4788-a511-addfcb488902,Jury Fire,37.916947,-120.356289,523.798095703125,8.0,240.0,202.0,18.33824980056230
ffbf3cae-7cb8-4bed-98ed-fc8a8e512b5e,Trap Fire,37.514275,-120.012292,812.6279296875,11.0,238.0,209.0,67.30814501955600
5cc37f7a-3247-44ab-ae0e-76ad1a632125,Alta Fire,39.422347,-121.470538,170.40283203125,6.0,65.0,163.0,14.561588509028400
38ea1329-35d9-4c54-8da5-d9f0e92c6348,Wolfsen Fire,37.211668,-120.788745,26.559402465820300,0.0,274.0,181.0,0.5602251346478500
9b226bc1-de53-4e6b-abd2-a743d7f1c121,Frontage Fire,34.548782,-117.296674,822.0352172851560,3.0,217.0,186.0,8.437528441175580
84026364-cfae-4482-b14b-b749a71d5ddb,Stokes Fire ,36.518055,-119.196666,588.585693359375,12.0,119.0,149.0,94.7022008683536
a59d32cc-2d6d-4440-a666-13e425d335aa,Orange Fire,37.789557,-120.744427,45.31197738647460,5.0,183.0,181.0,14.191501121775300
ee3f98a9-3e34-4ac0-a032-78afd6c1b0b1,Euclid Fire,33.922339,-117.64923,152.898681640625,1.0,74.0,177.0,12.470536043610300
ee23cc11-ce64-4edf-83ac-930943e2ed52,Mitchell Fire,33.563156,-116.695847,1231.081787109380,2.0,183.0,181.0,12.565293095492300
310efa03-a8be-465b-b30f-102a76b15080,Posta Fire,32.667663,-116.430132,953.4573974609380,4.0,185.0,182.0,46.8791365295384
8a82fc3c-9e5b-4498-b59f-6e11eacdd7ce,4-1 Fire,41.459967,-120.924262,1348.096923828130,13.0,334.0,198.0,53.92806521807920
34e4304f-08ba-4f21-a702-4194334667d8,Sliger Fire,38.943781,-120.926046,559.015380859375,17.0,280.0,232.0,96.35068524006930
110f3c65-1507-4c6f-aeee-e9170a835f1f,Shady Fire,33.656632,-116.172565,-28.028383255004900,0.0,136.0,180.0,1.55790354228475
b664fdcf-0407-4dfd-8aaa-422e53915089,Mammoth Fire ,41.684141,-121.323879,1275.1729736328100,0.0,0.0,180.0,3.0027555421580300
35a51e16-3605-4756-970f-828aeebb8090,3-5 Fire,40.9814,-121.280552,1083.240966796880,1.0,349.0,181.0,16.32813976206590
6d0de3a4-b1e2-4869-a2ae-f624a4e0d3f5,Green Fire-RRU,33.882719,-117.641517,142.27755737304700,2.0,169.0,179.0,25.789668361033400
e68315fd-ee43-4666-baaf-5d02e7c741c2,Boneyard Fire,37.773371,-120.214807,708.114013671875,11.0,238.0,209.0,76.93147332721550
c7565eb5-c12d-4401-ae8f-aeb3cc41b605,W-2 Fire,41.392519,-120.43839,1457.6810302734400,9.0,240.0,205.0,42.36362422982640
bb8a6dc1-0875-4144-b56b-07d3796155b3,Pearl Fire,35.6182,-118.48813,745.6275024414060,22.0,254.0,244.0,31.7313049376441
1fa0e0a7-9161-422c-9742-f705a0c92828,Hoffman Fire,35.300512,-118.000889,651.8802490234380,6.0,129.0,166.0,22.33893809955500
f65d7124-a461-4c82-b892-d55105860d13,Medicine Fire,39.831628,-123.267618,537.9041137695310,12.0,131.0,152.0,41.91155254255220
2f318308-6d04-4f05-8834-9f7cdce2383a,Needles Fires,34.828072,-114.583454,143.947998046875,0.0,221.0,181.0,3.3919660043347400
bdead44e-0ddf-4a1a-ad05-440493024012,Five Fire,35.3858693,-119.367525,90.01655578613280,0.0,346.0,180.0,0.5139269627652280
6339e262-6ccf-4d19-8436-44e508d43ba6,Five 2 Fire,35.5879546,-119.624655,72.8924331665039,0.0,269.0,180.0,0.319283796023408
4172fad3-c130-4607-a91c-f18612dfb07b,19 Fire,37.07642,-120.202377,74.7546615600586,0.0,28.0,180.0,2.106323915318240
8adc6368-26e7-4a91-9299-6289d17328ea,Rd 15  Madera_acres Fire,36.995304,-120.274202,57.39667510986330,0.0,267.0,181.0,0.5583085806580460
77bd9c52-9888-406b-8e75-f416723bbf98,Howards Fire,41.48008,-120.957447,1411.30419921875,2.0,179.0,180.0,38.67064719919870
c71e52ee-6c58-44ea-9a55-6751ff5ba081,Orion Fire,34.80493,-120.53608,170.6483917236330,4.0,195.0,184.0,35.58378996064070
7f9b2183-819f-4487-926b-aa36b4a31c1b,1-4 Fire,40.445172,-120.656672,1398.7529296875,10.0,193.0,187.0,79.2889052903061
c7c33e08-b93d-4de0-8394-6ef53d2ce621,Lassen Fire,40.028565,-122.086035,79.70475006103520,7.0,258.0,202.0,6.984348546353180
33d6cf9b-2d77-4039-baac-19b90988f804,4-8 Fire,41.319441,-120.747715,1629.4410400390600,8.0,94.0,155.0,41.34518670296910
fb7c1cc7-8104-4776-b89e-fd27cb9b7be9,Gifford Fire ,35.111258,-120.097902,404.515380859375,15.0,229.0,217.0,78.99554509482170
556f1827-6c95-49b8-a708-74027a55cfdf,Bernardo Fire,33.0088892,-117.0978951,248.51596069335900,15.0,74.0,136.0,21.329126386371300
ea201a75-e79c-4ff4-91fb-3ccc9142f1aa,Donovan Fire,35.527328,-120.508946,341.3059387207030,1.0,261.0,183.0,5.7461141161902800
86ecd8ea-4e67-400a-970f-c0d7033232ca,Fremont Fire,34.429401,-117.653566,1317.86279296875,5.0,50.0,169.0,38.08391575969710
21cd718c-9ec8-4f5b-a65b-bcf3d1c03450,Radar Fire ,41.7203467,-121.1305479,1394.1387939453100,1.0,30.0,179.0,3.2171995187645000
f8074843-7b89-41ff-b0bb-8d9fb609a236,Oak Fire,34.0005417,-117.1513823,518.2246704101560,11.0,351.0,186.0,30.160056267245900
c64713dc-7279-43b0-b075-9570a4211973,Lake Fire,38.9775809,-122.6525158,431.1869201660160,6.0,238.0,197.0,75.99801583120590
249fb1ec-a4f7-4140-86cf-251ef00f4eeb,Eden Fire,37.7023074,-122.023919,162.50997924804700,32.0,107.0,89.0,36.4751557915807
e66a9f93-dd3c-41bf-8a95-ec2671bd116f,Santa Fire,37.053702,-120.966641,76.11746215820310,3.0,269.0,190.0,7.39922135177504
0ccc3062-fdb2-43e1-95e3-08a91f262264,Gold Fire,34.320286,-116.906906,2316.641357421880,21.0,110.0,119.0,55.226201768233700
32bba53a-d4c6-4672-b63a-49448c53fa68,Rosa Fire,33.56604,-116.53338,1380.016357421880,1.0,17.0,179.0,32.309085029183700
05a1d89c-3180-4833-b7c2-93801a7bff87,Cool Fire,33.213005,-117.002097,546.149658203125,9.0,275.0,210.0,39.07276166478700
b73f17b3-812a-48d1-8392-f96c65f4ad8a,Mckinley Fire,36.778239,-120.657099,86.48243713378910,1.0,88.0,179.0,3.81240223512938
5dbdfbfb-070b-4de1-8c40-c68341ae8605,Midway Fire,35.222269,-120.103532,642.4215087890630,18.0,290.0,234.0,44.6517680032567
4cba24e3-da08-4c70-9bd1-9ba7a4de5db8,Claypit Fire,38.409043,-121.028053,68.9576644897461,4.0,356.0,181.0,5.3298683340986700
4876140b-cfd2-4790-b779-619cb3b72fd8,Ranch Fire,38.839,-121.299167,48.256595611572300,2.0,78.0,173.0,3.779157115482480
632408e7-21ae-4c17-93b0-98150158978b,Bridge Fire,36.733265,-120.337696,49.55899810791020,0.0,0.0,180.0,0.5704318467485410
8690b495-e0ed-42db-93b8-9a1b521a4152,Keith Fire,33.602245,-117.134907,424.67193603515600,3.0,192.0,183.0,9.703907043641200
4d5d4b02-54e9-4c85-88d9-defe7c93e56d,Camel Fire,38.054161,-122.135164,48.00522994995120,4.0,168.0,178.0,16.130358531071200
ed9b3543-756f-4a0a-9e21-d49b318a8874,Calaveras Fire,37.576408,-121.864915,82.96724700927730,2.0,115.0,176.0,39.54348683594290
39a92f5a-8c43-465a-afa7-17cae1e7e271,Jewel Fire,37.08471,-119.757059,263.9249572753910,3.0,357.0,181.0,22.00286237575170
6b9366ba-bd79-4e04-b486-23fed65a6a2f,Rush Fire,37.770605,-120.038987,865.4634399414060,8.0,115.0,158.0,50.301465752259800
a1012121-c7fc-4a33-9dec-1033603bf1f5,Pond Fire,39.73421,-123.51271,488.6597595214840,33.0,229.0,254.0,18.760692509399800
da5d92f0-bdba-46d6-bd78-857153ff630c,Farm Fire,40.409513,-122.52078,200.2044982910160,2.0,246.0,187.0,17.369151901331700
f9818c6f-7638-4425-96ef-1ba8703c127f,Van Vleck Fire,38.483838,-121.074404,58.20494842529300,2.0,214.0,183.0,10.164520243081100
a8d01a9f-0a2f-44ee-b011-517c9b4df43e,Canyon Fire,34.441462,-118.73503,368.415283203125,7.0,221.0,194.0,67.69139177000950
9682483b-a5ec-4aa9-9078-25b5ec45bbfb,102 Fire,38.69111,-121.72738,10.395214080810500,0.0,62.0,180.0,0.721367498802771
77f07fa7-3b2e-46f0-a5db-a96fd1ea226b,Panoche Fire,36.635134,-120.989102,748.2136840820310,28.0,52.0,113.0,57.21456314621070
89621310-6279-4225-8a78-d7bc1436f88b,Real Fire,34.015644,-117.453354,293.6499938964840,10.0,94.0,148.0,48.563180450443500
f6fd378d-cb6e-429a-b871-7f9bcc82025a,Philadelphia Fire,34.033455,-117.50691,256.952880859375,1.0,227.0,182.0,15.829046161992400
c59e12dd-db75-450d-b3bd-af542dc2372c,Butte Fire,41.955097,-121.120371,1424.506591796880,16.0,62.0,137.0,41.76438029901260
6cd99766-91c5-4519-95dd-602482cd1caf,Berry Fire,38.6989922,-122.2707332,202.1350555419920,11.0,127.0,152.0,49.434788656643300
f967b9d0-6970-4f20-bccc-3c8df66cd38e,Runner Fire,32.687885,-116.281929,1085.60498046875,5.0,22.0,174.0,17.62504754653010
64f3cd30-8327-4384-bb56-63ac835a0b7f,Tiger Fire,38.430401,-120.516289,726.208251953125,29.0,135.0,118.0,71.23245652559500
92dad1c8-af50-47f9-93d9-dc7fca758455,North Fire,38.994765,-122.680639,519.067626953125,6.0,199.0,186.0,45.62251772931530
c8df0d76-a014-495f-be50-250593d901ef,Mariposa Fire,34.325756,-117.477459,1024.31103515625,22.0,235.0,235.0,29.500182060084900
04483315-ddce-4a70-a56f-8733f9d0fcd3,Arden Fire,39.100802,-122.805092,437.365966796875,13.0,124.0,146.0,60.76979234813470
ae18777a-ca05-418d-965c-b34355a324d1,Richbar Fire,35.468395,-118.722809,749.5720825195310,26.0,113.0,108.0,148.9133284421980
22e01b30-09bf-4e3f-9855-6b830e81543f,Ponderosa Fire,39.386003,-121.295635,600.635009765625,7.0,261.0,203.0,44.66508552302900
825b12a9-3cd8-43fc-8456-918381122381,Clark Fire,40.91808,-121.170005,1340.8974609375,6.0,42.0,167.0,19.40781040182170
bc6cfae1-6556-46a7-ab4a-4a7598c07d8b,Mountain Fire,41.8124,-121.33,1277.31640625,6.0,84.0,163.0,23.35410004006850
8624e244-bdfb-4faf-b0bd-c7daf549633f,Utah Fire,37.573647,-120.126968,670.5752563476560,7.0,54.0,161.0,19.31107062181500
3efab425-a77d-48e1-a7d2-31d2de991864,Perez Fire,41.714,-121.286667,1266.572998046880,0.0,0.0,180.0,7.165981305356560
a1bff10a-0a85-425a-8175-a33a98b1070c,Lost Fire,36.974318,-119.724423,101.02279663085900,1.0,288.0,182.0,13.439718210583700
c26bbba5-e5c9-4d07-85ea-830845edb464,Smittle Fire,38.560009,-122.234924,150.24496459960900,12.0,93.0,144.0,52.947851110411400
a28bd151-9463-4ea3-8a4f-d6e720f01c60,Preston Fire,37.257358,-119.97478,246.6540985107420,1.0,120.0,177.0,16.25946651879990
31e4db70-aaf9-4864-ab09-d2e90201764e,King Fire,34.720071,-118.79656,948.3925170898440,32.0,274.0,255.0,42.31901893916630
33ce048a-b003-4336-a9ee-fa2d9511d760,Hawk Fire,34.5314258,-118.2272114,1140.2529296875,20.0,157.0,156.0,97.5828625400675
48a7d32f-2ecc-4030-acf5-e4a2a1ef8ce3,Heather Fire,41.932642,-122.4019,759.9732055664060,9.0,170.0,175.0,36.24611625749970
b10d856e-7741-4295-88eb-cd1c834ff295,Herman Fire,38.097839,-122.131599,96.89968872070310,16.0,139.0,148.0,31.294278371411600
a93d0a70-3bc0-4871-8174-9244ef286600,Hadley Fire,37.214319,-119.56892,763.5926513671880,21.0,196.0,198.0,41.022144091574000
fa144dab-4ddd-45f8-83b6-1a90f50d67b3,Carlos Fire,35.453419,-120.66952,305.5883483886720,2.0,340.0,183.0,24.40594292494570
d94d8f86-a05c-4a9f-a309-cd5f7823a656,Vineyard Fire,36.865734,-120.140056,66.56861114501950,0.0,259.0,181.0,0.5664931925702570
c70ae143-c751-48fe-a10a-f1c0347c3bd6,Coyote Fire,38.535896,-120.636971,813.33154296875,29.0,253.0,255.0,60.25871261688160
ad8a290a-744d-498e-b4e9-b94f78b5e146,Watson Fire,37.084305,-121.644112,144.6818389892580,14.0,268.0,224.0,35.322374270144200
5b4fef80-5eca-4bc6-acae-02aa42a7a18b,Pickett Fire,38.6001023,-122.5519541,193.73753356933600,27.0,226.0,239.0,83.1056888505216
314d2f97-54dd-422b-9864-16135e58a0e3,Cantova Fire,38.489675,-121.100506,43.61277389526370,4.0,314.0,190.0,4.086026206982580
65296e0e-94a3-405e-bd6a-a28ace795d80,Crow Fire,33.4530278,-117.5346389,206.5250244140630,6.0,283.0,197.0,35.546027110501900
48ce54e5-c038-4496-9574-eebcfec97748,Parks Fire,37.732098,-121.908142,136.24945068359400,2.0,37.0,176.0,11.870152700437200
c098ae85-db2e-41da-83ca-037d827c5166,Little Fire,35.569296,-118.585846,746.2120971679690,17.0,184.0,184.0,105.7573252773340
6b986ba9-e86a-4c6d-8de5-8c44228793f8,Vail Fire,33.498964,-116.997928,533.0693359375,28.0,342.0,206.0,77.24774961512220
d93b91e1-a909-4c1d-ae42-3249ef874b43,Tanabe Fire,39.265104,-121.514636,30.64328956604000,3.0,174.0,179.0,4.385582492199420
3e30d9df-db01-4acb-934c-af5cd0fe2879,Lierly Fire ,34.995365,-119.044543,556.9555053710940,20.0,44.0,138.0,59.07733480847530
be4c1c64-9b6c-4d40-bbfc-f4b8b24804a5,Anderson Fire,37.067374,-119.620204,450.4655456542970,13.0,227.0,210.0,80.19989836460350
6155c47b-b61c-48d6-bb2c-6a69a6431761,Point Fire,40.38862,-122.40685,158.9597930908200,1.0,185.0,181.0,6.25617836526754
9d372a20-0746-4842-bd0f-bff3c34d4bf3,Canal Fire,37.097674,-120.029309,108.426513671875,3.0,328.0,185.0,2.2569832463915600
fbffffd7-48c4-4770-a7ef-2155b6d054ed,Look Fire,36.536667,-118.909333,958.3986206054690,36.0,81.0,75.0,145.37432717896300
ce840fb1-e2d2-4b9a-bc9c-fbe67dbddb7f,R-3 Fire,40.435833,-120.477333,1314.3250732421900,1.0,172.0,180.0,25.821265107242600
ff0b75c2-1968-4021-b7cb-070b7bd73769,Garnet Fire,36.86508,-119.027914,416.7017517089840,25.0,115.0,110.0,126.20930612006300
c0d28e66-6e9d-4b11-b35c-6b6faced0038,Sky Fire,38.89991,-122.527007,534.6586303710940,2.0,248.0,186.0,55.24592106160090
0c1912a0-f243-4219-94b9-0c3b96c6de9e,High Fire,36.964445,-119.343755,603.3124389648440,9.0,286.0,208.0,65.82203560356680
b228fa71-e2c7-4b82-aa46-cefd7f2149fb,Branch 2 Fire,36.950182,-119.34644,538.427734375,31.0,67.0,94.0,80.1689074338026
99c6e291-683f-4922-88b8-deb713154b5e,R-10 Fire,40.678028,-120.24025,1879.5242919921900,16.0,320.0,211.0,63.459270753103000
08c79b64-8b60-4645-9010-ffaea3674ed8,Aberdeen Fire,36.99955,-118.232528,1181.10888671875,1.0,100.0,178.0,4.936188306934350
e2e8daf9-9b18-457b-b741-f6f57c5f3ebf,SKU Late August Lightning Complex,41.0,-122.0,880.9342651367190,48.0,61.0,64.0,123.55422710493200
de9b8a01-9e10-4ca7-97ad-67043afe44b4,Pomegranate Fire,36.647094,-120.133591,55.62583923339840,0.0,145.0,180.0,0.4859796967961090
08f5737e-f8fb-4b58-972f-6cd8aeed2419,Mesa Fire,37.891253,-120.488153,359.43133544921900,3.0,257.0,191.0,37.05383627244600
914e88e1-6397-481c-913f-c99cbd6db94e,Dillon Fire,41.54121,-123.539009,496.9887390136720,5.0,68.0,165.0,123.64485373810900
23e74ed4-dda9-4762-bbcf-3e7a339758c0,3-22 Muck Fire,40.97749,-121.227729,1293.2607421875,19.0,78.0,123.0,55.2614832853222
be9dfed2-0edc-416b-9c69-b13e13f664a9,Paskenta Fire,40.00074,-122.298489,117.6509017944340,1.0,157.0,179.0,7.080227205540100
3f461214-6919-46f3-b160-fd0dc32d0689,6-3 Fire,39.523797,-121.650849,48.58471298217770,2.0,232.0,185.0,3.9169900265044800
aa24ecdd-5b7c-4ef2-8423-dc88687c5965,Butter Fire,35.464035,-118.147758,1603.62744140625,11.0,163.0,171.0,56.471032113817
270ab2cc-1c68-4ffc-a7b2-5990bebe1de6,3-27 Fire,41.088854,-121.057196,1319.1968994140600,2.0,123.0,176.0,8.80428406398568
eb382b3b-d965-4bae-a906-c1bde34d4ec5,Grade Fire,41.217878,-121.590689,1149.653076171880,3.0,163.0,177.0,7.589110047279240
48a9cb94-d7ee-482e-a4fe-274f5b20d1ac,H-10 Fire,40.737144,-121.330697,1508.757080078130,15.0,274.0,228.0,10.488492247400400
a09db6c1-addb-4985-b09f-79c9dee4dcea,Franciscan Fire,40.472116,-122.181166,149.4629669189450,1.0,273.0,184.0,12.341410078298500
b693a737-9d35-4881-bd17-d6d548c86ad1,Parkville Fire,40.43326,-122.188718,133.81663513183600,1.0,291.0,184.0,9.99484789585607
24e81360-1adc-4698-a555-8889e495116a,5-4 Fire,40.782379,-122.639809,963.0234985351560,18.0,81.0,126.0,97.77088366535910
76b3ce59-5628-4cb0-9ac5-0ed5664745b5,Lake Fire,41.86292,-121.22717,1383.7398681640600,2.0,32.0,178.0,31.18381628131100
3ce1e1a6-8b18-47a4-a0c2-504b8e0d23a7,Blue Fire,41.78715,-123.18499,1368.70361328125,35.0,53.0,98.0,162.6483865669240
4782d694-390c-4f8a-8e9f-d34cb123216b,Hutton Fire,34.990911,-120.437696,62.52921295166020,0.0,317.0,181.0,11.11933807906000
f77059ce-71e5-429e-867c-3cb616e94659,Garden Fire,41.31546,-123.23382,1349.1790771484400,27.0,111.0,104.0,234.80842739471500
c1318018-7d6a-44ba-9e01-568fa18267aa,Peter Fire,38.919426,-122.876633,469.1388854980470,3.0,308.0,188.0,26.243907930451600
504dec0c-b35c-47f9-9ef1-df84c5412c70,Log Fire,41.41726,-123.2668,1579.289794921880,51.0,342.0,224.0,224.2997298154890
afeee627-e908-40e0-918d-885d3259b147,Grant Fire,37.740292,-121.585802,96.5252914428711,2.0,100.0,175.0,14.2221232784904
c3f60dde-0a15-4a38-b176-26182671e5c4,Scott Fire,39.043833,-122.972167,452.0317993164060,7.0,306.0,198.0,29.57807926729800
69a4e5f7-b848-41b6-a707-a0f6c5f56dde,South Constantia Fire,39.941076,-120.004618,1394.9918212890600,5.0,293.0,194.0,26.564372155272800
14e4411e-04ff-401d-97b8-7bbd6217244f,Murphy Fire,41.211359,-123.173767,1271.0682373046900,41.0,289.0,255.0,148.2943123705140
814f890b-75ab-443d-9cdf-badffd41e9f9,Coach Fire,36.805649,-121.561084,165.5116729736330,11.0,206.0,195.0,46.117662387575200
f8959720-f626-4d96-8e3d-6a58560e934e,Edgewood Fire,37.443956,-122.265569,159.52349853515600,4.0,96.0,167.0,25.313743455676600
052109ae-c63f-42e5-96db-e0caec9d0796,Stonewall Fire,36.448208,-121.226906,474.8642578125,4.0,255.0,193.0,22.099085900966900
238f0a06-c6ef-46b9-9917-f0034f83d142,Pump Rd / Woo Rd Fire,36.931478,-120.809789,54.09762191772460,0.0,26.0,180.0,5.426470969827300
9e256520-38d3-4c92-84f5-d09ca04fcd94,S-14 Fire,41.317155,-120.115829,1414.7557373046900,2.0,92.0,175.0,15.646348553147800
d6fc3032-2416-4bae-b758-76c722c657ad,Springs Fire,40.4017003,-121.8143349,786.4478759765630,27.0,144.0,133.0,54.38301663842740
717fbc19-c59b-4e59-ab00-bfd9d28006ef,Kibbie Fire,38.028263,-119.824371,2249.499755859380,4.0,210.0,186.0,89.16269287946160
129fd6b8-e9df-483c-9d7b-c21969377634,Valley Fire,38.72489,-121.032,306.5433959960940,25.0,237.0,245.0,41.47707726922210
12bda901-0709-4358-b92f-95949e776973,Palo Fire,37.689612,-122.020693,113.30451965332000,4.0,238.0,191.0,46.85566093466420
9999500b-3028-440f-b23e-e3455b10755f,Tracy Fire,40.40398,-122.31726,187.7588348388670,9.0,260.0,208.0,11.744506825596500
377b11f3-53f5-40f6-8cd0-d3ca6a20da5d,Root Fire,41.159093,-122.397152,1123.1253662109400,11.0,211.0,198.0,108.11134525584000
6fdf7f24-d7b7-42f9-a81e-4f746d24607d,Ellie Fire,34.545175,-119.106092,987.1650390625,10.0,280.0,211.0,90.43276658428530
178b7844-a934-45b4-8f9a-e83dda369eaf,Fuel Fire,37.044697,-119.472565,540.7029418945310,5.0,284.0,196.0,12.337335081728800
ba0bb42a-b850-4305-9f87-ad1807020261,Canal Fire,37.119648,-120.074557,100.43953704834000,2.0,265.0,188.0,1.5539956698049800
d769e11f-e3dc-479d-853f-f339470d7ca3,Sierra Fire,38.862604,-121.21753,179.38424682617200,5.0,158.0,174.0,20.31354692091230
958027b6-fb08-4446-a276-0696bb0bf778,Copper Fire,38.484002,-121.007605,109.90080261230500,2.0,27.0,178.0,17.138031008779600
80a0e51a-71e4-4327-a248-eb2e3438740d,Rock Fire,38.621374,-121.113812,124.878662109375,5.0,11.0,178.0,6.934449924263410
3e9cca98-ed61-4b7a-bf78-a39caa8b0535,18-1 Fire,37.250521,-120.197971,90.24178314208980,1.0,100.0,177.0,1.6083003241452900
5da4a983-58e7-49ad-b5fd-0be908b61d1d,Salt Fire,36.011656,-120.36348,561.788818359375,40.0,322.0,251.0,125.65800502131600
dab25b3c-d36c-4778-a9e8-edf2f5ef7407,Swift Complex,40.9044444,-122.8508333,1611.268310546880,31.0,93.0,87.0,203.2603592367720
62a80530-b52c-4fe2-9d3a-d5057db88a6d,Michigan Fire,38.379304,-120.986172,87.5777359008789,3.0,184.0,181.0,5.621697587827560
6bcfdaca-6440-42fa-aa12-d0f2d7f74385,Brown Fire,38.464121,-121.043423,81.36516571044920,9.0,339.0,191.0,10.754976603371000
ff703d8a-d4be-4eaa-8a56-64dbed6c9d79,Hornitos 1-2 Fire,37.529667,-120.256117,323.61822509765600,12.0,204.0,195.0,30.33220736621190
7533b587-26cd-4518-bbe7-299050c6e2fb,Moraga Fire,37.079208,-120.962011,38.06068420410160,2.0,57.0,176.0,4.720514424862760
6568707c-d456-47e3-8919-27f6dd6d1167,4-1 Fire,38.438081,-121.048558,65.78475952148440,2.0,159.0,178.0,8.613885759010010
90ce6dac-d2df-4fd4-a228-53dbabe869aa,Orange Fire,39.960829,-122.164789,79.66773986816410,1.0,21.0,179.0,3.8252702620010800
4eabc8a7-b2a0-4492-8b19-f2329d4bbc01,TCU September Lightning Complex ,37.998587,-120.475152,517.438232421875,8.0,9.0,176.0,36.20120350312920
28868992-a898-4079-979b-360e726002e0,Cedar Fire,40.406746,-123.231979,997.3797607421880,9.0,306.0,204.0,40.28063411443300
c3f6d925-9839-4139-baad-2765138f45db,Park Fire,35.945333,-120.3755,791.508056640625,24.0,280.0,254.0,71.9329828525263
549b3868-2d30-4653-b876-eafce2d832a9,1-4 Fire,37.255225,-120.067334,240.88848876953100,9.0,20.0,171.0,16.145149269432100
d06257a8-4409-4238-8f45-b27b8cf899b1,1-3 Fire,37.262108,-120.007439,278.47821044921900,23.0,274.0,252.0,19.175706138607600
c956becc-63af-4fd1-8aa6-9da2e496d5d5,Forebay Fire,39.524747,-121.612192,71.35458374023440,7.0,186.0,183.0,24.417238929222700
85af7553-a237-4ce6-921b-e9d46a86bbce,6-5 Fire,37.819667,-120.437333,395.8863220214840,7.0,146.0,168.0,32.13957467109820
f49cf3f1-35c2-4863-a7ee-755e908c9d18,Paladino Fire,35.417279,-118.927674,278.5317077636720,2.0,44.0,176.0,17.29919857593070
e0a4553b-e334-4136-8b2d-2a82e4fe2a66,Porter Fire,39.013895,-121.340233,50.71167755126950,1.0,344.0,181.0,5.719412177014130
210bd886-cea4-4916-9d04-7bd28063c8dd,Granite Fire,39.890933,-121.451769,1360.3199462890600,30.0,168.0,161.0,67.17499316275530
0c0572ad-e2dc-4467-a678-c9e8ba57a410,Marmon Fire,36.24125,-120.102889,105.95174407959000,0.0,79.0,180.0,1.2592309915902200
bb9b7499-20f7-4511-879f-b9b14c82f146,F22 Fire,35.944667,-120.349833,1135.9173583984400,30.0,332.0,222.0,70.72067255325970
f0ce9509-7f67-4063-9e46-0d5395a7fc99,16-4 Fire,39.342777,-121.350555,490.22064208984400,12.0,32.0,161.0,52.75983169474730
7e192d1a-cdab-443a-b895-b6190b050526,6-2 Fire,37.77721,-120.38529,354.912353515625,14.0,270.0,223.0,36.172059734532100
bf804af8-b50d-449b-a1e4-fcb89e11def4,Myers Fire,33.753799,-117.024162,476.6521606445310,27.0,195.0,202.0,25.83385332177650
3482d4a7-c0f5-4b99-b428-bb093275e90f,Rd 29 / Ave 16.25 Fire,36.985276,-120.019506,90.57858276367190,0.0,248.0,181.0,1.398126818575660
b6055b28-a825-4be5-a9ef-a5f63f377cb4,Billy Fire,37.020145,-120.99063,155.63523864746100,2.0,2.0,180.0,21.215302439829600
2041e6f5-b306-427a-ae1a-57cc8d135250,Walnut Fire,35.233355,-120.754223,131.18026733398400,12.0,26.0,164.0,70.32500256433550
2bf1f3d9-4cf9-4e44-a9fd-21d8d9846781,Lodge Fire,32.7256,-116.95884,163.08135986328100,12.0,334.0,196.0,25.554893584966300
512e6848-d749-4ecb-b9c3-4f89495ec383,Pyrite Fire,34.017805,-117.462368,264.5778503417970,2.0,180.0,180.0,35.79922683998410
6289cfc9-cacf-4db5-94a0-0b8b7e8f8895,Springs Fire,34.361588,-117.16674,1358.1439208984400,4.0,206.0,186.0,20.27616434327910
d9b216b4-4c0d-4756-b37f-a463cedca03d,Kettle Fire,36.9397,-118.7677,2498.888671875,22.0,149.0,145.0,92.04378772448240
ded457ce-a55b-4d57-8ed4-da2ff5b64a3f,Crump Fire,33.71145,-117.313944,476.1438293457030,9.0,312.0,201.0,20.547774686579800
04e9f4df-71c5-44e7-af1d-82e24f1c1933,Aqueduct Fire,35.223722,-118.118136,923.8305053710940,2.0,20.0,178.0,80.32508839405030
e6f0fbb8-8a04-4969-9dfe-6ff995e1c84c,Tombstone Fire,36.901167,-118.817167,2328.494873046880,38.0,87.0,69.0,167.27300158940200
510ca45e-10ff-4440-82ea-e02a312fc631,Lake Fire,40.375587,-120.48818,1255.1251220703100,0.0,247.0,181.0,3.0316315393808100
1e07aada-6a3c-47be-8dc9-f6db9ff596f6,Sycamore Fire,33.594925,-116.940637,764.518798828125,1.0,51.0,178.0,19.64016532473330
0baee5d9-2f57-4a41-b4db-37cf926cb62f,Coches 2 Fire,32.832348,-116.905491,182.82662963867200,1.0,358.0,180.0,23.003045999329200
b8ef214b-a9a6-4138-bab9-6ebe1e502669,Fantasy Fire,36.056176,-118.930008,170.80487060546900,1.0,148.0,178.0,63.8581172535222
4a5efe57-a4a1-4e52-9db5-1d592f156ea0,Nella Fire,37.056509,-120.969345,71.72228240966800,3.0,125.0,173.0,7.156586994205000
4591cb85-cb46-4af4-a772-ae36ab73c07e,Tornado Fire,33.473554,-117.170723,375.618408203125,2.0,193.0,182.0,38.07894206027750
06477093-53c9-4ee7-9883-18a739be764a,Boggs Fire,39.962679,-122.398034,200.4742431640630,1.0,353.0,181.0,10.376981070097700
a1f25049-f72b-455b-9fc3-1a9f0a5fa3f6,Buell Fire,40.474673,-122.619388,297.9826965332030,4.0,133.0,172.0,31.99709980312930
0491500f-f692-4f2b-8ea4-6cef3134d875,Elephant Fire,35.99553,-118.48688,1329.0457763671900,16.0,156.0,160.0,70.88741592250860
d6d4577f-661b-42c1-8fb8-90ff55f60844,Shale Fire,38.458292,-122.056304,92.42091369628910,3.0,90.0,172.0,42.63893524849680
c9efe369-7ff1-463a-82a1-076732c3e4df,Hunt Fire,38.021791,-120.775674,268.31549072265600,26.0,330.0,220.0,47.9364449770475
e54fd92b-fcaf-4483-9f9b-cb1bbb83da7a,Madera Fire,37.010829,-120.056215,87.784423828125,1.0,216.0,181.0,1.8056268860500700
462ddd93-568f-4a64-bb6a-4825e2503d3f,Pass Fire,36.20052,-118.181595,2406.120361328130,8.0,95.0,156.0,66.0206435862304
25ec6d00-c91d-450d-bd04-73656a96622d,East Fire,37.491158,-120.612219,64.86365509033200,6.0,250.0,199.0,4.7329319378993200
6018c27d-885c-49b7-bb73-bb95969347f6,Solar Fire,36.61751,-120.333854,53.0903549194336,0.0,15.0,180.0,0.571281756711983
4b917f26-a403-4f61-96d4-d861d50ddd4e,Pippo Fire,38.416028,-122.003395,82.42408752441410,7.0,334.0,190.0,25.27797325590840
d598137f-a3d8-47c3-beb4-8a3b4fcb4084,Uphill Fire,38.827689,-120.998424,340.4502868652340,7.0,170.0,177.0,38.7609478756362
98426066-4586-4ebc-a8ae-573eb3b663fe,Springs Fire,33.768255,-117.084452,653.6483154296880,3.0,121.0,173.0,13.3135680328196
15701491-c78d-4cef-af34-06398c665132,Baldy Fire,39.926657,-123.341945,616.8922729492190,12.0,27.0,163.0,86.69391548152670
d5765fe2-4b65-4dcd-8e1e-923926c23d35,Joaquin Fire,36.219908,-120.498195,376.5834655761720,6.0,49.0,165.0,44.34274818799340
75c850b6-27a5-493e-aaef-a42e02b2eab4,Lost Fire,34.301578,-118.751784,399.5085754394530,13.0,316.0,209.0,23.91616016791490
2d15d2af-d4a5-4f41-a17c-b17e3030ea93,Martell Fire,37.906127,-120.732557,211.96908569335900,9.0,104.0,153.0,26.756366078290800
793418f8-d217-44c3-8409-617b2a3107a2,Cobb Fire,40.463864,-123.527677,804.9932250976560,12.0,221.0,204.0,48.64807073106250
cd5d2222-9721-4800-a0b7-604d56b86a93,Vleck Fire,38.482401,-121.074736,56.06890487670900,2.0,109.0,176.0,11.40890642993470
5fa1beec-2657-45ff-8f6c-3c16313ad424,Paloma Fire,37.482008,-120.272427,201.3803558349610,4.0,265.0,192.0,22.782997626334000
e88762cb-c444-463b-a9fa-bd131be581b4,Alma Fire,35.307304,-119.860559,687.4232177734380,5.0,245.0,193.0,21.156757003305900
4e227d77-89e7-4979-9939-fcc5ffa68845,School Fire,37.320463,-122.366039,161.9420623779300,17.0,230.0,220.0,58.84975489441720
0e752865-9282-4376-a47b-a01b3137198e,Sandia Fire,33.444583,-117.264357,291.6009826660160,12.0,183.0,182.0,54.6302826865491
8c2e4c76-3096-4030-b96e-2ec0238a0c29,Muck Fire,40.986657,-121.264818,1044.718994140630,6.0,352.0,183.0,34.2341222843136
d8faf459-c016-4748-a700-8b3a55031d79,Nichols Fire,39.101047,-121.251881,174.0172576904300,4.0,204.0,186.0,18.5180721261838
55e1f98c-9529-4506-a70c-9e0dcd1390be,Rancho 3 Fire,33.0751624,-116.769802,769.6688232421880,2.0,258.0,188.0,34.99846508999150
63aead75-03bc-41a2-aeab-fc3b7d577a19,Dart Fire,36.066607,-118.966173,164.14999389648400,1.0,227.0,183.0,55.5314982473212
4a9e5bab-2700-4f02-ba6a-6408daff194c,Rock Fire,38.885668,-122.44521,730.614013671875,1.0,203.0,181.0,18.460518208406300
c2fc1e28-9afb-497f-99d3-889923a98c95,Black Rock Fire,34.063714,-116.393457,1314.3250732421900,17.0,41.0,146.0,46.420446832796100
949a2c98-c78a-4af3-b26e-f17238cba107,Ranch Fire,36.025508,-118.843604,258.7762451171880,11.0,26.0,165.0,39.10242243721210
9fd8ec22-00ac-4d40-919a-673171e2e5db,Parkmead Fire,33.861292,-116.561245,206.9973297119140,1.0,98.0,176.0,20.985194218897300
8a5549c9-2dd3-448e-8b57-46c7e646ac99,Grove Fire,37.357481,-119.870253,449.1182556152340,13.0,260.0,220.0,36.24957702350680
62e3eb77-4a7a-4a50-83c2-c112dbaa651d,Slope Fire,35.909937,-118.765302,469.62799072265600,7.0,171.0,177.0,56.11071301490990
f69dcde3-24f7-4b06-8ec4-a2a2e1884297,Grant Fire ,37.734211,-121.620807,158.1005096435550,11.0,277.0,215.0,31.039691500771400
88e7a844-f124-44ea-8000-35da04017bcd,Gyle Fire,40.001361,-122.275786,106.5387954711910,0.0,26.0,180.0,6.497035824974150
27b9f8cd-a1b4-4bb9-8f2a-2e75322ba48e,Sophie Fire,33.756323,-117.273098,474.0147399902340,1.0,102.0,176.0,9.789169298151560
426e587d-404d-43dc-a013-913bc5a1f41f,Scissors Fire,33.100441,-116.478846,700.1016235351560,4.0,107.0,167.0,48.87712427965110
075f506d-0a46-474f-8734-fcfa7cd2ae74,Sage Fire,37.4864,-118.4867,1477.887451171880,1.0,150.0,178.0,15.349023086661000
d9f850ad-d72a-4fe6-9c10-5e140356b7af,Bummer Fire,38.305002,-120.026064,1669.0059814453100,3.0,31.0,176.0,24.64317798325340
2a8b160f-6e69-4e79-848b-e8f77a8cc86c,Border 18 Fire,32.594887,-116.761976,361.45709228515600,15.0,284.0,225.0,63.74760634087200
ce483b9d-a84b-486a-b8c6-fb271795d49b,Highline Fire,32.901984,-115.293446,4.184385299682620,0.0,267.0,182.0,4.2757916390152500
c139680a-c78e-4ebf-8de2-c0b4870b97a2,Gianelli Fire,38.077702,-120.196545,1167.1243896484400,11.0,308.0,207.0,84.38727421959860
42ce05cd-de08-4d5f-8f0e-be53ba48dc3d,Pack Fire,37.56243,-118.788215,2353.276611328130,16.0,108.0,132.0,97.59443491453990
d34cc9cd-2663-483f-a11e-c2da18f0d289,Beaver Fire,38.4835,-120.347667,1415.20166015625,21.0,115.0,122.0,81.93743089151580
8f9a3173-0ea3-46c2-a4f9-8b254990c187,Lamb Fire,40.506958,-123.506241,1561.20556640625,21.0,270.0,244.0,120.7342642675190
9fa1f646-0539-44ef-b868-41fc490de65c,East Fork Fire,41.362804,-122.67011,1472.529052734380,8.0,210.0,193.0,59.17980324731770
94b577bd-a3da-427e-aef9-ce4e51d750ee,Ag Fire,41.525772,-120.473025,1346.74072265625,4.0,139.0,172.0,7.338696909157290
f8f00c08-2df8-4324-9f67-60d84e409fd9,Valley Fire,41.091881,-121.325398,1019.2269897460900,23.0,230.0,233.0,35.23552355820640
57e6d6fc-66db-4864-8929-a578cac494dc,Canyon Fire,35.31376,-118.288987,1259.7730712890600,17.0,316.0,217.0,63.193895315246700
811b3942-6305-43d6-83b3-2469deb63146,Hunter Fire,37.616619,-120.230337,424.2708129882810,10.0,155.0,167.0,38.24032802685310
52e04bc2-2e07-4b6d-9210-f699a542da3c,Derrick Fire,36.603111,-120.347595,55.90800094604490,0.0,0.0,180.0,0.7621831962208160
ee631649-6ddb-495e-b1df-3dde26148429,Almond Fire,33.914311,-116.773828,522.0050048828130,2.0,145.0,176.0,17.21408201320790
1fb9009a-d97d-447a-acab-875c628189de,Deer Fire,41.554617,-122.1167,1884.2376708984400,12.0,6.0,177.0,74.25503687272440
caa1ae68-931f-4ad0-911e-334235bdc101,Oso Fire,37.448285,-121.282906,193.7211151123050,6.0,69.0,162.0,50.34948844724750
312d749f-1cf9-496a-93a6-c77a7cf2b617,Paramount Fire,35.823,-119.882,87.60643768310550,1.0,86.0,178.0,3.927772581634790
43975eba-2d19-400a-be01-d99047a1c6be,Sheep Springs Fire,35.4939,-117.776,1034.4522705078100,8.0,71.0,155.0,63.77549532223330
5001511b-8685-4f15-9ddf-640d879d2297,Sunny Fire,38.537939,-122.467775,187.3848876953130,2.0,245.0,187.0,44.851134633772000
fd18afa4-2577-4655-942f-7e6998783f7d,Well Fire,36.229742,-120.313486,274.5406188964840,2.0,120.0,175.0,11.960063186114500
8767de7a-c662-4dd0-965e-7fb6be9793f4,Springs Fire,33.914308,-117.094579,478.6666564941410,7.0,235.0,200.0,27.9253921842113
8e97c34f-a86a-43fd-895c-c22044e0c9ec,Crown Fire,34.465928,-118.196999,823.4988403320310,1.0,75.0,178.0,19.804075840552200
63af4de3-436b-460f-9351-c8c4afcd40ea,Serena Fire,33.52512,-117.09457,415.2571716308590,7.0,186.0,183.0,14.71300585062490
c7154033-1cf7-41e9-8442-0a318020786e,Blue Fire,35.715926,-118.814608,648.4554443359380,7.0,180.0,180.0,31.64824144227270
724258fc-5e0b-462f-9d51-8d63e5aaa56b,Swiss Fire,38.306181,-120.405261,1086.4207763671900,3.0,204.0,185.0,43.90383667743840
570d39ad-89ee-4cc8-b78b-d1daf10fd202,Bourbon Fire,34.3962,-116.99484,1105.65625,5.0,327.0,188.0,38.666163772007000
a119566a-d30d-43e6-93f7-f61cc3b39bf8,Jess Fire,41.274119,-120.311009,1634.1290283203100,20.0,86.0,118.0,74.03001035197280
ea14fb04-6c0a-4112-ab2a-2a98bc961ea1,Rider Fire,33.83131,-117.27363,503.7707824707030,7.0,100.0,157.0,12.281148617821500
1493c551-1d09-4320-ae4b-7bcd393445b5,Hill Fire,36.287227,-119.084457,454.07037353515600,17.0,149.0,152.0,76.20357412248120
83465b38-5c6d-4392-8448-86970f42bf82,19th Fire,36.20001,-119.79721,63.38325881958010,0.0,149.0,180.0,0.3283177790258570
26a0942b-6d04-44e1-9220-933ce5a7d782,Yearling Fire,33.980189,-117.472118,250.19151306152300,21.0,282.0,245.0,23.1744056475994
6864ad9e-7151-4342-970a-503bf9cce65a,Iona Fire ,34.72345,-118.23457,718.3206787109380,1.0,18.0,180.0,1.6175271590854300
3aa2187d-4e91-428a-8854-18a4c5913d64,Ember Fire ,34.7041,-117.9543,739.7391967773440,1.0,277.0,182.0,2.3364726051867000
5ca7540f-d4f3-47e5-9143-d1cb93485817,Keaton Fire,37.313499,-120.915156,22.270750045776400,0.0,106.0,179.0,0.8576280579119190
6ba31b8b-84a8-47d4-994e-5444cf0bb746,Palomar Fire,33.610407,-117.283536,393.8386840820310,3.0,132.0,174.0,8.424199467321130
15fbf4a2-9bb5-4268-975f-771f7ffb7d04,Snake Fire,34.878679,-118.240713,758.6060791015630,10.0,122.0,154.0,26.728695861691600
de3a56b5-3ac2-4b3c-a985-daad3c5aa8a6,Vista Fire,33.7288,-117.3217,549.447509765625,19.0,180.0,181.0,26.208880221077700
8c870ebc-7b53-4eda-bf16-2b95ee692184,Johnson Fire,34.615749,-117.171806,977.7623901367190,2.0,209.0,183.0,9.023128722244630
6960bc16-2480-4343-8506-588db44fbbcf,Skyline Fire,34.164345,-116.438693,1164.015625,2.0,123.0,175.0,20.91350623382540
c0c3e864-a454-4ba8-8fa0-e56fbfd6ab9d,Tumey Fire,36.616572,-120.656805,220.7240753173830,22.0,54.0,126.0,57.22193729174820
3c354867-68ad-4b7f-a7bf-5d7251b88646,Helios Fire,35.322168,-119.942661,613.7155151367190,4.0,133.0,172.0,7.807030022363520
bcc43650-20be-4486-915c-5cee548efad1,Bonita Fire,36.085667,-118.335167,2100.44091796875,39.0,9.0,162.0,109.65615165645600
44bc2754-3cc7-4247-b53c-42e50257c0c0,Reynolds Fire,36.9757612,-120.647066,35.428001403808600,0.0,0.0,180.0,0.2767519970495380
fb18425c-1e54-428f-a4dc-48b14f4780c3,Line Fire ,35.536333,-119.791,206.72950744628900,1.0,346.0,181.0,7.115039332822260
b65a6742-3951-4dd2-8df2-93674dbf8071,Redrock Fire,35.4001,-117.9112,877.786376953125,21.0,320.0,221.0,52.331305612843300
409e2a7f-6968-4809-a7f3-b4b70bd74291,Lincoln Fire,33.540065,-116.078972,-64.9505615234375,0.0,233.0,181.0,1.0675085746831300
fd2061ea-b07b-4f90-8a3a-d11892a132b6,Hog Fire ,36.8712,-119.2907,424.0187377929690,30.0,208.0,223.0,74.82763333551740
1aa9c33d-38cd-4902-b778-70e6edef57ff,Lost Fire,35.6405,-119.6618,72.18060302734380,0.0,63.0,180.0,1.3410595588717800
4b99c6e4-0545-47f4-9a38-aa8955d6d05d,Carbon Fire,33.9231,-117.8182,205.8397216796880,16.0,286.0,227.0,51.69208145588140
3ccb43c8-cc08-432f-bb6a-007d59b872b4,Pine Fire,36.165819,-120.869922,331.1776428222660,2.0,259.0,186.0,36.76960011658570
b9b88cd0-51d6-455c-bc93-f098c3fa0af6,Ranch Fire,35.645549,-118.949713,366.0393676757810,5.0,197.0,185.0,17.84780455288240
ecff225e-aa0b-4a4d-a5db-875f9434ce74,North Fire,36.683543,-119.667943,98.239501953125,0.0,187.0,180.0,0.951395630022968
7fc17a2c-aef0-4d3b-ad48-48365dfa11ef,Panoche Fire,36.730983,-120.361017,50.0010871887207,0.0,71.0,179.0,0.5451443123046500
a1b88170-c656-48fe-95ae-62e743ae075a,Douglas Fire,36.883029,-120.491517,44.81401824951170,1.0,38.0,179.0,1.291356575069740
5d410c0e-21e9-4880-9cbc-3ba97dd9d50e,Trinity Fire,34.417488,-117.525153,1226.4862060546900,2.0,0.0,180.0,14.831299394339700
a7560095-9bca-4fef-944e-275e9b0cc894,Landmark Fire,33.228012,-116.523796,1283.10302734375,5.0,186.0,182.0,36.74632119645200
f7af6142-3c44-4005-a255-6a0bed6544bd,Gopher Fire,33.463566,-116.91934,508.8589172363280,3.0,177.0,180.0,20.8265995837413
4ad31b21-bf4f-4059-8e5e-795cdbddb512,Inyo Fire ,35.750712,-117.848333,720.3739624023440,1.0,45.0,177.0,8.729791370713110
b4cbaac9-ad43-4dc7-85f3-e8ff1c7dddf4,Tower Fire,35.359142,-118.793342,409.5408630371090,12.0,21.0,166.0,30.865100250034500
11a1fd0a-1989-4260-a35b-0ccce7ad51cc,Dutch Fire,41.864171,-122.726125,581.2161254882810,32.0,178.0,177.0,68.53398399208280
2be4f2a6-19d4-490e-8648-1acbea88a198,River Fire,41.867405,-122.739601,564.1123657226560,7.0,190.0,184.0,63.89370276183300
c7856e79-80de-4757-b2c5-e2d91f62cbac,Landon Fire,37.366165,-120.368915,77.3843002319336,1.0,161.0,179.0,5.274516562829060
c84c6685-b14e-49e0-9db4-9478594fdd26,General Fire,35.2854,-118.7336,317.5104064941410,4.0,320.0,188.0,33.7846403265936
a097d90f-92f1-4d05-9f72-d7fdc35e0347,Baker Fire,35.303795,-118.683831,374.6625671386720,26.0,106.0,103.0,48.70546154349930
e2ba6bfb-8fda-42aa-a950-b804dcde81f3,Curry Fire,37.220781,-121.782603,64.09347534179690,2.0,0.0,180.0,48.95473621200400
da287753-457a-4eea-8ff6-5c43108e2de3,Canyon Fire,35.500247,-117.858482,1194.3331298828100,25.0,67.0,110.0,70.29352654483510
dc6385e4-38c2-4697-bdb8-b623aab54957,Acorn Fire,34.432653,-117.630638,1287.3690185546900,5.0,9.0,178.0,28.76043904315790
8ab7c3b4-4542-4ee0-afc3-0d1dee5a5195,1st Fire,33.9217,-116.966021,784.9585571289060,1.0,204.0,182.0,6.82705258169226
f89cbac1-8f8b-4b74-8bd7-3d96c5abc059,Harvest Fire,32.578508,-116.945135,185.01193237304700,5.0,49.0,169.0,19.31784269404290
23fa20df-873a-4096-837a-e30a68b29ae5,Haven Fire,32.73624,-114.62211,38.66848373413090,0.0,310.0,182.0,3.745779107010320
73e860b1-7a78-495a-a815-97ab4073dfe5,Famoso Fire,35.604977,-119.043958,301.4959411621090,8.0,265.0,204.0,12.678957746648700
74e163e7-30b8-4e8b-bc51-7adea98abbf5,Ethanac Fire,33.738839,-117.189192,435.56439208984400,2.0,91.0,173.0,1.340499621853460
9e56db7b-14e3-460c-9af2-8da8804bda9d,Brite Fire,35.335226,-119.497705,179.54051208496100,5.0,38.0,170.0,23.780938844425900
2d11e5f1-316b-4af7-b8e7-29a1304006a4,Orange Fire,33.815645,-117.226115,439.1118774414060,0.0,118.0,179.0,2.101134316828590
b59aee07-23a7-4975-a2f8-bb47cc51953a,Willow Fire ,34.8662,-118.3448,774.329345703125,1.0,157.0,180.0,4.909824727142850
a63ac327-fb68-4511-bc6c-f05a8a84714d,Rick Fire,36.720057,-120.387081,54.65900039672850,0.0,0.0,180.0,0.9787152607702360
3e3f0399-f519-47dd-b8cb-09be4fae33e3,Lake Fire,36.38595,-120.139041,78.64835357666020,0.0,13.0,180.0,0.8596001214843770
bc4030fe-3e1c-469e-9513-839074a60fda,Mayhew Fire ,33.762371,-117.471416,317.1045837402340,3.0,36.0,174.0,17.775542347592900
38072cab-1319-4e37-8cf7-eff12add7f41,Ramona Fire,33.845919,-117.204183,444.42578125,1.0,248.0,183.0,7.075531603724760
f0fc59fc-1fe0-4e4f-b8fb-bef190a41302,Bradley Fire,35.809708,-120.766961,174.91758728027300,1.0,118.0,177.0,34.53819332032330
1ee38364-9936-4498-bb3f-340d3d292411,Tracy Fire,37.658226,-121.434348,79.10681915283200,1.0,34.0,179.0,12.028206985546200
30296316-305f-421b-9854-0c2b769b0c44,Desert Fire,34.862116,-118.2149,728.945556640625,1.0,180.0,180.0,5.210206691868640
64091406-1800-4b40-a3da-126532fa8125,Grand Fire,33.9981,-117.7797,355.4875183105470,29.0,213.0,228.0,26.451568114538800
a9494c63-3df9-4f4f-b8c5-8b631fa52097,Rowlee Fire,35.7708,-119.4643,65.57510375976560,0.0,330.0,181.0,0.7494295012153220
1545d4a0-bde9-45fb-81c6-426f8e4b597a,James Fire,37.970915,-121.825759,63.12558364868160,2.0,39.0,176.0,26.756664017665900
2991ccc1-2ca3-4255-bf3a-b20b64c02d3e,Champlin Fire,39.969727,-122.080013,61.43714904785160,0.0,133.0,180.0,1.767037276350960
f09a7b89-4a89-4d1e-a372-6885b9937c75,Pass Fire,37.746519,-121.654592,212.7849273681640,3.0,138.0,174.0,38.18630741115980
b1b03429-6b7a-4c49-b71d-4dba01f1d7eb,Dawson Fire,37.608814,-120.4611,100.25111389160200,3.0,74.0,172.0,6.732667664544320
7a578d42-20dd-478a-8689-c0399a75262a,Tennant Fire,41.666615,-122.000899,1493.586181640630,7.0,256.0,202.0,38.0141913082222
abec3b38-22dc-43ed-bc7f-56c0c97c81ee,Gibson Fire ,34.988441,-118.829313,269.0478820800780,0.0,83.0,180.0,15.223025557694100
2db61f6d-71e4-46c7-9c9b-5bccc6bbb361,Rocky Hill Fire,36.05049,-118.967963,151.5773468017580,1.0,348.0,181.0,7.21444731765456
b3e2e77e-1d43-42ef-8954-927b0473ed12,River Fire,35.442882,-118.784317,657.0828247070310,47.0,340.0,226.0,169.6812429432160
5817a8d2-ef23-46eb-b52d-21a7b6a36999,Wood Fire,35.2920419,-118.65965,550.1281127929690,21.0,312.0,227.0,56.62274574652620
91976d4f-ef86-492b-8280-c7b16121927a,Wimer Fire,38.083485,-120.963414,58.02920150756840,2.0,212.0,184.0,6.508105198472120
df467b78-e630-42b5-ae2e-80d9aef54638,Burro Fire,34.251583,-117.842907,719.306640625,34.0,192.0,202.0,106.84964053696700
dc8fdbc2-ebd3-4f33-b7ab-3aa54ee9a200,Isaac Fire,34.7003,-118.258932,721.9163208007810,1.0,72.0,179.0,1.87927252101292
483c7458-c33d-4dae-9abc-6566ef6327eb,Landfill Fire,37.385657,-120.503095,58.80831146240230,1.0,306.0,182.0,6.61525006039507
5acf5b07-2b95-457f-bf98-6b8d5c9c1c64,Frontier Fire,41.644264,-122.357874,856.8290405273440,1.0,226.0,182.0,3.853822563902440
0d48189a-21cf-48ec-9bd0-642edd018552,Willow Fire,33.936949,-117.750012,305.2263488769530,28.0,325.0,229.0,49.50783055395030
ad43f187-d40a-4e93-ba2d-d4ea08c8b63f,Bain Fire,33.964077,-117.50467,195.27700805664100,1.0,133.0,179.0,15.23365606690300
d3407a0a-c308-4e10-a15f-08495b10f278,Tusil Fire,32.7198,-116.3825,1271.6048583984400,9.0,10.0,175.0,56.46484328103730
63871968-492d-4948-9902-f5a03e924f14,Verona Fire,33.7639,-117.0809,643.9539184570310,2.0,248.0,185.0,13.277620841585600
684a57ce-09f5-4c9c-a372-b9be2c342458,Santa Fire,37.0326,-121.15093,188.4832763671880,16.0,67.0,134.0,50.12927866713150
a9e698a7-e914-43c6-b2ab-8cccb6a08b9c,Foothill Fire ,34.886119,-119.611649,805.0592651367190,6.0,314.0,194.0,20.37596676501460
942af93d-f1a5-467e-ad37-b327eedc3442,Whitlock Fire,32.92584,-115.2916,4.7595953941345200,0.0,275.0,182.0,4.082946122711520
786b9d0b-dd65-4d6a-a727-e376165933fc,Kirby Fire,33.555036,-116.648373,1211.8349609375,1.0,248.0,183.0,8.969207822991730
04771a55-93ea-4810-a05c-23ee7fb2c8d6,Pan Fire,36.730983,-120.361017,50.0010871887207,0.0,71.0,179.0,0.5451443123046500
f5ee46e0-9d6d-4b5c-b54b-860727d07313,Golden Fire,35.639022,-120.658143,253.00799560546900,1.0,293.0,182.0,11.363728123235600
892da051-a182-4f74-95fc-5356d605bd36,Alta Fire,34.7904,-118.5278,847.8033447265630,1.0,59.0,179.0,3.6580921779207300
8b2039ba-d272-4a79-82fb-d071a6d66417,Sierra Fire,37.841898,-120.826987,66.60077667236330,1.0,36.0,178.0,5.257587135423820
99028a9e-31f9-4a3e-abff-b70fdb19369f,Bear Fire,35.322078,-119.898219,630.1182250976560,1.0,312.0,183.0,6.231926768433670
0978d823-3b2d-4363-b7fa-00e1ad015af6,Norton Fire,37.962,-121.88,325.9566650390630,30.0,276.0,255.0,60.50197976852820
8402e8a8-84fd-413d-ba48-27c188805a86,Irone Fire,34.8689,-118.3801,805.7062377929690,1.0,150.0,179.0,7.538323853819120
b5ea778e-6257-415b-869f-4636b95eb90b,Chick Fire,38.608579,-122.064413,143.77854919433600,15.0,86.0,135.0,33.2018868668207
b5464d49-fbe9-48e0-8577-85242e26d5d1,Twist Fire,37.882716,-120.390403,468.8038330078130,14.0,197.0,193.0,47.82227878971610
1f5def9f-69f4-4991-b49d-0b422b501700,Orange Fire,36.602544,-119.296016,133.8719024658200,1.0,256.0,183.0,9.822012657281070
0c0ec6ab-2a26-4274-894c-875d88459c8e,Bucknell Fire,35.274235,-117.739303,1057.1351318359400,4.0,202.0,185.0,30.56606709814300
24057501-30d7-4d52-ab98-12c781d5c0de,Prunedale Fire,36.996788,-121.479097,139.23927307128900,27.0,246.0,254.0,49.66555010143650
9c726442-725b-43b8-a49f-3ec1d50833ba,Henry Fire ,38.009602,-121.920464,52.120208740234400,5.0,11.0,177.0,32.5923477629786
2457c3f2-4403-47bb-9bb1-2983bbdf17bb,Saddle Fire,36.798788,-121.321942,170.72886657714800,3.0,229.0,186.0,41.764231539799100
cfadd37c-529c-44c5-8322-5cf39c54ce7f,School Fire,39.335541,-121.526981,33.690467834472700,1.0,98.0,177.0,1.438911365119920
6d9c03f1-15d3-40bf-b6c3-9a610e180245,Nevada Fire,34.454,-117.50852,1123.02392578125,1.0,9.0,180.0,11.77298992509040
13e20a10-f145-4fd9-9f2c-5c0d36f06612,Lawn Fire,37.407044,-120.096517,368.5395202636720,4.0,30.0,174.0,17.915603307960500
89cb73d4-2dae-4ab3-8532-39613e3e56ec,Palmer Fire,39.013745,-123.323886,385.2203063964840,1.0,170.0,180.0,50.33390700682190
21d53170-b5d9-4fb2-a771-73e47c76bafb,Border 6 Fire,32.56692,-116.76388,171.98451232910200,0.0,63.0,180.0,27.73361107667080
22474354-a32e-4b22-8a1e-8e2872508b5e,Red Fire,40.092791,-122.430189,157.0518798828130,1.0,53.0,178.0,12.496525939719500
c7392ba4-582d-4f3c-b61c-1000c6323c9a,Lake Fire,36.683468,-119.41907,127.41323852539100,1.0,183.0,181.0,56.383104414557600
08e8baa4-6647-46e1-a6dd-9ed69dac9acf,Sage Fire,36.210054,-117.979622,1204.5313720703100,2.0,85.0,173.0,17.640115878609600
e2de904f-87cc-47ce-81e1-82ddd8beaa5c,Avenida Fire,37.651736,-120.32662,332.6761779785160,3.0,92.0,171.0,12.890948120635900
e857def0-c032-4221-bf5e-53f00a6c5560,Man Fire,36.604794,-119.543408,104.11886596679700,0.0,147.0,180.0,0.8208269880379370
3dd5ae4b-6ae2-45ab-a88d-a7e91f2c3533,Bridge Fire,36.730983,-120.361017,50.0010871887207,0.0,71.0,179.0,0.5451443123046500
78aa799f-3873-45d4-9a2c-cf83542694ff,Deer Fire,37.93668,-121.751171,78.41545104980470,17.0,348.0,191.0,9.80021942320825
e76fc299-3d0d-4eb1-9308-91e76f62624d,Holland Fire,38.764404,-120.797816,500.3924865722660,28.0,248.0,255.0,95.22923724610240
8737af5d-e40c-47c9-8d4d-83d6194f6df4,Walker Fire,35.417,-118.5368,1032.2908935546900,1.0,158.0,179.0,7.705881082211050
a213b607-fe6e-4193-b436-5836fd659828,King Fire,35.732079,-119.891484,131.30003356933600,1.0,50.0,179.0,3.957254066471240
9bb0311f-afbc-4388-9935-a61c4677711e,Pinnacle Fire,33.7430428,-117.249884,437.4830627441410,3.0,60.0,173.0,10.364658069664900
54c35e3a-aa1f-464d-8ee4-3f610f013b12,Lake Fire,36.240852,-120.103613,106.1399383544920,0.0,81.0,180.0,1.239422361402540
f5dc6e02-cd24-43ef-b8c6-5ae604abd925,Mauds Fire,38.205596,-121.864364,39.75886535644530,2.0,314.0,184.0,4.866894324054670
2a818f5b-7c56-49a8-8fa6-c6576d4db89f,Blackburn Fire,33.693,-116.85,678.8505249023440,5.0,46.0,168.0,62.009904527923200
748385a0-7bfe-4563-9c63-50af2d65b170,Waltz Fire,37.379931,-120.227357,151.7718505859380,4.0,98.0,167.0,18.158981188442800
2358e709-05b4-4427-82fc-b955cafc9957,Metz Fire,36.359273,-121.217357,73.50453186035160,4.0,198.0,185.0,35.828680583564600
4c34a4e6-463c-4599-8205-41c255d5c842,Macy Fire,34.7802,-118.3501,770.0065307617190,1.0,78.0,178.0,2.694786176778100
8504bd5d-724f-4b51-8052-03ae1f0ffc75,Alfred Harrel Fire,35.442023,-118.904257,171.51637268066400,13.0,83.0,139.0,44.77318390198240
dda6b237-f9a7-442a-a841-f55a0c7190b3,McCabe Fire,37.1252,-121.088668,95.45086669921880,1.0,104.0,178.0,26.432901676592300
a82b36a3-8981-4be3-9888-2ee550025e92,Benito Fire,36.730983,-120.361017,50.0010871887207,0.0,71.0,179.0,0.5451443123046500
27f0a069-7750-4e9d-93b9-568b614d2c38,Palm Fire,36.209064,-120.391217,280.1434326171880,2.0,174.0,180.0,14.153744508563800
03025b02-a5dd-464a-a647-cb0265184067,Cotton Fire,35.778884,-120.194339,535.7584838867190,30.0,210.0,225.0,46.439664271031300
8da49c28-8b0e-46a8-9127-33f5f5809948,Shasta Fire,40.679351,-122.348475,233.0274200439450,1.0,124.0,178.0,10.250029851846500
7e48c35f-f13a-4106-973c-441caee1a279,Lyon Fire,38.430903,-122.045526,146.62672424316400,8.0,241.0,201.0,42.57941809513670
1ed6a637-665e-402c-91a7-4e01327d3820,Lassen Fire,36.22629,-120.103716,109.49696350097700,0.0,20.0,180.0,1.41498700976522
73f5f6bf-e7e9-47c0-8282-dccd83482756,Airport Fire ,33.21581,-117.36925,8.383513450622560,22.0,268.0,247.0,21.800172710506600
08919660-a1de-4b5e-82ad-20f7fdf2b20c,Sumner Fire,36.624774,-119.331516,125.2396469116210,0.0,249.0,181.0,1.4025791241991800